WARNING 7: VSPAERO Viewer Not Found. 
	Expected here: /home/dafoamuser/dafoam/packages/miniconda3/lib/python3.10/site-packages/openvsp/vspviewer
 
-------------------------------------------------------------------------------
|                               DAFoam v5.0.0                                 |
-------------------------------------------------------------------------------
 
I/O    : uncollated
Case   : /home/dafoamuser/mount
nProcs : 1
Initializing mesh and runtime for DASolver
Create time

Overriding DebugSwitches according to controlDict
    SolverPerformance 0;

Create mesh for time = 0
Replacing wallDist.method meshWave -> meshWaveFrozen
DAOption created. DASolver initialized.
I/O    : uncollated
Case   : /home/dafoamuser/mount
nProcs : 1
Initializing mesh and runtime for DASolver
Create time

Overriding DebugSwitches according to controlDict
    SolverPerformance 0;

Create mesh for time = 0
Replacing wallDist.method meshWave -> meshWaveFrozen
DAOption created. DASolver initialized.
Initializing fields for DASimpleFoam
Create simpleControl.

SIMPLE: no convergence criteria found. Calculations will run for 1000 steps.

Reading field p

Reading field U

Reading/calculating face flux field phi

Creating source term. 
Selecting incompressible transport model Newtonian
Selecting turbulence model type RAS
Selecting RAS turbulence model SpalartAllmaras
Selecting patchDistMethod meshWaveFrozen
ft2 term: inactive
No MRF models present

Reading field T

Reading field alphat

Turbulence model is incompressible
Adjoint States: 
5
(
U volVectorState
nuTilda modelState
phi surfaceScalarState
p volScalarState
T volScalarState
)
Global Cells: 4800
Global Faces: 15496
Global Xv: 17901
Undecomposed points: 5967
Global Adjoint States: 44296

SIMPLE: no convergence criteria found. Calculations will run for 1000 steps.

DACheckMesh Thresholds: 
maxNonOrth: 70
maxSkewness: 4
maxAspectRatio: 1000
maxIncorrectlyOrientedFaces: 0
    Adding all faces of patches: (inlet) ...
    Found matching patch inlet with 96 faces
    Adding all faces of patches: (outlet) ...
    Found matching patch outlet with 96 faces
    Adding all faces of patches: (ubend) ...
    Found matching patch ubend with 1232 faces
Initializing fields for DASimpleFoam
Create simpleControl.

SIMPLE: no convergence criteria found. Calculations will run for 1000 steps.

Reading field p

Reading field U

Reading/calculating face flux field phi

Creating source term. 
Selecting incompressible transport model Newtonian
Selecting turbulence model type RAS
Selecting RAS turbulence model SpalartAllmaras
Selecting patchDistMethod meshWaveFrozen
ft2 term: inactive
No MRF models present

Reading field T

Reading field alphat

Turbulence model is incompressible
Adjoint States: 
5
(
U volVectorState
nuTilda modelState
phi surfaceScalarState
p volScalarState
T volScalarState
)
Global Cells: 4800
Global Faces: 15496
Global Xv: 17901
Undecomposed points: 5967
Global Adjoint States: 44296

SIMPLE: no convergence criteria found. Calculations will run for 1000 steps.

DACheckMesh Thresholds: 
maxNonOrth: 70
maxSkewness: 4
maxAspectRatio: 1000
maxIncorrectlyOrientedFaces: 0
    Adding all faces of patches: (inlet) ...
    Found matching patch inlet with 96 faces
    Adding all faces of patches: (outlet) ...
    Found matching patch outlet with 96 faces
    Adding all faces of patches: (ubend) ...
    Found matching patch ubend with 1232 faces
Init solver done! ElapsedClockTime 0.000000 s
Init solver done! ElapsedCpuTime 0.330000 s
initState: 
7
(
nuTilda 0.001500000000000045
phi 0
U1 0
U2 0
p 0
T 293.1499999999885
U0 8.400000000000572
)
Setting up primal boundary conditions based on pyOptions: 
Setting nut wall BC for ubend. BCType=nutUSpaldingWallFunction
Setting nut wall BC for ubendup. BCType=nutUSpaldingWallFunction
Setting alphat wall BC for ubendBCType=incompressible::alphatWallFunction. Default Prt=0.85
Setting alphat wall BC for ubendupBCType=incompressible::alphatWallFunction. Default Prt=0.85
Reading OpenFOAM mesh information...
I/O    : uncollated
Case   : /home/dafoamuser/mount
nProcs : 1
Reading the OpenFOAM mesh..
Overriding DebugSwitches according to controlDict
    SolverPerformance 0;

I/O    : uncollated
DAFoam option dictionary: 
{
    solverName      DASimpleFoam;
    primalMinResTol 1e-08;
    primalFuncStdTol
    {
        stdTol          -1;
        slopeTol        -1;
        funcNames       1 ( CD );
        nStepsFrac      0.2;
    }
    primalBC
    {
        useWallFunction 1;
    }
    primalInitCondition
    {
    }
    normalizeStates
    {
        U               8.4;
        p               35.28;
        nuTilda         0.001;
        phi             1;
        T               300;
    }
    function
    {
        TP1
        {
            type            totalPressure;
            source          patchToFace;
            patches         1 ( inlet );
            scale           1;
            addToAdjoint    1;
        }
        TP2
        {
            type            totalPressure;
            source          patchToFace;
            patches         1 ( outlet );
            scale           1;
            addToAdjoint    1;
        }
        HFX
        {
            type            wallHeatFlux;
            source          patchToFace;
            patches         1 ( ubend );
            scale           1;
            addToAdjoint    0;
        }
    }
    inputInfo
    {
        aero_vol_coords
        {
            type            volCoord;
            components      2 ( solver function );
        }
    }
    outputInfo
    {
        q_convect
        {
            type            thermalCouplingOutput;
            patches         1 ( ubend );
            components      1 ( thermalCoupling );
        }
    }
    designSurfaces  1 ( ubend );
    fvSource
    {
    }
    prepareCaseOnly 0;
    adjEqnSolMethod Krylov;
    dynamicMesh
    {
        active          0;
        mode            rotation;
        center          3 ( 0.25 0 0 );
        axis            z;
        omega           0.1;
        s               2;
        t0              0.35;
    }
    primalVarBounds
    {
        UMax            1000;
        UMin            -1000;
        pMax            50000;
        pMin            -50000;
        p_rghMax        50000;
        p_rghMin        -50000;
        eMax            55000;
        eMin            -220000;
        TMax            1000;
        TMin            100;
        hMax            200000;
        hMin            -200000;
        DMax            1e+16;
        DMin            -1e+16;
        rhoMax          5;
        rhoMin          0.2;
        nuTildaMax      1e+16;
        nuTildaMin      1e-16;
        kMax            1e+16;
        kMin            1e-16;
        omegaMax        1e+16;
        omegaMin        1e-16;
        epsilonMax      1e+16;
        epsilonMin      1e-16;
        ReThetatMax     1e+16;
        ReThetatMin     1e-16;
        gammaIntMax     1e+16;
        gammaIntMin     1e-16;
    }
    discipline      aero;
    adjPartDerivFDStep
    {
        State           1e-06;
    }
    transonicPCOption -1;
    unsteadyAdjoint
    {
        mode            None;
        PCMatPrecomputeInterval 100;
        PCMatUpdateInterval 1;
        reduceIO        1;
        additionalOutput 1 ( None );
        additionalOldTime 1 ( None );
        readZeroFields  1;
    }
    adjPCLag        10000;
    useAD
    {
        mode            reverse;
        dvName          None;
        seedIndex       -9999;
    }
    useConstrainHbyA 1;
    forceMeshWaveFrozen 1;
    useDdtCorr      0;
    regressionModel
    {
        active          0;
    }
    useMeanStates   0;
    solveLinearFunctionName None;
    printDAOptions  1;
    debug           0;
    writeJacobians  1 ( None );
    printInterval   100;
    printIntervalUnsteady 1;
    primalMinResTolDiff 10000000;
    adjUseColoring  1;
    adjEqnOption
    {
        globalPCIters   0;
        asmOverlap      1;
        localPCIters    1;
        jacMatReOrdering natural;
        pcFillLevel     2;
        gmresMaxIters   3000;
        gmresRestart    3000;
        gmresRelTol     1e-05;
        gmresAbsTol     1e-14;
        gmresTolDiff    10000;
        useNonZeroInitGuess 0;
        useMGSO         0;
        printInfo       1;
        fpMaxIters      1000;
        fpRelTol        1e-06;
        fpMinResTolDiff 100;
        fpPCUpwind      0;
        dynAdjustTol    0;
        KSPCalcEigen    0;
        KSPCalcSingularVal 0;
        readPCMat       0;
    }
    normalizeResiduals 11 ( URes pRes p_rghRes nuTildaRes phiRes TRes DRes kRes omegaRes epsilonRes alpha.waterRes );
    maxResConLv4JacPCMat
    {
        pRes            2;
        phiRes          1;
        URes            2;
        TRes            2;
        nuTildaRes      2;
        kRes            2;
        epsilonRes      2;
        omegaRes        2;
        p_rghRes        2;
        DRes            2;
        gammaIntRes     2;
        ReThetatRes     2;
        alpha.waterRes  2;
    }
    jacLowerBounds
    {
        dRdW            1e-30;
        dRdWPC          1e-30;
    }
    maxTractionBCIters 100;
    decomposeParDict
    {
        method          scotch;
        simpleCoeffs
        {
            n               3 ( 2 2 1 );
            delta           0.001;
        }
        kahipCoeffs
        {
            config          fast;
            imbalance       0.01;
        }
        preservePatches 1 ( None );
        singleProcessorFaceSets 1 ( None );
        args            1 ( None );
    }
    adjStateOrdering cell;
    checkMeshThreshold
    {
        maxAspectRatio  1000;
        maxNonOrth      70;
        maxSkewness     4;
        maxIncorrectlyOrientedFaces 0;
    }
    writeDeformedFFDs 0;
    writeDeformedConstraints 0;
    writeAdjointFields 0;
    maxCorrectBCCalls 2;
    writeMinorIterations 1;
    primalMinIters  1;
    tensorflow
    {
        active          0;
    }
    wallDistanceMethod daCustom;
    unsteadyCompOutput
    {
    }
}

Checking if we need to compress the mesh files
Checking if we need to compress the mesh files
pyDAFoam initialization done!
+----------------------------------------+
|          All IDWarp Options:           |
+----------------------------------------+
{'LdefFact': 1.0,
 'aExp': 3.0,
 'alpha': 0.25,
 'bExp': 5.0,
 'bucketSize': 8,
 'cornerAngle': 30.0,
 'errTol': 0.0005,
 'evalMode': 'fast',
 'fileType': 'OpenFOAM',
 'gridFile': '/home/dafoamuser/mount',
 'restartFile': None,
 'specifiedSurfaces': None,
 'symmTol': 1e-06,
 'symmetryPlanes': [],
 'symmetrySurfaces': None,
 'useRotations': True,
 'zeroCornerRotations': True}
I/O    : uncollated
Case   : /home/dafoamuser/mount
nProcs : 1
Reading the OpenFOAM mesh..
Overriding DebugSwitches according to controlDict
    SolverPerformance 0;

#------------------------------#
 Total Volume Nodes :      5967 
#------------------------------#
I/O    : uncollated
#--------------------------------#
 Unique Surface Nodes :      1479 
#--------------------------------#
 Computing Denominator Estimate...
 Load Balancing...
 Finished Mesh Initialization.
Checking if we need to compress the mesh files
Checking if we need to compress the mesh files
+-------------------- Symmetry Planes -------------------+
|           Point                        Normal          |
+--------------------------------------------------------+
OrderedDict([('inlet', [0]), ('outlet', [1]), ('sym', [2]), ('ubend', [3]), ('ubendup', [4]), ('allSurfaces', [0, 1, 2, 3, 4]), ('allWalls', [3, 4]), ('designSurfaces', [3])])
/home/dafoamuser/dafoam/packages/miniconda3/lib/python3.10/site-packages/openmdao/core/component.py:229: DistributedComponentWarning:'mesh_aero' <class DAFoamMesh>: Component contains distributed variables, but there is no distributed vector implementation (MPI/PETSc) available. The default non-distributed vectors will be used.
/home/dafoamuser/dafoam/packages/miniconda3/lib/python3.10/site-packages/openmdao/core/component.py:229: DistributedComponentWarning:'scenario.aero_pre.warper' <class DAFoamWarper>: Component contains distributed variables, but there is no distributed vector implementation (MPI/PETSc) available. The default non-distributed vectors will be used.
dRdWT Jacobian Free created!
/home/dafoamuser/dafoam/packages/miniconda3/lib/python3.10/site-packages/openmdao/core/component.py:229: DistributedComponentWarning:'scenario.coupling.solver' <class DAFoamSolver>: Component contains distributed variables, but there is no distributed vector implementation (MPI/PETSc) available. The default non-distributed vectors will be used.
/home/dafoamuser/dafoam/packages/miniconda3/lib/python3.10/site-packages/openmdao/core/component.py:229: DistributedComponentWarning:'scenario.aero_post.functionals' <class DAFoamFunctions>: Component contains distributed variables, but there is no distributed vector implementation (MPI/PETSc) available. The default non-distributed vectors will be used.
/home/dafoamuser/dafoam/packages/miniconda3/lib/python3.10/site-packages/openmdao/core/component.py:140: OMDeprecationWarning:'scenario.aero_post.functionals' <class DAFoamFunctions>: It appears this component mixes distributed/non-distributed inputs and outputs, so it may break starting with OpenMDAO 3.25, where the convention used when passing data between distributed and non-distributed inputs and outputs within a matrix free component will change. See https://github.com/OpenMDAO/POEMs/blob/master/POEM_075.md for details.
A5DOBJDXV === running primal ===
DAInputVolCoord. 
Setting volume coordinates. 
Checking mesh quality for time = 0
    Overall domain bounding box (-1.338980954506319e-16 -0.09450000000000007 -3.272939177209413e-24) (0.8445000000000003 0.09450000000000008 0.03750000000000003)
    Mesh has 3 geometric (non-empty/wedge) directions (1 1 1)
    Mesh has 3 solution (non-empty) directions (1 1 1)
    Boundary openness (1.191946872529195e-17 -3.854341604351226e-18 -1.253242355138695e-16) OK.
    Max cell openness = 3.581744559210832e-16 OK.
    Max aspect ratio = 69.08288552235946 OK.
    Minimum face area = 1.673117705410074e-06. Maximum face area = 0.001155837989117209.  Face area magnitudes OK.
    Min volume = 5.879985003004503e-09. Max volume = 1.30921460452209e-05.  Total volume = 0.004719833522667718.  Cell volumes OK.
    Mesh non-orthogonality Max: 3.51228284500386 average: 0.2800796231470409
    Non-orthogonality check OK.
    Face pyramids OK.
    Max skewness = 0.2181261527754675 OK.
    Coupled point location match (average 0) OK.

Mesh OK.

Running Primal Solver 001
Previous solution time -1e+10 not found and nothing deleted.
No finite volume options present

Starting time loop

Time = 1

U0 initRes: 0.9999999999704838 finalRes: 0.06268308395267241 nIters: 4
U1 initRes: 1 finalRes: 0.08016124436098734 nIters: 1
U2 initRes: 1 finalRes: 0.07666359243519907 nIters: 3
p initRes: 1 finalRes: 0.09192542012661964 nIters: 28
Time step continuity errors : sum local = 1.446331135435914
                                 global = -0.1018629457834397
                             cumulative = -0.1018629457834397
T initRes: 0.9999999996665682 finalRes: 0.0802712257095739 nIters: 4
nuTilda initRes: 0.9999999999998986 finalRes: 0.05169419216695139 nIters: 1
TP1: 2842.462421197213 final: 2842.462421197213
TP2: 9.216453282519497 final: 9.216453282519497
HFX: 587.0217712084094 final: 587.0217712084094
yPlus min: 16.60752498963622 max: 36.79355712745525 mean: 25.38638414924995
ExecutionTime = 0.89 s  ClockTime = 1 s

Time = 100

U0 initRes: 0.0001205744249078535 finalRes: 6.413428684504498e-06 nIters: 3
U1 initRes: 0.00013358940571159 finalRes: 1.145777641246501e-05 nIters: 2
U2 initRes: 0.0006062311664003318 finalRes: 4.151216671139093e-05 nIters: 2
p initRes: 0.00286867167943845 finalRes: 0.0002184220043399177 nIters: 3
Time step continuity errors : sum local = 0.003707860471187859
                                 global = -0.0002665021143774218
                             cumulative = -0.1021294478978172
T initRes: 0.000120933284009291 finalRes: 7.920667466940111e-06 nIters: 3
nuTilda initRes: 0.0004071062659621979 finalRes: 3.84695221470996e-05 nIters: 2
TP1: 87.97370063344859 final: 87.97370063344859
TP2: 35.76360822485798 final: 35.76360822485798
HFX: 301.9526180987351 final: 301.9526180987351
yPlus min: 1.81426665271237 max: 55.34956347966583 mean: 23.67113115645697
ExecutionTime = 1.5 s  ClockTime = 1 s

Time = 200

U0 initRes: 1.214079825511073e-05 finalRes: 5.311326420006454e-07 nIters: 3
U1 initRes: 1.96098720193351e-05 finalRes: 1.784944717286112e-06 nIters: 2
U2 initRes: 7.391097434123335e-05 finalRes: 5.315098702445906e-06 nIters: 2
p initRes: 0.0003816903194052469 finalRes: 1.751054705561486e-05 nIters: 2
Time step continuity errors : sum local = 0.0002979945163453966
                                 global = -6.890142826974261e-06
                             cumulative = -0.1021363380406441
T initRes: 2.737382804888722e-05 finalRes: 1.2538678808639e-06 nIters: 3
nuTilda initRes: 0.0003093713236682184 finalRes: 6.945078827942578e-06 nIters: 2
TP1: 88.12042311437614 final: 88.12042311437614
TP2: 35.77312729529319 final: 35.77312729529319
HFX: 301.8059171290036 final: 301.8059171290036
yPlus min: 1.857618953662729 max: 55.32281556530803 mean: 23.67133722941703
ExecutionTime = 2.06 s  ClockTime = 2 s

Time = 300

U0 initRes: 2.477312492511304e-06 finalRes: 1.171896153088151e-07 nIters: 3
U1 initRes: 5.922667530519712e-06 finalRes: 3.802340843512516e-07 nIters: 3
U2 initRes: 1.668251871126099e-05 finalRes: 1.504654589459947e-06 nIters: 2
p initRes: 0.000209297728415188 finalRes: 1.596026058969051e-05 nIters: 1
Time step continuity errors : sum local = 0.0002715123483013201
                                 global = 1.279170724499369e-06
                             cumulative = -0.1021350588699196
T initRes: 1.666786388629532e-05 finalRes: 7.639053421349423e-07 nIters: 3
nuTilda initRes: 0.0002988918506268378 finalRes: 6.44478871544194e-06 nIters: 2
TP1: 88.12032304636304 final: 88.12032304636304
TP2: 35.77324760433469 final: 35.77324760433469
HFX: 301.8125707377521 final: 301.8125707377521
yPlus min: 1.85467300049154 max: 55.32489853269624 mean: 23.66978241498197
ExecutionTime = 2.61 s  ClockTime = 2 s

Time = 400

U0 initRes: 1.801642715031279e-06 finalRes: 8.243565667391165e-08 nIters: 3
U1 initRes: 4.862153915160616e-06 finalRes: 3.560045835746658e-07 nIters: 3
U2 initRes: 1.309949873241237e-05 finalRes: 5.226148188101356e-07 nIters: 3
p initRes: 0.0001931758141878875 finalRes: 1.133927664366321e-05 nIters: 1
Time step continuity errors : sum local = 0.000192904288815857
                                 global = 1.520991981241019e-06
                             cumulative = -0.1021335378779384
T initRes: 1.601833232943598e-05 finalRes: 7.192966717561903e-07 nIters: 3
nuTilda initRes: 0.0002958946701536465 finalRes: 6.193054408246722e-06 nIters: 2
TP1: 88.11854848663042 final: 88.11854848663042
TP2: 35.77318665403681 final: 35.77318665403681
HFX: 301.8132309505682 final: 301.8132309505682
yPlus min: 1.854376943485228 max: 55.32507725573593 mean: 23.6698636669229
ExecutionTime = 3.15 s  ClockTime = 3 s

Time = 500

U0 initRes: 1.77515240125303e-06 finalRes: 8.24166394101652e-08 nIters: 3
U1 initRes: 4.823930289277249e-06 finalRes: 3.559342989267924e-07 nIters: 3
U2 initRes: 1.292513977875102e-05 finalRes: 5.217555500002389e-07 nIters: 3
p initRes: 0.0001921673263836482 finalRes: 1.084518017369851e-05 nIters: 1
Time step continuity errors : sum local = 0.0001844988143543108
                                 global = -1.510024480225375e-06
                             cumulative = -0.1021350479024186
T initRes: 1.598361406185557e-05 finalRes: 7.187762653292718e-07 nIters: 3
nuTilda initRes: 0.0002958141234671623 finalRes: 6.19180446870342e-06 nIters: 2
TP1: 88.11838900079802 final: 88.11838900079802
TP2: 35.7731519190978 final: 35.7731519190978
HFX: 301.8130505440658 final: 301.8130505440658
yPlus min: 1.854350183662652 max: 55.32502992807221 mean: 23.66985311437955
ExecutionTime = 3.69 s  ClockTime = 3 s

Time = 600

U0 initRes: 1.774067447219191e-06 finalRes: 8.254126219968365e-08 nIters: 3
U1 initRes: 4.823225546501366e-06 finalRes: 3.559896758481631e-07 nIters: 3
U2 initRes: 1.292338059896778e-05 finalRes: 5.217753125736077e-07 nIters: 3
p initRes: 0.0001919716413740516 finalRes: 1.068503792553955e-05 nIters: 1
Time step continuity errors : sum local = 0.0001817745009292499
                                 global = -5.072402906379881e-07
                             cumulative = -0.1021355551427092
T initRes: 1.598294665759615e-05 finalRes: 7.188265140358109e-07 nIters: 3
nuTilda initRes: 0.0002958112637669225 finalRes: 6.191710177449431e-06 nIters: 2
TP1: 88.118378060203 final: 88.118378060203
TP2: 35.77316647648444 final: 35.77316647648444
HFX: 301.8130899795182 final: 301.8130899795182
yPlus min: 1.85433902162222 max: 55.32504036158518 mean: 23.66985774801332
ExecutionTime = 4.23 s  ClockTime = 4 s

Time = 700

U0 initRes: 1.773716982953817e-06 finalRes: 8.250694255306527e-08 nIters: 3
U1 initRes: 4.822845423718967e-06 finalRes: 3.559788779068666e-07 nIters: 3
U2 initRes: 1.292350395889201e-05 finalRes: 5.217718045774693e-07 nIters: 3
p initRes: 0.0001919356246063138 finalRes: 1.065892204989539e-05 nIters: 1
Time step continuity errors : sum local = 0.0001813302145129489
                                 global = -5.157771791476825e-07
                             cumulative = -0.1021360709198884
T initRes: 1.598289917966709e-05 finalRes: 7.188268092365709e-07 nIters: 3
nuTilda initRes: 0.0002958115116761583 finalRes: 6.19155499991167e-06 nIters: 2
TP1: 88.11838423762053 final: 88.11838423762053
TP2: 35.77316637618752 final: 35.77316637618752
HFX: 301.8130875167249 final: 301.8130875167249
yPlus min: 1.854340708747175 max: 55.32503987165963 mean: 23.66985748201054
ExecutionTime = 4.78 s  ClockTime = 4 s

Time = 800

U0 initRes: 1.773725229021997e-06 finalRes: 8.251000440580911e-08 nIters: 3
U1 initRes: 4.822886193935673e-06 finalRes: 3.559800098297254e-07 nIters: 3
U2 initRes: 1.292347819688519e-05 finalRes: 5.217721105468013e-07 nIters: 3
p initRes: 0.0001919337977294341 finalRes: 1.065667409437124e-05 nIters: 1
Time step continuity errors : sum local = 0.0001812919715954767
                                 global = -5.376889023177953e-07
                             cumulative = -0.1021366086087907
T initRes: 1.598290378840668e-05 finalRes: 7.188277747704403e-07 nIters: 3
nuTilda initRes: 0.0002958114488580626 finalRes: 6.191572305261798e-06 nIters: 2
TP1: 88.11838285442181 final: 88.11838285442181
TP2: 35.77316606076496 final: 35.77316606076496
HFX: 301.8130870289193 final: 301.8130870289193
yPlus min: 1.854340461587797 max: 55.32503972533448 mean: 23.66985743444275
ExecutionTime = 5.32 s  ClockTime = 5 s

Time = 900

U0 initRes: 1.773725641439529e-06 finalRes: 8.250990023893227e-08 nIters: 3
U1 initRes: 4.822883515961959e-06 finalRes: 3.559799100395629e-07 nIters: 3
U2 initRes: 1.292347894241074e-05 finalRes: 5.217720788274283e-07 nIters: 3
p initRes: 0.0001919333757925749 finalRes: 1.065646667785629e-05 nIters: 1
Time step continuity errors : sum local = 0.0001812884432094485
                                 global = -5.313626202475623e-07
                             cumulative = -0.102137139971411
T initRes: 1.5982903373557e-05 finalRes: 7.188275049144634e-07 nIters: 3
nuTilda initRes: 0.0002958114568261495 finalRes: 6.191570265012169e-06 nIters: 2
TP1: 88.11838307530155 final: 88.11838307530155
TP2: 35.77316615105116 final: 35.77316615105116
HFX: 301.8130872399585 final: 301.8130872399585
yPlus min: 1.854340481115718 max: 55.32503978028654 mean: 23.66985745465675
ExecutionTime = 5.86 s  ClockTime = 6 s

Time = 1000

U0 initRes: 1.773725236167696e-06 finalRes: 8.250985150019648e-08 nIters: 3
U1 initRes: 4.822883147833159e-06 finalRes: 3.559799037516984e-07 nIters: 3
U2 initRes: 1.292347918529522e-05 finalRes: 5.217720763276474e-07 nIters: 3
p initRes: 0.0001919333898872275 finalRes: 1.065649533662348e-05 nIters: 1
Time step continuity errors : sum local = 0.0001812889306752374
                                 global = -5.325142377025339e-07
                             cumulative = -0.1021376724856487
T initRes: 1.598290331324368e-05 finalRes: 7.18827549955905e-07 nIters: 3
nuTilda initRes: 0.0002958114562406993 finalRes: 6.191570354141129e-06 nIters: 2
TP1: 88.11838305028462 final: 88.11838305028462
TP2: 35.77316613469155 final: 35.77316613469155
HFX: 301.8130871957891 final: 301.8130871957891
yPlus min: 1.854340481793677 max: 55.32503976916223 mean: 23.66985745041024
ExecutionTime = 6.4 s  ClockTime = 6 s

End

Moving time 1000 to 0.0001
Printing Primal Residual Statistics.
U Residual Norm2: (25.09001070842839 22.73066935994838 10.2425884041728)
U Residual Mean: (0.03005388119522249 0.02584658267682616 0.01103855676917576)
U Residual Max: (13.58390259146354 10.9552584508267 7.922748229979735)
p Residual Norm2: 7.659145052199936
p Residual Mean: 0.01198521263657043
p Residual Max: 2.875417006150953
T Residual Norm2: 40.1843822835466
T Residual Mean: 0.04479934556709798
T Residual Max: 20.02808420415725
nuTilda Residual Norm2: 0.4361582187076099
nuTilda Residual Mean: 0.0003557735824398971
nuTilda Residual Max: 0.2145929829566863
phi Residual Norm2: 0.06358985545611381
phi Residual Mean: 2.441172237524519e-05
phi Residual Max: 0.04469168966573813
Total Residual Norm2: 54.08090184362644
 
 
A5DOBJDXV === primal done t=6.9s OBJ=5.234521691559307e+01 ===
Computing d[TP1]/d[aero_states]^T * psi 6.47 s
Computing d[TP1]/d[aero_vol_coords]^T * psi 6.5 s
Computing d[TP2]/d[aero_states]^T * psi 6.79 s
Computing d[TP2]/d[aero_vol_coords]^T * psi 6.8 s
Checking if Coloring file exists..
dRdWCon Created. 11.01 s
Calculating dRdW Coloring... 11.01 s
Calculating dRdW Coloring..
Parallel Distance 2 Graph Coloring....
MaxCols: 275
AllNonZeros: 4702448
nUniqueCols: 44296
ColorSweep: 0   12.04 s
number of uncolored: 44159 1
ColorSweep: 100   14.98 s
number of uncolored: 33138 1
ColorSweep: 200   17.93 s
number of uncolored: 25093 1
ColorSweep: 300   20.87 s
number of uncolored: 17822 1
ColorSweep: 400   23.79 s
number of uncolored: 10904 1
ColorSweep: 500   26.67 s
number of uncolored: 4795 1
ColorSweep: 600   29.52 s
number of uncolored: 527 1
ColorSweep: 647   30.86 s
number of uncolored: 0 0
Global ColorSweep: 0   31.18 s
Number of Uncolored: 0 0
Global ColorSweep: 0   31.18 s
Number of Uncolored: 0 0
Ncolors: 648
Validating Coloring...
No Conflicting Colors Found!
 nJacConColors: 648
Writing Colors to dRdWColoring_1
Calculating dRdW Coloring... Completed! 31.4 s
Computing dRdWTPC 31.41 s
Initializing dRdWCon. 31.41 s
dRdWCon Created. 33.73 s
Reading Coloring dRdWColoring_1
Validating Coloring...
No Conflicting Colors Found!
Partial derivative matrix created. 33.84 s
dRdWTPC: 0 of 648, ExecutionTime: 33.85 s
dRdWTPC: 100 of 648, ExecutionTime: 35.37 s
dRdWTPC: 200 of 648, ExecutionTime: 36.88 s
dRdWTPC: 300 of 648, ExecutionTime: 38.4 s
dRdWTPC: 400 of 648, ExecutionTime: 39.92 s
dRdWTPC: 500 of 648, ExecutionTime: 41.43 s
dRdWTPC: 600 of 648, ExecutionTime: 42.94 s
dRdWTPC: 647 of 648, ExecutionTime: 43.64 s
Solver Type: gmres
GMRES Restart: 3000
ASM Overlap: 1
Global PC Iters: 0
Local PC Iters: 1
Mat ReOrdering: natural
ILU PC Fill Level: 2
GMRES Max Iterations: 3000
GMRES Relative Tolerance: 1e-05
GMRES Absolute Tolerance: 1e-14
Solving Linear Equation... 43.56 s
Main iteration 0 KSP Residual norm 1.243721520494e+01 48.85 s. 
Main iteration 79 KSP Residual norm 8.583464158777e-05 53.77 s 
**Completed**! Total iterations: 79. PetscConvergedReason: 2. 53.77 s
Residual tolerance satisfied, solution finished!
Computing d[aero_residuals]/d[aero_vol_coords]^T * psi 53.84 s
A5DOBJDXV === adjoint done t=54.8s, captured 1 rev call(s) ===
A5DOBJDXV dOBJ/dshapexUpper = [  0.23779666  -0.43612125  -0.41789197   1.97037154  -0.10581104  -1.39565696   1.61175428   0.90565761  -0.8445469    7.82266995   4.80164332   3.9069772   -4.43534493  -0.91238867   0.55302327 -13.8641054   -3.77631945  -0.63026247  -4.33895697
  -0.94848029   1.90767145  -1.78279498  -1.17269276  -2.25427387  -0.96896326   0.74737951  -1.9578629 ]
A5DOBJDXV ||w_real||=4.07729060e+03 nXv=17901
A5DXSDSHAPE idx=8 h=1.0e-04 max_abs_diff=1.085365e-12 max_abs_eta=3.273684e-01 max_rel=3.315425e-12 nnz_AN=352 nnz_FD=351
A5DXSDSHAPE idx=8 h=5.0e-05 max_abs_diff=2.007353e-12 max_abs_eta=3.273684e-01 max_rel=6.131785e-12 nnz_AN=352 nnz_FD=351
A5DXSDSHAPE idx=17 h=1.0e-04 max_abs_diff=1.047984e-12 max_abs_eta=3.273684e-01 max_rel=3.201237e-12 nnz_AN=337 nnz_FD=326
A5DXSDSHAPE idx=17 h=5.0e-05 max_abs_diff=2.109063e-12 max_abs_eta=3.273684e-01 max_rel=6.442476e-12 nnz_AN=337 nnz_FD=326
A5DXSDSHAPE idx=2 h=1.0e-04 max_abs_diff=9.063791e-13 max_abs_eta=3.250601e-01 max_rel=2.788343e-12 nnz_AN=342 nnz_FD=327
A5DXSDSHAPE idx=2 h=5.0e-05 max_abs_diff=2.029595e-12 max_abs_eta=3.250601e-01 max_rel=6.243753e-12 nnz_AN=342 nnz_FD=326
Running Primal Solver 002
Previous solution time 1000 not found and nothing deleted.
No finite volume options present

Starting time loop

Time = 1

U0 initRes: 1.729547926308369e-06 finalRes: 8.353450109510327e-08 nIters: 3
U1 initRes: 4.700793277449902e-06 finalRes: 3.565205751569024e-07 nIters: 3
U2 initRes: 1.25829220295186e-05 finalRes: 5.208692248765903e-07 nIters: 3
p initRes: 0.0001942693990264236 finalRes: 1.155384417144794e-05 nIters: 1
Time step continuity errors : sum local = 0.0001965580183392506
                                 global = 1.758510136675628e-06
                             cumulative = -0.102135913975512
T initRes: 1.533746230886634e-05 finalRes: 7.152912125229946e-07 nIters: 3
nuTilda initRes: 0.0001737443998427297 finalRes: 6.947455123072622e-06 nIters: 2
TP1: 88.11835144182365 final: 88.11835144182365
TP2: 35.77316961951239 final: 35.77316961951239
HFX: 301.8098626759607 final: 301.8098626759607
yPlus min: 1.845925892982035 max: 55.32503977296975 mean: 23.670537428512
ExecutionTime = 55.43 s  ClockTime = 54 s

Time = 100

U0 initRes: 1.802846328185748e-06 finalRes: 8.176034158141724e-08 nIters: 3
U1 initRes: 4.819432336403298e-06 finalRes: 3.53942932333765e-07 nIters: 3
U2 initRes: 1.29571774239026e-05 finalRes: 5.377470634759412e-07 nIters: 3
p initRes: 0.0001919793024598885 finalRes: 1.153720162710483e-05 nIters: 1
Time step continuity errors : sum local = 0.0001962716048493335
                                 global = -1.221907707658132e-06
                             cumulative = -0.1021371358832196
T initRes: 1.599556699195608e-05 finalRes: 7.176752136587795e-07 nIters: 3
nuTilda initRes: 0.0002959930124299291 finalRes: 6.19414979802357e-06 nIters: 2
TP1: 88.11839318309578 final: 88.11839318309578
TP2: 35.77316634582171 final: 35.77316634582171
HFX: 301.8130901736311 final: 301.8130901736311
yPlus min: 1.854349563948102 max: 55.32504005140581 mean: 23.66985668255801
ExecutionTime = 55.97 s  ClockTime = 55 s

Time = 200

U0 initRes: 1.802673567325447e-06 finalRes: 8.175982744616539e-08 nIters: 3
U1 initRes: 4.819382062109074e-06 finalRes: 3.539411245577654e-07 nIters: 3
U2 initRes: 1.295761066566508e-05 finalRes: 5.377503624123925e-07 nIters: 3
p initRes: 0.0001919728106004657 finalRes: 1.153491082217114e-05 nIters: 1
Time step continuity errors : sum local = 0.0001962326344213294
                                 global = -1.241098992048556e-06
                             cumulative = -0.1021383769822117
T initRes: 1.599547933509426e-05 finalRes: 7.176790117992176e-07 nIters: 3
nuTilda initRes: 0.0002959927486668856 finalRes: 6.194156349143944e-06 nIters: 2
TP1: 88.11839364225062 final: 88.11839364225062
TP2: 35.77316607238178 final: 35.77316607238178
HFX: 301.8130893052247 final: 301.8130893052247
yPlus min: 1.854349944900689 max: 55.3250398362251 mean: 23.66985667568798
ExecutionTime = 56.51 s  ClockTime = 56 s

Time = 300

U0 initRes: 1.802687698185631e-06 finalRes: 8.176048762119283e-08 nIters: 3
U1 initRes: 4.819393492931162e-06 finalRes: 3.539415293498168e-07 nIters: 3
U2 initRes: 1.295759586029501e-05 finalRes: 5.377505133651446e-07 nIters: 3
p initRes: 0.0001919728874134851 finalRes: 1.153475162473175e-05 nIters: 1
Time step continuity errors : sum local = 0.0001962299260690139
                                 global = -1.242556163752451e-06
                             cumulative = -0.1021396195383754
T initRes: 1.599547610465351e-05 finalRes: 7.176795944797849e-07 nIters: 3
nuTilda initRes: 0.0002959927454602945 finalRes: 6.19415015474742e-06 nIters: 2
TP1: 88.1183934911014 final: 88.1183934911014
TP2: 35.77316605040618 final: 35.77316605040618
HFX: 301.813089289577 final: 301.813089289577
yPlus min: 1.854349934806851 max: 55.32503984117132 mean: 23.66985667566321
ExecutionTime = 57.06 s  ClockTime = 56 s

Time = 400

U0 initRes: 1.802687953678492e-06 finalRes: 8.176047804228466e-08 nIters: 3
U1 initRes: 4.819393300236783e-06 finalRes: 3.539415180788675e-07 nIters: 3
U2 initRes: 1.295759390909758e-05 finalRes: 5.377504587997448e-07 nIters: 3
p initRes: 0.0001919728723925438 finalRes: 1.153475172985556e-05 nIters: 1
Time step continuity errors : sum local = 0.0001962299278066351
                                 global = -1.242118443393628e-06
                             cumulative = -0.1021408616568188
T initRes: 1.599547607578751e-05 finalRes: 7.17679607986512e-07 nIters: 3
nuTilda initRes: 0.0002959927459143288 finalRes: 6.194149838914122e-06 nIters: 2
TP1: 88.11839349212929 final: 88.11839349212929
TP2: 35.77316605570193 final: 35.77316605570193
HFX: 301.8130893022074 final: 301.8130893022074
yPlus min: 1.854349937125138 max: 55.32503984321774 mean: 23.66985667654306
ExecutionTime = 57.6 s  ClockTime = 57 s

Time = 500

U0 initRes: 1.802687695656928e-06 finalRes: 8.176046214579322e-08 nIters: 3
U1 initRes: 4.819393111472154e-06 finalRes: 3.539415128245861e-07 nIters: 3
U2 initRes: 1.295759392288168e-05 finalRes: 5.377504549159507e-07 nIters: 3
p initRes: 0.0001919728696787817 finalRes: 1.15347542672663e-05 nIters: 1
Time step continuity errors : sum local = 0.0001962299709448826
                                 global = -1.242066117064312e-06
                             cumulative = -0.1021421037229359
T initRes: 1.599547614726648e-05 finalRes: 7.176796060837032e-07 nIters: 3
nuTilda initRes: 0.0002959927460285289 finalRes: 6.194149910514274e-06 nIters: 2
TP1: 88.11839349624476 final: 88.11839349624476
TP2: 35.77316605647938 final: 35.77316605647938
HFX: 301.813089302887 final: 301.813089302887
yPlus min: 1.854349937571419 max: 55.32503984319217 mean: 23.66985667656474
ExecutionTime = 58.14 s  ClockTime = 57 s

Time = 600

U0 initRes: 1.80268768381706e-06 finalRes: 8.176046147048412e-08 nIters: 3
U1 initRes: 4.819393113615172e-06 finalRes: 3.539415128335556e-07 nIters: 3
U2 initRes: 1.295759393983347e-05 finalRes: 5.377504558047382e-07 nIters: 3
p initRes: 0.0001919728699536962 finalRes: 1.153475432554796e-05 nIters: 1
Time step continuity errors : sum local = 0.0001962299720322291
                                 global = -1.242073837503465e-06
                             cumulative = -0.1021433457967734
T initRes: 1.59954761563526e-05 finalRes: 7.176796053970934e-07 nIters: 3
nuTilda initRes: 0.0002959927460300559 finalRes: 6.194149917762131e-06 nIters: 2
TP1: 88.11839349638417 final: 88.11839349638417
TP2: 35.77316605639218 final: 35.77316605639218
HFX: 301.8130893026558 final: 301.8130893026558
yPlus min: 1.854349937534964 max: 55.32503984315329 mean: 23.66985667654493
ExecutionTime = 58.68 s  ClockTime = 58 s

Time = 700

U0 initRes: 1.802687689432051e-06 finalRes: 8.176046178580167e-08 nIters: 3
U1 initRes: 4.819393118134324e-06 finalRes: 3.539415129227778e-07 nIters: 3
U2 initRes: 1.295759393970814e-05 finalRes: 5.37750455908084e-07 nIters: 3
p initRes: 0.0001919728700331597 finalRes: 1.153475428022652e-05 nIters: 1
Time step continuity errors : sum local = 0.0001962299711469986
                                 global = -1.24207521938605e-06
                             cumulative = -0.1021445878719928
T initRes: 1.599547615367287e-05 finalRes: 7.176796038513425e-07 nIters: 3
nuTilda initRes: 0.0002959927460282499 finalRes: 6.194149916726138e-06 nIters: 2
TP1: 88.11839349629008 final: 88.11839349629008
TP2: 35.77316605637249 final: 35.77316605637249
HFX: 301.8130893026385 final: 301.8130893026385
yPlus min: 1.85434993752327 max: 55.32503984315396 mean: 23.66985667654389
ExecutionTime = 59.22 s  ClockTime = 58 s

Time = 800

U0 initRes: 1.802687689713573e-06 finalRes: 8.176046181873983e-08 nIters: 3
U1 initRes: 4.819393117924868e-06 finalRes: 3.539415129192828e-07 nIters: 3
U2 initRes: 1.295759393953164e-05 finalRes: 5.377504558732166e-07 nIters: 3
p initRes: 0.0001919728700281123 finalRes: 1.153475427574902e-05 nIters: 1
Time step continuity errors : sum local = 0.0001962299711485573
                                 global = -1.24207512269915e-06
                             cumulative = -0.1021458299471155
T initRes: 1.599547615374792e-05 finalRes: 7.176796041397545e-07 nIters: 3
nuTilda initRes: 0.0002959927460280311 finalRes: 6.194149916595634e-06 nIters: 2
TP1: 88.11839349628615 final: 88.11839349628615
TP2: 35.77316605637314 final: 35.77316605637314
HFX: 301.8130893026416 final: 301.8130893026416
yPlus min: 1.854349937524017 max: 55.32503984315485 mean: 23.66985667654431
ExecutionTime = 59.76 s  ClockTime = 59 s

Time = 900

U0 initRes: 1.802687689608903e-06 finalRes: 8.176046180612314e-08 nIters: 3
U1 initRes: 4.819393117832319e-06 finalRes: 3.539415129087106e-07 nIters: 3
U2 initRes: 1.295759393963685e-05 finalRes: 5.377504558707691e-07 nIters: 3
p initRes: 0.0001919728700211594 finalRes: 1.153475428083152e-05 nIters: 1
Time step continuity errors : sum local = 0.0001962299711208003
                                 global = -1.242075103557118e-06
                             cumulative = -0.1021470720222191
T initRes: 1.599547615225274e-05 finalRes: 7.176796042401525e-07 nIters: 3
nuTilda initRes: 0.0002959927460280507 finalRes: 6.194149916621739e-06 nIters: 2
TP1: 88.11839349628798 final: 88.11839349628798
TP2: 35.77316605637337 final: 35.77316605637337
HFX: 301.8130893026412 final: 301.8130893026412
yPlus min: 1.854349937523339 max: 55.32503984315468 mean: 23.66985667654424
ExecutionTime = 60.3 s  ClockTime = 59 s

Time = 1000

U0 initRes: 1.802687689695196e-06 finalRes: 8.176046181235226e-08 nIters: 3
U1 initRes: 4.81939311780863e-06 finalRes: 3.539415129162681e-07 nIters: 3
U2 initRes: 1.295759393965644e-05 finalRes: 5.377504558856658e-07 nIters: 3
p initRes: 0.00019197287002966 finalRes: 1.153475427595809e-05 nIters: 1
Time step continuity errors : sum local = 0.0001962299711378709
                                 global = -1.2420750678217e-06
                             cumulative = -0.1021483140972869
T initRes: 1.599547615182978e-05 finalRes: 7.176796039049422e-07 nIters: 3
nuTilda initRes: 0.0002959927460280819 finalRes: 6.194149916610859e-06 nIters: 2
TP1: 88.11839349628717 final: 88.11839349628717
TP2: 35.77316605637394 final: 35.77316605637394
HFX: 301.8130893026422 final: 301.8130893026422
yPlus min: 1.85434993752405 max: 55.32503984315491 mean: 23.66985667654434
ExecutionTime = 60.84 s  ClockTime = 60 s

End

Moving time 1000 to 0.0002
A5DOBJDXV_SOLVE BASELINE calcFunction: TP1=8.811839349628717e+01 TP2=3.577316605637394e+01 OBJ=5.234522743991323e+01 | evalFunctions: TP1=8.811839349628717e+01 TP2=3.577316605637394e+01 OBJ=5.234522743991323e+01 | agree_diff=0.000e+00 t=5.7s
A5DOBJDXV_BASELINE direct=5.234522743991323e+01 openmdao=5.234521691559307e+01 diff=1.052e-05
Running Primal Solver 003
Previous solution time 1000 not found and nothing deleted.
No finite volume options present

Starting time loop

Time = 1

U0 initRes: 2.234482621084417e-06 finalRes: 9.481186646438594e-08 nIters: 3
U1 initRes: 1.624048649084404e-05 finalRes: 1.604766798281358e-06 nIters: 2
U2 initRes: 5.417817859539151e-05 finalRes: 3.319784825906444e-06 nIters: 2
p initRes: 0.0003600431346448862 finalRes: 2.680689888312048e-05 nIters: 3
Time step continuity errors : sum local = 0.0004560364759053328
                                 global = -5.35270775768182e-05
                             cumulative = -0.1022018411748637
T initRes: 1.930636417491315e-05 finalRes: 8.358239087418335e-07 nIters: 3
nuTilda initRes: 0.0001757994847068278 finalRes: 7.079078421066426e-06 nIters: 2
TP1: 88.11406497229216 final: 88.11406497229216
TP2: 35.77304443364915 final: 35.77304443364915
HFX: 301.8098447722978 final: 301.8098447722978
yPlus min: 1.850066705882273 max: 55.32509430316797 mean: 23.67058929683329
ExecutionTime = 61.86 s  ClockTime = 60 s

Time = 100

U0 initRes: 1.919362306045076e-06 finalRes: 8.980277435375681e-08 nIters: 3
U1 initRes: 5.02691276736057e-06 finalRes: 3.600198000758905e-07 nIters: 3
U2 initRes: 1.370069556384032e-05 finalRes: 5.278291070103559e-07 nIters: 3
p initRes: 0.0001953284927290205 finalRes: 1.188899781131771e-05 nIters: 1
Time step continuity errors : sum local = 0.0002022493024114478
                                 global = 5.141207812698709e-06
                             cumulative = -0.102196699967051
T initRes: 1.609557994114512e-05 finalRes: 7.276037553761403e-07 nIters: 3
nuTilda initRes: 0.0002963820326498053 finalRes: 6.220293524520842e-06 nIters: 2
TP1: 88.11894559417458 final: 88.11894559417458
TP2: 35.77330224420025 final: 35.77330224420025
HFX: 301.8117095387304 final: 301.8117095387304
yPlus min: 1.854976347130478 max: 55.3259439570999 mean: 23.66982915840704
ExecutionTime = 62.42 s  ClockTime = 61 s

Time = 200

U0 initRes: 1.778371282400874e-06 finalRes: 8.239271428296093e-08 nIters: 3
U1 initRes: 4.82908896831843e-06 finalRes: 3.558913412996642e-07 nIters: 3
U2 initRes: 1.2954477271843e-05 finalRes: 5.220880201995184e-07 nIters: 3
p initRes: 0.0001920832514689235 finalRes: 1.070559639114805e-05 nIters: 1
Time step continuity errors : sum local = 0.0001821180349048952
                                 global = 1.470792115638002e-06
                             cumulative = -0.1021952291749354
T initRes: 1.599267534634844e-05 finalRes: 7.19151568233376e-07 nIters: 3
nuTilda initRes: 0.0002958797552859578 finalRes: 6.192588784083245e-06 nIters: 2
TP1: 88.11855938755342 final: 88.11855938755342
TP2: 35.77323819161604 final: 35.77323819161604
HFX: 301.8117611512063 final: 301.8117611512063
yPlus min: 1.85487273869906 max: 55.32597811319883 mean: 23.6698330150746
ExecutionTime = 62.96 s  ClockTime = 61 s

Time = 300

U0 initRes: 1.774274206538662e-06 finalRes: 8.254647730376327e-08 nIters: 3
U1 initRes: 4.823867721742319e-06 finalRes: 3.559762925217611e-07 nIters: 3
U2 initRes: 1.292421676018859e-05 finalRes: 5.21972121028517e-07 nIters: 3
p initRes: 0.0001919803549550846 finalRes: 1.068784070715031e-05 nIters: 1
Time step continuity errors : sum local = 0.0001818160442794332
                                 global = 8.373923028944304e-07
                             cumulative = -0.1021943917826325
T initRes: 1.598569109215064e-05 finalRes: 7.189681725717743e-07 nIters: 3
nuTilda initRes: 0.0002958607176500307 finalRes: 6.192476557317103e-06 nIters: 2
TP1: 88.11851778541563 final: 88.11851778541563
TP2: 35.77322826802638 final: 35.77322826802638
HFX: 301.811736097379 final: 301.811736097379
yPlus min: 1.854868760084735 max: 55.3259722804595 mean: 23.66983259955923
ExecutionTime = 63.5 s  ClockTime = 62 s

Time = 400

U0 initRes: 1.773834476580949e-06 finalRes: 8.252720122057882e-08 nIters: 3
U1 initRes: 4.823848945832063e-06 finalRes: 3.559969579208226e-07 nIters: 3
U2 initRes: 1.2924247233292e-05 finalRes: 5.219714803792577e-07 nIters: 3
p initRes: 0.0001919733557038769 finalRes: 1.068508254680971e-05 nIters: 1
Time step continuity errors : sum local = 0.000181769127650259
                                 global = 7.879686674932657e-07
                             cumulative = -0.102193603813965
T initRes: 1.598545274747399e-05 finalRes: 7.189995664497344e-07 nIters: 3
nuTilda initRes: 0.0002958593040156589 finalRes: 6.192326391825177e-06 nIters: 2
TP1: 88.11852050581741 final: 88.11852050581741
TP2: 35.77322761953133 final: 35.77322761953133
HFX: 301.8117319842398 final: 301.8117319842398
yPlus min: 1.854869956017459 max: 55.3259711386896 mean: 23.66983244321776
ExecutionTime = 64.04000000000001 s  ClockTime = 62 s

Time = 500

U0 initRes: 1.773831909227226e-06 finalRes: 8.252439620100386e-08 nIters: 3
U1 initRes: 4.823837810163687e-06 finalRes: 3.559973829760426e-07 nIters: 3
U2 initRes: 1.29243029982796e-05 finalRes: 5.219719711065971e-07 nIters: 3
p initRes: 0.0001919727706462563 finalRes: 1.068450246264354e-05 nIters: 1
Time step continuity errors : sum local = 0.000181759259544637
                                 global = 7.938323951294614e-07
                             cumulative = -0.1021928099815698
T initRes: 1.598545097824548e-05 finalRes: 7.19005711800668e-07 nIters: 3
nuTilda initRes: 0.0002958592815716176 finalRes: 6.192275280427161e-06 nIters: 2
TP1: 88.11852107919974 final: 88.11852107919974
TP2: 35.77322771724455 final: 35.77322771724455
HFX: 301.8117319093321 final: 301.8117319093321
yPlus min: 1.854870106659267 max: 55.32597110456095 mean: 23.66983244484897
ExecutionTime = 64.58 s  ClockTime = 63 s

Time = 600

U0 initRes: 1.773832442223456e-06 finalRes: 8.252401944569624e-08 nIters: 3
U1 initRes: 4.823835766581184e-06 finalRes: 3.559971877593022e-07 nIters: 3
U2 initRes: 1.292430351903654e-05 finalRes: 5.21972044488977e-07 nIters: 3
p initRes: 0.0001919727463135885 finalRes: 1.068447671738276e-05 nIters: 1
Time step continuity errors : sum local = 0.0001817588215145792
                                 global = 7.946187985293512e-07
                             cumulative = -0.1021920153627713
T initRes: 1.598545194285878e-05 finalRes: 7.190059098126521e-07 nIters: 3
nuTilda initRes: 0.0002958592889192684 finalRes: 6.192271842442578e-06 nIters: 2
TP1: 88.11852113593967 final: 88.11852113593967
TP2: 35.77322772971488 final: 35.77322772971488
HFX: 301.8117319321236 final: 301.8117319321236
yPlus min: 1.85487011513753 max: 55.32597110937792 mean: 23.66983244534083
ExecutionTime = 65.13 s  ClockTime = 64 s

Time = 700

U0 initRes: 1.773832764393548e-06 finalRes: 8.252402063573246e-08 nIters: 3
U1 initRes: 4.823835579487377e-06 finalRes: 3.559971581826182e-07 nIters: 3
U2 initRes: 1.292430293628241e-05 finalRes: 5.219720462343665e-07 nIters: 3
p initRes: 0.0001919727493668486 finalRes: 1.068447835736138e-05 nIters: 1
Time step continuity errors : sum local = 0.0001817588495068661
                                 global = 7.946972642347133e-07
                             cumulative = -0.1021912206655071
T initRes: 1.59854520699677e-05 finalRes: 7.190058768528054e-07 nIters: 3
nuTilda initRes: 0.0002958592899912371 finalRes: 6.192271850534422e-06 nIters: 2
TP1: 88.11852113549007 final: 88.11852113549007
TP2: 35.77322773082073 final: 35.77322773082073
HFX: 301.8117319369989 final: 301.8117319369989
yPlus min: 1.85487011431562 max: 55.32597111067195 mean: 23.66983244551293
ExecutionTime = 65.67 s  ClockTime = 64 s

Time = 800

U0 initRes: 1.773832779499405e-06 finalRes: 8.252402367818149e-08 nIters: 3
U1 initRes: 4.823835581637979e-06 finalRes: 3.559971567363106e-07 nIters: 3
U2 initRes: 1.292430285290675e-05 finalRes: 5.219720458301925e-07 nIters: 3
p initRes: 0.0001919727500094543 finalRes: 1.068447899052113e-05 nIters: 1
Time step continuity errors : sum local = 0.0001817588601932863
                                 global = 7.946939175900002e-07
                             cumulative = -0.1021904259715895
T initRes: 1.598545207657425e-05 finalRes: 7.190058693437943e-07 nIters: 3
nuTilda initRes: 0.0002958592900299183 finalRes: 6.192271896122758e-06 nIters: 2
TP1: 88.1185211348659 final: 88.1185211348659
TP2: 35.77322773075841 final: 35.77322773075841
HFX: 301.8117319372436 final: 301.8117319372436
yPlus min: 1.854870114130816 max: 55.32597111075157 mean: 23.66983244551733
ExecutionTime = 66.20999999999999 s  ClockTime = 65 s

Time = 900

U0 initRes: 1.773832779134199e-06 finalRes: 8.252402414129468e-08 nIters: 3
U1 initRes: 4.823835583883274e-06 finalRes: 3.559971568870661e-07 nIters: 3
U2 initRes: 1.292430284923159e-05 finalRes: 5.219720457474299e-07 nIters: 3
p initRes: 0.0001919727500446885 finalRes: 1.068447904318359e-05 nIters: 1
Time step continuity errors : sum local = 0.0001817588610831191
                                 global = 7.946929924710622e-07
                             cumulative = -0.102189631278597
T initRes: 1.598545207667049e-05 finalRes: 7.190058680916634e-07 nIters: 3
nuTilda initRes: 0.0002958592900232295 finalRes: 6.192271901224404e-06 nIters: 2
TP1: 88.1185211347921 final: 88.1185211347921
TP2: 35.77322773074337 final: 35.77322773074337
HFX: 301.8117319372276 final: 301.8117319372276
yPlus min: 1.854870114117411 max: 55.32597111074907 mean: 23.66983244551695
ExecutionTime = 66.75 s  ClockTime = 65 s

Time = 1000

U0 initRes: 1.773832778941421e-06 finalRes: 8.252402417391962e-08 nIters: 3
U1 initRes: 4.823835583933109e-06 finalRes: 3.559971569120691e-07 nIters: 3
U2 initRes: 1.292430284966797e-05 finalRes: 5.219720457432902e-07 nIters: 3
p initRes: 0.0001919727500464253 finalRes: 1.06844790343798e-05 nIters: 1
Time step continuity errors : sum local = 0.0001817588609251537
                                 global = 7.94692899795005e-07
                             cumulative = -0.1021888365856972
T initRes: 1.59854520754956e-05 finalRes: 7.190058673991291e-07 nIters: 3
nuTilda initRes: 0.0002958592900219306 finalRes: 6.19227190139565e-06 nIters: 2
TP1: 88.11852113478578 final: 88.11852113478578
TP2: 35.77322773074216 final: 35.77322773074216
HFX: 301.8117319372224 final: 301.8117319372224
yPlus min: 1.854870114115174 max: 55.32597111074779 mean: 23.66983244551672
ExecutionTime = 67.29000000000001 s  ClockTime = 66 s

End

Moving time 1000 to 0.0003
A5DOBJDXV_SOLVE idx=8 h=1.0e-04 + calcFunction: TP1=8.811852113478578e+01 TP2=3.577322773074216e+01 OBJ=5.234529340404362e+01 | evalFunctions: TP1=8.811852113478578e+01 TP2=3.577322773074216e+01 OBJ=5.234529340404362e+01 | agree_diff=0.000e+00 t=5.8s
Running Primal Solver 004
Previous solution time 1000 not found and nothing deleted.
No finite volume options present

Starting time loop

Time = 1

U0 initRes: 2.702953072904735e-06 finalRes: 2.670297567565125e-07 nIters: 2
U1 initRes: 2.78045403771984e-05 finalRes: 2.472736609483444e-06 nIters: 2
U2 initRes: 9.566086416407777e-05 finalRes: 5.246906347644778e-06 nIters: 2
p initRes: 0.0005273875732886191 finalRes: 2.271381467200186e-05 nIters: 3
Time step continuity errors : sum local = 0.0003864185945849803
                                 global = 4.134307944812028e-05
                             cumulative = -0.1021474935062491
T initRes: 2.277940108619783e-05 finalRes: 9.525824152179449e-07 nIters: 3
nuTilda initRes: 0.0001777656177902463 finalRes: 7.184475306884282e-06 nIters: 2
TP1: 88.1304383241325 final: 88.1304383241325
TP2: 35.7733092594912 final: 35.7733092594912
HFX: 301.8085379888277 final: 301.8085379888277
yPlus min: 1.836363655374314 max: 55.32587802179399 mean: 23.67039279927959
ExecutionTime = 67.61 s  ClockTime = 66 s

Time = 100

U0 initRes: 2.085983354302755e-06 finalRes: 9.367648456781271e-08 nIters: 3
U1 initRes: 5.255095429998263e-06 finalRes: 3.618329239840806e-07 nIters: 3
U2 initRes: 1.442052642207538e-05 finalRes: 1.368563593581374e-06 nIters: 2
p initRes: 0.0001987625915080644 finalRes: 1.33802689005835e-05 nIters: 1
Time step continuity errors : sum local = 0.0002276352914770515
                                 global = -4.108954316717573e-06
                             cumulative = -0.1021516024605658
T initRes: 1.628740455028039e-05 finalRes: 7.18860461051899e-07 nIters: 3
nuTilda initRes: 0.0002968327034321943 finalRes: 6.336345929139412e-06 nIters: 2
TP1: 88.11785731155879 final: 88.11785731155879
TP2: 35.77301301420889 final: 35.77301301420889
HFX: 301.8145955285133 final: 301.8145955285133
yPlus min: 1.853870630186855 max: 55.32415650863925 mean: 23.66990589346269
ExecutionTime = 68.14 s  ClockTime = 67 s

Time = 200

U0 initRes: 1.812745663884405e-06 finalRes: 8.254296854118074e-08 nIters: 3
U1 initRes: 4.832578316347534e-06 finalRes: 3.544702717153539e-07 nIters: 3
U2 initRes: 1.303966054862309e-05 finalRes: 5.384590621575583e-07 nIters: 3
p initRes: 0.000192126765526181 finalRes: 1.152872071684516e-05 nIters: 1
Time step continuity errors : sum local = 0.0001961340896928354
                                 global = -1.697548499305156e-06
                             cumulative = -0.1021533000090652
T initRes: 1.600494283302091e-05 finalRes: 7.183865980083477e-07 nIters: 3
nuTilda initRes: 0.000295952247125185 finalRes: 6.1942041496692e-06 nIters: 2
TP1: 88.11815241742492 final: 88.11815241742492
TP2: 35.77307894357403 final: 35.77307894357403
HFX: 301.8143702295982 final: 301.8143702295982
yPlus min: 1.853812983987817 max: 55.32409087083688 mean: 23.66987897599497
ExecutionTime = 68.68000000000001 s  ClockTime = 67 s

Time = 300

U0 initRes: 1.801199127690204e-06 finalRes: 8.176279285241995e-08 nIters: 3
U1 initRes: 4.816969219103885e-06 finalRes: 3.53993606283347e-07 nIters: 3
U2 initRes: 1.295873247350699e-05 finalRes: 5.379309410760397e-07 nIters: 3
p initRes: 0.0001919182736004647 finalRes: 1.149815212331028e-05 nIters: 1
Time step continuity errors : sum local = 0.000195613922621575
                                 global = -3.670345547629187e-07
                             cumulative = -0.1021536670436199
T initRes: 1.599371874177628e-05 finalRes: 7.175301918275317e-07 nIters: 3
nuTilda initRes: 0.0002959459256686965 finalRes: 6.193087168724154e-06 nIters: 2
TP1: 88.11823254485887 final: 88.11823254485887
TP2: 35.773098870882 final: 35.773098870882
HFX: 301.8144256908276 final: 301.8144256908276
yPlus min: 1.853815404480152 max: 55.32410420848084 mean: 23.66988029677123
ExecutionTime = 69.22 s  ClockTime = 68 s

Time = 400

U0 initRes: 1.8012323445725e-06 finalRes: 8.17515627899928e-08 nIters: 3
U1 initRes: 4.816757721913353e-06 finalRes: 3.539626243994112e-07 nIters: 3
U2 initRes: 1.295603497258488e-05 finalRes: 5.379050406528126e-07 nIters: 3
p initRes: 0.0001919100755753354 finalRes: 1.149141607012295e-05 nIters: 1
Time step continuity errors : sum local = 0.0001954993263833103
                                 global = 4.449652708665892e-08
                             cumulative = -0.1021536225470928
T initRes: 1.599317379102426e-05 finalRes: 7.174578278421624e-07 nIters: 3
nuTilda initRes: 0.000295945184435306 finalRes: 6.192916848138158e-06 nIters: 2
TP1: 88.11824018138535 final: 88.11824018138535
TP2: 35.77310472217687 final: 35.77310472217687
HFX: 301.8144401307059 final: 301.8144401307059
yPlus min: 1.853815960671694 max: 55.32410778826706 mean: 23.66988133294874
ExecutionTime = 69.76000000000001 s  ClockTime = 68 s

Time = 500

U0 initRes: 1.801318440180902e-06 finalRes: 8.175478549598286e-08 nIters: 3
U1 initRes: 4.81682319104855e-06 finalRes: 3.539603000372295e-07 nIters: 3
U2 initRes: 1.29558693997847e-05 finalRes: 5.379032747343197e-07 nIters: 3
p initRes: 0.0001919102464549855 finalRes: 1.149130877928597e-05 nIters: 1
Time step continuity errors : sum local = 0.0001954975011905204
                                 global = 8.08862007003516e-08
                             cumulative = -0.1021535416608921
T initRes: 1.599315396955316e-05 finalRes: 7.174471747382039e-07 nIters: 3
nuTilda initRes: 0.0002959451996647027 finalRes: 6.192919045423809e-06 nIters: 2
TP1: 88.11824001575013 final: 88.11824001575013
TP2: 35.77310522472423 final: 35.77310522472423
HFX: 301.8144419060691 final: 301.8144419060691
yPlus min: 1.853815751090957 max: 55.32410822886522 mean: 23.66988144403626
ExecutionTime = 70.3 s  ClockTime = 69 s

Time = 600

U0 initRes: 1.801333788300061e-06 finalRes: 8.175567286156322e-08 nIters: 3
U1 initRes: 4.816833001306447e-06 finalRes: 3.539599618705725e-07 nIters: 3
U2 initRes: 1.29558575527675e-05 finalRes: 5.379028630019381e-07 nIters: 3
p initRes: 0.0001919103772769194 finalRes: 1.149136548336987e-05 nIters: 1
Time step continuity errors : sum local = 0.0001954984659874674
                                 global = 8.478115199575288e-08
                             cumulative = -0.1021534568797401
T initRes: 1.599315431714404e-05 finalRes: 7.174455010309322e-07 nIters: 3
nuTilda initRes: 0.0002959452066191064 finalRes: 6.19292434067111e-06 nIters: 2
TP1: 88.11823990284041 final: 88.11823990284041
TP2: 35.7731052767075 final: 35.7731052767075
HFX: 301.8144421260789 final: 301.8144421260789
yPlus min: 1.853815707570179 max: 55.32410828398042 mean: 23.6698814585109
ExecutionTime = 70.84 s  ClockTime = 69 s

Time = 700

U0 initRes: 1.801336119518972e-06 finalRes: 8.175584897215528e-08 nIters: 3
U1 initRes: 4.816834722214959e-06 finalRes: 3.539599391569752e-07 nIters: 3
U2 initRes: 1.295585658555104e-05 finalRes: 5.37902808926648e-07 nIters: 3
p initRes: 0.0001919103932429058 finalRes: 1.149137952349388e-05 nIters: 1
Time step continuity errors : sum local = 0.0001954987048839926
                                 global = 8.503215989467757e-08
                             cumulative = -0.1021533718475802
T initRes: 1.599315436211506e-05 finalRes: 7.174452955115127e-07 nIters: 3
nuTilda initRes: 0.0002959452081130646 finalRes: 6.192925294741195e-06 nIters: 2
TP1: 88.11823987279918 final: 88.11823987279918
TP2: 35.77310527970281 final: 35.77310527970281
HFX: 301.8144421484101 final: 301.8144421484101
yPlus min: 1.853815699254363 max: 55.32410828965003 mean: 23.66988146002439
ExecutionTime = 71.38 s  ClockTime = 70 s

Time = 800

U0 initRes: 1.801336397124048e-06 finalRes: 8.175587579341268e-08 nIters: 3
U1 initRes: 4.816834947009583e-06 finalRes: 3.539599382572134e-07 nIters: 3
U2 initRes: 1.295585652816655e-05 finalRes: 5.379028016484141e-07 nIters: 3
p initRes: 0.0001919103945563301 finalRes: 1.149138198534154e-05 nIters: 1
Time step continuity errors : sum local = 0.0001954987466972096
                                 global = 8.502370735557406e-08
                             cumulative = -0.1021532868238729
T initRes: 1.599315436537871e-05 finalRes: 7.174452724609841e-07 nIters: 3
nuTilda initRes: 0.000295945208228515 finalRes: 6.192925453670551e-06 nIters: 2
TP1: 88.11823986753818 final: 88.11823986753818
TP2: 35.7731052794979 final: 35.7731052794979
HFX: 301.8144421499803 final: 301.8144421499803
yPlus min: 1.853815698008552 max: 55.32410829006036 mean: 23.66988146013454
ExecutionTime = 71.92 s  ClockTime = 70 s

Time = 900

U0 initRes: 1.801336425718199e-06 finalRes: 8.175587940009436e-08 nIters: 3
U1 initRes: 4.816834973224021e-06 finalRes: 3.539599385045247e-07 nIters: 3
U2 initRes: 1.295585653295249e-05 finalRes: 5.379028008589841e-07 nIters: 3
p initRes: 0.000191910394587855 finalRes: 1.149138233910458e-05 nIters: 1
Time step continuity errors : sum local = 0.0001954987526303574
                                 global = 8.501738483285323e-08
                             cumulative = -0.1021532018064881
T initRes: 1.599315436678391e-05 finalRes: 7.174452700806669e-07 nIters: 3
nuTilda initRes: 0.0002959452082230702 finalRes: 6.192925475464232e-06 nIters: 2
TP1: 88.11823986675427 final: 88.11823986675427
TP2: 35.77310527939732 final: 35.77310527939732
HFX: 301.8144421499764 final: 301.8144421499764
yPlus min: 1.853815697845728 max: 55.32410829006292 mean: 23.66988146013603
ExecutionTime = 72.45 s  ClockTime = 71 s

Time = 1000

U0 initRes: 1.801336427814215e-06 finalRes: 8.175587980892507e-08 nIters: 3
U1 initRes: 4.816834975658653e-06 finalRes: 3.53959938570951e-07 nIters: 3
U2 initRes: 1.295585653501075e-05 finalRes: 5.379028007924372e-07 nIters: 3
p initRes: 0.0001919103945697683 finalRes: 1.149138238534243e-05 nIters: 1
Time step continuity errors : sum local = 0.0001954987534689226
                                 global = 8.50159034046345e-08
                             cumulative = -0.1021531167905847
T initRes: 1.599315436642079e-05 finalRes: 7.174452688652435e-07 nIters: 3
nuTilda initRes: 0.000295945208219562 finalRes: 6.192925478078912e-06 nIters: 2
TP1: 88.11823986665236 final: 88.11823986665236
TP2: 35.77310527937505 final: 35.77310527937505
HFX: 301.8144421499475 final: 301.8144421499475
yPlus min: 1.853815697829547 max: 55.32410829005582 mean: 23.66988146013427
ExecutionTime = 72.98999999999999 s  ClockTime = 71 s

End

Moving time 1000 to 0.0004
A5DOBJDXV_SOLVE idx=8 h=1.0e-04 - calcFunction: TP1=8.811823986665236e+01 TP2=3.577310527937505e+01 OBJ=5.234513458727731e+01 | evalFunctions: TP1=8.811823986665236e+01 TP2=3.577310527937505e+01 OBJ=5.234513458727731e+01 | agree_diff=0.000e+00 t=5.7s
A5DOBJDXV_RESULT idx=8 h=1.0e-04 AN=7.870912446398e-01 FD=7.940838315434e-01 rel_err=8.805855e-03 sign=agree framework_dOBJdshape=-8.445468952456e-01 ||delta_Xv||=2.711777e+00
Running Primal Solver 005
Previous solution time 1000 not found and nothing deleted.
No finite volume options present

Starting time loop

Time = 1

U0 initRes: 2.481939232434421e-06 finalRes: 1.009710878824003e-07 nIters: 3
U1 initRes: 2.203116803793823e-05 finalRes: 2.041049599962054e-06 nIters: 2
U2 initRes: 7.499726985575357e-05 finalRes: 4.310046028807032e-06 nIters: 2
p initRes: 0.0004438822333856111 finalRes: 2.398336518715517e-05 nIters: 4
Time step continuity errors : sum local = 0.0004080121698663901
                                 global = 1.192501301297316e-05
                             cumulative = -0.1021411917775717
T initRes: 2.113984639716533e-05 finalRes: 9.003395718466694e-07 nIters: 3
nuTilda initRes: 0.0001767912668084086 finalRes: 7.139179411333395e-06 nIters: 2
TP1: 88.10894130419743 final: 88.10894130419743
TP2: 35.77313782891078 final: 35.77313782891078
HFX: 301.8111650283021 final: 301.8111650283021
yPlus min: 1.851929650724942 max: 55.32417080548491 mean: 23.67063646642389
ExecutionTime = 74.69 s  ClockTime = 72 s

Time = 100

U0 initRes: 1.977527306882669e-06 finalRes: 9.24427655616245e-08 nIters: 3
U1 initRes: 5.114034707396047e-06 finalRes: 3.614471454400701e-07 nIters: 3
U2 initRes: 1.402510915125184e-05 finalRes: 1.372578660336141e-06 nIters: 2
p initRes: 0.0001964140569191006 finalRes: 1.223679674493822e-05 nIters: 1
Time step continuity errors : sum local = 0.0002081689900895904
                                 global = 5.441820336900193e-06
                             cumulative = -0.1021357499572348
T initRes: 1.61406337553895e-05 finalRes: 7.324323369966408e-07 nIters: 3
nuTilda initRes: 0.0002966323311201538 finalRes: 6.238590331153618e-06 nIters: 2
TP1: 88.11897121910161 final: 88.11897121910161
TP2: 35.77329046914475 final: 35.77329046914475
HFX: 301.8123615494417 final: 301.8123615494417
yPlus min: 1.854731624378054 max: 55.32545914997624 mean: 23.6698371385293
ExecutionTime = 75.23 s  ClockTime = 72 s

Time = 200

U0 initRes: 1.7804798146363e-06 finalRes: 8.231511464020771e-08 nIters: 3
U1 initRes: 4.833548642498192e-06 finalRes: 3.559152746773021e-07 nIters: 3
U2 initRes: 1.297238792374949e-05 finalRes: 5.220255474227685e-07 nIters: 3
p initRes: 0.0001921265135635695 finalRes: 1.073791589977611e-05 nIters: 1
Time step continuity errors : sum local = 0.0001826708904331522
                                 global = 1.750617690715613e-06
                             cumulative = -0.1021339993395441
T initRes: 1.599452847854605e-05 finalRes: 7.191035497194253e-07 nIters: 3
nuTilda initRes: 0.0002958659603718374 finalRes: 6.192689072042271e-06 nIters: 2
TP1: 88.11851140348099 final: 88.11851140348099
TP2: 35.77320808154737 final: 35.77320808154737
HFX: 301.8124430332407 final: 301.8124430332407
yPlus min: 1.854617301023772 max: 55.32551349673756 mean: 23.66984538613482
ExecutionTime = 75.78 s  ClockTime = 73 s

Time = 300

U0 initRes: 1.774909779410703e-06 finalRes: 8.251265179804796e-08 nIters: 3
U1 initRes: 4.824696067755569e-06 finalRes: 3.559809242273643e-07 nIters: 3
U2 initRes: 1.292467613880664e-05 finalRes: 5.218311741928834e-07 nIters: 3
p initRes: 0.0001919708849009777 finalRes: 1.069148294672547e-05 nIters: 1
Time step continuity errors : sum local = 0.0001818810731456153
                                 global = 1.15639375349592e-06
                             cumulative = -0.1021328429457906
T initRes: 1.598459574040029e-05 finalRes: 7.188522454216468e-07 nIters: 3
nuTilda initRes: 0.0002958375414020959 finalRes: 6.19210873608644e-06 nIters: 2
TP1: 88.11844790385058 final: 88.11844790385058
TP2: 35.77319884299867 final: 35.77319884299867
HFX: 301.8124165048352 final: 301.8124165048352
yPlus min: 1.854609563970837 max: 55.32550729759018 mean: 23.66984530493136
ExecutionTime = 76.31999999999999 s  ClockTime = 74 s

Time = 400

U0 initRes: 1.774347917595757e-06 finalRes: 8.249152670681814e-08 nIters: 3
U1 initRes: 4.824506514704388e-06 finalRes: 3.560033425760354e-07 nIters: 3
U2 initRes: 1.292429673648383e-05 finalRes: 5.218310503666822e-07 nIters: 3
p initRes: 0.0001919610564710683 finalRes: 1.068965742568099e-05 nIters: 1
Time step continuity errors : sum local = 0.0001818500225688292
                                 global = 1.032553821579056e-06
                             cumulative = -0.102131810391969
T initRes: 1.598428220061594e-05 finalRes: 7.18882775276167e-07 nIters: 3
nuTilda initRes: 0.0002958357355436015 finalRes: 6.192013835051286e-06 nIters: 2
TP1: 88.11844920536311 final: 88.11844920536311
TP2: 35.77319712397138 final: 35.77319712397138
HFX: 301.8124100680249 final: 301.8124100680249
yPlus min: 1.854610761354465 max: 55.32550557176068 mean: 23.66984500338695
ExecutionTime = 76.86 s  ClockTime = 74 s

Time = 500

U0 initRes: 1.774338619080041e-06 finalRes: 8.248837802924697e-08 nIters: 3
U1 initRes: 4.824477004526374e-06 finalRes: 3.560043550283052e-07 nIters: 3
U2 initRes: 1.292436027006261e-05 finalRes: 5.21831302280843e-07 nIters: 3
p initRes: 0.0001919602296023408 finalRes: 1.068883523785945e-05 nIters: 1
Time step continuity errors : sum local = 0.0001818360358179786
                                 global = 1.038923105451598e-06
                             cumulative = -0.1021307714688635
T initRes: 1.59842791460303e-05 finalRes: 7.188908950864844e-07 nIters: 3
nuTilda initRes: 0.0002958356772904753 finalRes: 6.19195614134046e-06 nIters: 2
TP1: 88.11844994788864 final: 88.11844994788864
TP2: 35.77319723151237 final: 35.77319723151237
HFX: 301.8124098495105 final: 301.8124098495105
yPlus min: 1.854610982614946 max: 55.32550548690048 mean: 23.66984500100568
ExecutionTime = 77.41 s  ClockTime = 75 s

Time = 600

U0 initRes: 1.7743383410826e-06 finalRes: 8.248784692099796e-08 nIters: 3
U1 initRes: 4.824474191259968e-06 finalRes: 3.560042108525013e-07 nIters: 3
U2 initRes: 1.292436527908557e-05 finalRes: 5.218314287643711e-07 nIters: 3
p initRes: 0.0001919601592792774 finalRes: 1.068878638413696e-05 nIters: 1
Time step continuity errors : sum local = 0.000181835204638272
                                 global = 1.039672556986198e-06
                             cumulative = -0.1021297317963065
T initRes: 1.598428043391575e-05 finalRes: 7.1889140102136e-07 nIters: 3
nuTilda initRes: 0.0002958356835451122 finalRes: 6.191950668239863e-06 nIters: 2
TP1: 88.11845003286199 final: 88.11845003286199
TP2: 35.77319724418585 final: 35.77319724418585
HFX: 301.8124098596876 final: 301.8124098596876
yPlus min: 1.854610998950432 max: 55.32550548744408 mean: 23.66984500066529
ExecutionTime = 77.95 s  ClockTime = 75 s

Time = 700

U0 initRes: 1.774338596932173e-06 finalRes: 8.248782318550318e-08 nIters: 3
U1 initRes: 4.824474032068621e-06 finalRes: 3.560041786343635e-07 nIters: 3
U2 initRes: 1.292436522493863e-05 finalRes: 5.218314334967595e-07 nIters: 3
p initRes: 0.0001919601595540598 finalRes: 1.068878466010636e-05 nIters: 1
Time step continuity errors : sum local = 0.000181835175320029
                                 global = 1.039831408188104e-06
                             cumulative = -0.1021286919648984
T initRes: 1.598428058503818e-05 finalRes: 7.1889138712553e-07 nIters: 3
nuTilda initRes: 0.0002958356849396005 finalRes: 6.191950430772196e-06 nIters: 2
TP1: 88.11845003768677 final: 88.11845003768677
TP2: 35.77319724652206 final: 35.77319724652206
HFX: 301.8124098658942 final: 301.8124098658942
yPlus min: 1.854610999061419 max: 55.32550548896233 mean: 23.66984500090832
ExecutionTime = 78.48999999999999 s  ClockTime = 76 s

Time = 800

U0 initRes: 1.774338626371991e-06 finalRes: 8.248782509004738e-08 nIters: 3
U1 initRes: 4.824474049822889e-06 finalRes: 3.560041759736468e-07 nIters: 3
U2 initRes: 1.292436516237717e-05 finalRes: 5.218314336310981e-07 nIters: 3
p initRes: 0.0001919601601901515 finalRes: 1.068878526000752e-05 nIters: 1
Time step continuity errors : sum local = 0.0001818351855673526
                                 global = 1.039835114253385e-06
                             cumulative = -0.1021276521297841
T initRes: 1.59842805951423e-05 finalRes: 7.188913793837044e-07 nIters: 3
nuTilda initRes: 0.000295835685056711 finalRes: 6.191950459512563e-06 nIters: 2
TP1: 88.11845003723997 final: 88.11845003723997
TP2: 35.77319724656414 final: 35.77319724656414
HFX: 301.8124098664667 final: 301.8124098664667
yPlus min: 1.854610998856437 max: 55.32550548913171 mean: 23.66984500092618
ExecutionTime = 79.03 s  ClockTime = 76 s

Time = 900

U0 initRes: 1.774338627754639e-06 finalRes: 8.248782563365536e-08 nIters: 3
U1 initRes: 4.824474053173647e-06 finalRes: 3.560041759330319e-07 nIters: 3
U2 initRes: 1.292436515445508e-05 finalRes: 5.218314335285906e-07 nIters: 3
p initRes: 0.0001919601602949768 finalRes: 1.068878533259997e-05 nIters: 1
Time step continuity errors : sum local = 0.0001818351868025909
                                 global = 1.039834629063153e-06
                             cumulative = -0.102126612295155
T initRes: 1.598428059295958e-05 finalRes: 7.188913787754799e-07 nIters: 3
nuTilda initRes: 0.0002958356850573224 finalRes: 6.191950466244576e-06 nIters: 2
TP1: 88.11845003714095 final: 88.11845003714095
TP2: 35.77319724655483 final: 35.77319724655483
HFX: 301.8124098664889 final: 301.8124098664889
yPlus min: 1.854610998831659 max: 55.32550548914058 mean: 23.66984500092736
ExecutionTime = 79.58 s  ClockTime = 77 s

Time = 1000

U0 initRes: 1.774338627554195e-06 finalRes: 8.248782568498439e-08 nIters: 3
U1 initRes: 4.824474053389056e-06 finalRes: 3.560041759435621e-07 nIters: 3
U2 initRes: 1.292436515378371e-05 finalRes: 5.218314335267414e-07 nIters: 3
p initRes: 0.0001919601602973887 finalRes: 1.068878534284072e-05 nIters: 1
Time step continuity errors : sum local = 0.0001818351869420259
                                 global = 1.039834424011612e-06
                             cumulative = -0.102125572460731
T initRes: 1.59842805938774e-05 finalRes: 7.188913783124983e-07 nIters: 3
nuTilda initRes: 0.0002958356850561063 finalRes: 6.191950466874597e-06 nIters: 2
TP1: 88.11845003713107 final: 88.11845003713107
TP2: 35.77319724655167 final: 35.77319724655167
HFX: 301.8124098664846 final: 301.8124098664846
yPlus min: 1.854610998830197 max: 55.32550548913949 mean: 23.6698450009271
ExecutionTime = 80.12 s  ClockTime = 77 s

End

Moving time 1000 to 0.0005
A5DOBJDXV_SOLVE idx=8 h=5.0e-05 + calcFunction: TP1=8.811845003713107e+01 TP2=3.577319724655167e+01 OBJ=5.234525279057939e+01 | evalFunctions: TP1=8.811845003713107e+01 TP2=3.577319724655167e+01 OBJ=5.234525279057939e+01 | agree_diff=0.000e+00 t=5.8s
Running Primal Solver 006
Previous solution time 1000 not found and nothing deleted.
No finite volume options present

Starting time loop

Time = 1

U0 initRes: 2.213292830357321e-06 finalRes: 9.552831150767564e-08 nIters: 3
U1 initRes: 1.624107548676819e-05 finalRes: 1.605116117889195e-06 nIters: 2
U2 initRes: 5.405472344699004e-05 finalRes: 3.279725838354099e-06 nIters: 2
p initRes: 0.0003603005505449285 finalRes: 3.389622467182695e-05 nIters: 2
Time step continuity errors : sum local = 0.0005766552127146124
                                 global = -6.631744431010296e-05
                             cumulative = -0.1021918899050411
T initRes: 1.918445961307622e-05 finalRes: 8.293335081932517e-07 nIters: 3
nuTilda initRes: 0.0001758054004546876 finalRes: 7.071797391737968e-06 nIters: 2
TP1: 88.12328674446363 final: 88.12328674446363
TP2: 35.77305060186074 final: 35.77305060186074
HFX: 301.8092397319511 final: 301.8092397319511
yPlus min: 1.840688594429338 max: 55.3254438390512 mean: 23.67046975441316
ExecutionTime = 80.43000000000001 s  ClockTime = 78 s

Time = 100

U0 initRes: 1.960060947387405e-06 finalRes: 8.705306372914381e-08 nIters: 3
U1 initRes: 5.09472969980077e-06 finalRes: 3.585190560474121e-07 nIters: 3
U2 initRes: 1.390975794549293e-05 finalRes: 1.373517136086079e-06 nIters: 2
p initRes: 0.0001963951167220541 finalRes: 1.298742718983013e-05 nIters: 1
Time step continuity errors : sum local = 0.0002209466133741051
                                 global = 1.978376896249904e-06
                             cumulative = -0.1021899115281449
T initRes: 1.613948641892471e-05 finalRes: 7.176526625165044e-07 nIters: 3
nuTilda initRes: 0.0002963586981339732 finalRes: 6.251980165806496e-06 nIters: 2
TP1: 88.11734418207244 final: 88.11734418207244
TP2: 35.77317287836967 final: 35.77317287836967
HFX: 301.8138917131064 final: 301.8138917131064
yPlus min: 1.853743707448671 max: 55.32460653728598 mean: 23.66986146571483
ExecutionTime = 80.95999999999999 s  ClockTime = 78 s

Time = 200

U0 initRes: 1.809936771070373e-06 finalRes: 8.251840775528065e-08 nIters: 3
U1 initRes: 4.825711825709202e-06 finalRes: 3.541955434404726e-07 nIters: 3
U2 initRes: 1.299059081395963e-05 finalRes: 5.381423658485182e-07 nIters: 3
p initRes: 0.0001920238493122731 finalRes: 1.153994471464857e-05 nIters: 1
Time step continuity errors : sum local = 0.0001963216929366853
                                 global = -6.113759141423691e-08
                             cumulative = -0.1021899726657363
T initRes: 1.599848987633034e-05 finalRes: 7.176733257901848e-07 nIters: 3
nuTilda initRes: 0.0002959792908228279 finalRes: 6.195143964178751e-06 nIters: 2
TP1: 88.11821355113295 final: 88.11821355113295
TP2: 35.77313302719895 final: 35.77313302719895
HFX: 301.8137738469321 final: 301.8137738469321
yPlus min: 1.854066607947268 max: 55.32457663355085 mean: 23.66987131276827
ExecutionTime = 81.5 s  ClockTime = 79 s

Time = 300

U0 initRes: 1.80167088139323e-06 finalRes: 8.179642882379849e-08 nIters: 3
U1 initRes: 4.817385405460335e-06 finalRes: 3.539837522482836e-07 nIters: 3
U2 initRes: 1.29576030517072e-05 finalRes: 5.379671081535737e-07 nIters: 3
p initRes: 0.0001919266752093562 finalRes: 1.149972763327935e-05 nIters: 1
Time step continuity errors : sum local = 0.0001956374116004864
                                 global = -1.638475036775099e-07
                             cumulative = -0.10219013651324
T initRes: 1.599437645163717e-05 finalRes: 7.174969589684899e-07 nIters: 3
nuTilda initRes: 0.0002959685874933601 finalRes: 6.193602857369835e-06 nIters: 2
TP1: 88.11829832907054 final: 88.11829832907054
TP2: 35.77313210782521 final: 35.77313210782521
HFX: 301.8137598894971 final: 301.8137598894971
yPlus min: 1.854083070588699 max: 55.32457258453955 mean: 23.66986862778309
ExecutionTime = 82.04000000000001 s  ClockTime = 79 s

Time = 400

U0 initRes: 1.801515270972535e-06 finalRes: 8.176904878079543e-08 nIters: 3
U1 initRes: 4.817018107361645e-06 finalRes: 3.539740162087701e-07 nIters: 3
U2 initRes: 1.295644849183755e-05 finalRes: 5.379646999367666e-07 nIters: 3
p initRes: 0.0001919217948923095 finalRes: 1.149237824948813e-05 nIters: 1
Time step continuity errors : sum local = 0.0001955123803018293
                                 global = 5.818629323304826e-08
                             cumulative = -0.1021900783269468
T initRes: 1.599414213321833e-05 finalRes: 7.175008226286842e-07 nIters: 3
nuTilda initRes: 0.0002959684957366781 finalRes: 6.193264568082563e-06 nIters: 2
TP1: 88.11830871463138 final: 88.11830871463138
TP2: 35.77313539430661 final: 35.77313539430661
HFX: 301.8137647966706 final: 301.8137647966706
yPlus min: 1.854084976496981 max: 55.32457379059274 mean: 23.66986902690933
ExecutionTime = 82.58 s  ClockTime = 80 s

Time = 500

U0 initRes: 1.801521951733245e-06 finalRes: 8.176552541322579e-08 nIters: 3
U1 initRes: 4.817014595626803e-06 finalRes: 3.539726920943493e-07 nIters: 3
U2 initRes: 1.29563409253477e-05 finalRes: 5.379650063911613e-07 nIters: 3
p initRes: 0.0001919220037565821 finalRes: 1.149194062458509e-05 nIters: 1
Time step continuity errors : sum local = 0.0001955049347322722
                                 global = 8.103257603957938e-08
                             cumulative = -0.1021899972943707
T initRes: 1.599413230824614e-05 finalRes: 7.174992273886027e-07 nIters: 3
nuTilda initRes: 0.000295968564528089 finalRes: 6.193238492426675e-06 nIters: 2
TP1: 88.11830964790045 final: 88.11830964790045
TP2: 35.77313572594885 final: 35.77313572594885
HFX: 301.8137655579308 final: 301.8137655579308
yPlus min: 1.854085091552341 max: 55.32457397475549 mean: 23.66986906998824
ExecutionTime = 83.12 s  ClockTime = 80 s

Time = 600

U0 initRes: 1.801525993801727e-06 finalRes: 8.176537705482506e-08 nIters: 3
U1 initRes: 4.817015217371443e-06 finalRes: 3.5397243009746e-07 nIters: 3
U2 initRes: 1.295633247400741e-05 finalRes: 5.379649032271617e-07 nIters: 3
p initRes: 0.0001919220974886802 finalRes: 1.149190596595347e-05 nIters: 1
Time step continuity errors : sum local = 0.000195504345113045
                                 global = 8.477698189801294e-08
                             cumulative = -0.1021899125173888
T initRes: 1.599413228021325e-05 finalRes: 7.174986327456803e-07 nIters: 3
nuTilda initRes: 0.0002959685764878401 finalRes: 6.193237517150749e-06 nIters: 2
TP1: 88.11830973517871 final: 88.11830973517871
TP2: 35.77313577923112 final: 35.77313577923112
HFX: 301.8137656960329 final: 301.8137656960329
yPlus min: 1.854085097415884 max: 55.32457400875083 mean: 23.66986907886781
ExecutionTime = 83.66 s  ClockTime = 81 s

Time = 700

U0 initRes: 1.80152704197292e-06 finalRes: 8.176540637091006e-08 nIters: 3
U1 initRes: 4.817015801447342e-06 finalRes: 3.539724014815091e-07 nIters: 3
U2 initRes: 1.295633144717638e-05 finalRes: 5.379648841159768e-07 nIters: 3
p initRes: 0.0001919221110371452 finalRes: 1.14919058591158e-05 nIters: 1
Time step continuity errors : sum local = 0.0001955043434225515
                                 global = 8.522151083150623e-08
                             cumulative = -0.102189827295878
T initRes: 1.599413231040109e-05 finalRes: 7.174985300566585e-07 nIters: 3
nuTilda initRes: 0.0002959685783122852 finalRes: 6.193237581730599e-06 nIters: 2
TP1: 88.11830973659515 final: 88.11830973659515
TP2: 35.77313578542556 final: 35.77313578542556
HFX: 301.8137657157451 final: 301.8137657157451
yPlus min: 1.854085095900249 max: 55.32457401364309 mean: 23.6698690801463
ExecutionTime = 84.2 s  ClockTime = 81 s

Time = 800

U0 initRes: 1.801527210853169e-06 finalRes: 8.176541537780847e-08 nIters: 3
U1 initRes: 4.817015909988052e-06 finalRes: 3.539723979739877e-07 nIters: 3
U2 initRes: 1.295633131937299e-05 finalRes: 5.379648802073954e-07 nIters: 3
p initRes: 0.0001919221127841312 finalRes: 1.149190644510494e-05 nIters: 1
Time step continuity errors : sum local = 0.0001955043532964853
                                 global = 8.526641119773431e-08
                             cumulative = -0.1021897420294668
T initRes: 1.599413231568774e-05 finalRes: 7.174985116570676e-07 nIters: 3
nuTilda initRes: 0.0002959685785351737 finalRes: 6.193237628459653e-06 nIters: 2
TP1: 88.11830973557879 final: 88.11830973557879
TP2: 35.77313578603051 final: 35.77313578603051
HFX: 301.8137657181861 final: 301.8137657181861
yPlus min: 1.854085095462429 max: 55.32457401425341 mean: 23.66986908030547
ExecutionTime = 84.73999999999999 s  ClockTime = 82 s

Time = 900

U0 initRes: 1.801527235589859e-06 finalRes: 8.176541718964183e-08 nIters: 3
U1 initRes: 4.817015927759707e-06 finalRes: 3.539723976688927e-07 nIters: 3
U2 initRes: 1.295633130716208e-05 finalRes: 5.379648796073937e-07 nIters: 3
p initRes: 0.0001919221129804651 finalRes: 1.149190658698305e-05 nIters: 1
Time step continuity errors : sum local = 0.0001955043557416408
                                 global = 8.526978245729493e-08
                             cumulative = -0.1021896567596843
T initRes: 1.599413231723838e-05 finalRes: 7.174985100996914e-07 nIters: 3
nuTilda initRes: 0.0002959685785574665 finalRes: 6.19323763829483e-06 nIters: 2
TP1: 88.11830973528805 final: 88.11830973528805
TP2: 35.77313578607249 final: 35.77313578607249
HFX: 301.813765718447 final: 301.813765718447
yPlus min: 1.854085095378669 max: 55.32457401431907 mean: 23.66986908032294
ExecutionTime = 85.28 s  ClockTime = 83 s

Time = 1000

U0 initRes: 1.80152723855242e-06 finalRes: 8.176541747084238e-08 nIters: 3
U1 initRes: 4.817015930102919e-06 finalRes: 3.539723976677326e-07 nIters: 3
U2 initRes: 1.295633130635975e-05 finalRes: 5.379648795351089e-07 nIters: 3
p initRes: 0.0001919221129956989 finalRes: 1.14919066150442e-05 nIters: 1
Time step continuity errors : sum local = 0.0001955043561407546
                                 global = 8.526980768319366e-08
                             cumulative = -0.1021895714898766
T initRes: 1.599413231648383e-05 finalRes: 7.174985110015185e-07 nIters: 3
nuTilda initRes: 0.0002959685785589715 finalRes: 6.193237639919208e-06 nIters: 2
TP1: 88.11830973523591 final: 88.11830973523591
TP2: 35.773135786072 final: 35.773135786072
HFX: 301.8137657184672 final: 301.8137657184672
yPlus min: 1.854085095364876 max: 55.32457401432437 mean: 23.66986908032435
ExecutionTime = 85.81999999999999 s  ClockTime = 83 s

End

Moving time 1000 to 0.0006
A5DOBJDXV_SOLVE idx=8 h=5.0e-05 - calcFunction: TP1=8.811830973523591e+01 TP2=3.577313578607200e+01 OBJ=5.234517394916391e+01 | evalFunctions: TP1=8.811830973523591e+01 TP2=3.577313578607200e+01 OBJ=5.234517394916391e+01 | agree_diff=0.000e+00 t=5.7s
A5DOBJDXV_RESULT idx=8 h=5.0e-05 AN=7.870927461098e-01 FD=7.884141547976e-01 rel_err=1.676034e-03 sign=agree framework_dOBJdshape=-8.445468952456e-01 ||delta_Xv||=2.711777e+00
Running Primal Solver 007
Previous solution time 1000 not found and nothing deleted.
No finite volume options present

Starting time loop

Time = 1

U0 initRes: 2.839758188242994e-06 finalRes: 2.584605652219859e-07 nIters: 2
U1 initRes: 2.547301715519881e-05 finalRes: 2.093575616163638e-06 nIters: 2
U2 initRes: 0.0001339822801598215 finalRes: 5.799466353599363e-06 nIters: 2
p initRes: 0.0004991929244418352 finalRes: 4.570582163337215e-05 nIters: 3
Time step continuity errors : sum local = 0.0007775616350091061
                                 global = 0.0001176617104587138
                             cumulative = -0.1020719097794179
T initRes: 2.329433761796416e-05 finalRes: 2.114068533255597e-06 nIters: 2
nuTilda initRes: 0.0001781829924622563 finalRes: 7.133800358938934e-06 nIters: 2
TP1: 88.10928523124345 final: 88.10928523124345
TP2: 35.77338215256425 final: 35.77338215256425
HFX: 301.8123452226459 final: 301.8123452226459
yPlus min: 1.848978824778559 max: 55.32458343624169 mean: 23.67054490467982
ExecutionTime = 87.29000000000001 s  ClockTime = 84 s

Time = 100

U0 initRes: 1.937228856793894e-06 finalRes: 9.11317717472622e-08 nIters: 3
U1 initRes: 5.042109275859136e-06 finalRes: 3.599779619924184e-07 nIters: 3
U2 initRes: 1.376314605765867e-05 finalRes: 1.360206034505487e-06 nIters: 2
p initRes: 0.0001958588588554642 finalRes: 1.26058240653123e-05 nIters: 1
Time step continuity errors : sum local = 0.0002144509840711127
                                 global = 3.048672828366943e-06
                             cumulative = -0.1020688611065896
T initRes: 1.609767485932392e-05 finalRes: 7.303598035502382e-07 nIters: 3
nuTilda initRes: 0.0002963314746504021 finalRes: 6.223856411460774e-06 nIters: 2
TP1: 88.11923450663603 final: 88.11923450663603
TP2: 35.77324565867792 final: 35.77324565867792
HFX: 301.8118459019794 final: 301.8118459019794
yPlus min: 1.855314286726606 max: 55.32504784574606 mean: 23.66962830476463
ExecutionTime = 87.83 s  ClockTime = 84 s

Time = 200

U0 initRes: 1.783436057160285e-06 finalRes: 8.249535744967376e-08 nIters: 3
U1 initRes: 4.833941072969066e-06 finalRes: 3.55896268241664e-07 nIters: 3
U2 initRes: 1.295957042845032e-05 finalRes: 5.219567399936033e-07 nIters: 3
p initRes: 0.0001924683948181507 finalRes: 1.108801471345671e-05 nIters: 1
Time step continuity errors : sum local = 0.0001886301878884074
                                 global = -1.067613644530116e-06
                             cumulative = -0.1020699287202341
T initRes: 1.599190496031222e-05 finalRes: 7.192740842615271e-07 nIters: 3
nuTilda initRes: 0.0002957832802811444 finalRes: 6.192129940422527e-06 nIters: 2
TP1: 88.11875547382334 final: 88.11875547382334
TP2: 35.77315483695278 final: 35.77315483695278
HFX: 301.8119697454915 final: 301.8119697454915
yPlus min: 1.855228108214041 max: 55.32509590816508 mean: 23.66962978155187
ExecutionTime = 88.37 s  ClockTime = 85 s

Time = 300

U0 initRes: 1.776524450889132e-06 finalRes: 8.256729316273964e-08 nIters: 3
U1 initRes: 4.826722868062135e-06 finalRes: 3.559863789782402e-07 nIters: 3
U2 initRes: 1.292355714090734e-05 finalRes: 5.217856491582694e-07 nIters: 3
p initRes: 0.0001920217230365601 finalRes: 1.082444381320878e-05 nIters: 1
Time step continuity errors : sum local = 0.0001841463963963969
                                 global = -1.509091688040288e-06
                             cumulative = -0.1020714378119221
T initRes: 1.598467667695345e-05 finalRes: 7.188001904772925e-07 nIters: 3
nuTilda initRes: 0.0002957434567963697 finalRes: 6.191046665667512e-06 nIters: 2
TP1: 88.11865797049698 final: 88.11865797049698
TP2: 35.77315290939926 final: 35.77315290939926
HFX: 301.8119756696867 final: 301.8119756696867
yPlus min: 1.855199831212925 max: 55.3250991360112 mean: 23.6696320224164
ExecutionTime = 88.92 s  ClockTime = 85 s

Time = 400

U0 initRes: 1.776318319149877e-06 finalRes: 8.257114806739805e-08 nIters: 3
U1 initRes: 4.826577818921742e-06 finalRes: 3.559872435259427e-07 nIters: 3
U2 initRes: 1.292326613626125e-05 finalRes: 5.217916988594389e-07 nIters: 3
p initRes: 0.000191946713445312 finalRes: 1.077646269987008e-05 nIters: 1
Time step continuity errors : sum local = 0.0001833301633024935
                                 global = -1.001044455457871e-06
                             cumulative = -0.1020724388563776
T initRes: 1.598459525769908e-05 finalRes: 7.187721365968712e-07 nIters: 3
nuTilda initRes: 0.0002957435873312573 finalRes: 6.190907414462293e-06 nIters: 2
TP1: 88.11867262240256 final: 88.11867262240256
TP2: 35.77316077376035 final: 35.77316077376035
HFX: 301.8119924436864 final: 301.8119924436864
yPlus min: 1.855200334809619 max: 55.32510344824879 mean: 23.66963364609099
ExecutionTime = 89.45999999999999 s  ClockTime = 86 s

Time = 500

U0 initRes: 1.776237387826631e-06 finalRes: 8.255982748830943e-08 nIters: 3
U1 initRes: 4.826468272206028e-06 finalRes: 3.559851666307437e-07 nIters: 3
U2 initRes: 1.29232688500483e-05 finalRes: 5.217903862811843e-07 nIters: 3
p initRes: 0.0001919377140418832 finalRes: 1.077170143539643e-05 nIters: 1
Time step continuity errors : sum local = 0.0001832491622384717
                                 global = -1.058907174115182e-06
                             cumulative = -0.1020734977635517
T initRes: 1.598456953699308e-05 finalRes: 7.187760883788707e-07 nIters: 3
nuTilda initRes: 0.0002957435876562058 finalRes: 6.190890228264641e-06 nIters: 2
TP1: 88.11867319195225 final: 88.11867319195225
TP2: 35.77315998747921 final: 35.77315998747921
HFX: 301.811989779001 final: 301.811989779001
yPlus min: 1.855200882905828 max: 55.32510276515975 mean: 23.66963338744521
ExecutionTime = 90 s  ClockTime = 86 s

Time = 600

U0 initRes: 1.77624342679314e-06 finalRes: 8.256122844965546e-08 nIters: 3
U1 initRes: 4.82649067085963e-06 finalRes: 3.559859082979942e-07 nIters: 3
U2 initRes: 1.292327671584245e-05 finalRes: 5.217907554396041e-07 nIters: 3
p initRes: 0.0001919368515875141 finalRes: 1.077212389938188e-05 nIters: 1
Time step continuity errors : sum local = 0.0001832563488636725
                                 global = -1.06778835102485e-06
                             cumulative = -0.1020745655519027
T initRes: 1.598456932262312e-05 finalRes: 7.18776450342502e-07 nIters: 3
nuTilda initRes: 0.0002957435566311828 finalRes: 6.190896334063179e-06 nIters: 2
TP1: 88.11867260212739 final: 88.11867260212739
TP2: 35.77315986162672 final: 35.77315986162672
HFX: 301.8119895368615 final: 301.8119895368615
yPlus min: 1.855200780725116 max: 55.32510270356676 mean: 23.66963336894243
ExecutionTime = 90.54000000000001 s  ClockTime = 87 s

Time = 700

U0 initRes: 1.776244687499957e-06 finalRes: 8.256142500547453e-08 nIters: 3
U1 initRes: 4.826492021267335e-06 finalRes: 3.559859175880327e-07 nIters: 3
U2 initRes: 1.292327590946235e-05 finalRes: 5.21790762326307e-07 nIters: 3
p initRes: 0.0001919369345450411 finalRes: 1.077205210598733e-05 nIters: 1
Time step continuity errors : sum local = 0.0001832551276240072
                                 global = -1.064937582761305e-06
                             cumulative = -0.1020756304894855
T initRes: 1.598456977961476e-05 finalRes: 7.18776286813572e-07 nIters: 3
nuTilda initRes: 0.0002957435581624543 finalRes: 6.190896298285871e-06 nIters: 2
TP1: 88.11867264680023 final: 88.11867264680023
TP2: 35.77315990230089 final: 35.77315990230089
HFX: 301.811989646464 final: 301.811989646464
yPlus min: 1.85520077375881 max: 55.32510273124704 mean: 23.66963337925248
ExecutionTime = 91.09 s  ClockTime = 87 s

Time = 800

U0 initRes: 1.776244329712403e-06 finalRes: 8.256135919898908e-08 nIters: 3
U1 initRes: 4.826491189083708e-06 finalRes: 3.559858953201932e-07 nIters: 3
U2 initRes: 1.292327581477425e-05 finalRes: 5.217907495985652e-07 nIters: 3
p initRes: 0.0001919369304052064 finalRes: 1.077204220240346e-05 nIters: 1
Time step continuity errors : sum local = 0.0001832549591782518
                                 global = -1.064970367188253e-06
                             cumulative = -0.1020766954598527
T initRes: 1.598456971310431e-05 finalRes: 7.187762961407502e-07 nIters: 3
nuTilda initRes: 0.0002957435588586895 finalRes: 6.190896106494084e-06 nIters: 2
TP1: 88.11867266031031 final: 88.11867266031031
TP2: 35.77315990188549 final: 35.77315990188549
HFX: 301.8119896417758 final: 301.8119896417758
yPlus min: 1.855200777702124 max: 55.32510273001247 mean: 23.66963337869423
ExecutionTime = 91.63 s  ClockTime = 88 s

Time = 900

U0 initRes: 1.776244326967507e-06 finalRes: 8.256136015457552e-08 nIters: 3
U1 initRes: 4.826491238417974e-06 finalRes: 3.559858976503733e-07 nIters: 3
U2 initRes: 1.292327585931592e-05 finalRes: 5.217907508028725e-07 nIters: 3
p initRes: 0.0001919369268770239 finalRes: 1.077204533798474e-05 nIters: 1
Time step continuity errors : sum local = 0.0001832550124678173
                                 global = -1.06505683687046e-06
                             cumulative = -0.1020777605166896
T initRes: 1.598456970523844e-05 finalRes: 7.187763002978834e-07 nIters: 3
nuTilda initRes: 0.0002957435587266986 finalRes: 6.190896127960569e-06 nIters: 2
TP1: 88.11867265740173 final: 88.11867265740173
TP2: 35.77315990064837 final: 35.77315990064837
HFX: 301.8119896387992 final: 301.8119896387992
yPlus min: 1.855200777485122 max: 55.32510272926066 mean: 23.66963337842886
ExecutionTime = 92.17 s  ClockTime = 88 s

Time = 1000

U0 initRes: 1.776244338405433e-06 finalRes: 8.256136210380218e-08 nIters: 3
U1 initRes: 4.826491259164764e-06 finalRes: 3.559858981158067e-07 nIters: 3
U2 initRes: 1.29232758584769e-05 finalRes: 5.217907510752936e-07 nIters: 3
p initRes: 0.0001919369273594269 finalRes: 1.077204530179832e-05 nIters: 1
Time step continuity errors : sum local = 0.0001832550119111157
                                 global = -1.065046356000361e-06
                             cumulative = -0.1020788255630456
T initRes: 1.598456970868336e-05 finalRes: 7.187762996756226e-07 nIters: 3
nuTilda initRes: 0.0002957435587188163 finalRes: 6.190896131541324e-06 nIters: 2
TP1: 88.11867265729367 final: 88.11867265729367
TP2: 35.77315990079638 final: 35.77315990079638
HFX: 301.8119896392697 final: 301.8119896392697
yPlus min: 1.855200777384076 max: 55.32510272938063 mean: 23.66963337847538
ExecutionTime = 92.70999999999999 s  ClockTime = 89 s

End

Moving time 1000 to 0.0007
A5DOBJDXV_SOLVE idx=17 h=1.0e-04 + calcFunction: TP1=8.811867265729367e+01 TP2=3.577315990079638e+01 OBJ=5.234551275649729e+01 | evalFunctions: TP1=8.811867265729367e+01 TP2=3.577315990079638e+01 OBJ=5.234551275649729e+01 | agree_diff=0.000e+00 t=5.8s
Running Primal Solver 008
Previous solution time 1000 not found and nothing deleted.
No finite volume options present

Starting time loop

Time = 1

U0 initRes: 3.502027949334639e-06 finalRes: 2.886921176181763e-07 nIters: 2
U1 initRes: 3.931936798990932e-05 finalRes: 2.920253233534097e-06 nIters: 2
U2 initRes: 0.0002265436551678886 finalRes: 8.900922759506305e-06 nIters: 2
p initRes: 0.0006842940092960286 finalRes: 5.627176812637965e-05 nIters: 3
Time step continuity errors : sum local = 0.0009573218517730227
                                 global = -0.0002052528766103624
                             cumulative = -0.1022840784396559
T initRes: 2.85573458382582e-05 finalRes: 2.385085533320368e-06 nIters: 2
nuTilda initRes: 0.0001812687173407038 finalRes: 7.241487185712291e-06 nIters: 2
TP1: 88.15277996566887 final: 88.15277996566887
TP2: 35.77270569644696 final: 35.77270569644696
HFX: 301.8055566562343 final: 301.8055566562343
yPlus min: 1.845880954050073 max: 55.32521472628856 mean: 23.67038908085751
ExecutionTime = 93.02 s  ClockTime = 89 s

Time = 100

U0 initRes: 2.098853939944957e-06 finalRes: 9.288800598814473e-08 nIters: 3
U1 initRes: 5.312296039143939e-06 finalRes: 3.627762001586536e-07 nIters: 3
U2 initRes: 1.473011568781056e-05 finalRes: 1.384531907437277e-06 nIters: 2
p initRes: 0.0001993318757735601 finalRes: 1.343647489551413e-05 nIters: 1
Time step continuity errors : sum local = 0.0002285819617680516
                                 global = 1.06806194260994e-06
                             cumulative = -0.1022830103777133
T initRes: 1.626263337577916e-05 finalRes: 7.190410323976768e-07 nIters: 3
nuTilda initRes: 0.0002968108332922678 finalRes: 6.301790368584464e-06 nIters: 2
TP1: 88.1166912874248 final: 88.1166912874248
TP2: 35.77315462961904 final: 35.77315462961904
HFX: 301.8144052601666 final: 301.8144052601666
yPlus min: 1.853072615334025 max: 55.32503388760848 mean: 23.6700830702575
ExecutionTime = 93.56 s  ClockTime = 90 s

Time = 200

U0 initRes: 1.822505379994931e-06 finalRes: 8.293726155249434e-08 nIters: 3
U1 initRes: 4.849493650010818e-06 finalRes: 3.549953021711324e-07 nIters: 3
U2 initRes: 1.305727357807892e-05 finalRes: 5.385443420562538e-07 nIters: 3
p initRes: 0.0001922322233359302 finalRes: 1.159300543846205e-05 nIters: 1
Time step continuity errors : sum local = 0.0001972209095294721
                                 global = 1.563026811163904e-06
                             cumulative = -0.1022814473509021
T initRes: 1.601333360486478e-05 finalRes: 7.190515631425442e-07 nIters: 3
nuTilda initRes: 0.0002960818934132799 finalRes: 6.196747844510097e-06 nIters: 2
TP1: 88.11824051598583 final: 88.11824051598583
TP2: 35.77317432300418 final: 35.77317432300418
HFX: 301.8141530790938 final: 301.8141530790938
yPlus min: 1.85352083975313 max: 55.32496403143726 mean: 23.67008114647794
ExecutionTime = 94.09999999999999 s  ClockTime = 90 s

Time = 300

U0 initRes: 1.806434115472732e-06 finalRes: 8.192688708085897e-08 nIters: 3
U1 initRes: 4.818736597998796e-06 finalRes: 3.540430587028658e-07 nIters: 3
U2 initRes: 1.295984796003641e-05 finalRes: 5.379950570633134e-07 nIters: 3
p initRes: 0.0001919701577182603 finalRes: 1.155373164851233e-05 nIters: 1
Time step continuity errors : sum local = 0.0001965525012615412
                                 global = 1.558200803449847e-06
                             cumulative = -0.1022798891500987
T initRes: 1.599794648534076e-05 finalRes: 7.178709897432729e-07 nIters: 3
nuTilda initRes: 0.0002960708645661806 finalRes: 6.19440540786834e-06 nIters: 2
TP1: 88.11810434502088 final: 88.11810434502088
TP2: 35.77317137672522 final: 35.77317137672522
HFX: 301.8141870646344 final: 301.8141870646344
yPlus min: 1.853496389342822 max: 55.32497505245666 mean: 23.67007970757384
ExecutionTime = 94.64 s  ClockTime = 91 s

Time = 400

U0 initRes: 1.80651746214508e-06 finalRes: 8.195749056710664e-08 nIters: 3
U1 initRes: 4.818308689548937e-06 finalRes: 3.540065911710864e-07 nIters: 3
U2 initRes: 1.295755009113773e-05 finalRes: 5.379507378027692e-07 nIters: 3
p initRes: 0.0001919692862335106 finalRes: 1.155708712249477e-05 nIters: 1
Time step continuity errors : sum local = 0.0001966095838166994
                                 global = 1.670482349514762e-06
                             cumulative = -0.1022782186677492
T initRes: 1.599791033680424e-05 finalRes: 7.177479447783012e-07 nIters: 3
nuTilda initRes: 0.0002960676374976994 finalRes: 6.194563543762748e-06 nIters: 2
TP1: 88.11810013601834 final: 88.11810013601834
TP2: 35.77317290585958 final: 35.77317290585958
HFX: 301.8141937708533 final: 301.8141937708533
yPlus min: 1.853494835359539 max: 55.32497658804772 mean: 23.67008001231924
ExecutionTime = 95.18000000000001 s  ClockTime = 92 s

Time = 500

U0 initRes: 1.80650491350946e-06 finalRes: 8.196270786623293e-08 nIters: 3
U1 initRes: 4.818304875197641e-06 finalRes: 3.540061029033515e-07 nIters: 3
U2 initRes: 1.29577250820606e-05 finalRes: 5.379501245036654e-07 nIters: 3
p initRes: 0.0001919691303239532 finalRes: 1.155770625029516e-05 nIters: 1
Time step continuity errors : sum local = 0.0001966201175372284
                                 global = 1.655325894860379e-06
                             cumulative = -0.1022765633418543
T initRes: 1.599791723304901e-05 finalRes: 7.177414930118274e-07 nIters: 3
nuTilda initRes: 0.0002960675152268223 finalRes: 6.19460984408367e-06 nIters: 2
TP1: 88.11809909186282 final: 88.11809909186282
TP2: 35.77317266283438 final: 35.77317266283438
HFX: 301.814193585816 final: 301.814193585816
yPlus min: 1.853494653748561 max: 55.32497653670349 mean: 23.6700800031811
ExecutionTime = 95.72 s  ClockTime = 92 s

Time = 600

U0 initRes: 1.806501535800561e-06 finalRes: 8.196306904988197e-08 nIters: 3
U1 initRes: 4.818304323968623e-06 finalRes: 3.54006440650986e-07 nIters: 3
U2 initRes: 1.295774965921059e-05 finalRes: 5.379504701402699e-07 nIters: 3
p initRes: 0.0001919690806664964 finalRes: 1.15576965815589e-05 nIters: 1
Time step continuity errors : sum local = 0.0001966199531660094
                                 global = 1.653752430037694e-06
                             cumulative = -0.1022749095894243
T initRes: 1.599791709692737e-05 finalRes: 7.177421232647248e-07 nIters: 3
nuTilda initRes: 0.0002960675019014564 finalRes: 6.194610026873947e-06 nIters: 2
TP1: 88.11809904923489 final: 88.11809904923489
TP2: 35.7731726407213 final: 35.7731726407213
HFX: 301.8141935087181 final: 301.8141935087181
yPlus min: 1.853494655814629 max: 55.32497651817783 mean: 23.67008000133819
ExecutionTime = 96.27 s  ClockTime = 93 s

Time = 700

U0 initRes: 1.806500946701944e-06 finalRes: 8.196302292027674e-08 nIters: 3
U1 initRes: 4.818304169291777e-06 finalRes: 3.540064844511289e-07 nIters: 3
U2 initRes: 1.295774971420489e-05 finalRes: 5.379505122959738e-07 nIters: 3
p initRes: 0.0001919690734244749 finalRes: 1.15576873852214e-05 nIters: 1
Time step continuity errors : sum local = 0.0001966197967694347
                                 global = 1.653723380472848e-06
                             cumulative = -0.1022732558660438
T initRes: 1.59979169874802e-05 finalRes: 7.177422746129309e-07 nIters: 3
nuTilda initRes: 0.0002960675013299778 finalRes: 6.194609508176149e-06 nIters: 2
TP1: 88.11809905972882 final: 88.11809905972882
TP2: 35.77317264065032 final: 35.77317264065032
HFX: 301.8141935010401 final: 301.8141935010401
yPlus min: 1.853494658790732 max: 55.32497651634387 mean: 23.67008000113194
ExecutionTime = 96.81 s  ClockTime = 93 s

Time = 800

U0 initRes: 1.806500929903908e-06 finalRes: 8.196301362401593e-08 nIters: 3
U1 initRes: 4.818304164698061e-06 finalRes: 3.540064855521545e-07 nIters: 3
U2 initRes: 1.295774938641977e-05 finalRes: 5.379505131869039e-07 nIters: 3
p initRes: 0.000191969073162117 finalRes: 1.15576864775803e-05 nIters: 1
Time step continuity errors : sum local = 0.000196619781276019
                                 global = 1.653737040755056e-06
                             cumulative = -0.102271602129003
T initRes: 1.599791697387303e-05 finalRes: 7.177422857498238e-07 nIters: 3
nuTilda initRes: 0.0002960675014285092 finalRes: 6.194609442049911e-06 nIters: 2
TP1: 88.11809906132339 final: 88.11809906132339
TP2: 35.77317264087898 final: 35.77317264087898
HFX: 301.8141935010905 final: 301.8141935010905
yPlus min: 1.853494659075347 max: 55.32497651635762 mean: 23.67008000112767
ExecutionTime = 97.34999999999999 s  ClockTime = 94 s

Time = 900

U0 initRes: 1.806500935863048e-06 finalRes: 8.196301315582207e-08 nIters: 3
U1 initRes: 4.818304166000237e-06 finalRes: 3.540064851145503e-07 nIters: 3
U2 initRes: 1.295774934432647e-05 finalRes: 5.379505127568834e-07 nIters: 3
p initRes: 0.0001919690732222375 finalRes: 1.15576864814478e-05 nIters: 1
Time step continuity errors : sum local = 0.0001966197813018206
                                 global = 1.65373921187063e-06
                             cumulative = -0.1022699483897912
T initRes: 1.599791697298243e-05 finalRes: 7.177422848402138e-07 nIters: 3
nuTilda initRes: 0.0002960675014473021 finalRes: 6.194609440805264e-06 nIters: 2
TP1: 88.11809906137862 final: 88.11809906137862
TP2: 35.77317264090979 final: 35.77317264090979
HFX: 301.8141935011969 final: 301.8141935011969
yPlus min: 1.853494659072729 max: 55.32497651638332 mean: 23.67008000113022
ExecutionTime = 97.89 s  ClockTime = 94 s

Time = 1000

U0 initRes: 1.806500936717934e-06 finalRes: 8.196301321579722e-08 nIters: 3
U1 initRes: 4.818304166145518e-06 finalRes: 3.540064850502993e-07 nIters: 3
U2 initRes: 1.295774934364101e-05 finalRes: 5.37950512675342e-07 nIters: 3
p initRes: 0.0001919690732330352 finalRes: 1.155768648870025e-05 nIters: 1
Time step continuity errors : sum local = 0.0001966197814826583
                                 global = 1.653739275110387e-06
                             cumulative = -0.1022682946505161
T initRes: 1.599791697219341e-05 finalRes: 7.177422842220372e-07 nIters: 3
nuTilda initRes: 0.0002960675014482889 finalRes: 6.194609441504535e-06 nIters: 2
TP1: 88.11809906136577 final: 88.11809906136577
TP2: 35.77317264091017 final: 35.77317264091017
HFX: 301.8141935012084 final: 301.8141935012084
yPlus min: 1.853494659068381 max: 55.32497651638595 mean: 23.6700800011305
ExecutionTime = 98.43000000000001 s  ClockTime = 95 s

End

Moving time 1000 to 0.0008
A5DOBJDXV_SOLVE idx=17 h=1.0e-04 - calcFunction: TP1=8.811809906136577e+01 TP2=3.577317264091017e+01 OBJ=5.234492642045560e+01 | evalFunctions: TP1=8.811809906136577e+01 TP2=3.577317264091017e+01 OBJ=5.234492642045560e+01 | agree_diff=0.000e+00 t=5.7s
A5DOBJDXV_RESULT idx=17 h=1.0e-04 AN=2.912137720716e+00 FD=2.931680208462e+00 rel_err=6.665968e-03 sign=agree framework_dOBJdshape=-6.302624658429e-01 ||delta_Xv||=2.643808e+00
Running Primal Solver 009
Previous solution time 1000 not found and nothing deleted.
No finite volume options present

Starting time loop

Time = 1

U0 initRes: 3.077277088702448e-06 finalRes: 2.661407724426176e-07 nIters: 2
U1 initRes: 3.074797672030366e-05 finalRes: 2.406630689081219e-06 nIters: 2
U2 initRes: 0.0001732641327622748 finalRes: 7.026296850475756e-06 nIters: 2
p initRes: 0.0005590501939749749 finalRes: 4.823837644508479e-05 nIters: 4
Time step continuity errors : sum local = 0.0008206378873773159
                                 global = -0.0001394805535636125
                             cumulative = -0.1024077752040797
T initRes: 2.547039346551845e-05 finalRes: 2.190230894164305e-06 nIters: 2
nuTilda initRes: 0.0001796022489339083 finalRes: 7.174360318399211e-06 nIters: 2
TP1: 88.10222275040456 final: 88.10222275040456
TP2: 35.77288141001346 final: 35.77288141001346
HFX: 301.8135499787269 final: 301.8135499787269
yPlus min: 1.846313822019322 max: 55.32494002654437 mean: 23.67070512718528
ExecutionTime = 99.91 s  ClockTime = 95 s

Time = 100

U0 initRes: 1.917429321799596e-06 finalRes: 9.003030195882727e-08 nIters: 3
U1 initRes: 5.012287381562811e-06 finalRes: 3.60199725433789e-07 nIters: 3
U2 initRes: 1.372644707330642e-05 finalRes: 5.332414270769787e-07 nIters: 3
p initRes: 0.0001960429519554595 finalRes: 1.237148806636831e-05 nIters: 1
Time step continuity errors : sum local = 0.0002104642572705685
                                 global = -2.84014419278533e-06
                             cumulative = -0.1024106153482725
T initRes: 1.607968548278607e-05 finalRes: 7.291976603183762e-07 nIters: 3
nuTilda initRes: 0.0002962719045887222 finalRes: 6.220464508778639e-06 nIters: 2
TP1: 88.1187193371692 final: 88.1187193371692
TP2: 35.77316182828029 final: 35.77316182828029
HFX: 301.8122136089238 final: 301.8122136089238
yPlus min: 1.854828308622519 max: 55.32498287280428 mean: 23.66972444457637
ExecutionTime = 100.46 s  ClockTime = 96 s

Time = 200

U0 initRes: 1.77940792463037e-06 finalRes: 8.251952152768379e-08 nIters: 3
U1 initRes: 4.828953135173756e-06 finalRes: 3.559902150678598e-07 nIters: 3
U2 initRes: 1.293601070974307e-05 finalRes: 5.218627571424848e-07 nIters: 3
p initRes: 0.0001923467550355588 finalRes: 1.103534043804439e-05 nIters: 1
Time step continuity errors : sum local = 0.0001877338904124945
                                 global = -3.032607187228839e-06
                             cumulative = -0.1024136479554597
T initRes: 1.598847935238755e-05 finalRes: 7.191477033976649e-07 nIters: 3
nuTilda initRes: 0.0002957939379801402 finalRes: 6.192022213728155e-06 nIters: 2
TP1: 88.11851363084131 final: 88.11851363084131
TP2: 35.77313076921312 final: 35.77313076921312
HFX: 301.8124593819942 final: 301.8124593819942
yPlus min: 1.85478215799864 max: 55.32504853544306 mean: 23.66973699992146
ExecutionTime = 101 s  ClockTime = 96 s

Time = 300

U0 initRes: 1.777276554277073e-06 finalRes: 8.263741380581122e-08 nIters: 3
U1 initRes: 4.827425042396243e-06 finalRes: 3.560231499610744e-07 nIters: 3
U2 initRes: 1.29239398341442e-05 finalRes: 5.218393335181477e-07 nIters: 3
p initRes: 0.0001920052722050174 finalRes: 1.080866900092754e-05 nIters: 1
Time step continuity errors : sum local = 0.0001838778855079268
                                 global = -9.016470210085514e-07
                             cumulative = -0.1024145496024807
T initRes: 1.59859825756245e-05 finalRes: 7.188087992740766e-07 nIters: 3
nuTilda initRes: 0.0002957784918602029 finalRes: 6.19141799514559e-06 nIters: 2
TP1: 88.11852189477416 final: 88.11852189477416
TP2: 35.77316518744872 final: 35.77316518744872
HFX: 301.8125466002938 final: 301.8125466002938
yPlus min: 1.854768493951624 max: 55.32507327931276 mean: 23.6697462598334
ExecutionTime = 101.54 s  ClockTime = 97 s

Time = 400

U0 initRes: 1.77642336500203e-06 finalRes: 8.2565803577621e-08 nIters: 3
U1 initRes: 4.826759890162552e-06 finalRes: 3.560120646985063e-07 nIters: 3
U2 initRes: 1.292382381315954e-05 finalRes: 5.218345314608506e-07 nIters: 3
p initRes: 0.0001919548192051055 finalRes: 1.07744196779263e-05 nIters: 1
Time step continuity errors : sum local = 0.0001832952344883628
                                 global = -1.007564986803022e-06
                             cumulative = -0.1024155571674675
T initRes: 1.59857777856641e-05 finalRes: 7.188142275949857e-07 nIters: 3
nuTilda initRes: 0.0002957783602172851 finalRes: 6.191265841721601e-06 nIters: 2
TP1: 88.11853145385494 final: 88.11853145385494
TP2: 35.77316380677665 final: 35.77316380677665
HFX: 301.8125400995025 final: 301.8125400995025
yPlus min: 1.854771959149369 max: 55.32507174062856 mean: 23.66974561313475
ExecutionTime = 102.08 s  ClockTime = 97 s

Time = 500

U0 initRes: 1.776425508037856e-06 finalRes: 8.256860845311958e-08 nIters: 3
U1 initRes: 4.826826371836518e-06 finalRes: 3.560148708036744e-07 nIters: 3
U2 initRes: 1.292385057148684e-05 finalRes: 5.218357758419992e-07 nIters: 3
p initRes: 0.0001919487011899813 finalRes: 1.077303207909576e-05 nIters: 1
Time step continuity errors : sum local = 0.0001832716262350033
                                 global = -1.076512667595839e-06
                             cumulative = -0.1024166336801351
T initRes: 1.59857668202389e-05 finalRes: 7.188173644701426e-07 nIters: 3
nuTilda initRes: 0.0002957782108937437 finalRes: 6.191289703180033e-06 nIters: 2
TP1: 88.11852869704315 final: 88.11852869704315
TP2: 35.77316284207021 final: 35.77316284207021
HFX: 301.8125378200441 final: 301.8125378200441
yPlus min: 1.85477165322798 max: 55.32507115907015 mean: 23.66974541457517
ExecutionTime = 102.62 s  ClockTime = 98 s

Time = 600

U0 initRes: 1.776434465448921e-06 finalRes: 8.257017113349124e-08 nIters: 3
U1 initRes: 4.826841948138549e-06 finalRes: 3.560152006877206e-07 nIters: 3
U2 initRes: 1.292384885758297e-05 finalRes: 5.218359583832442e-07 nIters: 3
p initRes: 0.0001919485826831247 finalRes: 1.0772720568791e-05 nIters: 1
Time step continuity errors : sum local = 0.0001832663271459544
                                 global = -1.065669048332334e-06
                             cumulative = -0.1024176993491834
T initRes: 1.598576915931673e-05 finalRes: 7.188166328542768e-07 nIters: 3
nuTilda initRes: 0.0002957782067607824 finalRes: 6.191292079654516e-06 nIters: 2
TP1: 88.11852868771284 final: 88.11852868771284
TP2: 35.77316299728019 final: 35.77316299728019
HFX: 301.8125382777812 final: 301.8125382777812
yPlus min: 1.854771576845739 max: 55.32507127542247 mean: 23.66974545937295
ExecutionTime = 103.16 s  ClockTime = 99 s

Time = 700

U0 initRes: 1.776433195040366e-06 finalRes: 8.256991983439339e-08 nIters: 3
U1 initRes: 4.826838321545013e-06 finalRes: 3.560150924230617e-07 nIters: 3
U2 initRes: 1.292384799192463e-05 finalRes: 5.218358974160365e-07 nIters: 3
p initRes: 0.0001919485945359055 finalRes: 1.077264493128501e-05 nIters: 1
Time step continuity errors : sum local = 0.0001832650403964567
                                 global = -1.064701125000801e-06
                             cumulative = -0.1024187640503084
T initRes: 1.59857690085622e-05 finalRes: 7.188166111324066e-07 nIters: 3
nuTilda initRes: 0.00029577821082288 finalRes: 6.191291111675676e-06 nIters: 2
TP1: 88.11852877328647 final: 88.11852877328647
TP2: 35.77316301140484 final: 35.77316301140484
HFX: 301.8125382978666 final: 301.8125382978666
yPlus min: 1.854771593866011 max: 55.32507128029672 mean: 23.66974546067104
ExecutionTime = 103.7 s  ClockTime = 99 s

Time = 800

U0 initRes: 1.776433041018129e-06 finalRes: 8.25698988600212e-08 nIters: 3
U1 initRes: 4.826838243462399e-06 finalRes: 3.560150953593751e-07 nIters: 3
U2 initRes: 1.292384817646375e-05 finalRes: 5.218358984967026e-07 nIters: 3
p initRes: 0.0001919485743265882 finalRes: 1.077265687259035e-05 nIters: 1
Time step continuity errors : sum local = 0.00018326524362844
                                 global = -1.065148398896225e-06
                             cumulative = -0.1024198291987073
T initRes: 1.598576894227134e-05 finalRes: 7.18816640046232e-07 nIters: 3
nuTilda initRes: 0.0002957782104336063 finalRes: 6.19129114520653e-06 nIters: 2
TP1: 88.11852876400016 final: 88.11852876400016
TP2: 35.77316300503297 final: 35.77316300503297
HFX: 301.8125382810845 final: 301.8125382810845
yPlus min: 1.854771594333254 max: 55.32507127603854 mean: 23.66974545911885
ExecutionTime = 104.25 s  ClockTime = 100 s

Time = 900

U0 initRes: 1.776433097242035e-06 finalRes: 8.256990906274122e-08 nIters: 3
U1 initRes: 4.826838367328636e-06 finalRes: 3.560150985753931e-07 nIters: 3
U2 initRes: 1.292384818823702e-05 finalRes: 5.218359003209908e-07 nIters: 3
p initRes: 0.0001919485753725253 finalRes: 1.077265793527996e-05 nIters: 1
Time step continuity errors : sum local = 0.0001832652616820231
                                 global = -1.06512969702359e-06
                             cumulative = -0.1024208943284044
T initRes: 1.59857689542106e-05 finalRes: 7.188166375674408e-07 nIters: 3
nuTilda initRes: 0.0002957782103420512 finalRes: 6.191291171788283e-06 nIters: 2
TP1: 88.11852876231337 final: 88.11852876231337
TP2: 35.77316300529155 final: 35.77316300529155
HFX: 301.8125382822785 final: 301.8125382822785
yPlus min: 1.854771593743086 max: 55.32507127634629 mean: 23.66974545924822
ExecutionTime = 104.79 s  ClockTime = 100 s

Time = 1000

U0 initRes: 1.776433095802876e-06 finalRes: 8.25699085926394e-08 nIters: 3
U1 initRes: 4.826838356214185e-06 finalRes: 3.560150981378405e-07 nIters: 3
U2 initRes: 1.292384818111392e-05 finalRes: 5.218359000833437e-07 nIters: 3
p initRes: 0.0001919485758462701 finalRes: 1.077265744256519e-05 nIters: 1
Time step continuity errors : sum local = 0.0001832652532991161
                                 global = -1.065117685142354e-06
                             cumulative = -0.1024219594460895
T initRes: 1.598576895290936e-05 finalRes: 7.18816635245547e-07 nIters: 3
nuTilda initRes: 0.000295778210364027 finalRes: 6.191291167760168e-06 nIters: 2
TP1: 88.11852876279023 final: 88.11852876279023
TP2: 35.77316300546354 final: 35.77316300546354
HFX: 301.8125382826732 final: 301.8125382826732
yPlus min: 1.854771593791714 max: 55.3250712764458 mean: 23.66974545928267
ExecutionTime = 105.33 s  ClockTime = 101 s

End

Moving time 1000 to 0.0009
A5DOBJDXV_SOLVE idx=17 h=5.0e-05 + calcFunction: TP1=8.811852876279023e+01 TP2=3.577316300546354e+01 OBJ=5.234536575732670e+01 | evalFunctions: TP1=8.811852876279023e+01 TP2=3.577316300546354e+01 OBJ=5.234536575732670e+01 | agree_diff=0.000e+00 t=5.8s
Running Primal Solver 010
Previous solution time 1000 not found and nothing deleted.
No finite volume options present

Starting time loop

Time = 1

U0 initRes: 2.612728757195629e-06 finalRes: 2.441821265001766e-07 nIters: 2
U1 initRes: 2.197220087167879e-05 finalRes: 1.822611703272833e-06 nIters: 2
U2 initRes: 0.0001194224434503483 finalRes: 5.094230660616162e-06 nIters: 2
p initRes: 0.0004376126835988183 finalRes: 4.329771752236835e-05 nIters: 2
Time step continuity errors : sum local = 0.0007365969083900181
                                 global = 7.560054000296225e-05
                             cumulative = -0.1023463589060865
T initRes: 2.187138196666728e-05 finalRes: 2.038381379176167e-06 nIters: 2
nuTilda initRes: 0.000177430100070367 finalRes: 7.07970011628129e-06 nIters: 2
TP1: 88.13560324943732 final: 88.13560324943732
TP2: 35.77332949168071 final: 35.77332949168071
HFX: 301.8078813732213 final: 301.8078813732213
yPlus min: 1.844765654554012 max: 55.32513232709414 mean: 23.67045765796825
ExecutionTime = 105.66 s  ClockTime = 101 s

Time = 100

U0 initRes: 1.919139046619162e-06 finalRes: 8.463238292320282e-08 nIters: 3
U1 initRes: 5.043697442290799e-06 finalRes: 3.588245949833557e-07 nIters: 3
U2 initRes: 1.368386187906183e-05 finalRes: 5.44745019549149e-07 nIters: 3
p initRes: 0.0001951285193633473 finalRes: 1.232745053274491e-05 nIters: 1
Time step continuity errors : sum local = 0.0002097155393797517
                                 global = -3.824280859301431e-07
                             cumulative = -0.1023467413341725
T initRes: 1.613130360998246e-05 finalRes: 7.18379214511931e-07 nIters: 3
nuTilda initRes: 0.0002964050962525366 finalRes: 6.254874950839362e-06 nIters: 2
TP1: 88.11810790120458 final: 88.11810790120458
TP2: 35.77315858173793 final: 35.77315858173793
HFX: 301.813844952357 final: 301.813844952357
yPlus min: 1.854050911263884 max: 55.32506595812258 mean: 23.66997698806444
ExecutionTime = 106.21 s  ClockTime = 102 s

Time = 200

U0 initRes: 1.817384227438728e-06 finalRes: 8.267296363445061e-08 nIters: 3
U1 initRes: 4.835016492706805e-06 finalRes: 3.542895450204849e-07 nIters: 3
U2 initRes: 1.302038488998039e-05 finalRes: 5.380201452783051e-07 nIters: 3
p initRes: 0.0001921703384453985 finalRes: 1.157592166803433e-05 nIters: 1
Time step continuity errors : sum local = 0.0001969301928778596
                                 global = 1.37921998076221e-06
                             cumulative = -0.1023453621141917
T initRes: 1.600580903384702e-05 finalRes: 7.17850122982458e-07 nIters: 3
nuTilda initRes: 0.0002960467261567801 finalRes: 6.196664400767336e-06 nIters: 2
TP1: 88.11811142796874 final: 88.11811142796874
TP2: 35.77316496030321 final: 35.77316496030321
HFX: 301.813626776495 final: 301.813626776495
yPlus min: 1.853894910889972 max: 55.32500698377441 mean: 23.66996877851452
ExecutionTime = 106.75 s  ClockTime = 102 s

Time = 300

U0 initRes: 1.811588418301389e-06 finalRes: 8.239449938152744e-08 nIters: 3
U1 initRes: 4.824446522338467e-06 finalRes: 3.541445396846775e-07 nIters: 3
U2 initRes: 1.297479361792717e-05 finalRes: 5.378975663785338e-07 nIters: 3
p initRes: 0.0001920528646092833 finalRes: 1.157125916187158e-05 nIters: 1
Time step continuity errors : sum local = 0.0001968508068360694
                                 global = 9.642894028859936e-07
                             cumulative = -0.1023443978247888
T initRes: 1.599907843996846e-05 finalRes: 7.17936317644279e-07 nIters: 3
nuTilda initRes: 0.0002960394408181183 finalRes: 6.194358958140922e-06 nIters: 2
TP1: 88.11818518071784 final: 88.11818518071784
TP2: 35.77315983353586 final: 35.77315983353586
HFX: 301.8136226627637 final: 301.8136226627637
yPlus min: 1.853901071334106 max: 55.32500371760452 mean: 23.66996608405629
ExecutionTime = 107.29 s  ClockTime = 103 s

Time = 400

U0 initRes: 1.805993313159128e-06 finalRes: 8.188098158747664e-08 nIters: 3
U1 initRes: 4.826312735704576e-06 finalRes: 3.542174425954806e-07 nIters: 3
U2 initRes: 1.297750363940354e-05 finalRes: 5.378138818247835e-07 nIters: 3
p initRes: 0.0001920497859552651 finalRes: 1.161438302658441e-05 nIters: 1
Time step continuity errors : sum local = 0.0001975845250649527
                                 global = 1.321004171735465e-06
                             cumulative = -0.1023430768206171
T initRes: 1.599863285121194e-05 finalRes: 7.178466138036067e-07 nIters: 3
nuTilda initRes: 0.0002960382121800052 finalRes: 6.195582487398842e-06 nIters: 2
TP1: 88.1183475262478 final: 88.1183475262478
TP2: 35.77316709456834 final: 35.77316709456834
HFX: 301.8136278305101 final: 301.8136278305101
yPlus min: 1.853922160946314 max: 55.32500266285707 mean: 23.66996668328441
ExecutionTime = 107.83 s  ClockTime = 103 s

Time = 500

U0 initRes: 1.811197038312976e-06 finalRes: 8.191384836590413e-08 nIters: 3
U1 initRes: 4.82877233024026e-06 finalRes: 3.542431978205585e-07 nIters: 3
U2 initRes: 1.296578933228342e-05 finalRes: 5.379770147968497e-07 nIters: 3
p initRes: 0.0001920376194731251 finalRes: 1.160403775555897e-05 nIters: 1
Time step continuity errors : sum local = 0.0001974085366308026
                                 global = 1.951219336672319e-06
                             cumulative = -0.1023411256012804
T initRes: 1.599998036800231e-05 finalRes: 7.178317123723279e-07 nIters: 3
nuTilda initRes: 0.0002960360162868164 finalRes: 6.195162051006218e-06 nIters: 2
TP1: 88.11834980134503 final: 88.11834980134503
TP2: 35.77317424480327 final: 35.77317424480327
HFX: 301.8136454554646 final: 301.8136454554646
yPlus min: 1.85394854889232 max: 55.32500631075926 mean: 23.66996907971204
ExecutionTime = 108.37 s  ClockTime = 104 s

Time = 600

U0 initRes: 1.807854574590897e-06 finalRes: 8.174700359185589e-08 nIters: 3
U1 initRes: 4.826310729252093e-06 finalRes: 3.541654784949867e-07 nIters: 3
U2 initRes: 1.29727062149792e-05 finalRes: 5.383796173023362e-07 nIters: 3
p initRes: 0.0001920485577461323 finalRes: 1.150554947726018e-05 nIters: 1
Time step continuity errors : sum local = 0.000195733031438514
                                 global = 2.865625431339117e-07
                             cumulative = -0.1023408390387373
T initRes: 1.599948580013504e-05 finalRes: 7.176962226406449e-07 nIters: 3
nuTilda initRes: 0.0002960361538750811 finalRes: 6.194304152604881e-06 nIters: 2
TP1: 88.11818479327381 final: 88.11818479327381
TP2: 35.77317911800468 final: 35.77317911800468
HFX: 301.813658988573 final: 301.813658988573
yPlus min: 1.853947159751797 max: 55.3250120878768 mean: 23.66997107377572
ExecutionTime = 108.91 s  ClockTime = 104 s

Time = 700

U0 initRes: 1.814856413658983e-06 finalRes: 8.211611057446229e-08 nIters: 3
U1 initRes: 4.826025084648383e-06 finalRes: 3.540802692852111e-07 nIters: 3
U2 initRes: 1.297841712059016e-05 finalRes: 5.381070188546441e-07 nIters: 3
p initRes: 0.0001921604604717617 finalRes: 1.157448677921068e-05 nIters: 1
Time step continuity errors : sum local = 0.0001969056926082587
                                 global = 1.829924580911564e-06
                             cumulative = -0.1023390091141564
T initRes: 1.600114395706456e-05 finalRes: 7.176402091840456e-07 nIters: 3
nuTilda initRes: 0.0002960395997696837 finalRes: 6.193738753931244e-06 nIters: 2
TP1: 88.11816842856136 final: 88.11816842856136
TP2: 35.77317191694206 final: 35.77317191694206
HFX: 301.813647279383 final: 301.813647279383
yPlus min: 1.853918321119625 max: 55.3250130453039 mean: 23.66996969655682
ExecutionTime = 109.45 s  ClockTime = 105 s

Time = 800

U0 initRes: 1.813469386336346e-06 finalRes: 8.216881907077686e-08 nIters: 3
U1 initRes: 4.828190971513457e-06 finalRes: 3.541852752613683e-07 nIters: 3
U2 initRes: 1.297280744510924e-05 finalRes: 5.37871333234658e-07 nIters: 3
p initRes: 0.0001920652490168858 finalRes: 1.156741467923605e-05 nIters: 1
Time step continuity errors : sum local = 0.0001967853929411222
                                 global = 1.472753622459257e-06
                             cumulative = -0.1023375363605339
T initRes: 1.600006251587119e-05 finalRes: 7.177667982020745e-07 nIters: 3
nuTilda initRes: 0.0002960382605693339 finalRes: 6.193992246140219e-06 nIters: 2
TP1: 88.11816631690321 final: 88.11816631690321
TP2: 35.77316645508566 final: 35.77316645508566
HFX: 301.8136356753951 final: 301.8136356753951
yPlus min: 1.853895567774782 max: 55.32500916546461 mean: 23.66996749521399
ExecutionTime = 109.99 s  ClockTime = 105 s

Time = 900

U0 initRes: 1.811688809227311e-06 finalRes: 8.239494034182269e-08 nIters: 3
U1 initRes: 4.824404787974021e-06 finalRes: 3.541182841087837e-07 nIters: 3
U2 initRes: 1.297315783786222e-05 finalRes: 5.37883420904499e-07 nIters: 3
p initRes: 0.0001920549811933612 finalRes: 1.157262756578244e-05 nIters: 1
Time step continuity errors : sum local = 0.0001968740814362311
                                 global = 1.011585076734052e-06
                             cumulative = -0.1023365247754572
T initRes: 1.599909341504754e-05 finalRes: 7.178778885585489e-07 nIters: 3
nuTilda initRes: 0.0002960406779882162 finalRes: 6.19468508272743e-06 nIters: 2
TP1: 88.11818390910102 final: 88.11818390910102
TP2: 35.77316047485348 final: 35.77316047485348
HFX: 301.8136261592173 final: 301.8136261592173
yPlus min: 1.853900531738091 max: 55.32500450635847 mean: 23.66996615689829
ExecutionTime = 110.53 s  ClockTime = 106 s

Time = 1000

U0 initRes: 1.806008134736696e-06 finalRes: 8.188281585607317e-08 nIters: 3
U1 initRes: 4.826284216099827e-06 finalRes: 3.542171162935595e-07 nIters: 3
U2 initRes: 1.29773281755907e-05 finalRes: 5.378112107159358e-07 nIters: 3
p initRes: 0.0001920499089049736 finalRes: 1.161467963490845e-05 nIters: 1
Time step continuity errors : sum local = 0.0001975895713732922
                                 global = 1.320258235353909e-06
                             cumulative = -0.1023352045172218
T initRes: 1.599864647133726e-05 finalRes: 7.178429930945151e-07 nIters: 3
nuTilda initRes: 0.0002960383183050733 finalRes: 6.195636595783507e-06 nIters: 2
TP1: 88.11834697749794 final: 88.11834697749794
TP2: 35.77316707107578 final: 35.77316707107578
HFX: 301.8136279115265 final: 301.8136279115265
yPlus min: 1.853922081742265 max: 55.3250026901327 mean: 23.66996669350958
ExecutionTime = 111.07 s  ClockTime = 106 s

End

Moving time 1000 to 0.001
A5DOBJDXV_SOLVE idx=17 h=5.0e-05 - calcFunction: TP1=8.811834697749794e+01 TP2=3.577316707107578e+01 OBJ=5.234517990642215e+01 | evalFunctions: TP1=8.811834697749794e+01 TP2=3.577316707107578e+01 OBJ=5.234517990642215e+01 | agree_diff=0.000e+00 t=5.7s
A5DOBJDXV_RESULT idx=17 h=5.0e-05 AN=2.912077904920e+00 FD=1.858509045434e+00 rel_err=5.668893e-01 sign=agree framework_dOBJdshape=-6.302624658429e-01 ||delta_Xv||=2.643808e+00
Running Primal Solver 011
Previous solution time 1000 not found and nothing deleted.
No finite volume options present

Starting time loop

Time = 1

U0 initRes: 2.295272083600692e-06 finalRes: 9.215923267889261e-08 nIters: 3
U1 initRes: 1.676013966135231e-05 finalRes: 1.518264704695676e-06 nIters: 2
U2 initRes: 7.627119011576975e-05 finalRes: 3.871855587207976e-06 nIters: 2
p initRes: 0.0004032518626007163 finalRes: 2.871083940027221e-05 nIters: 3
Time step continuity errors : sum local = 0.0004884382521330691
                                 global = 8.398779193683578e-05
                             cumulative = -0.102251216725285
T initRes: 1.94729595128457e-05 finalRes: 1.920950732215632e-06 nIters: 2
nuTilda initRes: 0.0001758862766198701 finalRes: 7.047115740597039e-06 nIters: 2
TP1: 88.11187142255073 final: 88.11187142255073
TP2: 35.77335505906915 final: 35.77335505906915
HFX: 301.8116134196387 final: 301.8116134196387
yPlus min: 1.846515104091633 max: 55.32493413323932 mean: 23.67064968805878
ExecutionTime = 112.53 s  ClockTime = 107 s

Time = 100

U0 initRes: 1.838160979567726e-06 finalRes: 8.650664261857828e-08 nIters: 3
U1 initRes: 4.893373577534657e-06 finalRes: 3.576402967028335e-07 nIters: 3
U2 initRes: 1.321308812386341e-05 finalRes: 5.247498483641031e-07 nIters: 3
p initRes: 0.0001931275216321978 finalRes: 1.115961003930958e-05 nIters: 1
Time step continuity errors : sum local = 0.0001898487673481865
                                 global = 1.972470445744222e-07
                             cumulative = -0.1022510194782404
T initRes: 1.602611238925324e-05 finalRes: 7.23951486884767e-07 nIters: 3
nuTilda initRes: 0.0002959907669740385 finalRes: 6.199946440672736e-06 nIters: 2
TP1: 88.11845880629967 final: 88.11845880629967
TP2: 35.77317484746468 final: 35.77317484746468
HFX: 301.8134213155055 final: 301.8134213155055
yPlus min: 1.85458486014891 max: 55.32495587445898 mean: 23.66983645112023
ExecutionTime = 113.07 s  ClockTime = 108 s

Time = 200

U0 initRes: 1.777631054667173e-06 finalRes: 8.257199780930215e-08 nIters: 3
U1 initRes: 4.82676481236755e-06 finalRes: 3.560056960173338e-07 nIters: 3
U2 initRes: 1.293333352957319e-05 finalRes: 5.218545396372673e-07 nIters: 3
p initRes: 0.0001919970792302206 finalRes: 1.071636138869025e-05 nIters: 1
Time step continuity errors : sum local = 0.0001823079120839276
                                 global = -7.633608019275736e-07
                             cumulative = -0.1022517828390424
T initRes: 1.598648527079737e-05 finalRes: 7.190111356103742e-07 nIters: 3
nuTilda initRes: 0.0002958054599633353 finalRes: 6.191705583216588e-06 nIters: 2
TP1: 88.11830997081344 final: 88.11830997081344
TP2: 35.77315545817188 final: 35.77315545817188
HFX: 301.8134802968515 final: 301.8134802968515
yPlus min: 1.854532995861625 max: 55.32497564621875 mean: 23.66983443816652
ExecutionTime = 113.61 s  ClockTime = 108 s

Time = 300

U0 initRes: 1.774794844641427e-06 finalRes: 8.260339757288283e-08 nIters: 3
U1 initRes: 4.825697010739965e-06 finalRes: 3.560126067035355e-07 nIters: 3
U2 initRes: 1.29243731660427e-05 finalRes: 5.217365104375617e-07 nIters: 3
p initRes: 0.0001919491908472247 finalRes: 1.070902832476658e-05 nIters: 1
Time step continuity errors : sum local = 0.0001821831999561744
                                 global = -9.110995701726064e-07
                             cumulative = -0.1022526939386125
T initRes: 1.598438595192649e-05 finalRes: 7.188159126440746e-07 nIters: 3
nuTilda initRes: 0.0002957931448991236 finalRes: 6.191720452783452e-06 nIters: 2
TP1: 88.11832248372639 final: 88.11832248372639
TP2: 35.7731546493491 final: 35.7731546493491
HFX: 301.813469968502 final: 301.813469968502
yPlus min: 1.854528104239012 max: 55.32497303160232 mean: 23.6698339125466
ExecutionTime = 114.16 s  ClockTime = 109 s

Time = 400

U0 initRes: 1.774526935475812e-06 finalRes: 8.254496194911572e-08 nIters: 3
U1 initRes: 4.824936527288485e-06 finalRes: 3.559985116964689e-07 nIters: 3
U2 initRes: 1.292222463453434e-05 finalRes: 5.217762871793848e-07 nIters: 3
p initRes: 0.0001919419311018219 finalRes: 1.070627636967232e-05 nIters: 1
Time step continuity errors : sum local = 0.000182136392363362
                                 global = -7.153655582261872e-07
                             cumulative = -0.1022534093041708
T initRes: 1.598417331561969e-05 finalRes: 7.188061049130587e-07 nIters: 3
nuTilda initRes: 0.0002957918598397776 finalRes: 6.191525751069843e-06 nIters: 2
TP1: 88.11833379548906 final: 88.11833379548906
TP2: 35.77315755667106 final: 35.77315755667106
HFX: 301.8134739415587 final: 301.8134739415587
yPlus min: 1.854531873942701 max: 55.32497413113627 mean: 23.6698344821883
ExecutionTime = 114.7 s  ClockTime = 109 s

Time = 500

U0 initRes: 1.774523885611756e-06 finalRes: 8.254180419975372e-08 nIters: 3
U1 initRes: 4.824886830257675e-06 finalRes: 3.559983143211902e-07 nIters: 3
U2 initRes: 1.292229847695227e-05 finalRes: 5.217765523543269e-07 nIters: 3
p initRes: 0.0001919406027552228 finalRes: 1.070541710366336e-05 nIters: 1
Time step continuity errors : sum local = 0.0001821217738014445
                                 global = -7.280351763215627e-07
                             cumulative = -0.1022541373393471
T initRes: 1.598416310494683e-05 finalRes: 7.188122930555118e-07 nIters: 3
nuTilda initRes: 0.0002957918290075079 finalRes: 6.191486064626473e-06 nIters: 2
TP1: 88.11833455825966 final: 88.11833455825966
TP2: 35.77315736810338 final: 35.77315736810338
HFX: 301.8134731707938 final: 301.8134731707938
yPlus min: 1.854532197967892 max: 55.32497389797599 mean: 23.66983441225341
ExecutionTime = 115.24 s  ClockTime = 110 s

Time = 600

U0 initRes: 1.774523339193153e-06 finalRes: 8.254158884652452e-08 nIters: 3
U1 initRes: 4.824884327344635e-06 finalRes: 3.559983471909411e-07 nIters: 3
U2 initRes: 1.292230339721168e-05 finalRes: 5.217766049063199e-07 nIters: 3
p initRes: 0.00019194040795053 finalRes: 1.070546432022848e-05 nIters: 1
Time step continuity errors : sum local = 0.00018212257673547
                                 global = -7.336794621338446e-07
                             cumulative = -0.1022548710188092
T initRes: 1.598416281525752e-05 finalRes: 7.188127819573559e-07 nIters: 3
nuTilda initRes: 0.0002957918194699557 finalRes: 6.191485520128666e-06 nIters: 2
TP1: 88.11833448859299 final: 88.11833448859299
TP2: 35.77315728831888 final: 35.77315728831888
HFX: 301.8134729594535 final: 301.8134729594535
yPlus min: 1.854532208547964 max: 55.32497384251295 mean: 23.66983439351885
ExecutionTime = 115.78 s  ClockTime = 110 s

Time = 700

U0 initRes: 1.77452320871095e-06 finalRes: 8.254164355393951e-08 nIters: 3
U1 initRes: 4.824885250094936e-06 finalRes: 3.559983914051893e-07 nIters: 3
U2 initRes: 1.292230380705816e-05 finalRes: 5.21776606815314e-07 nIters: 3
p initRes: 0.0001919403850264945 finalRes: 1.07054889899602e-05 nIters: 1
Time step continuity errors : sum local = 0.000182122996459313
                                 global = -7.343991960191223e-07
                             cumulative = -0.1022556054180052
T initRes: 1.598416277955036e-05 finalRes: 7.18812797369094e-07 nIters: 3
nuTilda initRes: 0.0002957918170406676 finalRes: 6.191486053078462e-06 nIters: 2
TP1: 88.11833445781583 final: 88.11833445781583
TP2: 35.77315727806268 final: 35.77315727806268
HFX: 301.8134729356042 final: 301.8134729356042
yPlus min: 1.854532203612947 max: 55.32497383676335 mean: 23.66983439171946
ExecutionTime = 116.32 s  ClockTime = 111 s

Time = 800

U0 initRes: 1.774523195512237e-06 finalRes: 8.254165863218024e-08 nIters: 3
U1 initRes: 4.824885490507233e-06 finalRes: 3.559983997986272e-07 nIters: 3
U2 initRes: 1.292230379560831e-05 finalRes: 5.21776607609963e-07 nIters: 3
p initRes: 0.0001919403844995783 finalRes: 1.070549240839756e-05 nIters: 1
Time step continuity errors : sum local = 0.0001821230546628238
                                 global = -7.344185499814086e-07
                             cumulative = -0.1022563398365552
T initRes: 1.59841627883518e-05 finalRes: 7.188127932017923e-07 nIters: 3
nuTilda initRes: 0.000295791816790589 finalRes: 6.191486145234218e-06 nIters: 2
TP1: 88.11833445308463 final: 88.11833445308463
TP2: 35.77315727777096 final: 35.77315727777096
HFX: 301.8134729356842 final: 301.8134729356842
yPlus min: 1.854532202341688 max: 55.32497383688293 mean: 23.66983439178108
ExecutionTime = 116.86 s  ClockTime = 111 s

Time = 900

U0 initRes: 1.774523196082479e-06 finalRes: 8.25416603193377e-08 nIters: 3
U1 initRes: 4.824885516715986e-06 finalRes: 3.559984003245923e-07 nIters: 3
U2 initRes: 1.292230377812486e-05 finalRes: 5.21776607709372e-07 nIters: 3
p initRes: 0.0001919403849331484 finalRes: 1.070549252844269e-05 nIters: 1
Time step continuity errors : sum local = 0.0001821230566587613
                                 global = -7.344063140980865e-07
                             cumulative = -0.1022570742428693
T initRes: 1.598416279309316e-05 finalRes: 7.188127908838639e-07 nIters: 3
nuTilda initRes: 0.0002957918167998854 finalRes: 6.191486152754231e-06 nIters: 2
TP1: 88.11833445284161 final: 88.11833445284161
TP2: 35.77315727794407 final: 35.77315727794407
HFX: 301.8134729362464 final: 301.8134729362464
yPlus min: 1.854532202197391 max: 55.32497383703934 mean: 23.6698343918335
ExecutionTime = 117.41 s  ClockTime = 112 s

Time = 1000

U0 initRes: 1.774523196575326e-06 finalRes: 8.254166032483278e-08 nIters: 3
U1 initRes: 4.82488551642893e-06 finalRes: 3.559984002468306e-07 nIters: 3
U2 initRes: 1.292230377523997e-05 finalRes: 5.217766077082178e-07 nIters: 3
p initRes: 0.0001919403850353899 finalRes: 1.070549247887637e-05 nIters: 1
Time step continuity errors : sum local = 0.0001821230558324781
                                 global = -7.344033689801123e-07
                             cumulative = -0.1022578086462383
T initRes: 1.59841627950676e-05 finalRes: 7.188127931591061e-07 nIters: 3
nuTilda initRes: 0.0002957918168075075 finalRes: 6.19148615225366e-06 nIters: 2
TP1: 88.11833445290364 final: 88.11833445290364
TP2: 35.77315727798608 final: 35.77315727798608
HFX: 301.813472936358 final: 301.813472936358
yPlus min: 1.85453220219709 max: 55.32497383706819 mean: 23.66983439184273
ExecutionTime = 117.95 s  ClockTime = 112 s

End

Moving time 1000 to 0.0011
A5DOBJDXV_SOLVE idx=2 h=1.0e-04 + calcFunction: TP1=8.811833445290364e+01 TP2=3.577315727798608e+01 OBJ=5.234517717491756e+01 | evalFunctions: TP1=8.811833445290364e+01 TP2=3.577315727798608e+01 OBJ=5.234517717491756e+01 | agree_diff=0.000e+00 t=5.8s
Running Primal Solver 012
Previous solution time 1000 not found and nothing deleted.
No finite volume options present

Starting time loop

Time = 1

U0 initRes: 1.953420689738508e-06 finalRes: 8.922923628745655e-08 nIters: 3
U1 initRes: 1.221351706871854e-05 finalRes: 1.196306491893475e-06 nIters: 2
U2 initRes: 4.09703058324977e-05 finalRes: 2.80874137402796e-06 nIters: 2
p initRes: 0.000383693610168391 finalRes: 1.59358465940051e-05 nIters: 2
Time step continuity errors : sum local = 0.0002711024991251001
                                 global = -7.447458414022609e-06
                             cumulative = -0.1022652561046523
T initRes: 1.713240599841443e-05 finalRes: 7.434111281629429e-07 nIters: 3
nuTilda initRes: 0.0001744265126049304 finalRes: 6.976563049034257e-06 nIters: 2
TP1: 88.12031652258882 final: 88.12031652258882
TP2: 35.77313768491624 final: 35.77313768491624
HFX: 301.8098412489092 final: 301.8098412489092
yPlus min: 1.845006919904671 max: 55.32507824314654 mean: 23.67048602091506
ExecutionTime = 118.26 s  ClockTime = 113 s

Time = 100

U0 initRes: 1.88052564681689e-06 finalRes: 8.414292324019427e-08 nIters: 3
U1 initRes: 4.958809969315654e-06 finalRes: 3.575918103052825e-07 nIters: 3
U2 initRes: 1.321356012898405e-05 finalRes: 5.408756991392114e-07 nIters: 3
p initRes: 0.0001937957164601245 finalRes: 1.216919037006354e-05 nIters: 1
Time step continuity errors : sum local = 0.0002070228490412449
                                 global = -1.423474291769716e-07
                             cumulative = -0.1022653984520815
T initRes: 1.606860937945537e-05 finalRes: 7.186789361437927e-07 nIters: 3
nuTilda initRes: 0.0002961257504496391 finalRes: 6.213694576615804e-06 nIters: 2
TP1: 88.11873942461189 final: 88.11873942461189
TP2: 35.77315425627106 final: 35.77315425627106
HFX: 301.8127522756266 final: 301.8127522756266
yPlus min: 1.854394804563502 max: 55.32512213259235 mean: 23.66989317876543
ExecutionTime = 118.79 s  ClockTime = 113 s

Time = 200

U0 initRes: 1.805983912278498e-06 finalRes: 8.180874909174123e-08 nIters: 3
U1 initRes: 4.82833777293971e-06 finalRes: 3.541336033333996e-07 nIters: 3
U2 initRes: 1.298868749752564e-05 finalRes: 5.383977270262172e-07 nIters: 3
p initRes: 0.0001921162455556274 finalRes: 1.146157604814546e-05 nIters: 1
Time step continuity errors : sum local = 0.0001949845093731767
                                 global = 9.41426542726465e-09
                             cumulative = -0.1022653890378161
T initRes: 1.600058082906166e-05 finalRes: 7.175885046306182e-07 nIters: 3
nuTilda initRes: 0.0002960239539695741 finalRes: 6.193714151410802e-06 nIters: 2
TP1: 88.11834727713686 final: 88.11834727713686
TP2: 35.77317647525096 final: 35.77317647525096
HFX: 301.8127138791015 final: 301.8127138791015
yPlus min: 1.854172572903654 max: 55.32511137295233 mean: 23.66988261763984
ExecutionTime = 119.33 s  ClockTime = 114 s

Time = 300

U0 initRes: 1.799038058671428e-06 finalRes: 8.162142037160139e-08 nIters: 3
U1 initRes: 4.817978529368684e-06 finalRes: 3.539925748496456e-07 nIters: 3
U2 initRes: 1.295910048368633e-05 finalRes: 5.379609972832715e-07 nIters: 3
p initRes: 0.0001919368364960994 finalRes: 1.141622889879664e-05 nIters: 1
Time step continuity errors : sum local = 0.0001942130410797025
                                 global = 2.762518514639027e-08
                             cumulative = -0.1022653614126309
T initRes: 1.599458091546734e-05 finalRes: 7.175717432347957e-07 nIters: 3
nuTilda initRes: 0.0002960120576440325 finalRes: 6.193504954747582e-06 nIters: 2
TP1: 88.11836114267616 final: 88.11836114267616
TP2: 35.77317582275555 final: 35.77317582275555
HFX: 301.8127050333532 final: 301.8127050333532
yPlus min: 1.854159467119296 max: 55.32510607259722 mean: 23.66987986035592
ExecutionTime = 119.87 s  ClockTime = 114 s

Time = 400

U0 initRes: 1.798472662724024e-06 finalRes: 8.160974033861797e-08 nIters: 3
U1 initRes: 4.817369990018961e-06 finalRes: 3.539852077358185e-07 nIters: 3
U2 initRes: 1.295847140941417e-05 finalRes: 5.379420546125917e-07 nIters: 3
p initRes: 0.0001919270868672782 finalRes: 1.141447751237209e-05 nIters: 1
Time step continuity errors : sum local = 0.0001941832496811697
                                 global = 1.970495513797485e-08
                             cumulative = -0.1022653417076758
T initRes: 1.599401504965012e-05 finalRes: 7.175783913660276e-07 nIters: 3
nuTilda initRes: 0.0002960113618670628 finalRes: 6.193687911458116e-06 nIters: 2
TP1: 88.11836832660052 final: 88.11836832660052
TP2: 35.77317544030527 final: 35.77317544030527
HFX: 301.8127040063695 final: 301.8127040063695
yPlus min: 1.854161313830697 max: 55.32510566329298 mean: 23.66987972602815
ExecutionTime = 120.41 s  ClockTime = 115 s

Time = 500

U0 initRes: 1.798434474028595e-06 finalRes: 8.16090851576129e-08 nIters: 3
U1 initRes: 4.817309907360181e-06 finalRes: 3.539846915838932e-07 nIters: 3
U2 initRes: 1.295848938954409e-05 finalRes: 5.379434554036183e-07 nIters: 3
p initRes: 0.000191926393595568 finalRes: 1.141456021378756e-05 nIters: 1
Time step continuity errors : sum local = 0.0001941846572141391
                                 global = 1.853100363650098e-08
                             cumulative = -0.1022653231766721
T initRes: 1.599398484879449e-05 finalRes: 7.175785874340972e-07 nIters: 3
nuTilda initRes: 0.0002960112700282561 finalRes: 6.193694862193135e-06 nIters: 2
TP1: 88.11836917041128 final: 88.11836917041128
TP2: 35.77317539891972 final: 35.77317539891972
HFX: 301.8127039714349 final: 301.8127039714349
yPlus min: 1.854161730301709 max: 55.3251056698678 mean: 23.66987974086917
ExecutionTime = 120.95 s  ClockTime = 115 s

Time = 600

U0 initRes: 1.798431362485641e-06 finalRes: 8.160891790547521e-08 nIters: 3
U1 initRes: 4.817306025901417e-06 finalRes: 3.539846115659436e-07 nIters: 3
U2 initRes: 1.295848601337457e-05 finalRes: 5.379437943373276e-07 nIters: 3
p initRes: 0.0001919263563304975 finalRes: 1.141456505262434e-05 nIters: 1
Time step continuity errors : sum local = 0.0001941847394950847
                                 global = 1.846412926127703e-08
                             cumulative = -0.1022653047125429
T initRes: 1.599398539180907e-05 finalRes: 7.175784220868034e-07 nIters: 3
nuTilda initRes: 0.0002960112572373752 finalRes: 6.193692666119593e-06 nIters: 2
TP1: 88.11836919702438 final: 88.11836919702438
TP2: 35.77317539794571 final: 35.77317539794571
HFX: 301.8127039813517 final: 301.8127039813517
yPlus min: 1.854161763077594 max: 55.3251056763165 mean: 23.66987974430305
ExecutionTime = 121.49 s  ClockTime = 116 s

Time = 700

U0 initRes: 1.798431298562297e-06 finalRes: 8.16088959344609e-08 nIters: 3
U1 initRes: 4.817306157453772e-06 finalRes: 3.539846028349653e-07 nIters: 3
U2 initRes: 1.295848512369857e-05 finalRes: 5.379438185411283e-07 nIters: 3
p initRes: 0.0001919263591023867 finalRes: 1.141456494650369e-05 nIters: 1
Time step continuity errors : sum local = 0.0001941847377629481
                                 global = 1.846862899836156e-08
                             cumulative = -0.1022652862439139
T initRes: 1.599398569869495e-05 finalRes: 7.175783898023433e-07 nIters: 3
nuTilda initRes: 0.0002960112566444118 finalRes: 6.19369234888341e-06 nIters: 2
TP1: 88.1183691901002 final: 88.1183691901002
TP2: 35.7731753982961 final: 35.7731753982961
HFX: 301.8127039832461 final: 301.8127039832461
yPlus min: 1.854161762335925 max: 55.32510567714445 mean: 23.66987974458251
ExecutionTime = 122.03 s  ClockTime = 117 s

Time = 800

U0 initRes: 1.798431324800066e-06 finalRes: 8.16088952760669e-08 nIters: 3
U1 initRes: 4.81730622170681e-06 finalRes: 3.539846027154963e-07 nIters: 3
U2 initRes: 1.295848504759692e-05 finalRes: 5.379438176106887e-07 nIters: 3
p initRes: 0.0001919263598789247 finalRes: 1.141456487275633e-05 nIters: 1
Time step continuity errors : sum local = 0.0001941847365428387
                                 global = 1.847008197547165e-08
                             cumulative = -0.1022652677738319
T initRes: 1.59939857319627e-05 finalRes: 7.175783860378917e-07 nIters: 3
nuTilda initRes: 0.0002960112567105851 finalRes: 6.193692335312199e-06 nIters: 2
TP1: 88.1183691888448 final: 88.1183691888448
TP2: 35.77317539835462 final: 35.77317539835462
HFX: 301.8127039833673 final: 301.8127039833673
yPlus min: 1.854161761840402 max: 55.32510567717422 mean: 23.66987974457964
ExecutionTime = 122.57 s  ClockTime = 117 s

Time = 900

U0 initRes: 1.798431329270637e-06 finalRes: 8.160889549503307e-08 nIters: 3
U1 initRes: 4.817306229023778e-06 finalRes: 3.539846028321549e-07 nIters: 3
U2 initRes: 1.295848504827473e-05 finalRes: 5.379438172088725e-07 nIters: 3
p initRes: 0.0001919263599529889 finalRes: 1.141456485698797e-05 nIters: 1
Time step continuity errors : sum local = 0.000194184736231704
                                 global = 1.847014529602068e-08
                             cumulative = -0.1022652493036866
T initRes: 1.599398573121298e-05 finalRes: 7.175783875345992e-07 nIters: 3
nuTilda initRes: 0.0002960112567250883 finalRes: 6.193692336818815e-06 nIters: 2
TP1: 88.11836918875258 final: 88.11836918875258
TP2: 35.77317539835862 final: 35.77317539835862
HFX: 301.8127039833604 final: 301.8127039833604
yPlus min: 1.854161761783014 max: 55.32510567716816 mean: 23.66987974457601
ExecutionTime = 123.11 s  ClockTime = 118 s

Time = 1000

U0 initRes: 1.798431329476738e-06 finalRes: 8.160889553067554e-08 nIters: 3
U1 initRes: 4.81730622879057e-06 finalRes: 3.539846028499974e-07 nIters: 3
U2 initRes: 1.295848504995589e-05 finalRes: 5.379438171524262e-07 nIters: 3
p initRes: 0.0001919263599487193 finalRes: 1.141456485837701e-05 nIters: 1
Time step continuity errors : sum local = 0.0001941847362649789
                                 global = 1.847023587489529e-08
                             cumulative = -0.1022652308334507
T initRes: 1.599398573098298e-05 finalRes: 7.175783860393414e-07 nIters: 3
nuTilda initRes: 0.0002960112567263274 finalRes: 6.193692337247421e-06 nIters: 2
TP1: 88.11836918876654 final: 88.11836918876654
TP2: 35.77317539835801 final: 35.77317539835801
HFX: 301.8127039833566 final: 301.8127039833566
yPlus min: 1.85416176178317 max: 55.32510567716666 mean: 23.66987974457551
ExecutionTime = 123.65 s  ClockTime = 118 s

End

Moving time 1000 to 0.0012
A5DOBJDXV_SOLVE idx=2 h=1.0e-04 - calcFunction: TP1=8.811836918876654e+01 TP2=3.577317539835801e+01 OBJ=5.234519379040853e+01 | evalFunctions: TP1=8.811836918876654e+01 TP2=3.577317539835801e+01 OBJ=5.234519379040853e+01 | agree_diff=0.000e+00 t=5.7s
A5DOBJDXV_RESULT idx=2 h=1.0e-04 AN=-4.071165120375e-01 FD=-8.307745485325e-02 rel_err=3.900445e+00 sign=agree framework_dOBJdshape=-4.178919712592e-01 ||delta_Xv||=3.132876e+00
Running Primal Solver 013
Previous solution time 1000 not found and nothing deleted.
No finite volume options present

Starting time loop

Time = 1

U0 initRes: 1.915432336358165e-06 finalRes: 8.672750923825709e-08 nIters: 3
U1 initRes: 1.038053386733707e-05 finalRes: 4.64232864921258e-07 nIters: 3
U2 initRes: 3.418808201841045e-05 finalRes: 2.52876644421388e-06 nIters: 2
p initRes: 0.0003385816221560045 finalRes: 2.580367263639874e-05 nIters: 2
Time step continuity errors : sum local = 0.0004389840962515098
                                 global = 6.539219618177195e-06
                             cumulative = -0.1022586916138326
T initRes: 1.6902585916016e-05 finalRes: 7.399525388027197e-07 nIters: 3
nuTilda initRes: 0.0001743264955372835 finalRes: 6.989966098649598e-06 nIters: 2
TP1: 88.11794095804363 final: 88.11794095804363
TP2: 35.77319459629923 final: 35.77319459629923
HFX: 301.8098336320095 final: 301.8098336320095
yPlus min: 1.846216846878635 max: 55.32503526325644 mean: 23.67058218663933
ExecutionTime = 125.2 s  ClockTime = 119 s

Time = 100

U0 initRes: 1.805756304731222e-06 finalRes: 8.455805213908297e-08 nIters: 3
U1 initRes: 4.859456237369633e-06 finalRes: 3.570067525620888e-07 nIters: 3
U2 initRes: 1.308154804352262e-05 finalRes: 5.235713811862397e-07 nIters: 3
p initRes: 0.0001925224716685319 finalRes: 1.088508293337813e-05 nIters: 1
Time step continuity errors : sum local = 0.0001851780927561842
                                 global = -3.701779130051122e-07
                             cumulative = -0.1022590617917456
T initRes: 1.600492566794911e-05 finalRes: 7.21835603285525e-07 nIters: 3
nuTilda initRes: 0.0002959040462534743 finalRes: 6.195919336743338e-06 nIters: 2
TP1: 88.11842214441775 final: 88.11842214441775
TP2: 35.77317333342339 final: 35.77317333342339
HFX: 301.8132352905976 final: 301.8132352905976
yPlus min: 1.8544606852728 max: 55.32499454346178 mean: 23.66984632097851
ExecutionTime = 125.73 s  ClockTime = 119 s

Time = 200

U0 initRes: 1.775435637856407e-06 finalRes: 8.253273862349663e-08 nIters: 3
U1 initRes: 4.825431832297856e-06 finalRes: 3.560061363649375e-07 nIters: 3
U2 initRes: 1.292751966024812e-05 finalRes: 5.218160847947484e-07 nIters: 3
p initRes: 0.0001919746957152651 finalRes: 1.070085428144756e-05 nIters: 1
Time step continuity errors : sum local = 0.0001820438442742023
                                 global = -6.328783094052311e-07
                             cumulative = -0.102259694670055
T initRes: 1.598559124302823e-05 finalRes: 7.188976116518686e-07 nIters: 3
nuTilda initRes: 0.0002958074667434837 finalRes: 6.191450515625636e-06 nIters: 2
TP1: 88.11837003589724 final: 88.11837003589724
TP2: 35.77316340636737 final: 35.77316340636737
HFX: 301.8132856702293 final: 301.8132856702293
yPlus min: 1.854436968122279 max: 55.32500818839814 mean: 23.66984619894871
ExecutionTime = 126.28 s  ClockTime = 120 s

Time = 300

U0 initRes: 1.774598091042419e-06 finalRes: 8.253513812246082e-08 nIters: 3
U1 initRes: 4.824863577259411e-06 finalRes: 3.559970173426399e-07 nIters: 3
U2 initRes: 1.292266719568559e-05 finalRes: 5.217872947436231e-07 nIters: 3
p initRes: 0.0001919454060021549 finalRes: 1.070568507346645e-05 nIters: 1
Time step continuity errors : sum local = 0.0001821260346220895
                                 global = -7.52286918203124e-07
                             cumulative = -0.1022604469569732
T initRes: 1.598455059920004e-05 finalRes: 7.188140903132313e-07 nIters: 3
nuTilda initRes: 0.0002958015501093035 finalRes: 6.191551980130593e-06 nIters: 2
TP1: 88.11836094996168 final: 88.11836094996168
TP2: 35.77316153378943 final: 35.77316153378943
HFX: 301.8132793408685 final: 301.8132793408685
yPlus min: 1.854436716634063 max: 55.325006569549 mean: 23.66984582835192
ExecutionTime = 126.82 s  ClockTime = 120 s

Time = 400

U0 initRes: 1.77458201369857e-06 finalRes: 8.254233725445217e-08 nIters: 3
U1 initRes: 4.82497358799855e-06 finalRes: 3.560028409857951e-07 nIters: 3
U2 initRes: 1.292275947406064e-05 finalRes: 5.217880363610989e-07 nIters: 3
p initRes: 0.0001919436596730366 finalRes: 1.07058090333547e-05 nIters: 1
Time step continuity errors : sum local = 0.0001821281449881463
                                 global = -7.404488901212701e-07
                             cumulative = -0.1022611874058633
T initRes: 1.598453885209192e-05 finalRes: 7.188189789111928e-07 nIters: 3
nuTilda initRes: 0.0002958014088045581 finalRes: 6.191547027262795e-06 nIters: 2
TP1: 88.11835937738003 final: 88.11835937738003
TP2: 35.77316165835092 final: 35.77316165835092
HFX: 301.813279843833 final: 301.813279843833
yPlus min: 1.854436285263765 max: 55.32500671844706 mean: 23.66984591386584
ExecutionTime = 127.36 s  ClockTime = 121 s

Time = 500

U0 initRes: 1.774582868004016e-06 finalRes: 8.254271375201543e-08 nIters: 3
U1 initRes: 4.824980705452308e-06 finalRes: 3.560029050583648e-07 nIters: 3
U2 initRes: 1.292275130747522e-05 finalRes: 5.217882114590044e-07 nIters: 3
p initRes: 0.0001919438091743822 finalRes: 1.070576725610706e-05 nIters: 1
Time step continuity errors : sum local = 0.0001821274343412674
                                 global = -7.355556384330218e-07
                             cumulative = -0.1022619229615017
T initRes: 1.598454165018462e-05 finalRes: 7.188184114535849e-07 nIters: 3
nuTilda initRes: 0.0002958014202003447 finalRes: 6.191546632312518e-06 nIters: 2
TP1: 88.11835932758349 final: 88.11835932758349
TP2: 35.77316172871932 final: 35.77316172871932
HFX: 301.8132800823691 final: 301.8132800823691
yPlus min: 1.854436236672438 max: 55.32500678372001 mean: 23.66984593404777
ExecutionTime = 127.9 s  ClockTime = 121 s

Time = 600

U0 initRes: 1.774583030863713e-06 finalRes: 8.254268169796315e-08 nIters: 3
U1 initRes: 4.824980121176453e-06 finalRes: 3.560028472165694e-07 nIters: 3
U2 initRes: 1.29227496574887e-05 finalRes: 5.217882033811987e-07 nIters: 3
p initRes: 0.0001919438471254681 finalRes: 1.070574458445193e-05 nIters: 1
Time step continuity errors : sum local = 0.0001821270486081569
                                 global = -7.344988694601443e-07
                             cumulative = -0.1022626574603712
T initRes: 1.598454182263805e-05 finalRes: 7.188182900848695e-07 nIters: 3
nuTilda initRes: 0.0002958014235787234 finalRes: 6.191546518040701e-06 nIters: 2
TP1: 88.11835935767401 final: 88.11835935767401
TP2: 35.7731617439986 final: 35.7731617439986
HFX: 301.8132801218143 final: 301.8132801218143
yPlus min: 1.854436238814715 max: 55.32500679381528 mean: 23.66984593712485
ExecutionTime = 128.45 s  ClockTime = 122 s

Time = 700

U0 initRes: 1.774583051106031e-06 finalRes: 8.254266533818443e-08 nIters: 3
U1 initRes: 4.824979846653605e-06 finalRes: 3.560028363643243e-07 nIters: 3
U2 initRes: 1.292274961955902e-05 finalRes: 5.217882014463647e-07 nIters: 3
p initRes: 0.0001919438499674892 finalRes: 1.070573974576079e-05 nIters: 1
Time step continuity errors : sum local = 0.0001821269663771588
                                 global = -7.34403572244209e-07
                             cumulative = -0.1022633918639434
T initRes: 1.598454180959e-05 finalRes: 7.188182900383946e-07 nIters: 3
nuTilda initRes: 0.0002958014239988282 finalRes: 6.191546410289926e-06 nIters: 2
TP1: 88.11835936459217 final: 88.11835936459217
TP2: 35.77316174536383 final: 35.77316174536383
HFX: 301.8132801242937 final: 301.8132801242937
yPlus min: 1.854436240324132 max: 55.3250067943379 mean: 23.66984593727877
ExecutionTime = 128.99 s  ClockTime = 122 s

Time = 800

U0 initRes: 1.774583052058256e-06 finalRes: 8.254266252516718e-08 nIters: 3
U1 initRes: 4.824979802255774e-06 finalRes: 3.560028351836136e-07 nIters: 3
U2 initRes: 1.292274963784888e-05 finalRes: 5.217882013170885e-07 nIters: 3
p initRes: 0.0001919438496847308 finalRes: 1.070573928711617e-05 nIters: 1
Time step continuity errors : sum local = 0.0001821269585464852
                                 global = -7.344104144624826e-07
                             cumulative = -0.1022641262743579
T initRes: 1.598454180622799e-05 finalRes: 7.188182919284651e-07 nIters: 3
nuTilda initRes: 0.0002958014240159792 finalRes: 6.191546393424358e-06 nIters: 2
TP1: 88.11835936527574 final: 88.11835936527574
TP2: 35.77316174526758 final: 35.77316174526758
HFX: 301.8132801238664 final: 301.8132801238664
yPlus min: 1.854436240567677 max: 55.32500679420801 mean: 23.66984593723395
ExecutionTime = 129.53 s  ClockTime = 123 s

Time = 900

U0 initRes: 1.774583051732815e-06 finalRes: 8.254266234118138e-08 nIters: 3
U1 initRes: 4.824979799681409e-06 finalRes: 3.560028351768015e-07 nIters: 3
U2 initRes: 1.292274964221322e-05 finalRes: 5.217882013079709e-07 nIters: 3
p initRes: 0.0001919438495638785 finalRes: 1.070573930767246e-05 nIters: 1
Time step continuity errors : sum local = 0.0001821269589481786
                                 global = -7.344139329019613e-07
                             cumulative = -0.1022648606882908
T initRes: 1.598454180471419e-05 finalRes: 7.188182925318496e-07 nIters: 3
nuTilda initRes: 0.0002958014240094883 finalRes: 6.191546392916416e-06 nIters: 2
TP1: 88.11835936525517 final: 88.11835936525517
TP2: 35.77316174521756 final: 35.77316174521756
HFX: 301.8132801237235 final: 301.8132801237235
yPlus min: 1.854436240582861 max: 55.32500679416983 mean: 23.6698459372214
ExecutionTime = 130.07 s  ClockTime = 124 s

Time = 1000

U0 initRes: 1.774583051647932e-06 finalRes: 8.254266237605742e-08 nIters: 3
U1 initRes: 4.824979800223585e-06 finalRes: 3.56002835213137e-07 nIters: 3
U2 initRes: 1.292274964258285e-05 finalRes: 5.217882013182363e-07 nIters: 3
p initRes: 0.0001919438495504679 finalRes: 1.07057393206481e-05 nIters: 1
Time step continuity errors : sum local = 0.0001821269592454102
                                 global = -7.344144928459328e-07
                             cumulative = -0.1022655951027837
T initRes: 1.598454180467801e-05 finalRes: 7.188182925404882e-07 nIters: 3
nuTilda initRes: 0.0002958014240076643 finalRes: 6.191546393212537e-06 nIters: 2
TP1: 88.11835936523522 final: 88.11835936523522
TP2: 35.77316174520955 final: 35.77316174520955
HFX: 301.8132801237036 final: 301.8132801237036
yPlus min: 1.854436240583139 max: 55.32500679416508 mean: 23.66984593721993
ExecutionTime = 130.62 s  ClockTime = 124 s

End

Moving time 1000 to 0.0013
A5DOBJDXV_SOLVE idx=2 h=5.0e-05 + calcFunction: TP1=8.811835936523522e+01 TP2=3.577316174520955e+01 OBJ=5.234519762002567e+01 | evalFunctions: TP1=8.811835936523522e+01 TP2=3.577316174520955e+01 OBJ=5.234519762002567e+01 | agree_diff=0.000e+00 t=5.8s
Running Primal Solver 014
Previous solution time 1000 not found and nothing deleted.
No finite volume options present

Starting time loop

Time = 1

U0 initRes: 1.839422475236176e-06 finalRes: 8.633008012292529e-08 nIters: 3
U1 initRes: 8.433790848491914e-06 finalRes: 4.206036799757988e-07 nIters: 3
U2 initRes: 2.658981055115748e-05 finalRes: 2.052790511085649e-06 nIters: 2
p initRes: 0.0002884234062456864 finalRes: 8.182035884387552e-06 nIters: 2
Time step continuity errors : sum local = 0.000139195012893932
                                 global = -3.0612924390956e-06
                             cumulative = -0.1022686563952228
T initRes: 1.618563112679685e-05 finalRes: 7.264559228331144e-07 nIters: 3
nuTilda initRes: 0.0001740663122292266 finalRes: 6.962604154497713e-06 nIters: 2
TP1: 88.11909775669744 final: 88.11909775669744
TP2: 35.77315257122476 final: 35.77315257122476
HFX: 301.8098479962538 final: 301.8098479962538
yPlus min: 1.845469443722374 max: 55.32505281296073 mean: 23.6705102445431
ExecutionTime = 130.93 s  ClockTime = 124 s

Time = 100

U0 initRes: 1.840702728683494e-06 finalRes: 8.274429074246244e-08 nIters: 3
U1 initRes: 4.879177732690749e-06 finalRes: 3.549202840105371e-07 nIters: 3
U2 initRes: 1.312266929853201e-05 finalRes: 5.386773398640235e-07 nIters: 3
p initRes: 0.0001929261779624994 finalRes: 1.175364504463444e-05 nIters: 1
Time step continuity errors : sum local = 0.0001999533769682696
                                 global = 2.377330212854131e-07
                             cumulative = -0.1022684186622015
T initRes: 1.602431272748181e-05 finalRes: 7.173209355145816e-07 nIters: 3
nuTilda initRes: 0.0002960569166966082 finalRes: 6.19520644850184e-06 nIters: 2
TP1: 88.11805218498978 final: 88.11805218498978
TP2: 35.77317250593195 final: 35.77317250593195
HFX: 301.8129261724387 final: 301.8129261724387
yPlus min: 1.854174759158361 max: 55.32508488211103 mean: 23.66987062997618
ExecutionTime = 131.46 s  ClockTime = 125 s

Time = 200

U0 initRes: 1.800858798577661e-06 finalRes: 8.17593682720841e-08 nIters: 3
U1 initRes: 4.821082639570706e-06 finalRes: 3.540806524206318e-07 nIters: 3
U2 initRes: 1.296620587952575e-05 finalRes: 5.379242357025713e-07 nIters: 3
p initRes: 0.0001919714092738141 finalRes: 1.142993129705231e-05 nIters: 1
Time step continuity errors : sum local = 0.0001944464490673527
                                 global = 5.700988639195071e-08
                             cumulative = -0.1022683616523151
T initRes: 1.599530119815794e-05 finalRes: 7.17648767757445e-07 nIters: 3
nuTilda initRes: 0.0002960062956666481 finalRes: 6.193912267966547e-06 nIters: 2
TP1: 88.11832009413388 final: 88.11832009413388
TP2: 35.77317196049388 final: 35.77317196049388
HFX: 301.812894758513 final: 301.812894758513
yPlus min: 1.85424432913535 max: 55.32507130829669 mean: 23.66986758689535
ExecutionTime = 132 s  ClockTime = 126 s

Time = 300

U0 initRes: 1.798508557219398e-06 finalRes: 8.162208385691271e-08 nIters: 3
U1 initRes: 4.817356038850876e-06 finalRes: 3.53986909264007e-07 nIters: 3
U2 initRes: 1.295850396708744e-05 finalRes: 5.379229959990289e-07 nIters: 3
p initRes: 0.0001919240988527123 finalRes: 1.141378799412145e-05 nIters: 1
Time step continuity errors : sum local = 0.0001941718255006817
                                 global = 2.053107478486295e-08
                             cumulative = -0.1022683411212403
T initRes: 1.599360821703604e-05 finalRes: 7.175880202731746e-07 nIters: 3
nuTilda initRes: 0.0002960019895921629 finalRes: 6.193673822702134e-06 nIters: 2
TP1: 88.11834478222747 final: 88.11834478222747
TP2: 35.77317093061859 final: 35.77317093061859
HFX: 301.8128961836182 final: 301.8128961836182
yPlus min: 1.854257111002343 max: 55.32507242976099 mean: 23.66986811761082
ExecutionTime = 132.54 s  ClockTime = 126 s

Time = 400

U0 initRes: 1.798371829296767e-06 finalRes: 8.160834122634547e-08 nIters: 3
U1 initRes: 4.817201535524357e-06 finalRes: 3.53980539670195e-07 nIters: 3
U2 initRes: 1.295806961335393e-05 finalRes: 5.379307666646749e-07 nIters: 3
p initRes: 0.0001919226926803613 finalRes: 1.141420167156883e-05 nIters: 1
Time step continuity errors : sum local = 0.0001941788632559707
                                 global = 1.82435798671599e-08
                             cumulative = -0.1022683228776604
T initRes: 1.599359987471783e-05 finalRes: 7.175741116029791e-07 nIters: 3
nuTilda initRes: 0.00029600167347272 finalRes: 6.193638788760955e-06 nIters: 2
TP1: 88.11834462284989 final: 88.11834462284989
TP2: 35.77317092003551 final: 35.77317092003551
HFX: 301.8128967228546 final: 301.8128967228546
yPlus min: 1.854257758872093 max: 55.32507270424361 mean: 23.66986822132246
ExecutionTime = 133.08 s  ClockTime = 127 s

Time = 500

U0 initRes: 1.798369987323255e-06 finalRes: 8.160783228629466e-08 nIters: 3
U1 initRes: 4.817210676922425e-06 finalRes: 3.539803569054642e-07 nIters: 3
U2 initRes: 1.295804005505195e-05 finalRes: 5.379311648386841e-07 nIters: 3
p initRes: 0.000191922801495637 finalRes: 1.141420243677119e-05 nIters: 1
Time step continuity errors : sum local = 0.000194178876253888
                                 global = 1.841531978405951e-08
                             cumulative = -0.1022683044623406
T initRes: 1.599360776684575e-05 finalRes: 7.175729688787179e-07 nIters: 3
nuTilda initRes: 0.0002960016646815425 finalRes: 6.193632806810843e-06 nIters: 2
TP1: 88.11834432392214 final: 88.11834432392214
TP2: 35.77317093192947 final: 35.77317093192947
HFX: 301.8128967734318 final: 301.8128967734318
yPlus min: 1.854257695943274 max: 55.32507272573573 mean: 23.66986822872039
ExecutionTime = 133.62 s  ClockTime = 127 s

Time = 600

U0 initRes: 1.798371046458428e-06 finalRes: 8.160786960359169e-08 nIters: 3
U1 initRes: 4.817212901123449e-06 finalRes: 3.539803820779243e-07 nIters: 3
U2 initRes: 1.29580388096307e-05 finalRes: 5.379311177529069e-07 nIters: 3
p initRes: 0.0001919228228768299 finalRes: 1.14141969037366e-05 nIters: 1
Time step continuity errors : sum local = 0.0001941787820412808
                                 global = 1.846438326589908e-08
                             cumulative = -0.1022682859979574
T initRes: 1.599360849470339e-05 finalRes: 7.175729627731557e-07 nIters: 3
nuTilda initRes: 0.000296001666576848 finalRes: 6.193632369482845e-06 nIters: 2
TP1: 88.11834428652398 final: 88.11834428652398
TP2: 35.77317093365418 final: 35.77317093365418
HFX: 301.8128967743623 final: 301.8128967743623
yPlus min: 1.854257679610999 max: 55.32507272550188 mean: 23.66986822839398
ExecutionTime = 134.16 s  ClockTime = 128 s

Time = 700

U0 initRes: 1.798371191325666e-06 finalRes: 8.160787833614433e-08 nIters: 3
U1 initRes: 4.817213080009313e-06 finalRes: 3.539803865372322e-07 nIters: 3
U2 initRes: 1.295803894769984e-05 finalRes: 5.379311056231489e-07 nIters: 3
p initRes: 0.0001919228243176976 finalRes: 1.141419631021194e-05 nIters: 1
Time step continuity errors : sum local = 0.0001941787719291681
                                 global = 1.846844547765715e-08
                             cumulative = -0.1022682675295119
T initRes: 1.599360848098228e-05 finalRes: 7.175729755161855e-07 nIters: 3
nuTilda initRes: 0.0002960016669715572 finalRes: 6.193632405182659e-06 nIters: 2
TP1: 88.11834428501678 final: 88.11834428501678
TP2: 35.77317093373245 final: 35.77317093373245
HFX: 301.8128967739408 final: 301.8128967739408
yPlus min: 1.854257678151335 max: 55.32507272523227 mean: 23.66986822826016
ExecutionTime = 134.7 s  ClockTime = 128 s

Time = 800

U0 initRes: 1.798371197172923e-06 finalRes: 8.16078791211909e-08 nIters: 3
U1 initRes: 4.817213077855113e-06 finalRes: 3.539803868511453e-07 nIters: 3
U2 initRes: 1.295803898123217e-05 finalRes: 5.379311045353442e-07 nIters: 3
p initRes: 0.0001919228242554628 finalRes: 1.1414196297491e-05 nIters: 1
Time step continuity errors : sum local = 0.0001941787717361088
                                 global = 1.846837731626238e-08
                             cumulative = -0.1022682490611346
T initRes: 1.599360846999693e-05 finalRes: 7.175729760323549e-07 nIters: 3
nuTilda initRes: 0.0002960016670016192 finalRes: 6.193632416484596e-06 nIters: 2
TP1: 88.11834428525913 final: 88.11834428525913
TP2: 35.77317093372211 final: 35.77317093372211
HFX: 301.8128967738689 final: 301.8128967738689
yPlus min: 1.85425767815038 max: 55.32507272519805 mean: 23.66986822824645
ExecutionTime = 135.24 s  ClockTime = 129 s

Time = 900

U0 initRes: 1.798371196031716e-06 finalRes: 8.160787913954129e-08 nIters: 3
U1 initRes: 4.817213074959874e-06 finalRes: 3.539803868485891e-07 nIters: 3
U2 initRes: 1.295803898472403e-05 finalRes: 5.379311045316205e-07 nIters: 3
p initRes: 0.0001919228242276453 finalRes: 1.141419630382638e-05 nIters: 1
Time step continuity errors : sum local = 0.0001941787717995437
                                 global = 1.846827438409142e-08
                             cumulative = -0.1022682305928602
T initRes: 1.599360846893185e-05 finalRes: 7.175729749881159e-07 nIters: 3
nuTilda initRes: 0.0002960016670006575 finalRes: 6.193632417448665e-06 nIters: 2
TP1: 88.11834428531134 final: 88.11834428531134
TP2: 35.77317093371955 final: 35.77317093371955
HFX: 301.812896773865 final: 301.812896773865
yPlus min: 1.854257678169611 max: 55.32507272519677 mean: 23.66986822824639
ExecutionTime = 135.79 s  ClockTime = 129 s

Time = 1000

U0 initRes: 1.798371195859348e-06 finalRes: 8.160787912718052e-08 nIters: 3
U1 initRes: 4.81721307475523e-06 finalRes: 3.539803868354913e-07 nIters: 3
U2 initRes: 1.295803898458295e-05 finalRes: 5.379311045505814e-07 nIters: 3
p initRes: 0.000191922824219678 finalRes: 1.141419630759338e-05 nIters: 1
Time step continuity errors : sum local = 0.0001941787719010524
                                 global = 1.846838577815318e-08
                             cumulative = -0.1022682121244744
T initRes: 1.59936084682247e-05 finalRes: 7.175729750403207e-07 nIters: 3
nuTilda initRes: 0.0002960016669998378 finalRes: 6.193632417427368e-06 nIters: 2
TP1: 88.11834428532272 final: 88.11834428532272
TP2: 35.77317093371973 final: 35.77317093371973
HFX: 301.8128967738646 final: 301.8128967738646
yPlus min: 1.8542576781723 max: 55.32507272519688 mean: 23.66986822824645
ExecutionTime = 136.33 s  ClockTime = 130 s

End

Moving time 1000 to 0.0014
A5DOBJDXV_SOLVE idx=2 h=5.0e-05 - calcFunction: TP1=8.811834428532272e+01 TP2=3.577317093371973e+01 OBJ=5.234517335160299e+01 | evalFunctions: TP1=8.811834428532272e+01 TP2=3.577317093371973e+01 OBJ=5.234517335160299e+01 | agree_diff=0.000e+00 t=5.7s
A5DOBJDXV_RESULT idx=2 h=5.0e-05 AN=-4.071125368854e-01 FD=2.426842267766e-01 rel_err=2.677540e+00 sign=FLIPPED framework_dOBJdshape=-4.178919712592e-01 ||delta_Xv||=3.132876e+00
A5DOBJDXV_DONE t=130.7s
