WARNING 7: VSPAERO Viewer Not Found. 
	Expected here: /home/dafoamuser/dafoam/packages/miniconda3/lib/python3.10/site-packages/openvsp/vspviewer
WARNING 7: VSPAERO Viewer Not Found. 
	Expected here: /home/dafoamuser/dafoam/packages/miniconda3/lib/python3.10/site-packages/openvsp/vspviewer
WARNING 7: VSPAERO Viewer Not Found. 
	Expected here: /home/dafoamuser/dafoam/packages/miniconda3/lib/python3.10/site-packages/openvsp/vspviewer
WARNING 7: VSPAERO Viewer Not Found. 
	Expected here: /home/dafoamuser/dafoam/packages/miniconda3/lib/python3.10/site-packages/openvsp/vspviewer
 
-------------------------------------------------------------------------------
|                               DAFoam v5.0.0                                 |
-------------------------------------------------------------------------------
 
/*---------------------------------------------------------------------------*\
| =========                 |                                                 |
| \\      /  F ield         | OpenFOAM: The Open Source CFD Toolbox           |
|  \\    /   O peration     | Version:  2506                                  |
|   \\  /    A nd           | Website:  www.openfoam.com                      |
|    \\/     M anipulation  |                                                 |
\*---------------------------------------------------------------------------*/
Build  : _615aae61d7-20250627 OPENFOAM=2506 version=v2506
Arch   : "LSB;label=32;scalar=64"
Exec   : decomposePar
Date   : Jul 27 2026
Time   : 03:55:59
Host   : 41f32e821c07
PID    : 407
I/O    : uncollated
Case   : /home/dafoamuser/mount/NACA0012_Airfoil_Incompressible_refined
nProcs : 1
trapFpe: Floating point exception trapping enabled (FOAM_SIGFPE).
fileModificationChecking : Monitoring run-time modified files using timeStampMaster (fileModificationSkew 5, maxFileModificationPolls 20)
allowSystemOperations : Allowing user-supplied system call operations

// * * * * * * * * * * * * * * * * * * * * * * * * * * * * * * * * * * * * * //
Create time

Overriding DebugSwitches according to controlDict
    SolverPerformance 0;



Decomposing mesh



--> FOAM FATAL ERROR: (openfoam-2506)
Case is already decomposed with 4 domains, use the -force option or manually
remove processor directories before decomposing. e.g.,
    rm -rf /home/dafoamuser/mount/NACA0012_Airfoil_Incompressible_refined/processor*


    From decomposePar
    in file decomposePar.C at line 645.

FOAM exiting


Unable to run decomposePar, the domain has been already decomposed?

I/O    : uncollated
Case   : /home/dafoamuser/mount/NACA0012_Airfoil_Incompressible_refined
nProcs : 4
Hosts  :
(
    (41f32e821c07 4)
)
Pstream initialized with:
    node communication : off [type=host] (4 ranks, 1 nodes)
    topology controls  : none
    consensus exchange : 0 (tuning: 0)
    exchange algorithm : 0
    commsType          : nonBlocking
    polling iterations : 0
Initializing mesh and runtime for DASolver
Create time

Overriding DebugSwitches according to controlDict
    SolverPerformance 0;

Create mesh for time = 0
Replacing wallDist.method meshWave -> meshWaveFrozen
DAOption created. DASolver initialized.
[0] UPstream::init : could not attach buffer
[1] UPstream::init : could not attach buffer
[2] UPstream::init : could not attach buffer
[3] I/O    : uncollated
UPstream::init : could not attach buffer
Case   : /home/dafoamuser/mount/NACA0012_Airfoil_Incompressible_refined
nProcs : 4
Hosts  :
(
    (41f32e821c07 4)
)
Pstream initialized with:
    node communication : off [type=host] (4 ranks, 1 nodes)
    topology controls  : none
    consensus exchange : 0 (tuning: 0)
    exchange algorithm : 0
    commsType          : nonBlocking
    polling iterations : 0
Initializing mesh and runtime for DASolver
Create time

Overriding DebugSwitches according to controlDict
    SolverPerformance 0;

Create mesh for time = 0
Replacing wallDist.method meshWave -> meshWaveFrozen
DAOption created. DASolver initialized.
Initializing fields for DASimpleFoam
Create simpleControl.

SIMPLE: no convergence criteria found. Calculations will run for 3000 steps.

Reading field p

Reading field U

Reading/calculating face flux field phi

Creating source term. 
Selecting incompressible transport model Newtonian
Selecting turbulence model type RAS
Selecting RAS turbulence model SpalartAllmaras
Selecting patchDistMethod meshWaveFrozen
ft2 term: inactive
No MRF models present

Turbulence model is incompressible
Adjoint States: 
4
(
U volVectorState
nuTilda modelState
phi surfaceScalarState
p volScalarState
)
Global Cells: 14720
Global Faces: 59366
Global Xv: 91260
Undecomposed points: 29900
Global Adjoint States: 132966

SIMPLE: no convergence criteria found. Calculations will run for 3000 steps.

DACheckMesh Thresholds: 
maxNonOrth: 70
maxSkewness: 4
maxAspectRatio: 1000
maxIncorrectlyOrientedFaces: 0
    Adding all faces of patches: (wing) ...
    Found matching patch wing with 230 faces
    Adding all faces of patches: (wing) ...
    Found matching patch wing with 230 faces
Initializing fields for DASimpleFoam
Create simpleControl.

SIMPLE: no convergence criteria found. Calculations will run for 3000 steps.

Reading field p

Reading field U

Reading/calculating face flux field phi

Creating source term. 
Selecting incompressible transport model Newtonian
Selecting turbulence model type RAS
Selecting RAS turbulence model SpalartAllmaras
Selecting patchDistMethod meshWaveFrozen
ft2 term: inactive
No MRF models present

Turbulence model is incompressible
Adjoint States: 
4
(
U volVectorState
nuTilda modelState
phi surfaceScalarState
p volScalarState
)
Global Cells: 14720
Global Faces: 59366
Global Xv: 91260
Undecomposed points: 29900
Global Adjoint States: 132966

SIMPLE: no convergence criteria found. Calculations will run for 3000 steps.

DACheckMesh Thresholds: 
maxNonOrth: 70
maxSkewness: 4
maxAspectRatio: 1000
maxIncorrectlyOrientedFaces: 0
    Adding all faces of patches: (wing) ...
    Found matching patch wing with 230 faces
    Adding all faces of patches: (wing) ...
    Found matching patch wing with 230 faces
Init solver done! ElapsedClockTime 0.000000 s
Init solver done! ElapsedCpuTime 0.360000 s
initState: 
6
(
nuTilda 4.499999999999931e-05
phi 0
U1 0.7186263064942502
U2 1.805354715795469e-11
p 0
U0 9.865439064254133
)
Setting up primal boundary conditions based on pyOptions: 
Setting primal boundary conditions...
Setting U = (10 0 0) at inout
Setting primal boundary conditions...
Setting p = 0 at inout
Setting primal boundary conditions...
Setting nuTilda = 4.5e-05 at inout
Setting nut wall BC for wing. BCType=nutUSpaldingWallFunction
Reading OpenFOAM mesh information...
I/O    : uncollated
Case   : /home/dafoamuser/mount/NACA0012_Airfoil_Incompressible_refined
nProcs : 4
Hosts  :
(
    (41f32e821c07 4)
)
Pstream initialized with:
    node communication : off [type=host] (4 ranks, 1 nodes)
    topology controls  : none
    consensus exchange : 0 (tuning: 0)
    exchange algorithm : 0
    commsType          : nonBlocking
    polling iterations : 0
Reading the OpenFOAM mesh..
Overriding DebugSwitches according to controlDict
    SolverPerformance 0;

Checking if we need to compress the mesh files
Checking if we need to compress the mesh files
Finalising parallel run
I/O    : uncollated
DAFoam option dictionary: 
{
    solverName      DASimpleFoam;
    primalMinResTol 9.999999999999999e-12;
    primalFuncStdTol
    {
        stdTol          -1;
        slopeTol        -1;
        funcNames       1 ( CD );
        nStepsFrac      0.2;
    }
    primalBC
    {
        U0
        {
            variable        U;
            patches         1 ( inout );
            value           3 ( 10 0 0 );
        }
        p0
        {
            variable        p;
            patches         1 ( inout );
            value           1 ( 0 );
        }
        nuTilda0
        {
            variable        nuTilda;
            patches         1 ( inout );
            value           1 ( 4.5e-05 );
        }
        useWallFunction 1;
    }
    primalInitCondition
    {
    }
    normalizeStates
    {
        U               10;
        p               50;
        nuTilda         0.00045;
        phi             1;
    }
    function
    {
        CD
        {
            type            force;
            source          patchToFace;
            patches         1 ( wing );
            directionMode   parallelToFlow;
            patchVelocityInputName patchV;
            scale           0.2;
        }
        CL
        {
            type            force;
            source          patchToFace;
            patches         1 ( wing );
            directionMode   normalToFlow;
            patchVelocityInputName patchV;
            scale           0.2;
        }
    }
    inputInfo
    {
        aero_vol_coords
        {
            type            volCoord;
            components      2 ( solver function );
        }
        patchV
        {
            type            patchVelocity;
            patches         1 ( inout );
            flowAxis        x;
            normalAxis      y;
            components      2 ( solver function );
        }
    }
    outputInfo
    {
    }
    designSurfaces  1 ( wing );
    fvSource
    {
    }
    prepareCaseOnly 0;
    adjEqnSolMethod Krylov;
    dynamicMesh
    {
        active          0;
        mode            rotation;
        center          3 ( 0.25 0 0 );
        axis            z;
        omega           0.1;
        s               2;
        t0              0.35;
    }
    primalVarBounds
    {
        UMax            1000;
        UMin            -1000;
        pMax            50000;
        pMin            -50000;
        p_rghMax        50000;
        p_rghMin        -50000;
        eMax            55000;
        eMin            -220000;
        TMax            1000;
        TMin            100;
        hMax            200000;
        hMin            -200000;
        DMax            1e+16;
        DMin            -1e+16;
        rhoMax          5;
        rhoMin          0.2;
        nuTildaMax      1e+16;
        nuTildaMin      1e-16;
        kMax            1e+16;
        kMin            1e-16;
        omegaMax        1e+16;
        omegaMin        1e-16;
        epsilonMax      1e+16;
        epsilonMin      1e-16;
        ReThetatMax     1e+16;
        ReThetatMin     1e-16;
        gammaIntMax     1e+16;
        gammaIntMin     1e-16;
    }
    discipline      aero;
    adjPartDerivFDStep
    {
        State           1e-06;
    }
    transonicPCOption -1;
    unsteadyAdjoint
    {
        mode            None;
        PCMatPrecomputeInterval 100;
        PCMatUpdateInterval 1;
        reduceIO        1;
        additionalOutput 1 ( None );
        additionalOldTime 1 ( None );
        readZeroFields  1;
    }
    adjPCLag        10000;
    useAD
    {
        mode            reverse;
        dvName          None;
        seedIndex       -9999;
    }
    useConstrainHbyA 1;
    forceMeshWaveFrozen 1;
    useDdtCorr      0;
    regressionModel
    {
        active          0;
    }
    useMeanStates   0;
    solveLinearFunctionName None;
    printDAOptions  1;
    debug           0;
    writeJacobians  1 ( None );
    printInterval   100;
    printIntervalUnsteady 1;
    primalMinResTolDiff 100;
    adjUseColoring  1;
    adjEqnOption
    {
        globalPCIters   0;
        asmOverlap      1;
        localPCIters    1;
        jacMatReOrdering rcm;
        pcFillLevel     1;
        gmresMaxIters   1000;
        gmresRestart    1000;
        gmresRelTol     1e-06;
        gmresAbsTol     1e-14;
        gmresTolDiff    100;
        useNonZeroInitGuess 0;
        useMGSO         0;
        printInfo       1;
        fpMaxIters      1000;
        fpRelTol        1e-06;
        fpMinResTolDiff 100;
        fpPCUpwind      0;
        dynAdjustTol    0;
        KSPCalcEigen    0;
        KSPCalcSingularVal 0;
        readPCMat       0;
    }
    normalizeResiduals 11 ( URes pRes p_rghRes nuTildaRes phiRes TRes DRes kRes omegaRes epsilonRes alpha.waterRes );
    maxResConLv4JacPCMat
    {
        pRes            2;
        phiRes          1;
        URes            2;
        TRes            2;
        nuTildaRes      2;
        kRes            2;
        epsilonRes      2;
        omegaRes        2;
        p_rghRes        2;
        DRes            2;
        gammaIntRes     2;
        ReThetatRes     2;
        alpha.waterRes  2;
    }
    jacLowerBounds
    {
        dRdW            1e-30;
        dRdWPC          1e-30;
    }
    maxTractionBCIters 100;
    decomposeParDict
    {
        method          scotch;
        simpleCoeffs
        {
            n               3 ( 2 2 1 );
            delta           0.001;
        }
        kahipCoeffs
        {
            config          fast;
            imbalance       0.01;
        }
        preservePatches 1 ( None );
        singleProcessorFaceSets 1 ( None );
        args            1 ( None );
    }
    adjStateOrdering state;
    checkMeshThreshold
    {
        maxAspectRatio  1000;
        maxNonOrth      70;
        maxSkewness     4;
        maxIncorrectlyOrientedFaces 0;
    }
    writeDeformedFFDs 0;
    writeDeformedConstraints 0;
    writeAdjointFields 0;
    maxCorrectBCCalls 2;
    writeMinorIterations 0;
    primalMinIters  1;
    tensorflow
    {
        active          0;
    }
    wallDistanceMethod default;
    unsteadyCompOutput
    {
    }
}

pyDAFoam initialization done!
+----------------------------------------+
|          All IDWarp Options:           |
+----------------------------------------+
{'LdefFact': 1.0,
 'aExp': 3.0,
 'alpha': 0.25,
 'bExp': 5.0,
 'bucketSize': 8,
 'cornerAngle': 30.0,
 'errTol': 0.0005,
 'evalMode': 'fast',
 'fileType': 'OpenFOAM',
 'gridFile': '/home/dafoamuser/mount/NACA0012_Airfoil_Incompressible_refined',
 'restartFile': None,
 'specifiedSurfaces': None,
 'symmTol': 1e-06,
 'symmetryPlanes': [[[0.0, 0.0, 0.0], [0.0, 0.0, 1.0]],
                    [[0.0, 0.0, 0.1], [0.0, 0.0, 1.0]]],
 'symmetrySurfaces': None,
 'useRotations': True,
 'zeroCornerRotations': True}
I/O    : uncollated
Case   : /home/dafoamuser/mount/NACA0012_Airfoil_Incompressible_refined
nProcs : 4
Hosts  :
(
    (41f32e821c07 4)
)
Pstream initialized with:
    node communication : off [type=host] (4 ranks, 1 nodes)
    topology controls  : none
    consensus exchange : 0 (tuning: 0)
    exchange algorithm : 0
    commsType          : nonBlocking
    polling iterations : 0
Reading the OpenFOAM mesh..
Overriding DebugSwitches according to controlDict
    SolverPerformance 0;

Checking if we need to compress the mesh files
Checking if we need to compress the mesh files
#------------------------------#
 Total Volume Nodes :     30420 
#------------------------------#
Finalising parallel run
I/O    : uncollated
+-------------------- Symmetry Planes -------------------+
|           Point                        Normal          |
| (  0.000   0.000   0.000)    (  0.000   0.000   1.000) |
| (  0.000   0.000   0.100)    (  0.000   0.000   1.000) |
+--------------------------------------------------------+
#--------------------------------#
 Unique Surface Nodes :       460 
#--------------------------------#
 Computing Denominator Estimate...
 Load Balancing...
 Finished Mesh Initialization.
OrderedDict([('inout', [0]), ('procBoundary0to1', [1]), ('procBoundary0to3', [2]), ('symmetry1', [3]), ('symmetry2', [4]), ('wing', [5]), ('allSurfaces', [0, 1, 2, 3, 4, 5]), ('allWalls', [5]), ('designSurfaces', [5])])
dRdWT Jacobian Free created!
/home/dafoamuser/dafoam/packages/miniconda3/lib/python3.10/site-packages/openmdao/core/component.py:140: OMDeprecationWarning:'scenario1.coupling.solver' <class DAFoamSolver>: It appears this component mixes distributed/non-distributed inputs and outputs, so it may break starting with OpenMDAO 3.25, where the convention used when passing data between distributed and non-distributed inputs and outputs within a matrix free component will change. See https://github.com/OpenMDAO/POEMs/blob/master/POEM_075.md for details.
/home/dafoamuser/dafoam/packages/miniconda3/lib/python3.10/site-packages/openmdao/core/component.py:140: OMDeprecationWarning:'scenario1.coupling.solver' <class DAFoamSolver>: It appears this component mixes distributed/non-distributed inputs and outputs, so it may break starting with OpenMDAO 3.25, where the convention used when passing data between distributed and non-distributed inputs and outputs within a matrix free component will change. See https://github.com/OpenMDAO/POEMs/blob/master/POEM_075.md for details.
/home/dafoamuser/dafoam/packages/miniconda3/lib/python3.10/site-packages/openmdao/core/component.py:140: OMDeprecationWarning:'scenario1.coupling.solver' <class DAFoamSolver>: It appears this component mixes distributed/non-distributed inputs and outputs, so it may break starting with OpenMDAO 3.25, where the convention used when passing data between distributed and non-distributed inputs and outputs within a matrix free component will change. See https://github.com/OpenMDAO/POEMs/blob/master/POEM_075.md for details.
/home/dafoamuser/dafoam/packages/miniconda3/lib/python3.10/site-packages/openmdao/core/component.py:140: OMDeprecationWarning:'scenario1.coupling.solver' <class DAFoamSolver>: It appears this component mixes distributed/non-distributed inputs and outputs, so it may break starting with OpenMDAO 3.25, where the convention used when passing data between distributed and non-distributed inputs and outputs within a matrix free component will change. See https://github.com/OpenMDAO/POEMs/blob/master/POEM_075.md for details.
/home/dafoamuser/dafoam/packages/miniconda3/lib/python3.10/site-packages/openmdao/core/component.py:140: OMDeprecationWarning:'scenario1.aero_post.functionals' <class DAFoamFunctions>: It appears this component mixes distributed/non-distributed inputs and outputs, so it may break starting with OpenMDAO 3.25, where the convention used when passing data between distributed and non-distributed inputs and outputs within a matrix free component will change. See https://github.com/OpenMDAO/POEMs/blob/master/POEM_075.md for details.
/home/dafoamuser/dafoam/packages/miniconda3/lib/python3.10/site-packages/openmdao/core/component.py:140: OMDeprecationWarning:'scenario1.aero_post.functionals' <class DAFoamFunctions>: It appears this component mixes distributed/non-distributed inputs and outputs, so it may break starting with OpenMDAO 3.25, where the convention used when passing data between distributed and non-distributed inputs and outputs within a matrix free component will change. See https://github.com/OpenMDAO/POEMs/blob/master/POEM_075.md for details.
/home/dafoamuser/dafoam/packages/miniconda3/lib/python3.10/site-packages/openmdao/core/component.py:140: OMDeprecationWarning:'scenario1.aero_post.functionals' <class DAFoamFunctions>: It appears this component mixes distributed/non-distributed inputs and outputs, so it may break starting with OpenMDAO 3.25, where the convention used when passing data between distributed and non-distributed inputs and outputs within a matrix free component will change. See https://github.com/OpenMDAO/POEMs/blob/master/POEM_075.md for details.
/home/dafoamuser/dafoam/packages/miniconda3/lib/python3.10/site-packages/openmdao/core/component.py:140: OMDeprecationWarning:'scenario1.aero_post.functionals' <class DAFoamFunctions>: It appears this component mixes distributed/non-distributed inputs and outputs, so it may break starting with OpenMDAO 3.25, where the convention used when passing data between distributed and non-distributed inputs and outputs within a matrix free component will change. See https://github.com/OpenMDAO/POEMs/blob/master/POEM_075.md for details.
/home/dafoamuser/dafoam/packages/miniconda3/lib/python3.10/site-packages/openmdao/core/problem.py:1011: DerivativesWarning:Inefficient choice of derivative mode.  You chose 'rev' for a problem with 10 design variables and 25 response variables (objectives and nonlinear constraints).
/home/dafoamuser/dafoam/packages/miniconda3/lib/python3.10/site-packages/openmdao/core/problem.py:1011: DerivativesWarning:Inefficient choice of derivative mode.  You chose 'rev' for a problem with 10 design variables and 25 response variables (objectives and nonlinear constraints).
/home/dafoamuser/dafoam/packages/miniconda3/lib/python3.10/site-packages/openmdao/core/problem.py:1011: DerivativesWarning:Inefficient choice of derivative mode.  You chose 'rev' for a problem with 10 design variables and 25 response variables (objectives and nonlinear constraints).
/home/dafoamuser/dafoam/packages/miniconda3/lib/python3.10/site-packages/openmdao/core/problem.py:1011: DerivativesWarning:Inefficient choice of derivative mode.  You chose 'rev' for a problem with 10 design variables and 25 response variables (objectives and nonlinear constraints).
DAInputVolCoord. 
Setting volume coordinates. 
DAInputPatchVelocity. 
Setting UMag = 10 AoA = 5.13918623195176 degs at 1(inout)
Checking mesh quality for time = 0
    Overall domain bounding box (-17.978601419427 -19.329452531629 0) (19.10692371664801 19.329452557122 0.1)
    Mesh has 3 geometric (non-empty/wedge) directions (1 1 1)
    Mesh has 3 solution (non-empty) directions (1 1 1)
    Boundary openness (4.727773725247318e-19 3.888975161090536e-20 -6.644656411196655e-17) OK.
    Max cell openness = 2.824314411007537e-16 OK.
    Max aspect ratio = 167.4971796573037 OK.
    Minimum face area = 9.683111135831537e-07. Maximum face area = 1.867132084761879.  Face area magnitudes OK.
    Min volume = 9.683111141642576e-08. Max volume = 0.1867132084730527.  Total volume = 112.3943459376043.  Cell volumes OK.
    Mesh non-orthogonality Max: 26.95959996482282 average: 1.896733627901376
    Non-orthogonality check OK.
    Face pyramids OK.
    Max skewness = 0.8620395852406649 OK.
    Coupled point location match (average 0) OK.

Mesh OK.

Running Primal Solver 001
Previous solution time -1e+10 not found and nothing deleted.
No finite volume options present

Starting time loop

Time = 1

U0 initRes: 0.02011471644934726 finalRes: 0.001941587821597351 nIters: 6
U1 initRes: 0.01786669354998804 finalRes: 0.001769229857997054 nIters: 6
U2 initRes: 0.06816445914502907 finalRes: 0.005865009887979486 nIters: 6
p initRes: 1 finalRes: 0.09389804585889835 nIters: 5
Time step continuity errors : sum local = 0.0002043095799134674
                                 global = 1.783185365371027e-05
                             cumulative = 1.783185365371027e-05
nuTilda initRes: 0.9999999998650011 finalRes: 0.06869398085992934 nIters: 6
Bounding nuTilda>1e-16
CD: 0.03604479804077459 final: 0.03604479804077459
CL: 0.4675630891093835 final: 0.4675630891093835
yPlus min: 6.936261162443264 max: 54.9273580761762 mean: 30.6234655469333
ExecutionTime = 0.97 s  ClockTime = 1 s

Time = 100

U0 initRes: 0.0001936510961105261 finalRes: 1.472248112822647e-05 nIters: 5
U1 initRes: 0.0001349147541446397 finalRes: 1.03655992583426e-05 nIters: 6
U2 initRes: 0.000414226164829162 finalRes: 3.759779022476921e-05 nIters: 5
p initRes: 0.0006012595913190619 finalRes: 4.868781559453736e-05 nIters: 2
Time step continuity errors : sum local = 1.519058804265517e-06
                                 global = 1.390831373969766e-07
                             cumulative = 1.797093679110725e-05
nuTilda initRes: 4.239668679872919e-05 finalRes: 4.076379164839131e-06 nIters: 2
Bounding nuTilda>1e-16
CD: 0.018447527267279 final: 0.018447527267279
CL: 0.5056361949287058 final: 0.5056361949287058
yPlus min: 4.953679317522612 max: 58.90422811564547 mean: 32.06096562435829
ExecutionTime = 1.96 s  ClockTime = 3 s

Time = 200

U0 initRes: 3.42215767359929e-05 finalRes: 2.353052044697009e-06 nIters: 6
U1 initRes: 8.85143520538816e-06 finalRes: 7.373562068659425e-07 nIters: 6
U2 initRes: 5.113211230758931e-05 finalRes: 4.192713836851503e-06 nIters: 5
p initRes: 4.304228551151536e-05 finalRes: 3.172216664535461e-06 nIters: 2
Time step continuity errors : sum local = 9.971635824704491e-08
                                 global = 8.337287066136044e-09
                             cumulative = 1.797927407817339e-05
nuTilda initRes: 2.004669375338861e-06 finalRes: 1.32135793551186e-07 nIters: 4
Bounding nuTilda>1e-16
CD: 0.01824331596212774 final: 0.01824331596212774
CL: 0.5148824731293512 final: 0.5148824731293512
yPlus min: 4.872928142448544 max: 59.10199188581803 mean: 32.05514934300106
ExecutionTime = 2.96 s  ClockTime = 4 s

Time = 300

U0 initRes: 7.552354024787401e-06 finalRes: 6.751009719356765e-07 nIters: 6
U1 initRes: 3.62952708748882e-06 finalRes: 3.072312023154425e-07 nIters: 6
U2 initRes: 8.808311264569169e-06 finalRes: 6.446151410788727e-07 nIters: 6
p initRes: 2.83932738719404e-06 finalRes: 2.451397162510463e-07 nIters: 4
Time step continuity errors : sum local = 7.714158308886265e-09
                                 global = 8.555892658884138e-10
                             cumulative = 1.798012966743928e-05
nuTilda initRes: 8.712649206396804e-08 finalRes: 6.325768647447539e-09 nIters: 4
Bounding nuTilda>1e-16
CD: 0.01816730240326746 final: 0.01816730240326746
CL: 0.5162586996585459 final: 0.5162586996585459
yPlus min: 4.870393820866616 max: 59.1432787007302 mean: 32.057291360463
ExecutionTime = 4 s  ClockTime = 5 s

Time = 400

U0 initRes: 1.467978485286402e-06 finalRes: 1.262585832332122e-07 nIters: 6
U1 initRes: 6.482545860567881e-07 finalRes: 5.66830212537501e-08 nIters: 6
U2 initRes: 1.79497886573382e-06 finalRes: 1.729976152395564e-07 nIters: 5
p initRes: 5.543342875514043e-07 finalRes: 4.605527007933211e-08 nIters: 4
Time step continuity errors : sum local = 1.449657778655464e-09
                                 global = 3.014223275863785e-10
                             cumulative = 1.798043108976686e-05
nuTilda initRes: 2.558718635582367e-08 finalRes: 2.162200671927841e-09 nIters: 4
Bounding nuTilda>1e-16
CD: 0.01815042307834376 final: 0.01815042307834376
CL: 0.5166014392138453 final: 0.5166014392138453
yPlus min: 4.868963754673395 max: 59.152834919251 mean: 32.05737300074422
ExecutionTime = 5.02 s  ClockTime = 7 s

Time = 500

U0 initRes: 3.12554507326248e-07 finalRes: 2.688480774605037e-08 nIters: 6
U1 initRes: 1.338749233022401e-07 finalRes: 1.180105588730713e-08 nIters: 6
U2 initRes: 3.97817309845847e-07 finalRes: 3.930740809632874e-08 nIters: 5
p initRes: 1.08187180673023e-07 finalRes: 9.821105084526445e-09 nIters: 4
Time step continuity errors : sum local = 3.091499117058414e-10
                                 global = 5.892824059065837e-11
                             cumulative = 1.798049001800745e-05
nuTilda initRes: 4.818127791679045e-09 finalRes: 4.437822651738176e-10 nIters: 4
Bounding nuTilda>1e-16
CD: 0.01814696746490167 final: 0.01814696746490167
CL: 0.5166706835971222 final: 0.5166706835971222
yPlus min: 4.868703526553765 max: 59.1548202772336 mean: 32.05740483371883
ExecutionTime = 6.05 s  ClockTime = 8 s

Time = 600

U0 initRes: 6.951418482869257e-08 finalRes: 6.034074465329325e-09 nIters: 6
U1 initRes: 3.08124722768682e-08 finalRes: 2.690620374412649e-09 nIters: 6
U2 initRes: 1.341479106709519e-07 finalRes: 9.571164313030902e-09 nIters: 6
p initRes: 2.637495932486663e-08 finalRes: 2.211354954678535e-09 nIters: 4
Time step continuity errors : sum local = 6.960995068436192e-11
                                 global = 1.218967712268184e-11
                             cumulative = 1.798050220768457e-05
nuTilda initRes: 8.682447385356171e-10 finalRes: 8.632867653922425e-11 nIters: 4
Bounding nuTilda>1e-16
CD: 0.01814625817284764 final: 0.01814625817284764
CL: 0.5166857270026636 final: 0.5166857270026636
yPlus min: 4.868636677466098 max: 59.15524144326125 mean: 32.05742770499403
ExecutionTime = 7.09 s  ClockTime = 9 s

Time = 700

U0 initRes: 1.490948432847236e-08 finalRes: 1.288238311039681e-09 nIters: 6
U1 initRes: 6.518362212508232e-09 finalRes: 5.722077658503412e-10 nIters: 6
U2 initRes: 9.484745228742095e-08 finalRes: 7.400546701590949e-09 nIters: 6
p initRes: 5.443825883366871e-09 finalRes: 4.738976418736167e-10 nIters: 4
Time step continuity errors : sum local = 1.491763980492253e-11
                                 global = 2.783264272963751e-12
                             cumulative = 1.798050499094885e-05
nuTilda initRes: 2.12530761904601e-10 finalRes: 1.965782252264135e-11 nIters: 4
Bounding nuTilda>1e-16
CD: 0.01814609895901298 final: 0.01814609895901298
CL: 0.5166890255023899 final: 0.5166890255023899
yPlus min: 4.868623018951207 max: 59.1553353640907 mean: 32.0574314221949
ExecutionTime = 8.130000000000001 s  ClockTime = 11 s

Time = 800

U0 initRes: 3.315759235060384e-09 finalRes: 2.863787251486256e-10 nIters: 6
U1 initRes: 1.440506913762544e-09 finalRes: 1.264355193102252e-10 nIters: 6
U2 initRes: 8.279880776622334e-08 finalRes: 6.617001709593972e-09 nIters: 6
p initRes: 1.190285897491753e-09 finalRes: 1.048937430657765e-10 nIters: 4
Time step continuity errors : sum local = 3.301914885892093e-12
                                 global = 5.897622922219316e-13
                             cumulative = 1.798050558071114e-05
nuTilda initRes: 4.595209848943725e-11 finalRes: 4.376911011245003e-12 nIters: 4
Bounding nuTilda>1e-16
CD: 0.01814606493735019 final: 0.01814606493735019
CL: 0.5166897491824034 final: 0.5166897491824034
yPlus min: 4.868619693988208 max: 59.15535564811913 mean: 32.05743233939611
ExecutionTime = 9.16 s  ClockTime = 12 s

Time = 900

U0 initRes: 7.205643693213718e-10 finalRes: 6.226892161450108e-11 nIters: 6
U1 initRes: 3.144329126295171e-10 finalRes: 2.758148289824802e-11 nIters: 6
U2 initRes: 7.735887201665409e-08 finalRes: 6.145902305204039e-09 nIters: 6
p initRes: 2.614845041791736e-10 finalRes: 2.282227505267617e-11 nIters: 4
Time step continuity errors : sum local = 7.183627190726386e-13
                                 global = 1.306484632409272e-13
                             cumulative = 1.79805057113596e-05
nuTilda initRes: 1.013210094416302e-11 finalRes: 9.496423262763192e-13 nIters: 4
Bounding nuTilda>1e-16
CD: 0.01814605738603572 final: 0.01814605738603572
CL: 0.5166899072479541 final: 0.5166899072479541
yPlus min: 4.868619005246714 max: 59.15536010398639 mean: 32.05743251910688
ExecutionTime = 10.2 s  ClockTime = 14 s

Time = 1000

U0 initRes: 1.573174433790038e-10 finalRes: 1.359226382902262e-11 nIters: 6
U1 initRes: 6.85771836677925e-11 finalRes: 6.016853767309226e-12 nIters: 6
U2 initRes: 7.469205759730454e-08 finalRes: 5.922296440218776e-09 nIters: 6
p initRes: 5.688027096881524e-11 finalRes: 4.98354027176322e-12 nIters: 4
Time step continuity errors : sum local = 1.569255473671888e-13
                                 global = 2.843004631132041e-14
                             cumulative = 1.798050573978965e-05
nuTilda initRes: 2.206481873143282e-12 finalRes: 2.073134737748795e-13 nIters: 4
Bounding nuTilda>1e-16
CD: 0.01814605574287897 final: 0.01814605574287897
CL: 0.5166899417446844 final: 0.5166899417446844
yPlus min: 4.868618853329836 max: 59.15536107581221 mean: 32.05743255913267
ExecutionTime = 11.23 s  ClockTime = 15 s

Time = 1100

U0 initRes: 3.435584478473265e-11 finalRes: 2.968247365053067e-12 nIters: 6
U1 initRes: 1.496546857977065e-11 finalRes: 1.313209624682701e-12 nIters: 6
U2 initRes: 7.383520691098238e-08 finalRes: 5.87043780302648e-09 nIters: 6
p initRes: 1.245609152352358e-11 finalRes: 1.087712897002928e-12 nIters: 4
Time step continuity errors : sum local = 3.439608383146073e-14
                                 global = 6.212960380583693e-15
                             cumulative = 1.798050574600261e-05
nuTilda initRes: 4.8367211044865e-13 finalRes: 4.539873076669874e-14 nIters: 4
Bounding nuTilda>1e-16
CD: 0.0181460553841153 final: 0.0181460553841153
CL: 0.5166899492770393 final: 0.5166899492770393
yPlus min: 4.868618820137359 max: 59.15536128795023 mean: 32.05743256780256
ExecutionTime = 12.31 s  ClockTime = 16 s

Time = 1182
Minimal residual 9.861938036108309e-12 satisfied the prescribed tolerance 9.999999999999999e-12

CD: 0.01814605531269509 final: 0.01814605531269509
CL: 0.5166899507763271 final: 0.5166899507763271
End

Printing Primal Residual Statistics.
U Residual Norm2: (1.422603673981664e-06 1.430585054266117e-06 1.192860798580798e-12)
U Residual Mean: (7.040831883460953e-09 2.306542298399461e-09 4.046959451581634e-15)
U Residual Max: (1.751423042151146e-07 2.857213985407725e-07 1.550848343161909e-13)
p Residual Norm2: 2.148556443814605e-07
p Residual Mean: 1.063452658386797e-10
p Residual Max: 6.846409327584203e-08
nuTilda Residual Norm2: 2.005409907605555e-10
nuTilda Residual Mean: 3.97663229205354e-13
nuTilda Residual Max: 1.914065110112242e-11
phi Residual Norm2: 1.003052439790877e-09
phi Residual Mean: 1.619926360212288e-12
phi Residual Max: 1.27729715551231e-10
Total Residual Norm2: 2.028925529675892e-06
 
 
CHECKALL8REF BASELINE_CD 1.814605531269509e-02
Computing d[CD]/d[aero_states]^T * psi 13.15 s
Computing d[CD]/d[aero_vol_coords]^T * psi 13.2 s
Computing d[CD]/d[patchV]^T * psi 13.54 s
Checking if Coloring file exists..
dRdWColoring_4.bin exists.
Moving time 1182 to 0.0001
Driver total derivatives for iteration: 1
---------------------------------------------
Computing dRdWTPC 13.89 s
Initializing dRdWCon. 13.89 s
dRdWCon Created. 15.27 s
Reading Coloring dRdWColoring_4
Validating Coloring...
No Conflicting Colors Found!
Partial derivative matrix created. 15.32 s
dRdWTPC: 0 of 387, ExecutionTime: 15.34 s
dRdWTPC: 100 of 387, ExecutionTime: 16.82 s
dRdWTPC: 200 of 387, ExecutionTime: 18.31 s
dRdWTPC: 300 of 387, ExecutionTime: 19.77 s
dRdWTPC: 386 of 387, ExecutionTime: 21.01 s
Solver Type: gmres
GMRES Restart: 1000
ASM Overlap: 1
Global PC Iters: 0
Local PC Iters: 1
Mat ReOrdering: rcm
ILU PC Fill Level: 1
GMRES Max Iterations: 1000
GMRES Relative Tolerance: 1e-06
GMRES Absolute Tolerance: 1e-14
Solving Linear Equation... 20.84 s
Main iteration 0 KSP Residual norm 2.390047513303e-02 21.09 s. 
Main iteration 100 KSP Residual norm 6.427713108850e-03 25.92 s. 
Main iteration 200 KSP Residual norm 6.782303532298e-05 31.44 s. 
Main iteration 300 KSP Residual norm 3.904968309962e-08 37.63 s. 
Main iteration 306 KSP Residual norm 2.175846426188e-08 38.04 s 
**Completed**! Total iterations: 306. PetscConvergedReason: 2. 38.04 s
Residual tolerance satisfied, solution finished!
Computing d[aero_residuals]/d[aero_vol_coords]^T * psi 38.14 s
Computing d[aero_residuals]/d[patchV]^T * psi 38.75 s
CHECKALL8REF ADJOINT idx=0 value=-3.303428495191058e-03
CHECKALL8REF ADJOINT idx=1 value=5.406882663766313e-03
CHECKALL8REF ADJOINT idx=2 value=6.395490541717652e-03
CHECKALL8REF ADJOINT idx=3 value=1.574075053000589e-02
CHECKALL8REF ADJOINT idx=4 value=2.841166531958265e-02
CHECKALL8REF ADJOINT idx=5 value=3.442894143928307e-02
CHECKALL8REF ADJOINT idx=6 value=-1.775589463845267e-03
CHECKALL8REF ADJOINT idx=7 value=-7.603380869596766e-04
/home/dafoamuser/dafoam/packages/miniconda3/lib/python3.10/site-packages/openmdao/core/problem.py:1011: DerivativesWarning:Inefficient choice of derivative mode.  You chose 'rev' for a problem with 10 design variables and 25 response variables (objectives and nonlinear constraints).
/home/dafoamuser/dafoam/packages/miniconda3/lib/python3.10/site-packages/openmdao/core/problem.py:1011: DerivativesWarning:Inefficient choice of derivative mode.  You chose 'rev' for a problem with 10 design variables and 25 response variables (objectives and nonlinear constraints).
/home/dafoamuser/dafoam/packages/miniconda3/lib/python3.10/site-packages/openmdao/core/problem.py:1011: DerivativesWarning:Inefficient choice of derivative mode.  You chose 'rev' for a problem with 10 design variables and 25 response variables (objectives and nonlinear constraints).
/home/dafoamuser/dafoam/packages/miniconda3/lib/python3.10/site-packages/openmdao/core/problem.py:1011: DerivativesWarning:Inefficient choice of derivative mode.  You chose 'rev' for a problem with 10 design variables and 25 response variables (objectives and nonlinear constraints).
DAInputVolCoord. 
Setting volume coordinates. 
DAInputPatchVelocity. 
Setting UMag = 10 AoA = 5.13918623195176 degs at 1(inout)
Checking mesh quality for time = 1182
    Overall domain bounding box (-17.97860100367298 -19.32943184988483 0) (19.10692386450122 19.32947306862753 0.1)
    Mesh has 3 geometric (non-empty/wedge) directions (1 1 1)
    Mesh has 3 solution (non-empty) directions (1 1 1)
    Boundary openness (7.289922034144972e-19 2.798537015200005e-19 -1.276791212146144e-15) OK.
    Max cell openness = 3.324135200730148e-16 OK.
    Max aspect ratio = 167.4971794448323 OK.
    Minimum face area = 9.683111132193945e-07. Maximum face area = 1.867132139926931.  Face area magnitudes OK.
    Min volume = 9.683111138095035e-08. Max volume = 0.1867132139894545.  Total volume = 112.3943463912681.  Cell volumes OK.
    Mesh non-orthogonality Max: 26.95959979085254 average: 1.896912614915501
    Non-orthogonality check OK.
    Face pyramids OK.
    Max skewness = 0.8620397861572704 OK.
    Coupled point location match (average 0) OK.

Mesh OK.

Running Primal Solver 002
Previous solution time 1182 found and deleted.
No finite volume options present

Starting time loop

Time = 1

U0 initRes: 6.702693592605539e-07 finalRes: 5.116453961267153e-08 nIters: 7
U1 initRes: 5.059137371327783e-07 finalRes: 3.776254708416851e-08 nIters: 7
U2 initRes: 0.9902737698022716 finalRes: 0.07576781475043 nIters: 7
p initRes: 4.263952329240781e-05 finalRes: 3.163197728112155e-06 nIters: 6
Time step continuity errors : sum local = 9.957237658334814e-08
                                 global = -2.493696612164691e-09
                             cumulative = 1.797801204939045e-05
nuTilda initRes: 1.954443525287475e-07 finalRes: 1.463670453682533e-08 nIters: 2
Bounding nuTilda>1e-16
CD: 0.01804586667521502 final: 0.01804586667521502
CL: 0.5176305498522173 final: 0.5176305498522173
yPlus min: 4.867601837737904 max: 59.15498655264054 mean: 32.0573238091079
ExecutionTime = 39.43 s  ClockTime = 53 s

Time = 100

U0 initRes: 2.206087728445505e-07 finalRes: 1.676801213550173e-08 nIters: 6
U1 initRes: 1.041965832035535e-07 finalRes: 9.066492785554761e-09 nIters: 6
U2 initRes: 2.809325828653448e-05 finalRes: 2.104913154633791e-06 nIters: 1
p initRes: 5.860868352107121e-07 finalRes: 5.121969429985232e-08 nIters: 2
Time step continuity errors : sum local = 1.61197386565004e-09
                                 global = 1.905317116162742e-10
                             cumulative = 1.797820258110206e-05
nuTilda initRes: 4.877384546250484e-08 finalRes: 4.495117271782131e-09 nIters: 2
Bounding nuTilda>1e-16
CD: 0.01814638851087062 final: 0.01814638851087062
CL: 0.5167801561915948 final: 0.5167801561915948
yPlus min: 4.868622731174709 max: 59.15339218759451 mean: 32.0577212445483
ExecutionTime = 40.5 s  ClockTime = 54 s

Time = 200

U0 initRes: 2.84676663086344e-08 finalRes: 2.600774993226351e-09 nIters: 6
U1 initRes: 1.648889135102386e-08 finalRes: 1.357504857287911e-09 nIters: 6
U2 initRes: 5.36378120959938e-09 finalRes: 5.205204061358582e-10 nIters: 4
p initRes: 4.4781239778362e-08 finalRes: 4.342895232329693e-09 nIters: 2
Time step continuity errors : sum local = 1.36679647145012e-10
                                 global = -3.577529660837761e-12
                             cumulative = 1.79781990035724e-05
nuTilda initRes: 3.921726033386268e-10 finalRes: 2.728289040054087e-11 nIters: 4
Bounding nuTilda>1e-16
CD: 0.0181458669014461 final: 0.0181458669014461
CL: 0.5167856856923206 final: 0.5167856856923206
yPlus min: 4.868649395846744 max: 59.15360689969152 mean: 32.05771150571358
ExecutionTime = 41.57 s  ClockTime = 55 s

Time = 300

U0 initRes: 6.782419651252216e-09 finalRes: 5.662872878725308e-10 nIters: 6
U1 initRes: 2.968787276084329e-09 finalRes: 2.605011232837389e-10 nIters: 6
U2 initRes: 9.146785846163099e-10 finalRes: 8.080102965195517e-11 nIters: 5
p initRes: 4.498102417062118e-09 finalRes: 3.15782773240039e-10 nIters: 3
Time step continuity errors : sum local = 9.938400171266953e-12
                                 global = -6.804528689961234e-13
                             cumulative = 1.797819832311953e-05
nuTilda initRes: 1.296874666652704e-10 finalRes: 1.117871325597218e-11 nIters: 4
Bounding nuTilda>1e-16
CD: 0.01814579929492274 final: 0.01814579929492274
CL: 0.5167872274494544 final: 0.5167872274494544
yPlus min: 4.868640254567238 max: 59.15364767832988 mean: 32.05771254759414
ExecutionTime = 42.63 s  ClockTime = 57 s

Time = 400

U0 initRes: 1.368371411686901e-09 finalRes: 1.178767658630859e-10 nIters: 6
U1 initRes: 5.955654986745262e-10 finalRes: 5.24133135542641e-11 nIters: 6
U2 initRes: 1.826710631477819e-10 finalRes: 1.626512353916651e-11 nIters: 5
p initRes: 5.70902922422426e-10 finalRes: 4.564148907222451e-11 nIters: 4
Time step continuity errors : sum local = 1.436443161854684e-12
                                 global = 1.338611147014386e-13
                             cumulative = 1.797819845698065e-05
nuTilda initRes: 2.190531089740194e-11 finalRes: 1.575244294985768e-12 nIters: 4
Bounding nuTilda>1e-16
CD: 0.0181457837653368 final: 0.0181457837653368
CL: 0.5167875325202389 final: 0.5167875325202389
yPlus min: 4.868639265891471 max: 59.15365690500344 mean: 32.05771275334765
ExecutionTime = 43.71 s  ClockTime = 58 s

Time = 500

U0 initRes: 3.315261684714824e-10 finalRes: 2.873603335145905e-11 nIters: 6
U1 initRes: 1.441006389238903e-10 finalRes: 1.261262654606182e-11 nIters: 6
U2 initRes: 4.286071180735657e-11 finalRes: 3.920412221516452e-12 nIters: 5
p initRes: 1.205093645544077e-10 finalRes: 1.067030205589113e-11 nIters: 4
Time step continuity errors : sum local = 3.359275430871433e-13
                                 global = 2.356897990274632e-14
                             cumulative = 1.797819848054963e-05
nuTilda initRes: 3.805388622962629e-12 finalRes: 2.687156274710473e-13 nIters: 5
Bounding nuTilda>1e-16
CD: 0.01814578074365077 final: 0.01814578074365077
CL: 0.5167876034834741 final: 0.5167876034834741
yPlus min: 4.868638820550758 max: 59.1536588263909 mean: 32.05771288695101
ExecutionTime = 44.78 s  ClockTime = 60 s

Time = 600

U0 initRes: 6.90238788410617e-11 finalRes: 5.963391814590854e-12 nIters: 6
U1 initRes: 3.025105899134065e-11 finalRes: 2.655332632052129e-12 nIters: 6
U2 initRes: 1.008872115193507e-11 finalRes: 9.286626378355755e-13 nIters: 5
p initRes: 2.531303887165537e-11 finalRes: 2.238944049181185e-12 nIters: 4
Time step continuity errors : sum local = 7.056419309909555e-14
                                 global = 6.586096141924999e-15
                             cumulative = 1.797819848713572e-05
nuTilda initRes: 1.025295375957182e-12 finalRes: 9.114468626871534e-14 nIters: 4
Bounding nuTilda>1e-16
CD: 0.01814577998329512 final: 0.01814577998329512
CL: 0.5167876188370429 final: 0.5167876188370429
yPlus min: 4.868638763405831 max: 59.15365926610371 mean: 32.05771290008799
ExecutionTime = 45.88 s  ClockTime = 61 s

Time = 674
Minimal residual 9.97891338791848e-12 satisfied the prescribed tolerance 9.999999999999999e-12

CD: 0.01814577984732156 final: 0.01814577984732156
CL: 0.5167876217361165 final: 0.5167876217361165
End

Printing Primal Residual Statistics.
U Residual Norm2: (3.275535565424262e-06 3.305561327836311e-06 2.760547671132395e-11)
U Residual Mean: (1.620808274587191e-08 5.326864988300809e-09 1.27407708648722e-13)
U Residual Max: (4.042831278638914e-07 6.606542228837498e-07 1.420533513127739e-12)
p Residual Norm2: 4.969101879227373e-07
p Residual Mean: 2.458009928278862e-10
p Residual Max: 1.583827908329086e-07
nuTilda Residual Norm2: 4.535098775136297e-10
nuTilda Residual Mean: 9.028071336069215e-13
nuTilda Residual Max: 4.301795398843134e-11
phi Residual Norm2: 2.31247437097529e-09
phi Residual Mean: 3.735138855457581e-12
phi Residual Max: 2.962266794993877e-10
Total Residual Norm2: 4.680042117468452e-06
 
 
/home/dafoamuser/dafoam/packages/miniconda3/lib/python3.10/site-packages/openmdao/core/problem.py:1011: DerivativesWarning:Inefficient choice of derivative mode.  You chose 'rev' for a problem with 10 design variables and 25 response variables (objectives and nonlinear constraints).
/home/dafoamuser/dafoam/packages/miniconda3/lib/python3.10/site-packages/openmdao/core/problem.py:1011: DerivativesWarning:Inefficient choice of derivative mode.  You chose 'rev' for a problem with 10 design variables and 25 response variables (objectives and nonlinear constraints).
/home/dafoamuser/dafoam/packages/miniconda3/lib/python3.10/site-packages/openmdao/core/problem.py:1011: DerivativesWarning:Inefficient choice of derivative mode.  You chose 'rev' for a problem with 10 design variables and 25 response variables (objectives and nonlinear constraints).
/home/dafoamuser/dafoam/packages/miniconda3/lib/python3.10/site-packages/openmdao/core/problem.py:1011: DerivativesWarning:Inefficient choice of derivative mode.  You chose 'rev' for a problem with 10 design variables and 25 response variables (objectives and nonlinear constraints).
DAInputVolCoord. 
Setting volume coordinates. 
DAInputPatchVelocity. 
Setting UMag = 10 AoA = 5.13918623195176 degs at 1(inout)
Checking mesh quality for time = 674
    Overall domain bounding box (-17.9786016663559 -19.3294730403447 0) (19.10692340258389 19.32943187442384 0.1)
    Mesh has 3 geometric (non-empty/wedge) directions (1 1 1)
    Mesh has 3 solution (non-empty) directions (1 1 1)
    Boundary openness (-6.573130713287965e-19 -7.015406329727294e-20 -8.057997269692381e-16) OK.
    Max cell openness = 3.233240418051195e-16 OK.
    Max aspect ratio = 167.4971800374037 OK.
    Minimum face area = 9.683111138475012e-07. Maximum face area = 1.867132164206224.  Face area magnitudes OK.
    Min volume = 9.683111144195898e-08. Max volume = 0.1867132164151015.  Total volume = 112.3943434613528.  Cell volumes OK.
    Mesh non-orthogonality Max: 26.95960025210534 average: 1.896556138571455
    Non-orthogonality check OK.
    Face pyramids OK.
    Max skewness = 0.8620393846183397 OK.
    Coupled point location match (average 0) OK.

Mesh OK.

Running Primal Solver 003
Previous solution time 674 found and deleted.
No finite volume options present

Starting time loop

Time = 1

U0 initRes: 1.340320795180761e-06 finalRes: 1.023115872401802e-07 nIters: 7
U1 initRes: 1.011365003224963e-06 finalRes: 7.548874433652e-08 nIters: 7
U2 initRes: 0.001863230192651199 finalRes: 0.0001425579949645873 nIters: 7
p initRes: 8.529188085264231e-05 finalRes: 8.311259475809056e-06 nIters: 5
Time step continuity errors : sum local = 2.615752504148968e-07
                                 global = 4.359327031241105e-08
                             cumulative = 1.802179175744813e-05
nuTilda initRes: 3.906513101235423e-07 finalRes: 2.954380165787179e-08 nIters: 2
Bounding nuTilda>1e-16
CD: 0.01835032637830944 final: 0.01835032637830944
CL: 0.5149554133132681 final: 0.5149554133132681
yPlus min: 4.870711794387828 max: 59.1544192211275 mean: 32.05793398291362
ExecutionTime = 47.11 s  ClockTime = 63 s

Time = 100

U0 initRes: 4.387561199118397e-07 finalRes: 3.332375124608675e-08 nIters: 6
U1 initRes: 2.058048802164076e-07 finalRes: 1.815878198116192e-08 nIters: 6
U2 initRes: 5.633783332549167e-05 finalRes: 4.225563981444557e-06 nIters: 1
p initRes: 1.206640190361358e-06 finalRes: 1.03015002117211e-07 nIters: 2
Time step continuity errors : sum local = 3.243489297161201e-09
                                 global = -4.997132542090496e-10
                             cumulative = 1.802129204419392e-05
nuTilda initRes: 9.721559172006397e-08 finalRes: 8.88423794879035e-09 nIters: 2
Bounding nuTilda>1e-16
CD: 0.01814511836035254 final: 0.01814511836035254
CL: 0.5166073488833283 final: 0.5166073488833283
yPlus min: 4.868639064136168 max: 59.15759679927913 mean: 32.05713470921498
ExecutionTime = 48.19 s  ClockTime = 64 s

Time = 200

U0 initRes: 5.668409472518635e-08 finalRes: 5.207889776125269e-09 nIters: 6
U1 initRes: 3.26543821930666e-08 finalRes: 2.702722527424755e-09 nIters: 6
U2 initRes: 1.066019935191175e-08 finalRes: 1.03854533927952e-09 nIters: 4
p initRes: 7.71117771348401e-08 finalRes: 5.604885895957279e-09 nIters: 2
Time step continuity errors : sum local = 1.764706825187338e-10
                                 global = -7.03482320259256e-12
                             cumulative = 1.802128500937072e-05
nuTilda initRes: 7.720604204410701e-10 finalRes: 5.388231326658035e-11 nIters: 4
Bounding nuTilda>1e-16
CD: 0.0181461566905247 final: 0.0181461566905247
CL: 0.5165961293941057 final: 0.5165961293941057
yPlus min: 4.868577689351344 max: 59.15716800396465 mean: 32.05715426297486
ExecutionTime = 49.2 s  ClockTime = 66 s

Time = 300

U0 initRes: 1.358712780115717e-08 finalRes: 1.13550107424935e-09 nIters: 6
U1 initRes: 5.951303821368519e-09 finalRes: 5.228439195052988e-10 nIters: 6
U2 initRes: 1.832145442501585e-09 finalRes: 1.6182330622665e-10 nIters: 5
p initRes: 9.039041932054791e-09 finalRes: 8.268495317674451e-10 nIters: 2
Time step continuity errors : sum local = 2.603348790839397e-11
                                 global = -2.273161319607553e-12
                             cumulative = 1.80212827362094e-05
nuTilda initRes: 2.592984664159055e-10 finalRes: 2.237278817609501e-11 nIters: 4
Bounding nuTilda>1e-16
CD: 0.01814629263936304 final: 0.01814629263936304
CL: 0.5165930529236901 final: 0.5165930529236901
yPlus min: 4.868595862658419 max: 59.15708635381034 mean: 32.05715223768508
ExecutionTime = 50.17 s  ClockTime = 67 s

Time = 400

U0 initRes: 2.737493644144907e-09 finalRes: 2.358066609266291e-10 nIters: 6
U1 initRes: 1.190186457705104e-09 finalRes: 1.04750992232172e-10 nIters: 6
U2 initRes: 3.652515342166149e-10 finalRes: 3.249761932624433e-11 nIters: 5
p initRes: 1.122283744818199e-09 finalRes: 8.905043317573014e-11 nIters: 4
Time step continuity errors : sum local = 2.803775156554023e-12
                                 global = -3.966850068013793e-13
                             cumulative = 1.802128233952439e-05
nuTilda initRes: 4.393791021802941e-11 finalRes: 3.156832764785897e-12 nIters: 4
Bounding nuTilda>1e-16
CD: 0.01814632366296887 final: 0.01814632366296887
CL: 0.5165924401398394 final: 0.5165924401398394
yPlus min: 4.868597821310802 max: 59.15706789355885 mean: 32.05715185119876
ExecutionTime = 51.16 s  ClockTime = 68 s

Time = 500

U0 initRes: 6.629244003932927e-10 finalRes: 5.746195218242445e-11 nIters: 6
U1 initRes: 2.882937591312781e-10 finalRes: 2.523253907972628e-11 nIters: 6
U2 initRes: 8.478345300027435e-11 finalRes: 7.72852709682271e-12 nIters: 5
p initRes: 2.388382563391532e-10 finalRes: 2.098588979902487e-11 nIters: 4
Time step continuity errors : sum local = 6.607462021274205e-13
                                 global = -1.061700191085031e-13
                             cumulative = 1.802128223335437e-05
nuTilda initRes: 7.615899383097472e-12 finalRes: 5.366326111385031e-13 nIters: 5
Bounding nuTilda>1e-16
CD: 0.01814632971832382 final: 0.01814632971832382
CL: 0.5165922985075383 final: 0.5165922985075383
yPlus min: 4.868598706696498 max: 59.15706405290579 mean: 32.05715158506884
ExecutionTime = 52.18 s  ClockTime = 70 s

Time = 600

U0 initRes: 1.380815835516991e-10 finalRes: 1.192906717548144e-11 nIters: 6
U1 initRes: 6.053266884851578e-11 finalRes: 5.313232382252329e-12 nIters: 6
U2 initRes: 1.91199288684824e-11 finalRes: 1.729800841574443e-12 nIters: 5
p initRes: 5.023589306392734e-11 finalRes: 4.381863032125609e-12 nIters: 4
Time step continuity errors : sum local = 1.380385539391977e-13
                                 global = -2.630552784742681e-14
                             cumulative = 1.802128220704885e-05
nuTilda initRes: 2.049006310357146e-12 finalRes: 1.82251041213722e-13 nIters: 4
Bounding nuTilda>1e-16
CD: 0.0181463312370527 final: 0.0181463312370527
CL: 0.5165922678093984 final: 0.5165922678093984
yPlus min: 4.868598820943417 max: 59.15706317399668 mean: 32.05715155868415
ExecutionTime = 53.21 s  ClockTime = 71 s

Time = 700

U0 initRes: 3.074810804155505e-11 finalRes: 2.655236814185698e-12 nIters: 6
U1 initRes: 1.335331052559225e-11 finalRes: 1.172327713348366e-12 nIters: 6
U2 initRes: 5.017669650373784e-12 finalRes: 4.785729953947809e-13 nIters: 5
p initRes: 1.102526797038076e-11 finalRes: 9.726888368491643e-13 nIters: 4
Time step continuity errors : sum local = 3.09145142869006e-14
                                 global = -5.458990335508749e-15
                             cumulative = 1.802128220158985e-05
nuTilda initRes: 4.280067020943945e-13 finalRes: 4.063742854010293e-14 nIters: 4
Bounding nuTilda>1e-16
CD: 0.01814633155229243 final: 0.01814633155229243
CL: 0.5165922611002333 final: 0.5165922611002333
yPlus min: 4.868598851950713 max: 59.1570629862486 mean: 32.057151550341
ExecutionTime = 54.23 s  ClockTime = 72 s

Time = 719
Minimal residual 9.965619969168493e-12 satisfied the prescribed tolerance 9.999999999999999e-12

CD: 0.01814633157486243 final: 0.01814633157486243
CL: 0.5165922606295089 final: 0.5165922606295089
End

Printing Primal Residual Statistics.
U Residual Norm2: (3.291310035817081e-06 3.330400515330127e-06 2.79634235437806e-11)
U Residual Mean: (1.631226708479088e-08 5.346392308317418e-09 1.291602318532388e-13)
U Residual Max: (4.079220161656849e-07 6.659074642811902e-07 1.423478176522499e-12)
p Residual Norm2: 4.998881498130781e-07
p Residual Mean: 2.468498550621229e-10
p Residual Max: 1.595092621348841e-07
nuTilda Residual Norm2: 4.714908652369416e-10
nuTilda Residual Mean: 9.337446280487152e-13
nuTilda Residual Max: 4.496795993831194e-11
phi Residual Norm2: 2.328553192527523e-09
phi Residual Mean: 3.760253190865088e-12
phi Residual Max: 2.97549499494432e-10
Total Residual Norm2: 4.708947138368673e-06
 
 
CHECKALL8REF FD idx=0 h=1.0e-04 CD_plus=1.814577984732156e-02 CD_minus=1.814633157486243e-02 fd=-2.758637704380895e-03 adjoint=-3.303428495191058e-03 relerr=1.974854e-01
/home/dafoamuser/dafoam/packages/miniconda3/lib/python3.10/site-packages/openmdao/core/problem.py:1011: DerivativesWarning:Inefficient choice of derivative mode.  You chose 'rev' for a problem with 10 design variables and 25 response variables (objectives and nonlinear constraints).
/home/dafoamuser/dafoam/packages/miniconda3/lib/python3.10/site-packages/openmdao/core/problem.py:1011: DerivativesWarning:Inefficient choice of derivative mode.  You chose 'rev' for a problem with 10 design variables and 25 response variables (objectives and nonlinear constraints).
/home/dafoamuser/dafoam/packages/miniconda3/lib/python3.10/site-packages/openmdao/core/problem.py:1011: DerivativesWarning:Inefficient choice of derivative mode.  You chose 'rev' for a problem with 10 design variables and 25 response variables (objectives and nonlinear constraints).
/home/dafoamuser/dafoam/packages/miniconda3/lib/python3.10/site-packages/openmdao/core/problem.py:1011: DerivativesWarning:Inefficient choice of derivative mode.  You chose 'rev' for a problem with 10 design variables and 25 response variables (objectives and nonlinear constraints).
DAInputVolCoord. 
Setting volume coordinates. 
DAInputPatchVelocity. 
Setting UMag = 10 AoA = 5.13918623195176 degs at 1(inout)
Checking mesh quality for time = 719
    Overall domain bounding box (-17.97860166803363 -19.32943188458521 0) (19.10692340233037 19.3294730340626 0.1)
    Mesh has 3 geometric (non-empty/wedge) directions (1 1 1)
    Mesh has 3 solution (non-empty) directions (1 1 1)
    Boundary openness (-5.65807771638456e-19 -3.111180199844879e-19 1.755779824366762e-16) OK.
    Max cell openness = 3.339793717331654e-16 OK.
    Max aspect ratio = 167.4971792379077 OK.
    Minimum face area = 9.68311113770496e-07. Maximum face area = 1.867132152631796.  Face area magnitudes OK.
    Min volume = 9.683111143417046e-08. Max volume = 0.1867132152598764.  Total volume = 112.3943434878279.  Cell volumes OK.
    Mesh non-orthogonality Max: 26.95959980462621 average: 1.896556270151143
    Non-orthogonality check OK.
    Face pyramids OK.
    Max skewness = 0.8620398439714883 OK.
    Coupled point location match (average 0) OK.

Mesh OK.

Running Primal Solver 004
Previous solution time 719 found and deleted.
No finite volume options present

Starting time loop

Time = 1

U0 initRes: 1.454510339729482e-06 finalRes: 1.108674156119428e-07 nIters: 7
U1 initRes: 1.064521459617924e-06 finalRes: 7.923111478113051e-08 nIters: 7
U2 initRes: 0.001652200348868854 finalRes: 0.0001271859455591353 nIters: 7
p initRes: 9.231995466660909e-05 finalRes: 5.530130403297414e-06 nIters: 6
Time step continuity errors : sum local = 1.741154145670844e-07
                                 global = 1.24881733578558e-08
                             cumulative = 1.803377037494771e-05
nuTilda initRes: 4.298138002264363e-07 finalRes: 3.438995240088149e-08 nIters: 2
Bounding nuTilda>1e-16
CD: 0.01839933212486319 final: 0.01839933212486319
CL: 0.5185059752138363 final: 0.5185059752138363
yPlus min: 4.866159178440489 max: 59.15541471976448 mean: 32.05716192542921
ExecutionTime = 54.83 s  ClockTime = 73 s

Time = 100

U0 initRes: 5.282043313391081e-07 finalRes: 3.867217446294995e-08 nIters: 6
U1 initRes: 1.993950222680195e-07 finalRes: 1.732656211582056e-08 nIters: 6
U2 initRes: 5.764271105422156e-05 finalRes: 4.273939549420702e-06 nIters: 1
p initRes: 1.439675580926273e-06 finalRes: 1.161810018087773e-07 nIters: 2
Time step continuity errors : sum local = 3.657731404945088e-09
                                 global = 2.639925988865668e-10
                             cumulative = 1.80340343675466e-05
nuTilda initRes: 1.263744252948375e-07 finalRes: 1.090074298738185e-08 nIters: 2
Bounding nuTilda>1e-16
CD: 0.01814804428258713 final: 0.01814804428258713
CL: 0.5167890563455381 final: 0.5167890563455381
yPlus min: 4.868585807525773 max: 59.14384577841974 mean: 32.05814584756045
ExecutionTime = 55.81 s  ClockTime = 74 s

Time = 200

U0 initRes: 6.727245554577637e-08 finalRes: 6.242417218576907e-09 nIters: 6
U1 initRes: 3.974720235004352e-08 finalRes: 3.268279473522464e-09 nIters: 6
U2 initRes: 1.068408128074097e-08 finalRes: 1.052603721433675e-09 nIters: 4
p initRes: 1.076543752530059e-07 finalRes: 1.009580577625181e-08 nIters: 2
Time step continuity errors : sum local = 3.178507509712263e-10
                                 global = 3.752496890188975e-11
                             cumulative = 1.80340718925155e-05
nuTilda initRes: 8.631661480706812e-10 finalRes: 6.331785524453632e-11 nIters: 4
Bounding nuTilda>1e-16
CD: 0.01814689742788086 final: 0.01814689742788086
CL: 0.5168018314376345 final: 0.5168018314376345
yPlus min: 4.868641190073188 max: 59.14432981402599 mean: 32.05814401207471
ExecutionTime = 56.76 s  ClockTime = 76 s

Time = 300

U0 initRes: 1.55291654281165e-08 finalRes: 1.299618017441902e-09 nIters: 6
U1 initRes: 6.810003827332501e-09 finalRes: 6.034346744999838e-10 nIters: 6
U2 initRes: 1.876441167940136e-09 finalRes: 1.610902195486192e-10 nIters: 5
p initRes: 9.281732103486153e-09 finalRes: 7.209398749987394e-10 nIters: 3
Time step continuity errors : sum local = 2.269768310028792e-11
                                 global = -1.633616221062619e-12
                             cumulative = 1.803407025889927e-05
nuTilda initRes: 3.192227612575988e-10 finalRes: 2.637741151828956e-11 nIters: 4
Bounding nuTilda>1e-16
CD: 0.01814673512363774 final: 0.01814673512363774
CL: 0.5168054146532632 final: 0.5168054146532632
yPlus min: 4.868620363484806 max: 59.14442543739579 mean: 32.05814602872095
ExecutionTime = 57.77 s  ClockTime = 77 s

Time = 400

U0 initRes: 3.232638471436563e-09 finalRes: 2.779853874975505e-10 nIters: 6
U1 initRes: 1.397189762578362e-09 finalRes: 1.229294672865629e-10 nIters: 6
U2 initRes: 3.765947434378668e-10 finalRes: 3.314859706063295e-11 nIters: 5
p initRes: 1.359010454792237e-09 finalRes: 1.030735665002303e-10 nIters: 4
Time step continuity errors : sum local = 3.245178667718029e-12
                                 global = 2.940348741975388e-13
                             cumulative = 1.803407055293415e-05
nuTilda initRes: 5.097788684315222e-11 finalRes: 3.852760052954378e-12 nIters: 4
Bounding nuTilda>1e-16
CD: 0.01814669926365545 final: 0.01814669926365545
CL: 0.5168061254672951 final: 0.5168061254672951
yPlus min: 4.868617902615022 max: 59.14444641334732 mean: 32.05814646455233
ExecutionTime = 58.8 s  ClockTime = 78 s

Time = 500

U0 initRes: 7.502931178451738e-10 finalRes: 6.523351277751077e-11 nIters: 6
U1 initRes: 3.314076649717967e-10 finalRes: 2.892455506176625e-11 nIters: 6
U2 initRes: 8.530607531374938e-11 finalRes: 7.582761338119446e-12 nIters: 5
p initRes: 2.787134698783932e-10 finalRes: 2.437386249318108e-11 nIters: 4
Time step continuity errors : sum local = 7.673384463773888e-13
                                 global = 5.659303932754423e-14
                             cumulative = 1.803407060952719e-05
nuTilda initRes: 8.539082888312183e-12 finalRes: 6.078656599539892e-13 nIters: 5
Bounding nuTilda>1e-16
CD: 0.01814669212293002 final: 0.01814669212293002
CL: 0.5168062869306868 final: 0.5168062869306868
yPlus min: 4.868616991255633 max: 59.14445084660854 mean: 32.05814675051077
ExecutionTime = 59.83 s  ClockTime = 80 s

Time = 600

U0 initRes: 1.577120135008584e-10 finalRes: 1.361181173339833e-11 nIters: 6
U1 initRes: 6.884743765609026e-11 finalRes: 6.048895154496728e-12 nIters: 6
U2 initRes: 1.93107583970671e-11 finalRes: 1.710639719627082e-12 nIters: 5
p initRes: 5.787522250753299e-11 finalRes: 5.102704690600827e-12 nIters: 4
Time step continuity errors : sum local = 1.606280598541882e-13
                                 global = 1.499990633698083e-14
                             cumulative = 1.803407062452709e-05
nuTilda initRes: 2.363057752930344e-12 finalRes: 2.095558909119104e-13 nIters: 4
Bounding nuTilda>1e-16
CD: 0.01814669039375441 final: 0.01814669039375441
CL: 0.5168063220275207 final: 0.5168063220275207
yPlus min: 4.868616858407028 max: 59.14445185001841 mean: 32.05814678164838
ExecutionTime = 60.89 s  ClockTime = 81 s

Time = 700

U0 initRes: 3.516392703407753e-11 finalRes: 3.036299141271767e-12 nIters: 6
U1 initRes: 1.526446751369041e-11 finalRes: 1.340069441949882e-12 nIters: 6
U2 initRes: 4.995541387118392e-12 finalRes: 4.670732857062717e-13 nIters: 5
p initRes: 1.270884929951087e-11 finalRes: 1.131876701540105e-12 nIters: 4
Time step continuity errors : sum local = 3.574840468086216e-14
                                 global = 2.966509152307142e-15
                             cumulative = 1.80340706274936e-05
nuTilda initRes: 4.875234704401801e-13 finalRes: 4.640307473180716e-14 nIters: 4
Bounding nuTilda>1e-16
CD: 0.01814669003346712 final: 0.01814669003346712
CL: 0.5168063296933599 final: 0.5168063296933599
yPlus min: 4.868616822888357 max: 59.14445206458583 mean: 32.05814679125336
ExecutionTime = 61.91 s  ClockTime = 83 s

Time = 728
Minimal residual 9.909466562061998e-12 satisfied the prescribed tolerance 9.999999999999999e-12

CD: 0.01814668999778643 final: 0.01814668999778643
CL: 0.51680633043664 final: 0.51680633043664
End

Printing Primal Residual Statistics.
U Residual Norm2: (3.282712263528426e-06 3.317038992246055e-06 2.559209700948831e-11)
U Residual Mean: (1.626955923759799e-08 5.326211356725692e-09 1.172374737002425e-13)
U Residual Max: (4.06059371016454e-07 6.628697519772686e-07 1.511647152410513e-12)
p Residual Norm2: 4.983075140177458e-07
p Residual Mean: 2.461882087817667e-10
p Residual Max: 1.590170067981486e-07
nuTilda Residual Norm2: 4.701279696840263e-10
nuTilda Residual Mean: 9.313040465095844e-13
nuTilda Residual Max: 4.481850184454936e-11
phi Residual Norm2: 2.321366909671868e-09
phi Residual Mean: 3.748157982704744e-12
phi Residual Max: 2.966682419497871e-10
Total Residual Norm2: 4.693321155657983e-06
 
 
/home/dafoamuser/dafoam/packages/miniconda3/lib/python3.10/site-packages/openmdao/core/problem.py:1011: DerivativesWarning:Inefficient choice of derivative mode.  You chose 'rev' for a problem with 10 design variables and 25 response variables (objectives and nonlinear constraints).
/home/dafoamuser/dafoam/packages/miniconda3/lib/python3.10/site-packages/openmdao/core/problem.py:1011: DerivativesWarning:Inefficient choice of derivative mode.  You chose 'rev' for a problem with 10 design variables and 25 response variables (objectives and nonlinear constraints).
/home/dafoamuser/dafoam/packages/miniconda3/lib/python3.10/site-packages/openmdao/core/problem.py:1011: DerivativesWarning:Inefficient choice of derivative mode.  You chose 'rev' for a problem with 10 design variables and 25 response variables (objectives and nonlinear constraints).
/home/dafoamuser/dafoam/packages/miniconda3/lib/python3.10/site-packages/openmdao/core/problem.py:1011: DerivativesWarning:Inefficient choice of derivative mode.  You chose 'rev' for a problem with 10 design variables and 25 response variables (objectives and nonlinear constraints).
DAInputVolCoord. 
Setting volume coordinates. 
DAInputPatchVelocity. 
Setting UMag = 10 AoA = 5.13918623195176 degs at 1(inout)
Checking mesh quality for time = 728
    Overall domain bounding box (-17.97860100203251 -19.32947300753458 0) (19.10692386475387 19.32943190720071 0.1)
    Mesh has 3 geometric (non-empty/wedge) directions (1 1 1)
    Mesh has 3 solution (non-empty) directions (1 1 1)
    Boundary openness (2.028367426963019e-19 -6.809519219090133e-19 5.698874186187165e-17) OK.
    Max cell openness = 2.477552495431558e-16 OK.
    Max aspect ratio = 167.4971799295713 OK.
    Minimum face area = 9.683111134732084e-07. Maximum face area = 1.867132152425407.  Face area magnitudes OK.
    Min volume = 9.683111140642243e-08. Max volume = 0.1867132152370827.  Total volume = 112.3943463651376.  Cell volumes OK.
    Mesh non-orthogonality Max: 26.95960019178149 average: 1.896912484347511
    Non-orthogonality check OK.
    Face pyramids OK.
    Max skewness = 0.862039326244188 OK.
    Coupled point location match (average 0) OK.

Mesh OK.

Running Primal Solver 005
Previous solution time 728 found and deleted.
No finite volume options present

Starting time loop

Time = 1

U0 initRes: 1.787392218788422e-06 finalRes: 1.36278718832445e-07 nIters: 7
U1 initRes: 1.172957387019721e-06 finalRes: 8.691756037586565e-08 nIters: 7
U2 initRes: 0.002129530485879676 finalRes: 0.0001647887640141942 nIters: 7
p initRes: 0.0001096738696237423 finalRes: 8.992103466647535e-06 nIters: 6
Time step continuity errors : sum local = 2.831038731030308e-07
                                 global = 7.955593527851776e-09
                             cumulative = 1.804202622102146e-05
nuTilda initRes: 4.934662533997803e-07 finalRes: 2.896301362354191e-08 nIters: 3
Bounding nuTilda>1e-16
CD: 0.01744232169767151 final: 0.01744232169767151
CL: 0.51488060591681 final: 0.51488060591681
yPlus min: 4.871303021326424 max: 59.14700690359282 mean: 32.05790101683807
ExecutionTime = 62.6 s  ClockTime = 83 s

Time = 100

U0 initRes: 6.489281625475798e-07 finalRes: 4.510120651416693e-08 nIters: 6
U1 initRes: 2.557959277217749e-07 finalRes: 2.091752895166446e-08 nIters: 6
U2 initRes: 6.535558836274228e-05 finalRes: 4.805227935660957e-06 nIters: 1
p initRes: 1.872858601366285e-06 finalRes: 1.412071379134443e-07 nIters: 2
Time step continuity errors : sum local = 4.444349491378219e-09
                                 global = -4.570560253484212e-10
                             cumulative = 1.804156916499611e-05
nuTilda initRes: 1.660519847167942e-07 finalRes: 1.270190508027087e-08 nIters: 2
Bounding nuTilda>1e-16
CD: 0.01814393163439192 final: 0.01814393163439192
CL: 0.5165931945346546 final: 0.5165931945346546
yPlus min: 4.868648018668527 max: 59.16694794579838 mean: 32.05673207261237
ExecutionTime = 63.61 s  ClockTime = 85 s

Time = 200

U0 initRes: 7.792084291185557e-08 finalRes: 7.271857477143019e-09 nIters: 6
U1 initRes: 4.675089058499497e-08 finalRes: 3.824090364427238e-09 nIters: 6
U2 initRes: 1.191845283617945e-08 finalRes: 1.1887588805641e-09 nIters: 4
p initRes: 1.289294577798849e-07 finalRes: 8.654982940538893e-09 nIters: 2
Time step continuity errors : sum local = 2.724042726232861e-10
                                 global = 2.7063868693032e-12
                             cumulative = 1.804157187138298e-05
nuTilda initRes: 1.012310087816047e-09 finalRes: 7.352116565788566e-11 nIters: 4
Bounding nuTilda>1e-16
CD: 0.01814519005503367 final: 0.01814519005503367
CL: 0.5165787275404791 final: 0.5165787275404791
yPlus min: 4.868593739360349 max: 59.16641019485152 mean: 32.05671829895544
ExecutionTime = 64.58 s  ClockTime = 86 s

Time = 300

U0 initRes: 1.748644595625502e-08 finalRes: 1.468144672968963e-09 nIters: 6
U1 initRes: 7.716091077617052e-09 finalRes: 6.900504907613694e-10 nIters: 6
U2 initRes: 2.148728708988942e-09 finalRes: 1.840684489104423e-10 nIters: 5
p initRes: 9.562274804830956e-09 finalRes: 8.197150921287898e-10 nIters: 2
Time step continuity errors : sum local = 2.579943835973458e-11
                                 global = -2.596213473619722e-12
                             cumulative = 1.80415692751695e-05
nuTilda initRes: 3.806899587637435e-10 finalRes: 3.057789910854735e-11 nIters: 4
Bounding nuTilda>1e-16
CD: 0.01814537359221062 final: 0.01814537359221062
CL: 0.5165746207434029 final: 0.5165746207434029
yPlus min: 4.86861705990088 max: 59.16630031104901 mean: 32.05671645787189
ExecutionTime = 65.59999999999999 s  ClockTime = 87 s

Time = 400

U0 initRes: 3.733419393701316e-09 finalRes: 3.210080908857541e-10 nIters: 6
U1 initRes: 1.610378323534639e-09 finalRes: 1.415923279322364e-10 nIters: 6
U2 initRes: 4.316986861424217e-10 finalRes: 3.808226659072675e-11 nIters: 5
p initRes: 1.56272454091814e-09 finalRes: 1.531569230889749e-10 nIters: 3
Time step continuity errors : sum local = 4.820346608987443e-12
                                 global = 5.540563577422792e-13
                             cumulative = 1.804156982922586e-05
nuTilda initRes: 5.861720200741751e-11 finalRes: 4.809767996004596e-12 nIters: 4
Bounding nuTilda>1e-16
CD: 0.01814541407103919 final: 0.01814541407103919
CL: 0.5165738062612075 final: 0.5165738062612075
yPlus min: 4.868620012817741 max: 59.16627684432944 mean: 32.05671598972052
ExecutionTime = 66.59999999999999 s  ClockTime = 89 s

Time = 500

U0 initRes: 8.349633294187051e-10 finalRes: 7.277806425078816e-11 nIters: 6
U1 initRes: 3.740675042158014e-10 finalRes: 3.257578683252865e-11 nIters: 6
U2 initRes: 9.534116814232892e-11 finalRes: 8.453333331001118e-12 nIters: 5
p initRes: 3.134531304560181e-10 finalRes: 2.673443363397887e-11 nIters: 4
Time step continuity errors : sum local = 8.414726282733841e-13
                                 global = -1.429268679386018e-13
                             cumulative = 1.804156968629899e-05
nuTilda initRes: 9.454453908131899e-12 finalRes: 6.745292562961227e-13 nIters: 5
Bounding nuTilda>1e-16
CD: 0.01814542230211194 final: 0.01814542230211194
CL: 0.5165736250825678 final: 0.5165736250825678
yPlus min: 4.868620921330564 max: 59.1662718194232 mean: 32.05671568952084
ExecutionTime = 67.59 s  ClockTime = 90 s

Time = 600

U0 initRes: 1.773763704122706e-10 finalRes: 1.529463027437814e-11 nIters: 6
U1 initRes: 7.714514866714124e-11 finalRes: 6.784142329437729e-12 nIters: 6
U2 initRes: 2.162079788346332e-11 finalRes: 1.913307497343654e-12 nIters: 5
p initRes: 6.465562140658182e-11 finalRes: 5.621427069567719e-12 nIters: 4
Time step continuity errors : sum local = 1.769857768429851e-13
                                 global = -3.379391305770671e-14
                             cumulative = 1.804156965250508e-05
nuTilda initRes: 2.677850776294636e-12 finalRes: 2.377285431475374e-13 nIters: 4
Bounding nuTilda>1e-16
CD: 0.01814542423285673 final: 0.01814542423285673
CL: 0.5165735856052384 final: 0.5165735856052384
yPlus min: 4.868621075033844 max: 59.16627069316309 mean: 32.05671565343953
ExecutionTime = 68.59 s  ClockTime = 91 s

Time = 700

U0 initRes: 3.955864675623264e-11 finalRes: 3.416568748984389e-12 nIters: 6
U1 initRes: 1.718252563099344e-11 finalRes: 1.50827216355266e-12 nIters: 6
U2 initRes: 5.50157116299128e-12 finalRes: 5.13708864848195e-13 nIters: 5
p initRes: 1.419021442311854e-11 finalRes: 1.250890791246466e-12 nIters: 4
Time step continuity errors : sum local = 3.9477402651568e-14
                                 global = -6.978500981319763e-15
                             cumulative = 1.804156964552658e-05
nuTilda initRes: 5.471911941493046e-13 finalRes: 5.222323151063375e-14 nIters: 4
Bounding nuTilda>1e-16
CD: 0.01814542463759931 final: 0.01814542463759931
CL: 0.5165735769893735 final: 0.5165735769893735
yPlus min: 4.868621114862704 max: 59.16627045192156 mean: 32.05671564265742
ExecutionTime = 69.59999999999999 s  ClockTime = 93 s

Time = 736
Minimal residual 9.859170375980927e-12 satisfied the prescribed tolerance 9.999999999999999e-12

CD: 0.01814542468632837 final: 0.01814542468632837
CL: 0.5165735759734054 final: 0.5165735759734054
End

Printing Primal Residual Statistics.
U Residual Norm2: (3.271740743103305e-06 3.301933700548679e-06 2.545612071033196e-11)
U Residual Mean: (1.620940775143205e-08 5.303589629685819e-09 1.165523956679081e-13)
U Residual Max: (4.045541572850198e-07 6.599475455004722e-07 1.514475521834445e-12)
p Residual Norm2: 4.956941658051209e-07
p Residual Mean: 2.449478390616337e-10
p Residual Max: 1.581159918224222e-07
nuTilda Residual Norm2: 4.696669838304578e-10
nuTilda Residual Mean: 9.295893557273999e-13
nuTilda Residual Max: 4.482030857777614e-11
phi Residual Norm2: 2.311713343773825e-09
phi Residual Mean: 3.731771216923265e-12
phi Residual Max: 2.948314256266384e-10
Total Residual Norm2: 4.674694848240702e-06
 
 
CHECKALL8REF FD idx=1 h=1.0e-04 CD_plus=1.814668999778643e-02 CD_minus=1.814542468632837e-02 fd=6.326557290305124e-03 adjoint=5.406882663766313e-03 relerr=-1.453673e-01
/home/dafoamuser/dafoam/packages/miniconda3/lib/python3.10/site-packages/openmdao/core/problem.py:1011: DerivativesWarning:Inefficient choice of derivative mode.  You chose 'rev' for a problem with 10 design variables and 25 response variables (objectives and nonlinear constraints).
/home/dafoamuser/dafoam/packages/miniconda3/lib/python3.10/site-packages/openmdao/core/problem.py:1011: DerivativesWarning:Inefficient choice of derivative mode.  You chose 'rev' for a problem with 10 design variables and 25 response variables (objectives and nonlinear constraints).
/home/dafoamuser/dafoam/packages/miniconda3/lib/python3.10/site-packages/openmdao/core/problem.py:1011: DerivativesWarning:Inefficient choice of derivative mode.  You chose 'rev' for a problem with 10 design variables and 25 response variables (objectives and nonlinear constraints).
/home/dafoamuser/dafoam/packages/miniconda3/lib/python3.10/site-packages/openmdao/core/problem.py:1011: DerivativesWarning:Inefficient choice of derivative mode.  You chose 'rev' for a problem with 10 design variables and 25 response variables (objectives and nonlinear constraints).
DAInputVolCoord. 
Setting volume coordinates. 
DAInputPatchVelocity. 
Setting UMag = 10 AoA = 5.13918623195176 degs at 1(inout)
Checking mesh quality for time = 736
    Overall domain bounding box (-17.97860172383042 -19.32943242468702 0) (19.10692346700564 19.32947257021419 0.1)
    Mesh has 3 geometric (non-empty/wedge) directions (1 1 1)
    Mesh has 3 solution (non-empty) directions (1 1 1)
    Boundary openness (9.150529647799451e-21 -2.074120053501209e-19 -2.12971773762828e-15) OK.
    Max cell openness = 2.73303067679501e-16 OK.
    Max aspect ratio = 167.4972302622353 OK.
    Minimum face area = 9.683108971641062e-07. Maximum face area = 1.867132156808085.  Face area magnitudes OK.
    Min volume = 9.683108978286105e-08. Max volume = 0.1867132156775587.  Total volume = 112.3943473807021.  Cell volumes OK.
    Mesh non-orthogonality Max: 26.95962385921343 average: 1.896800778754465
    Non-orthogonality check OK.
    Face pyramids OK.
    Max skewness = 0.8620405494044052 OK.
    Coupled point location match (average 0) OK.

Mesh OK.

Running Primal Solver 006
Previous solution time 736 found and deleted.
No finite volume options present

Starting time loop

Time = 1

U0 initRes: 1.17159108040323e-06 finalRes: 8.810143252268514e-08 nIters: 7
U1 initRes: 8.081422824791098e-07 finalRes: 5.917449039014262e-08 nIters: 7
U2 initRes: 0.001296832611747701 finalRes: 9.531018078293891e-05 nIters: 7
p initRes: 8.255434117864561e-05 finalRes: 7.589097642131079e-06 nIters: 5
Time step continuity errors : sum local = 2.388556456684616e-07
                                 global = 9.752040207042915e-09
                             cumulative = 1.805132168573362e-05
nuTilda initRes: 3.883956131000098e-07 finalRes: 3.608395883443398e-08 nIters: 2
Bounding nuTilda>1e-16
CD: 0.01837951623624226 final: 0.01837951623624226
CL: 0.5175064896294538 final: 0.5175064896294538
yPlus min: 4.865247341715148 max: 59.16474619450973 mean: 32.05673338803989
ExecutionTime = 70.37 s  ClockTime = 94 s

Time = 100

U0 initRes: 5.889393226120974e-07 finalRes: 4.382088061298104e-08 nIters: 6
U1 initRes: 2.049317699613327e-07 finalRes: 1.788568021604172e-08 nIters: 6
U2 initRes: 0.0003854841046160391 finalRes: 2.819185084913372e-05 nIters: 1
p initRes: 1.101866741762003e-06 finalRes: 9.286369092967817e-08 nIters: 2
Time step continuity errors : sum local = 2.922842596474736e-09
                                 global = 1.564728823950217e-11
                             cumulative = 1.805133733302186e-05
nuTilda initRes: 1.068398862825796e-07 finalRes: 1.026441694963399e-08 nIters: 2
Bounding nuTilda>1e-16
CD: 0.01814825166803133 final: 0.01814825166803133
CL: 0.5167900728283304 final: 0.5167900728283304
yPlus min: 4.869311093217524 max: 59.1549552781905 mean: 32.05740220278644
ExecutionTime = 71.34 s  ClockTime = 95 s

Time = 200

U0 initRes: 8.589958848975341e-08 finalRes: 7.833771490943116e-09 nIters: 6
U1 initRes: 4.69929271301934e-08 finalRes: 3.91050109416353e-09 nIters: 6
U2 initRes: 2.987778379550154e-08 finalRes: 2.919235504719665e-09 nIters: 4
p initRes: 8.209721013682159e-08 finalRes: 7.017030496696958e-09 nIters: 3
Time step continuity errors : sum local = 2.208614379886731e-10
                                 global = -3.083405442370887e-11
                             cumulative = 1.805130649896744e-05
nuTilda initRes: 8.788285812598198e-10 finalRes: 7.596901916085051e-11 nIters: 4
Bounding nuTilda>1e-16
CD: 0.01814698843333469 final: 0.01814698843333469
CL: 0.516807233104205 final: 0.516807233104205
yPlus min: 4.869336408244851 max: 59.15554371853364 mean: 32.05740969640085
ExecutionTime = 72.31 s  ClockTime = 96 s

Time = 300

U0 initRes: 1.926789879986228e-08 finalRes: 1.622738212383148e-09 nIters: 6
U1 initRes: 8.429752829574154e-09 finalRes: 7.442952985461067e-10 nIters: 6
U2 initRes: 4.85611922353076e-09 finalRes: 3.929368691596929e-10 nIters: 5
p initRes: 1.08003436334967e-08 finalRes: 9.042055801272491e-10 nIters: 3
Time step continuity errors : sum local = 2.846003267288898e-11
                                 global = -2.073222644374452e-12
                             cumulative = 1.80513044257448e-05
nuTilda initRes: 3.729030665449246e-10 finalRes: 3.155195461889059e-11 nIters: 4
Bounding nuTilda>1e-16
CD: 0.01814678451690849 final: 0.01814678451690849
CL: 0.5168116527096243 final: 0.5168116527096243
yPlus min: 4.869312605503476 max: 59.15566292614904 mean: 32.05741208570188
ExecutionTime = 73.31999999999999 s  ClockTime = 98 s

Time = 400

U0 initRes: 4.020406221435976e-09 finalRes: 3.453161994888249e-10 nIters: 6
U1 initRes: 1.725208851305208e-09 finalRes: 1.519800151875787e-10 nIters: 6
U2 initRes: 9.935994658221275e-10 finalRes: 8.270297346345975e-11 nIters: 5
p initRes: 1.577640301969886e-09 finalRes: 1.296912479452706e-10 nIters: 4
Time step continuity errors : sum local = 4.082057881105581e-12
                                 global = 3.706983274246151e-13
                             cumulative = 1.805130479644312e-05
nuTilda initRes: 6.553852005333442e-11 finalRes: 4.844962816440925e-12 nIters: 4
Bounding nuTilda>1e-16
CD: 0.01814673990964014 final: 0.01814673990964014
CL: 0.5168125396399721 final: 0.5168125396399721
yPlus min: 4.869309480735561 max: 59.15568891131169 mean: 32.05741261007623
ExecutionTime = 74.34999999999999 s  ClockTime = 99 s

Time = 500

U0 initRes: 9.253920880490805e-10 finalRes: 8.032727967790189e-11 nIters: 6
U1 initRes: 4.069830059447465e-10 finalRes: 3.555998944381635e-11 nIters: 6
U2 initRes: 2.317159069902492e-10 finalRes: 1.94323088999593e-11 nIters: 5
p initRes: 3.42919129339584e-10 finalRes: 2.99936127064889e-11 nIters: 4
Time step continuity errors : sum local = 9.439995887641418e-13
                                 global = 7.103736345462635e-14
                             cumulative = 1.805130486748049e-05
nuTilda initRes: 1.081479660781482e-11 finalRes: 7.460744994729959e-13 nIters: 5
Bounding nuTilda>1e-16
CD: 0.01814673099066326 final: 0.01814673099066326
CL: 0.5168127390465264 final: 0.5168127390465264
yPlus min: 4.869308381806699 max: 59.15569440353125 mean: 32.05741294147157
ExecutionTime = 75.40000000000001 s  ClockTime = 101 s

Time = 600

U0 initRes: 1.95499050741688e-10 finalRes: 1.688154917263627e-11 nIters: 6
U1 initRes: 8.544946556890145e-11 finalRes: 7.503034466370914e-12 nIters: 6
U2 initRes: 5.613133126371949e-11 finalRes: 4.909228726564375e-12 nIters: 5
p initRes: 7.181331278561509e-11 finalRes: 6.330067393934659e-12 nIters: 4
Time step continuity errors : sum local = 1.993184091778013e-13
                                 global = 1.837371321165548e-14
                             cumulative = 1.80513048858542e-05
nuTilda initRes: 2.880815914431889e-12 finalRes: 2.589694712351108e-13 nIters: 4
Bounding nuTilda>1e-16
CD: 0.01814672886606685 final: 0.01814672886606685
CL: 0.5168127824357772 final: 0.5168127824357772
yPlus min: 4.869308212232584 max: 59.15569564114008 mean: 32.05741298263012
ExecutionTime = 76.44 s  ClockTime = 102 s

Time = 700

U0 initRes: 4.34249115154377e-11 finalRes: 3.749958226806538e-12 nIters: 6
U1 initRes: 1.886731052203879e-11 finalRes: 1.656264991189593e-12 nIters: 6
U2 initRes: 1.983887286079984e-11 finalRes: 1.343948165260172e-12 nIters: 6
p initRes: 1.571106605008754e-11 finalRes: 1.398140638858141e-12 nIters: 4
Time step continuity errors : sum local = 4.415144315604482e-14
                                 global = 3.671511473882243e-15
                             cumulative = 1.805130488952571e-05
nuTilda initRes: 6.048152294097932e-13 finalRes: 5.740106448738564e-14 nIters: 4
Bounding nuTilda>1e-16
CD: 0.01814672841947334 final: 0.01814672841947334
CL: 0.5168127919166642 final: 0.5168127919166642
yPlus min: 4.86930816865396 max: 59.15569590677971 mean: 32.05741299432784
ExecutionTime = 77.45999999999999 s  ClockTime = 103 s

Time = 797
Minimal residual 9.862791570824352e-12 satisfied the prescribed tolerance 9.999999999999999e-12

CD: 0.01814672832176836 final: 0.01814672832176836
CL: 0.5168127939580668 final: 0.5168127939580668
End

Printing Primal Residual Statistics.
U Residual Norm2: (1.423383996079566e-06 1.431129306698712e-06 3.236926280512875e-12)
U Residual Mean: (7.044812458092895e-09 2.307012494067229e-09 1.315446359071761e-14)
U Residual Max: (1.75220520759467e-07 2.856522769434378e-07 1.689040585807744e-13)
p Residual Norm2: 2.150282998828342e-07
p Residual Mean: 1.064522215028049e-10
p Residual Max: 6.854650786369402e-08
nuTilda Residual Norm2: 2.014396841129547e-10
nuTilda Residual Mean: 3.990681864599332e-13
nuTilda Residual Max: 1.925049985990749e-11
phi Residual Norm2: 1.003506576710666e-09
phi Residual Mean: 1.620759206552229e-12
phi Residual Max: 1.276729643324104e-10
Total Residual Norm2: 2.029874703067099e-06
 
 
/home/dafoamuser/dafoam/packages/miniconda3/lib/python3.10/site-packages/openmdao/core/problem.py:1011: DerivativesWarning:Inefficient choice of derivative mode.  You chose 'rev' for a problem with 10 design variables and 25 response variables (objectives and nonlinear constraints).
/home/dafoamuser/dafoam/packages/miniconda3/lib/python3.10/site-packages/openmdao/core/problem.py:1011: DerivativesWarning:Inefficient choice of derivative mode.  You chose 'rev' for a problem with 10 design variables and 25 response variables (objectives and nonlinear constraints).
/home/dafoamuser/dafoam/packages/miniconda3/lib/python3.10/site-packages/openmdao/core/problem.py:1011: DerivativesWarning:Inefficient choice of derivative mode.  You chose 'rev' for a problem with 10 design variables and 25 response variables (objectives and nonlinear constraints).
/home/dafoamuser/dafoam/packages/miniconda3/lib/python3.10/site-packages/openmdao/core/problem.py:1011: DerivativesWarning:Inefficient choice of derivative mode.  You chose 'rev' for a problem with 10 design variables and 25 response variables (objectives and nonlinear constraints).
DAInputVolCoord. 
Setting volume coordinates. 
DAInputPatchVelocity. 
Setting UMag = 10 AoA = 5.13918623195176 degs at 1(inout)
Checking mesh quality for time = 797
    Overall domain bounding box (-17.97860102616365 -19.32947254551511 0) (19.10692387926462 19.32943245067498 0.1)
    Mesh has 3 geometric (non-empty/wedge) directions (1 1 1)
    Mesh has 3 solution (non-empty) directions (1 1 1)
    Boundary openness (-4.1177385091704e-20 5.536070662329094e-19 2.341093843390819e-16) OK.
    Max cell openness = 2.984712469224236e-16 OK.
    Max aspect ratio = 167.4972373491467 OK.
    Minimum face area = 9.683112935336599e-07. Maximum face area = 1.867132161738129.  Face area magnitudes OK.
    Min volume = 9.683112940622927e-08. Max volume = 0.18671321616832.  Total volume = 112.394343424699.  Cell volumes OK.
    Mesh non-orthogonality Max: 26.95962283594371 average: 1.896667407577873
    Non-orthogonality check OK.
    Face pyramids OK.
    Max skewness = 0.8620414784034993 OK.
    Coupled point location match (average 0) OK.

Mesh OK.

Running Primal Solver 007
Previous solution time 797 found and deleted.
No finite volume options present

Starting time loop

Time = 1

U0 initRes: 7.459358943226467e-07 finalRes: 5.317713534037625e-08 nIters: 7
U1 initRes: 5.903144440521951e-07 finalRes: 4.193015917499502e-08 nIters: 7
U2 initRes: 0.01169313342587748 finalRes: 0.00114478676083581 nIters: 6
p initRes: 7.309336513697031e-05 finalRes: 4.997377094676622e-06 nIters: 5
Time step continuity errors : sum local = 1.572935469212335e-07
                                 global = 1.961674254663933e-08
                             cumulative = 1.807092163207235e-05
nuTilda initRes: 4.290091835775924e-07 finalRes: 3.059557805620022e-08 nIters: 3
Bounding nuTilda>1e-16
CD: 0.01836935672331992 final: 0.01836935672331992
CL: 0.5168203596391641 final: 0.5168203596391641
yPlus min: 4.87345944852998 max: 59.15618528709111 mean: 32.05761562911601
ExecutionTime = 78.89 s  ClockTime = 105 s

Time = 100

U0 initRes: 5.66221411631854e-07 finalRes: 4.436494231534362e-08 nIters: 6
U1 initRes: 1.898944188974366e-07 finalRes: 1.749510788826503e-08 nIters: 6
U2 initRes: 0.0001770040736399026 finalRes: 1.277776163167681e-05 nIters: 1
p initRes: 3.621043624062639e-07 finalRes: 3.306657658074674e-08 nIters: 2
Time step continuity errors : sum local = 1.041024549584396e-09
                                 global = -4.320135278515606e-12
                             cumulative = 1.807091731193707e-05
nuTilda initRes: 5.396855390531718e-08 finalRes: 4.010867419637344e-09 nIters: 3
Bounding nuTilda>1e-16
CD: 0.01814378714379977 final: 0.01814378714379977
CL: 0.5165926943808861 final: 0.5165926943808861
yPlus min: 4.867914397868333 max: 59.15582794996602 mean: 32.05745281907539
ExecutionTime = 79.89 s  ClockTime = 107 s

Time = 200

U0 initRes: 9.429977761300901e-08 finalRes: 8.459766332650711e-09 nIters: 6
U1 initRes: 4.800688534472383e-08 finalRes: 4.066370935512057e-09 nIters: 6
U2 initRes: 3.200489499232554e-08 finalRes: 3.179902992789726e-09 nIters: 4
p initRes: 3.622707999207412e-08 finalRes: 3.121059624286926e-09 nIters: 4
Time step continuity errors : sum local = 9.825742023572343e-11
                                 global = -1.876863553665871e-11
                             cumulative = 1.807089854330153e-05
nuTilda initRes: 9.662153156090311e-10 finalRes: 9.222165202259533e-11 nIters: 4
Bounding nuTilda>1e-16
CD: 0.01814510141999713 final: 0.01814510141999713
CL: 0.5165730706650733 final: 0.5165730706650733
yPlus min: 4.867900138691991 max: 59.15519093890033 mean: 32.05745543714588
ExecutionTime = 80.88 s  ClockTime = 108 s

Time = 300

U0 initRes: 2.097951410078637e-08 finalRes: 1.777623150064369e-09 nIters: 6
U1 initRes: 9.067204466527346e-09 finalRes: 7.939498958595491e-10 nIters: 6
U2 initRes: 5.223093819677352e-09 finalRes: 4.257222866906704e-10 nIters: 5
p initRes: 1.160026591289124e-08 finalRes: 1.016703045728232e-09 nIters: 2
Time step continuity errors : sum local = 3.200781258077783e-11
                                 global = -3.022629934667807e-12
                             cumulative = 1.80708955206716e-05
nuTilda initRes: 3.707613551387821e-10 finalRes: 3.261898225159039e-11 nIters: 4
Bounding nuTilda>1e-16
CD: 0.01814532215284655 final: 0.01814532215284655
CL: 0.5165683365638249 final: 0.5165683365638249
yPlus min: 4.867924339891014 max: 59.15506279309144 mean: 32.05745269290644
ExecutionTime = 81.92 s  ClockTime = 109 s

Time = 400

U0 initRes: 4.312055337557746e-09 finalRes: 3.705673013152254e-10 nIters: 6
U1 initRes: 1.846871181745139e-09 finalRes: 1.628700566960087e-10 nIters: 6
U2 initRes: 1.068720975964216e-09 finalRes: 8.891026925346287e-11 nIters: 5
p initRes: 1.564614429503138e-09 finalRes: 1.376855076636535e-10 nIters: 4
Time step continuity errors : sum local = 4.334619183833462e-12
                                 global = -8.362864871341932e-13
                             cumulative = 1.807089468438511e-05
nuTilda initRes: 7.104325087529468e-11 finalRes: 5.070088205074562e-12 nIters: 4
Bounding nuTilda>1e-16
CD: 0.01814537035756678 final: 0.01814537035756678
CL: 0.5165673720050427 final: 0.5165673720050427
yPlus min: 4.867927665984673 max: 59.15503441360926 mean: 32.05745210528332
ExecutionTime = 82.95999999999999 s  ClockTime = 111 s

Time = 500

U0 initRes: 1.010656677101026e-09 finalRes: 8.745281846554218e-11 nIters: 6
U1 initRes: 4.385016905298187e-10 finalRes: 3.841686731584243e-11 nIters: 6
U2 initRes: 2.512945929147336e-10 finalRes: 2.108368031799137e-11 nIters: 5
p initRes: 3.654954315220977e-10 finalRes: 3.192304006695972e-11 nIters: 4
Time step continuity errors : sum local = 1.00500247604618e-12
                                 global = -1.671207437565267e-13
                             cumulative = 1.807089451726437e-05
nuTilda initRes: 1.236145203206086e-11 finalRes: 8.086013490332533e-13 nIters: 5
Bounding nuTilda>1e-16
CD: 0.01814537994711799 final: 0.01814537994711799
CL: 0.5165671545992876 final: 0.5165671545992876
yPlus min: 4.867928915306461 max: 59.1550284645519 mean: 32.05745175095127
ExecutionTime = 83.95999999999999 s  ClockTime = 112 s

Time = 600

U0 initRes: 2.133145572501926e-10 finalRes: 1.843888927326037e-11 nIters: 6
U1 initRes: 9.347307723696184e-11 finalRes: 8.199308854866013e-12 nIters: 6
U2 initRes: 6.038318485543805e-11 finalRes: 5.264045855506797e-12 nIters: 5
p initRes: 7.761350668316712e-11 finalRes: 6.770505885304909e-12 nIters: 4
Time step continuity errors : sum local = 2.133176482408518e-13
                                 global = -3.986617844861555e-14
                             cumulative = 1.807089447739819e-05
nuTilda initRes: 3.077922639739808e-12 finalRes: 2.802055824719338e-13 nIters: 4
Bounding nuTilda>1e-16
CD: 0.01814538225082868 final: 0.01814538225082868
CL: 0.5165671074147686 final: 0.5165671074147686
yPlus min: 4.867929102556245 max: 59.15502712009236 mean: 32.05745170450056
ExecutionTime = 84.95 s  ClockTime = 113 s

Time = 700

U0 initRes: 4.720792313446979e-11 finalRes: 4.077040930520998e-12 nIters: 6
U1 initRes: 2.051196386817145e-11 finalRes: 1.800588685150446e-12 nIters: 6
U2 initRes: 2.076646067431463e-11 finalRes: 2.062821351730701e-12 nIters: 5
p initRes: 1.695262413778547e-11 finalRes: 1.493210621446332e-12 nIters: 4
Time step continuity errors : sum local = 4.711307338516285e-14
                                 global = -8.411616505208037e-15
                             cumulative = 1.807089446898657e-05
nuTilda initRes: 6.602674345028577e-13 finalRes: 6.238926306066823e-14 nIters: 4
Bounding nuTilda>1e-16
CD: 0.01814538273755258 final: 0.01814538273755258
CL: 0.5165670970951579 final: 0.5165670970951579
yPlus min: 4.867929149612579 max: 59.15502683068134 mean: 32.05745169194203
ExecutionTime = 85.95999999999999 s  ClockTime = 115 s

Time = 800

U0 initRes: 1.026204869369522e-11 finalRes: 8.869435253094034e-13 nIters: 6
U1 initRes: 4.471372608735297e-12 finalRes: 3.923762963174248e-13 nIters: 6
U2 initRes: 1.232591234982381e-11 finalRes: 9.135869528881843e-13 nIters: 6
p initRes: 3.763778359456583e-12 finalRes: 3.245674174667987e-13 nIters: 4
Time step continuity errors : sum local = 1.074644062136198e-14
                                 global = -1.892331212506837e-15
                             cumulative = 1.807089446709424e-05
nuTilda initRes: 1.452681697531856e-13 finalRes: 1.359534686455528e-14 nIters: 4
Bounding nuTilda>1e-16
CD: 0.01814538284510546 final: 0.01814538284510546
CL: 0.5165670948443731 final: 0.5165670948443731
yPlus min: 4.867929159415637 max: 59.15502676722925 mean: 32.05745168942259
ExecutionTime = 87.01000000000001 s  ClockTime = 116 s

Time = 802
Minimal residual 9.953958518512381e-12 satisfied the prescribed tolerance 9.999999999999999e-12

CD: 0.01814538284600309 final: 0.01814538284600309
CL: 0.5165670948255595 final: 0.5165670948255595
End

Printing Primal Residual Statistics.
U Residual Norm2: (1.435290764275934e-06 1.443520077856853e-06 3.329066140453008e-12)
U Residual Mean: (7.104070160308914e-09 2.326285728799646e-09 1.354655338800329e-14)
U Residual Max: (1.767712092259899e-07 2.881188265746459e-07 1.863288965801109e-13)
p Residual Norm2: 2.166933190326586e-07
p Residual Mean: 1.072490547320592e-10
p Residual Max: 6.90693319579672e-08
nuTilda Residual Norm2: 2.031759019674531e-10
nuTilda Residual Mean: 4.025571112336825e-13
nuTilda Residual Max: 1.941541528862131e-11
phi Residual Norm2: 1.011979457315434e-09
phi Residual Mean: 1.63437306225991e-12
phi Residual Max: 1.287059782405487e-10
Total Residual Norm2: 2.047136256603109e-06
 
 
CHECKALL8REF FD idx=2 h=1.0e-04 CD_plus=1.814672832176836e-02 CD_minus=1.814538284600309e-02 fd=6.727378826371089e-03 adjoint=6.395490541717652e-03 relerr=-4.933397e-02
/home/dafoamuser/dafoam/packages/miniconda3/lib/python3.10/site-packages/openmdao/core/problem.py:1011: DerivativesWarning:Inefficient choice of derivative mode.  You chose 'rev' for a problem with 10 design variables and 25 response variables (objectives and nonlinear constraints).
/home/dafoamuser/dafoam/packages/miniconda3/lib/python3.10/site-packages/openmdao/core/problem.py:1011: DerivativesWarning:Inefficient choice of derivative mode.  You chose 'rev' for a problem with 10 design variables and 25 response variables (objectives and nonlinear constraints).
/home/dafoamuser/dafoam/packages/miniconda3/lib/python3.10/site-packages/openmdao/core/problem.py:1011: DerivativesWarning:Inefficient choice of derivative mode.  You chose 'rev' for a problem with 10 design variables and 25 response variables (objectives and nonlinear constraints).
/home/dafoamuser/dafoam/packages/miniconda3/lib/python3.10/site-packages/openmdao/core/problem.py:1011: DerivativesWarning:Inefficient choice of derivative mode.  You chose 'rev' for a problem with 10 design variables and 25 response variables (objectives and nonlinear constraints).
DAInputVolCoord. 
Setting volume coordinates. 
DAInputPatchVelocity. 
Setting UMag = 10 AoA = 5.13918623195176 degs at 1(inout)
Checking mesh quality for time = 802
    Overall domain bounding box (-17.97860103130398 -19.3294324339703 0) (19.10692387691919 19.32947256099995 0.1)
    Mesh has 3 geometric (non-empty/wedge) directions (1 1 1)
    Mesh has 3 solution (non-empty) directions (1 1 1)
    Boundary openness (8.87601412044315e-19 -4.148240276220853e-19 -8.176898156223644e-16) OK.
    Max cell openness = 2.435481947446822e-16 OK.
    Max aspect ratio = 167.4972389898111 OK.
    Minimum face area = 9.683112992517417e-07. Maximum face area = 1.867132168816994.  Face area magnitudes OK.
    Min volume = 9.683112999714792e-08. Max volume = 0.1867132168783917.  Total volume = 112.3943434302792.  Cell volumes OK.
    Mesh non-orthogonality Max: 26.95962239980348 average: 1.896667512869969
    Non-orthogonality check OK.
    Face pyramids OK.
    Max skewness = 0.8620407447611818 OK.
    Coupled point location match (average 0) OK.

Mesh OK.

Running Primal Solver 008
Previous solution time 802 found and deleted.
No finite volume options present

Starting time loop

Time = 1

U0 initRes: 7.933035145099555e-07 finalRes: 5.702987978451928e-08 nIters: 7
U1 initRes: 6.07954286433892e-07 finalRes: 4.328771467506012e-08 nIters: 7
U2 initRes: 0.009090039181346699 finalRes: 0.00085738819878857 nIters: 6
p initRes: 7.568662625181934e-05 finalRes: 5.878741704349602e-06 nIters: 5
Time step continuity errors : sum local = 1.850736823724877e-07
                                 global = -4.925238282212401e-09
                             cumulative = 1.806596922881203e-05
nuTilda initRes: 4.39294340703344e-07 finalRes: 2.9645052766002e-08 nIters: 3
Bounding nuTilda>1e-16
CD: 0.01814729485917543 final: 0.01814729485917543
CL: 0.5164308133365577 final: 0.5164308133365577
yPlus min: 4.863454908018127 max: 59.15426078218997 mean: 32.05739658397435
ExecutionTime = 87.44 s  ClockTime = 117 s

Time = 100

U0 initRes: 5.583564014327932e-07 finalRes: 4.293457571585781e-08 nIters: 6
U1 initRes: 1.804847725399445e-07 finalRes: 1.694465010208258e-08 nIters: 6
U2 initRes: 0.0001464542923634487 finalRes: 1.050851614972383e-05 nIters: 1
p initRes: 3.203776646715747e-07 finalRes: 2.223156023815771e-08 nIters: 3
Time step continuity errors : sum local = 6.999334299271171e-10
                                 global = -4.271024093645415e-12
                             cumulative = 1.806596495778794e-05
nuTilda initRes: 6.359569252927581e-08 finalRes: 4.526201627957117e-09 nIters: 3
Bounding nuTilda>1e-16
CD: 0.01814924808051138 final: 0.01814924808051138
CL: 0.5167848151911305 final: 0.5167848151911305
yPlus min: 4.869464297690515 max: 59.15306625087275 mean: 32.05755888490661
ExecutionTime = 88.44 s  ClockTime = 118 s

Time = 200

U0 initRes: 9.721927106430969e-08 finalRes: 8.699846919244368e-09 nIters: 6
U1 initRes: 4.878298529409121e-08 finalRes: 4.149676214172602e-09 nIters: 6
U2 initRes: 2.470915190744344e-08 finalRes: 1.719965638779431e-09 nIters: 5
p initRes: 3.679306067072648e-08 finalRes: 3.389132741667319e-09 nIters: 4
Time step continuity errors : sum local = 1.067044123107946e-10
                                 global = 9.360073992415881e-12
                             cumulative = 1.806597431786193e-05
nuTilda initRes: 9.610193947513544e-10 finalRes: 9.600498996637629e-11 nIters: 4
Bounding nuTilda>1e-16
CD: 0.0181479520997979 final: 0.0181479520997979
CL: 0.5168046903576349 final: 0.5168046903576349
yPlus min: 4.869465251379553 max: 59.15370133021305 mean: 32.05757191608628
ExecutionTime = 89.47 s  ClockTime = 119 s

Time = 300

U0 initRes: 2.131797990860159e-08 finalRes: 1.804901366322175e-09 nIters: 6
U1 initRes: 9.386891038798091e-09 finalRes: 8.198095330780672e-10 nIters: 6
U2 initRes: 4.385122294769519e-09 finalRes: 3.757745800751122e-10 nIters: 5
p initRes: 1.224201255435715e-08 finalRes: 1.012554252860418e-09 nIters: 3
Time step continuity errors : sum local = 3.187969914905416e-11
                                 global = -2.294815084216531e-12
                             cumulative = 1.806597202304684e-05
nuTilda initRes: 3.81239506281626e-10 finalRes: 3.345295012443389e-11 nIters: 4
Bounding nuTilda>1e-16
CD: 0.01814772518839503 final: 0.01814772518839503
CL: 0.5168095106730942 final: 0.5168095106730942
yPlus min: 4.869441530716557 max: 59.1538324555651 mean: 32.05757445263112
ExecutionTime = 90.45999999999999 s  ClockTime = 121 s

Time = 400

U0 initRes: 4.411756714114253e-09 finalRes: 3.789715810963788e-10 nIters: 6
U1 initRes: 1.889972868066786e-09 finalRes: 1.66556373947345e-10 nIters: 6
U2 initRes: 8.757034904713473e-10 finalRes: 7.370642686700106e-11 nIters: 5
p initRes: 1.647031490854877e-09 finalRes: 1.426543821686905e-10 nIters: 4
Time step continuity errors : sum local = 4.491442811746198e-12
                                 global = 4.155762589047188e-13
                             cumulative = 1.80659724386231e-05
nuTilda initRes: 7.359389357467289e-11 finalRes: 5.207097546959111e-12 nIters: 4
Bounding nuTilda>1e-16
CD: 0.01814767598245225 final: 0.01814767598245225
CL: 0.5168104909751399 final: 0.5168104909751399
yPlus min: 4.869438038243512 max: 59.15386117369459 mean: 32.05757503725869
ExecutionTime = 91.48 s  ClockTime = 122 s

Time = 500

U0 initRes: 1.014970848319619e-09 finalRes: 8.792410593034354e-11 nIters: 6
U1 initRes: 4.428580826827394e-10 finalRes: 3.877452400443402e-11 nIters: 6
U2 initRes: 2.011228383611522e-10 finalRes: 1.740972786648468e-11 nIters: 5
p initRes: 3.730147064420311e-10 finalRes: 3.274804520511256e-11 nIters: 4
Time step continuity errors : sum local = 1.030955277926257e-12
                                 global = 7.910325463809147e-14
                             cumulative = 1.806597251772636e-05
nuTilda initRes: 1.244757581164786e-11 finalRes: 8.261337506719181e-13 nIters: 5
Bounding nuTilda>1e-16
CD: 0.01814766614666322 final: 0.01814766614666322
CL: 0.5168107104210642 final: 0.5168107104210642
yPlus min: 4.86943681778286 max: 59.15386721616932 mean: 32.05757537053681
ExecutionTime = 92.5 s  ClockTime = 123 s

Time = 600

U0 initRes: 2.157319377417353e-10 finalRes: 1.864323897660776e-11 nIters: 6
U1 initRes: 9.444555693602118e-11 finalRes: 8.286604058428202e-12 nIters: 6
U2 initRes: 4.953395768353481e-11 finalRes: 4.413489254522337e-12 nIters: 5
p initRes: 7.913973841885085e-11 finalRes: 6.987630966174858e-12 nIters: 4
Time step continuity errors : sum local = 2.2003877871964e-13
                                 global = 1.979698212269393e-14
                             cumulative = 1.806597253752334e-05
nuTilda initRes: 3.104628372462264e-12 finalRes: 2.836735653594917e-13 nIters: 4
Bounding nuTilda>1e-16
CD: 0.01814766382439183 final: 0.01814766382439183
CL: 0.5168107580909531 final: 0.5168107580909531
yPlus min: 4.869436627509057 max: 59.1538685730367 mean: 32.0575754194186
ExecutionTime = 93.52 s  ClockTime = 125 s

Time = 700

U0 initRes: 4.769003120269065e-11 finalRes: 4.118494698928567e-12 nIters: 6
U1 initRes: 2.073533722060457e-11 finalRes: 1.82012682122877e-12 nIters: 6
U2 initRes: 1.760300043857225e-11 finalRes: 1.188586400110474e-12 nIters: 6
p initRes: 1.727966423959337e-11 finalRes: 1.536266204960117e-12 nIters: 4
Time step continuity errors : sum local = 4.857547766496329e-14
                                 global = 4.090348143460545e-15
                             cumulative = 1.806597254161369e-05
nuTilda initRes: 6.664375790904946e-13 finalRes: 6.297253994685397e-14 nIters: 4
Bounding nuTilda>1e-16
CD: 0.01814766333179495 final: 0.01814766333179495
CL: 0.5168107685193589 final: 0.5168107685193589
yPlus min: 4.869436580089552 max: 59.15386886566599 mean: 32.05757543208971
ExecutionTime = 94.54000000000001 s  ClockTime = 126 s

Time = 800

U0 initRes: 1.037153666978882e-11 finalRes: 8.963698700789705e-13 nIters: 6
U1 initRes: 4.521281232355428e-12 finalRes: 3.967067972479343e-13 nIters: 6
U2 initRes: 1.0872373534609e-11 finalRes: 8.225064185300104e-13 nIters: 6
p initRes: 3.828994647041761e-12 finalRes: 3.349085719917282e-13 nIters: 4
Time step continuity errors : sum local = 1.103508576568247e-14
                                 global = 8.918856118088257e-16
                             cumulative = 1.806597254250557e-05
nuTilda initRes: 1.46457948489033e-13 finalRes: 1.3721451509152e-14 nIters: 4
Bounding nuTilda>1e-16
CD: 0.01814766322305997 final: 0.01814766322305997
CL: 0.5168107707944665 final: 0.5168107707944665
yPlus min: 4.869436570161212 max: 59.15386892979913 mean: 32.05757543465789
ExecutionTime = 95.58 s  ClockTime = 127 s

Time = 803
Minimal residual 9.908435279564795e-12 satisfied the prescribed tolerance 9.999999999999999e-12

CD: 0.0181476632217096 final: 0.0181476632217096
CL: 0.5168107708228011 final: 0.5168107708228011
End

Printing Primal Residual Statistics.
U Residual Norm2: (1.429100781279228e-06 1.437303970049277e-06 2.894215832942106e-12)
U Residual Mean: (7.073040627277124e-09 2.316399798164496e-09 1.225849111526831e-14)
U Residual Max: (1.759863152983598e-07 2.86901013168972e-07 2.474700437247405e-13)
p Residual Norm2: 2.159245071892866e-07
p Residual Mean: 1.068904757249816e-10
p Residual Max: 6.884766929199906e-08
nuTilda Residual Norm2: 2.019539833716128e-10
nuTilda Residual Mean: 4.002740644745639e-13
nuTilda Residual Max: 1.929388651869532e-11
phi Residual Norm2: 1.007595808406113e-09
phi Residual Mean: 1.627339300250064e-12
phi Residual Max: 1.281781813743456e-10
Total Residual Norm2: 2.038331718396285e-06
 
 
/home/dafoamuser/dafoam/packages/miniconda3/lib/python3.10/site-packages/openmdao/core/problem.py:1011: DerivativesWarning:Inefficient choice of derivative mode.  You chose 'rev' for a problem with 10 design variables and 25 response variables (objectives and nonlinear constraints).
/home/dafoamuser/dafoam/packages/miniconda3/lib/python3.10/site-packages/openmdao/core/problem.py:1011: DerivativesWarning:Inefficient choice of derivative mode.  You chose 'rev' for a problem with 10 design variables and 25 response variables (objectives and nonlinear constraints).
/home/dafoamuser/dafoam/packages/miniconda3/lib/python3.10/site-packages/openmdao/core/problem.py:1011: DerivativesWarning:Inefficient choice of derivative mode.  You chose 'rev' for a problem with 10 design variables and 25 response variables (objectives and nonlinear constraints).
/home/dafoamuser/dafoam/packages/miniconda3/lib/python3.10/site-packages/openmdao/core/problem.py:1011: DerivativesWarning:Inefficient choice of derivative mode.  You chose 'rev' for a problem with 10 design variables and 25 response variables (objectives and nonlinear constraints).
DAInputVolCoord. 
Setting volume coordinates. 
DAInputPatchVelocity. 
Setting UMag = 10 AoA = 5.13918623195176 degs at 1(inout)
Checking mesh quality for time = 803
    Overall domain bounding box (-17.97860171867549 -19.3294725359451 0) (19.10692346925511 19.32943246021934 0.1)
    Mesh has 3 geometric (non-empty/wedge) directions (1 1 1)
    Mesh has 3 solution (non-empty) directions (1 1 1)
    Boundary openness (4.529512175335447e-19 -2.93579492845816e-19 1.704979749206658e-15) OK.
    Max cell openness = 2.625740993521536e-16 OK.
    Max aspect ratio = 167.497228568891 OK.
    Minimum face area = 9.683108913360588e-07. Maximum face area = 1.867132150796585.  Face area magnitudes OK.
    Min volume = 9.683108919176993e-08. Max volume = 0.1867132150742217.  Total volume = 112.3943473746342.  Cell volumes OK.
    Mesh non-orthogonality Max: 26.95962430360024 average: 1.896800673158236
    Non-orthogonality check OK.
    Face pyramids OK.
    Max skewness = 0.8620415894669849 OK.
    Coupled point location match (average 0) OK.

Mesh OK.

Running Primal Solver 009
Previous solution time 803 found and deleted.
No finite volume options present

Starting time loop

Time = 1

U0 initRes: 9.506546388925378e-07 finalRes: 6.909129825631515e-08 nIters: 7
U1 initRes: 6.482009897746192e-07 finalRes: 4.629866700196815e-08 nIters: 7
U2 initRes: 0.008699545251660881 finalRes: 0.0008281413271773432 nIters: 6
p initRes: 8.379161875195345e-05 finalRes: 5.558882354886614e-06 nIters: 5
Time step continuity errors : sum local = 1.750192525194315e-07
                                 global = -2.362091309553101e-08
                             cumulative = 1.804235162941004e-05
nuTilda initRes: 4.821019076148253e-07 finalRes: 3.7004622173053e-08 nIters: 3
Bounding nuTilda>1e-16
CD: 0.01792555225114448 final: 0.01792555225114448
CL: 0.5171049096572592 final: 0.5171049096572592
yPlus min: 4.874436275576017 max: 59.15491792390325 mean: 32.05748990725346
ExecutionTime = 96.02 s  ClockTime = 128 s

Time = 100

U0 initRes: 5.518608914426541e-07 finalRes: 4.139162166831162e-08 nIters: 6
U1 initRes: 1.848436077233508e-07 finalRes: 1.712557700951999e-08 nIters: 6
U2 initRes: 0.0001428260413892776 finalRes: 1.022295752233424e-05 nIters: 1
p initRes: 4.091759256529598e-07 finalRes: 3.360279461304844e-08 nIters: 2
Time step continuity errors : sum local = 1.057589122934233e-09
                                 global = -6.570942949091798e-11
                             cumulative = 1.804228591998055e-05
nuTilda initRes: 8.28248217191494e-08 finalRes: 5.218462787872403e-09 nIters: 3
Bounding nuTilda>1e-16
CD: 0.0181428756656546 final: 0.0181428756656546
CL: 0.5165955580837983 final: 0.5165955580837983
yPlus min: 4.867748145522968 max: 59.15765678580287 mean: 32.05732061385425
ExecutionTime = 97.01000000000001 s  ClockTime = 129 s

Time = 200

U0 initRes: 1.003114227849955e-07 finalRes: 8.950621072683691e-09 nIters: 6
U1 initRes: 4.950654833512222e-08 finalRes: 4.232206085760404e-09 nIters: 6
U2 initRes: 2.499952678178463e-08 finalRes: 1.770287039872646e-09 nIters: 5
p initRes: 3.828988621532015e-08 finalRes: 3.310898181064444e-09 nIters: 4
Time step continuity errors : sum local = 1.04203347499781e-10
                                 global = -1.652705452516182e-11
                             cumulative = 1.804226939292602e-05
nuTilda initRes: 9.457912204549071e-10 finalRes: 6.382365554252426e-11 nIters: 5
Bounding nuTilda>1e-16
CD: 0.01814415267086444 final: 0.01814415267086444
CL: 0.5165753169428353 final: 0.5165753169428353
yPlus min: 4.867772467070708 max: 59.15702450313113 mean: 32.05729194223614
ExecutionTime = 98 s  ClockTime = 131 s

Time = 300

U0 initRes: 2.161542052053223e-08 finalRes: 1.831750519532025e-09 nIters: 6
U1 initRes: 9.670650523468947e-09 finalRes: 8.453029826760104e-10 nIters: 6
U2 initRes: 4.45607397039942e-09 finalRes: 3.802718303934628e-10 nIters: 5
p initRes: 1.246916896223779e-08 finalRes: 8.444914897373716e-10 nIters: 4
Time step continuity errors : sum local = 2.657848465218352e-11
                                 global = -4.826468433286586e-12
                             cumulative = 1.804226456645759e-05
nuTilda initRes: 3.910951331782321e-10 finalRes: 3.411456214979007e-11 nIters: 4
Bounding nuTilda>1e-16
CD: 0.01814438576522425 final: 0.01814438576522425
CL: 0.5165704147028589 final: 0.5165704147028589
yPlus min: 4.867795409774198 max: 59.15689024156343 mean: 32.05728966241765
ExecutionTime = 99.01000000000001 s  ClockTime = 132 s

Time = 400

U0 initRes: 4.523901350294702e-09 finalRes: 3.8887766853461e-10 nIters: 6
U1 initRes: 1.944769648959335e-09 finalRes: 1.71074897368673e-10 nIters: 6
U2 initRes: 8.988244837455327e-10 finalRes: 7.562780429687291e-11 nIters: 5
p initRes: 1.711513041821059e-09 finalRes: 1.385572841445755e-10 nIters: 4
Time step continuity errors : sum local = 4.360779841183752e-12
                                 global = -7.972785331792075e-13
                             cumulative = 1.804226376917906e-05
nuTilda initRes: 7.317581674561603e-11 finalRes: 5.475470338774927e-12 nIters: 4
Bounding nuTilda>1e-16
CD: 0.01814443585592897 final: 0.01814443585592897
CL: 0.5165694169508592 final: 0.5165694169508592
yPlus min: 4.867799133239395 max: 59.15686124838833 mean: 32.05728908079121
ExecutionTime = 100.02 s  ClockTime = 133 s

Time = 500

U0 initRes: 1.014750474385802e-09 finalRes: 8.802998094606242e-11 nIters: 6
U1 initRes: 4.464562750983969e-10 finalRes: 3.90565330287368e-11 nIters: 6
U2 initRes: 2.024645620280432e-10 finalRes: 1.742215140758749e-11 nIters: 5
p initRes: 3.743026443695807e-10 finalRes: 3.222932839882597e-11 nIters: 4
Time step continuity errors : sum local = 1.014376266829171e-12
                                 global = -1.761315181049045e-13
                             cumulative = 1.804226359304754e-05
nuTilda initRes: 1.259573613649126e-11 finalRes: 8.339253689431458e-13 nIters: 5
Bounding nuTilda>1e-16
CD: 0.01814444598317199 final: 0.01814444598317199
CL: 0.5165691959894039 final: 0.5165691959894039
yPlus min: 4.867800279118074 max: 59.15685511883136 mean: 32.05728878000065
ExecutionTime = 101.07 s  ClockTime = 135 s

Time = 600

U0 initRes: 2.17883832623188e-10 finalRes: 1.882164155426857e-11 nIters: 6
U1 initRes: 9.517045689485537e-11 finalRes: 8.354129020162848e-12 nIters: 6
U2 initRes: 4.980630378430404e-11 finalRes: 4.451870829681567e-12 nIters: 5
p initRes: 7.938652487606521e-11 finalRes: 6.912237122593749e-12 nIters: 4
Time step continuity errors : sum local = 2.175975205175708e-13
                                 global = -4.042977501153606e-14
                             cumulative = 1.804226355261777e-05
nuTilda initRes: 3.13487712718785e-12 finalRes: 2.879584690752353e-13 nIters: 4
Bounding nuTilda>1e-16
CD: 0.01814444831220244 final: 0.01814444831220244
CL: 0.5165691479179392 final: 0.5165691479179392
yPlus min: 4.867800474000659 max: 59.15685375360117 mean: 32.05728872866202
ExecutionTime = 102.1 s  ClockTime = 136 s

Time = 700

U0 initRes: 4.810045358514524e-11 finalRes: 4.154423047374373e-12 nIters: 6
U1 initRes: 2.092333312006383e-11 finalRes: 1.836505993908609e-12 nIters: 6
U2 initRes: 1.762848796844296e-11 finalRes: 1.196623557052676e-12 nIters: 6
p initRes: 1.733684705016064e-11 finalRes: 1.522876215758201e-12 nIters: 4
Time step continuity errors : sum local = 4.803788558385992e-14
                                 global = -8.614421824639237e-15
                             cumulative = 1.804226354400334e-05
nuTilda initRes: 6.723096154872651e-13 finalRes: 6.352981453658563e-14 nIters: 4
Bounding nuTilda>1e-16
CD: 0.01814444880930365 final: 0.01814444880930365
CL: 0.5165691374004251 final: 0.5165691374004251
yPlus min: 4.867800521618906 max: 59.15685345832062 mean: 32.05728871596328
ExecutionTime = 103.1 s  ClockTime = 137 s

Time = 800

U0 initRes: 1.046752652942949e-11 finalRes: 9.048105526696295e-13 nIters: 6
U1 initRes: 4.563914187691448e-12 finalRes: 4.00420766142529e-13 nIters: 6
U2 initRes: 1.116259602756583e-11 finalRes: 8.451899679180294e-13 nIters: 6
p initRes: 3.840483809345717e-12 finalRes: 3.316605671727414e-13 nIters: 4
Time step continuity errors : sum local = 1.09855894584466e-14
                                 global = -1.856513093933143e-15
                             cumulative = 1.804226354214683e-05
nuTilda initRes: 1.476027846749187e-13 finalRes: 1.385123599063263e-14 nIters: 4
Bounding nuTilda>1e-16
CD: 0.01814444891888516 final: 0.01814444891888516
CL: 0.5165691351044877 final: 0.5165691351044877
yPlus min: 4.867800531664479 max: 59.15685339362561 mean: 32.05728871335381
ExecutionTime = 104.08 s  ClockTime = 139 s

Time = 804
Minimal residual 9.85043711279911e-12 satisfied the prescribed tolerance 9.999999999999999e-12

CD: 0.0181444489206876 final: 0.0181444489206876
CL: 0.5165691350666388 final: 0.5165691350666388
End

Printing Primal Residual Statistics.
U Residual Norm2: (1.420729164159512e-06 1.428732698692928e-06 2.796266324934056e-12)
U Residual Mean: (7.031093417627298e-09 2.303104041398564e-09 1.192674842005021e-14)
U Residual Max: (1.749349394231103e-07 2.851566023309715e-07 1.833289618966444e-13)
p Residual Norm2: 2.145128288379036e-07
p Residual Mean: 1.061920051181015e-10
p Residual Max: 6.835655618634365e-08
nuTilda Residual Norm2: 2.006306176969971e-10
nuTilda Residual Mean: 3.977186511269306e-13
nuTilda Residual Max: 1.91621186051363e-11
phi Residual Norm2: 1.001642610668295e-09
phi Residual Mean: 1.617711135024998e-12
phi Residual Max: 1.274673485795e-10
Total Residual Norm2: 2.026268807313626e-06
 
 
CHECKALL8REF FD idx=3 h=1.0e-04 CD_plus=1.814766322170960e-02 CD_minus=1.814444892068760e-02 fd=1.607150511000188e-02 adjoint=1.574075053000589e-02 relerr=-2.058019e-02
/home/dafoamuser/dafoam/packages/miniconda3/lib/python3.10/site-packages/openmdao/core/problem.py:1011: DerivativesWarning:Inefficient choice of derivative mode.  You chose 'rev' for a problem with 10 design variables and 25 response variables (objectives and nonlinear constraints).
/home/dafoamuser/dafoam/packages/miniconda3/lib/python3.10/site-packages/openmdao/core/problem.py:1011: DerivativesWarning:Inefficient choice of derivative mode.  You chose 'rev' for a problem with 10 design variables and 25 response variables (objectives and nonlinear constraints).
/home/dafoamuser/dafoam/packages/miniconda3/lib/python3.10/site-packages/openmdao/core/problem.py:1011: DerivativesWarning:Inefficient choice of derivative mode.  You chose 'rev' for a problem with 10 design variables and 25 response variables (objectives and nonlinear constraints).
/home/dafoamuser/dafoam/packages/miniconda3/lib/python3.10/site-packages/openmdao/core/problem.py:1011: DerivativesWarning:Inefficient choice of derivative mode.  You chose 'rev' for a problem with 10 design variables and 25 response variables (objectives and nonlinear constraints).
DAInputVolCoord. 
Setting volume coordinates. 
DAInputPatchVelocity. 
Setting UMag = 10 AoA = 5.13918623195176 degs at 1(inout)
Checking mesh quality for time = 804
    Overall domain bounding box (-17.97860191669893 -19.32942971040372 0) (19.10692317187388 19.32947523149186 0.1)
    Mesh has 3 geometric (non-empty/wedge) directions (1 1 1)
    Mesh has 3 solution (non-empty) directions (1 1 1)
    Boundary openness (-1.936862123876157e-19 -8.464239990167459e-20 -1.209338983755686e-15) OK.
    Max cell openness = 2.725443630512425e-16 OK.
    Max aspect ratio = 167.4991949160338 OK.
    Minimum face area = 9.682824179307911e-07. Maximum face area = 1.867132160298538.  Face area magnitudes OK.
    Min volume = 9.682824181757869e-08. Max volume = 0.1867132160265834.  Total volume = 112.3943466037512.  Cell volumes OK.
    Mesh non-orthogonality Max: 26.96120744585154 average: 1.896789707078928
    Non-orthogonality check OK.
    Face pyramids OK.
    Max skewness = 0.8621999566452568 OK.
    Coupled point location match (average 0) OK.

Mesh OK.

Running Primal Solver 010
Previous solution time 804 found and deleted.
No finite volume options present

Starting time loop

Time = 1

U0 initRes: 7.045382198049362e-07 finalRes: 4.878167899282899e-08 nIters: 7
U1 initRes: 5.458300754502032e-07 finalRes: 5.33568151741744e-08 nIters: 6
U2 initRes: 0.007404755623644907 finalRes: 0.0005943834267873265 nIters: 6
p initRes: 7.123631437653066e-05 finalRes: 3.971232502509084e-06 nIters: 6
Time step continuity errors : sum local = 1.249849206395374e-07
                                 global = -1.340347163814787e-09
                             cumulative = 1.804092319498302e-05
nuTilda initRes: 4.72973511250867e-07 finalRes: 3.72184096680372e-08 nIters: 3
Bounding nuTilda>1e-16
CD: 0.01811199306544404 final: 0.01811199306544404
CL: 0.5154731507876691 final: 0.5154731507876691
yPlus min: 4.857199866956121 max: 59.15617580245587 mean: 32.05714254600846
ExecutionTime = 104.54 s  ClockTime = 139 s

Time = 100

U0 initRes: 1.185312482273248e-06 finalRes: 9.17240196341316e-08 nIters: 6
U1 initRes: 3.687885758951978e-07 finalRes: 3.40916707990118e-08 nIters: 6
U2 initRes: 7.6356505174693e-05 finalRes: 5.307129299560793e-06 nIters: 1
p initRes: 4.652338136268954e-07 finalRes: 4.373639839932488e-08 nIters: 3
Time step continuity errors : sum local = 1.376759615971404e-09
                                 global = -3.09150936368933e-11
                             cumulative = 1.804089227988938e-05
nuTilda initRes: 7.006736490857362e-08 finalRes: 6.116716854947834e-09 nIters: 3
Bounding nuTilda>1e-16
CD: 0.01815206068126984 final: 0.01815206068126984
CL: 0.5169500786643646 final: 0.5169500786643646
yPlus min: 4.87456901620329 max: 59.15708105437329 mean: 32.05732544065725
ExecutionTime = 105.51 s  ClockTime = 141 s

Time = 200

U0 initRes: 1.890214596682096e-07 finalRes: 1.70062283790572e-08 nIters: 6
U1 initRes: 9.69248742021717e-08 finalRes: 8.192812539370636e-09 nIters: 6
U2 initRes: 2.709018543903528e-08 finalRes: 1.861171809658096e-09 nIters: 6
p initRes: 7.068800747068308e-08 finalRes: 6.67738440800954e-09 nIters: 4
Time step continuity errors : sum local = 2.102014013914883e-10
                                 global = 1.804310534602827e-11
                             cumulative = 1.804091032299473e-05
nuTilda initRes: 1.855515167966383e-09 finalRes: 1.77148505679862e-10 nIters: 4
Bounding nuTilda>1e-16
CD: 0.01814953227111606 final: 0.01814953227111606
CL: 0.5169895200959654 final: 0.5169895200959654
yPlus min: 4.87457818829543 max: 59.15833634317808 mean: 32.05733891112151
ExecutionTime = 106.53 s  ClockTime = 142 s

Time = 300

U0 initRes: 4.132342687775638e-08 finalRes: 3.50909738975463e-09 nIters: 6
U1 initRes: 1.769396580657357e-08 finalRes: 1.557885249758871e-09 nIters: 6
U2 initRes: 6.355999313368664e-09 finalRes: 6.355011416673187e-10 nIters: 5
p initRes: 1.951085769935595e-08 finalRes: 1.915386086366491e-09 nIters: 3
Time step continuity errors : sum local = 6.029593527931739e-11
                                 global = -4.633505827750079e-12
                             cumulative = 1.80409056894889e-05
nuTilda initRes: 7.517620377255616e-10 finalRes: 6.477008223625471e-11 nIters: 4
Bounding nuTilda>1e-16
CD: 0.01814909233850269 final: 0.01814909233850269
CL: 0.5169989339470367 final: 0.5169989339470367
yPlus min: 4.874530481066044 max: 59.15859162722296 mean: 32.05734421110918
ExecutionTime = 107.56 s  ClockTime = 143 s

Time = 400

U0 initRes: 8.656985610282412e-09 finalRes: 7.427321169272321e-10 nIters: 6
U1 initRes: 3.683069570404326e-09 finalRes: 3.248946578380725e-10 nIters: 6
U2 initRes: 1.283064776358429e-09 finalRes: 8.833847308594075e-11 nIters: 6
p initRes: 3.126594447550263e-09 finalRes: 2.770792175026837e-10 nIters: 4
Time step continuity errors : sum local = 8.722457179618929e-12
                                 global = 8.039655125514586e-13
                             cumulative = 1.804090649345441e-05
nuTilda initRes: 1.45644960408755e-10 finalRes: 1.097680391330524e-11 nIters: 4
Bounding nuTilda>1e-16
CD: 0.01814899651345395 final: 0.01814899651345395
CL: 0.5170008461405086 final: 0.5170008461405086
yPlus min: 4.874523603574426 max: 59.15864703407811 mean: 32.05734526208916
ExecutionTime = 108.58 s  ClockTime = 145 s

Time = 500

U0 initRes: 1.965228788971434e-09 finalRes: 1.705269992660394e-10 nIters: 6
U1 initRes: 8.659782265075316e-10 finalRes: 7.566724162348101e-11 nIters: 6
U2 initRes: 2.718572700918936e-10 finalRes: 1.980975433162353e-11 nIters: 6
p initRes: 7.273759656313341e-10 finalRes: 6.375744567268163e-11 nIters: 4
Time step continuity errors : sum local = 2.007091825559712e-12
                                 global = 1.541349948343437e-13
                             cumulative = 1.804090664758941e-05
nuTilda initRes: 2.369485991441503e-11 finalRes: 1.541102340924134e-12 nIters: 5
Bounding nuTilda>1e-16
CD: 0.01814897722815759 final: 0.01814897722815759
CL: 0.517001269884826 final: 0.517001269884826
yPlus min: 4.874521401235901 max: 59.15865876816692 mean: 32.05734595147373
ExecutionTime = 109.61 s  ClockTime = 146 s

Time = 600

U0 initRes: 4.183428421623448e-10 finalRes: 3.612117285473103e-11 nIters: 6
U1 initRes: 1.825846240428374e-10 finalRes: 1.603245910001241e-11 nIters: 6
U2 initRes: 6.644675478598737e-11 finalRes: 4.769212238052925e-12 nIters: 6
p initRes: 1.534759599541416e-10 finalRes: 1.353109769689701e-11 nIters: 4
Time step continuity errors : sum local = 4.259297545803535e-13
                                 global = 3.859161195680024e-14
                             cumulative = 1.804090668618102e-05
nuTilda initRes: 6.11410975974579e-12 finalRes: 5.556306864306516e-13 nIters: 4
Bounding nuTilda>1e-16
CD: 0.01814897272873767 final: 0.01814897272873767
CL: 0.5170013625929303 final: 0.5170013625929303
yPlus min: 4.874521021921947 max: 59.15866140332285 mean: 32.05734604428323
ExecutionTime = 110.64 s  ClockTime = 147 s

Time = 700

U0 initRes: 9.260632903492351e-11 finalRes: 7.998204629683918e-12 nIters: 6
U1 initRes: 4.027426324456855e-11 finalRes: 3.534846467754929e-12 nIters: 6
U2 initRes: 2.110932470447325e-11 finalRes: 1.580863651788544e-12 nIters: 6
p initRes: 3.349372716185796e-11 finalRes: 2.985053344385504e-12 nIters: 4
Time step continuity errors : sum local = 9.391923327021526e-14
                                 global = 7.891203201685947e-15
                             cumulative = 1.804090669407222e-05
nuTilda initRes: 1.28990702840548e-12 finalRes: 1.222310182764361e-13 nIters: 4
Bounding nuTilda>1e-16
CD: 0.01814897177295413 final: 0.01814897177295413
CL: 0.5170013828257207 final: 0.5170013828257207
yPlus min: 4.874520930082717 max: 59.15866197105147 mean: 32.05734606905848
ExecutionTime = 111.65 s  ClockTime = 149 s

Time = 800

U0 initRes: 2.012359541448973e-11 finalRes: 1.738749260734473e-12 nIters: 6
U1 initRes: 8.779555660780974e-12 finalRes: 7.702212192483345e-13 nIters: 6
U2 initRes: 1.178202246009455e-11 finalRes: 9.16412298151893e-13 nIters: 6
p initRes: 7.395552207423939e-12 finalRes: 6.502492800941445e-13 nIters: 4
Time step continuity errors : sum local = 2.073725234990681e-14
                                 global = 1.746252105710877e-15
                             cumulative = 1.804090669581847e-05
nuTilda initRes: 2.843778201203486e-13 finalRes: 2.660878454258869e-14 nIters: 4
Bounding nuTilda>1e-16
CD: 0.018148971561738 final: 0.018148971561738
CL: 0.517001387242277 final: 0.517001387242277
yPlus min: 4.874520910868533 max: 59.15866209555088 mean: 32.05734607405017
ExecutionTime = 112.68 s  ClockTime = 150 s

Time = 846
Minimal residual 9.993585478096995e-12 satisfied the prescribed tolerance 9.999999999999999e-12

CD: 0.01814897153215587 final: 0.01814897153215587
CL: 0.5170013878627295 final: 0.5170013878627295
End

Printing Primal Residual Statistics.
U Residual Norm2: (1.442325002814369e-06 1.450197732870959e-06 1.730465948045543e-12)
U Residual Mean: (7.138206160361782e-09 2.337374995352004e-09 7.923909298966972e-15)
U Residual Max: (1.775561031536199e-07 2.896103978855535e-07 1.752154600879671e-13)
p Residual Norm2: 2.17927537545944e-07
p Residual Mean: 1.078804172080945e-10
p Residual Max: 6.947320966644357e-08
nuTilda Residual Norm2: 2.035352674316463e-10
nuTilda Residual Mean: 4.035496603276005e-13
nuTilda Residual Max: 1.942601523461557e-11
phi Residual Norm2: 1.016851946928144e-09
phi Residual Mean: 1.642100778692485e-12
phi Residual Max: 1.293826393297847e-10
Total Residual Norm2: 2.056907476092656e-06
 
 
/home/dafoamuser/dafoam/packages/miniconda3/lib/python3.10/site-packages/openmdao/core/problem.py:1011: DerivativesWarning:Inefficient choice of derivative mode.  You chose 'rev' for a problem with 10 design variables and 25 response variables (objectives and nonlinear constraints).
/home/dafoamuser/dafoam/packages/miniconda3/lib/python3.10/site-packages/openmdao/core/problem.py:1011: DerivativesWarning:Inefficient choice of derivative mode.  You chose 'rev' for a problem with 10 design variables and 25 response variables (objectives and nonlinear constraints).
/home/dafoamuser/dafoam/packages/miniconda3/lib/python3.10/site-packages/openmdao/core/problem.py:1011: DerivativesWarning:Inefficient choice of derivative mode.  You chose 'rev' for a problem with 10 design variables and 25 response variables (objectives and nonlinear constraints).
/home/dafoamuser/dafoam/packages/miniconda3/lib/python3.10/site-packages/openmdao/core/problem.py:1011: DerivativesWarning:Inefficient choice of derivative mode.  You chose 'rev' for a problem with 10 design variables and 25 response variables (objectives and nonlinear constraints).
DAInputVolCoord. 
Setting volume coordinates. 
DAInputPatchVelocity. 
Setting UMag = 10 AoA = 5.13918623195176 degs at 1(inout)
Checking mesh quality for time = 846
    Overall domain bounding box (-17.97860078660379 -19.329475206759 0) (19.10692411920743 19.32942973666797 0.1)
    Mesh has 3 geometric (non-empty/wedge) directions (1 1 1)
    Mesh has 3 solution (non-empty) directions (1 1 1)
    Boundary openness (8.99802116562922e-20 -7.244169582498101e-20 -6.712040288580618e-16) OK.
    Max cell openness = 2.975065749205051e-16 OK.
    Max aspect ratio = 167.5000776171899 OK.
    Minimum face area = 9.683373170395995e-07. Maximum face area = 1.867132163323299.  Face area magnitudes OK.
    Min volume = 9.683373171905951e-08. Max volume = 0.1867132163268483.  Total volume = 112.3943435854465.  Cell volumes OK.
    Mesh non-orthogonality Max: 26.96109634100317 average: 1.896679156560033
    Non-orthogonality check OK.
    Face pyramids OK.
    Max skewness = 0.8621837249542906 OK.
    Coupled point location match (average 0) OK.

Mesh OK.

Running Primal Solver 011
Previous solution time 846 found and deleted.
No finite volume options present

Starting time loop

Time = 1

U0 initRes: 6.435159523640515e-07 finalRes: 5.741029980168623e-08 nIters: 6
U1 initRes: 5.38985928868489e-07 finalRes: 4.806355551183166e-08 nIters: 6
U2 initRes: 0.01016978486908797 finalRes: 0.0007672181801887609 nIters: 6
p initRes: 8.62293811423924e-05 finalRes: 8.543253879498771e-06 nIters: 6
Time step continuity errors : sum local = 2.689415908828812e-07
                                 global = -6.967525267743885e-09
                             cumulative = 1.803393917055073e-05
nuTilda initRes: 7.606685890679099e-07 finalRes: 7.268507762516766e-08 nIters: 3
Bounding nuTilda>1e-16
CD: 0.01843532529021173 final: 0.01843532529021173
CL: 0.5188306281026822 final: 0.5188306281026822
yPlus min: 4.890316670025787 max: 59.15895576693677 mean: 32.05773017143537
ExecutionTime = 113.54 s  ClockTime = 151 s

Time = 100

U0 initRes: 1.810615380734049e-06 finalRes: 1.416584898198551e-07 nIters: 6
U1 initRes: 5.904956138395927e-07 finalRes: 5.450318023353586e-08 nIters: 6
U2 initRes: 1.806249848706987e-05 finalRes: 5.00625249559362e-07 nIters: 2
p initRes: 6.260374317534746e-07 finalRes: 4.431334824470112e-08 nIters: 4
Time step continuity errors : sum local = 1.394952027230844e-09
                                 global = 4.413997549059685e-11
                             cumulative = 1.803398331052622e-05
nuTilda initRes: 7.056037941196565e-08 finalRes: 4.733887615114495e-09 nIters: 4
Bounding nuTilda>1e-16
CD: 0.01813853623341378 final: 0.01813853623341378
CL: 0.5164550947744995 final: 0.5164550947744995
yPlus min: 4.862643003967608 max: 59.15442421113031 mean: 32.05752952744103
ExecutionTime = 114.55 s  ClockTime = 153 s

Time = 200

U0 initRes: 2.795918688281527e-07 finalRes: 2.518785546746561e-08 nIters: 6
U1 initRes: 1.443335320287268e-07 finalRes: 1.217160952594026e-08 nIters: 6
U2 initRes: 3.682449748256218e-08 finalRes: 2.695080824111271e-09 nIters: 6
p initRes: 1.039723342924748e-07 finalRes: 9.270655820072233e-09 nIters: 4
Time step continuity errors : sum local = 2.918184068960326e-10
                                 global = -5.101469361075953e-11
                             cumulative = 1.803393229583261e-05
nuTilda initRes: 2.831710874419244e-09 finalRes: 2.601643968438039e-10 nIters: 4
Bounding nuTilda>1e-16
CD: 0.01814231503560703 final: 0.01814231503560703
CL: 0.5163961534162717 final: 0.5163961534162717
yPlus min: 4.862620596548196 max: 59.15254318698936 mean: 32.05752921081661
ExecutionTime = 115.56 s  ClockTime = 154 s

Time = 300

U0 initRes: 6.130241375929379e-08 finalRes: 5.209331672099311e-09 nIters: 6
U1 initRes: 2.592238830924099e-08 finalRes: 2.282344174648979e-09 nIters: 6
U2 initRes: 9.390342047593663e-09 finalRes: 6.365739034278194e-10 nIters: 6
p initRes: 2.71270879211693e-08 finalRes: 1.898830537404952e-09 nIters: 4
Time step continuity errors : sum local = 5.977008129191922e-11
                                 global = -1.211527196285681e-11
                             cumulative = 1.803392018056064e-05
nuTilda initRes: 1.112295089772221e-09 finalRes: 9.529199525639537e-11 nIters: 4
Bounding nuTilda>1e-16
CD: 0.01814296341738718 final: 0.01814296341738718
CL: 0.5163821838066227 final: 0.5163821838066227
yPlus min: 4.862693139763952 max: 59.15216552604866 mean: 32.0575209564204
ExecutionTime = 116.58 s  ClockTime = 155 s

Time = 400

U0 initRes: 1.285970775611511e-08 finalRes: 1.103316753468188e-09 nIters: 6
U1 initRes: 5.464066736949092e-09 finalRes: 4.821543072618404e-10 nIters: 6
U2 initRes: 1.901815666721411e-09 finalRes: 1.308954730741651e-10 nIters: 6
p initRes: 4.633599360276868e-09 finalRes: 4.046695461652471e-10 nIters: 4
Time step continuity errors : sum local = 1.273782509089241e-11
                                 global = -2.425564685142637e-12
                             cumulative = 1.803391775499596e-05
nuTilda initRes: 2.150567951623338e-10 finalRes: 1.652656239989184e-11 nIters: 4
Bounding nuTilda>1e-16
CD: 0.01814310536131368 final: 0.01814310536131368
CL: 0.5163793489821523 final: 0.5163793489821523
yPlus min: 4.862703363385031 max: 59.15208342532295 mean: 32.05751939282787
ExecutionTime = 117.58 s  ClockTime = 157 s

Time = 500

U0 initRes: 2.918174937706034e-09 finalRes: 2.531051554062153e-10 nIters: 6
U1 initRes: 1.283396754996979e-09 finalRes: 1.121643863817466e-10 nIters: 6
U2 initRes: 4.007185697139829e-10 finalRes: 2.91241628093084e-11 nIters: 6
p initRes: 1.070080179517074e-09 finalRes: 9.267346443571558e-11 nIters: 4
Time step continuity errors : sum local = 2.917091274565315e-12
                                 global = -4.937153178156286e-13
                             cumulative = 1.803391726128064e-05
nuTilda initRes: 3.54511620575297e-11 finalRes: 3.524384739090063e-12 nIters: 4
Bounding nuTilda>1e-16
CD: 0.01814313397234473 final: 0.01814313397234473
CL: 0.5163787204308591 final: 0.5163787204308591
yPlus min: 4.862706615498843 max: 59.15206602089893 mean: 32.05751837346718
ExecutionTime = 118.63 s  ClockTime = 158 s

Time = 600

U0 initRes: 6.21284075400707e-10 finalRes: 5.364226831721649e-11 nIters: 6
U1 initRes: 2.707786154766448e-10 finalRes: 2.377772541135491e-11 nIters: 6
U2 initRes: 9.496313998063174e-11 finalRes: 6.755155328876173e-12 nIters: 6
p initRes: 2.259451842307103e-10 finalRes: 1.969769276640516e-11 nIters: 4
Time step continuity errors : sum local = 6.200567482767084e-13
                                 global = -1.160348456871103e-13
                             cumulative = 1.803391714524579e-05
nuTilda initRes: 9.065947587057676e-12 finalRes: 8.240291172358091e-13 nIters: 4
Bounding nuTilda>1e-16
CD: 0.01814314063153352 final: 0.01814314063153352
CL: 0.5163785828068754 final: 0.5163785828068754
yPlus min: 4.862707187806738 max: 59.15206211196083 mean: 32.05751823740106
ExecutionTime = 119.67 s  ClockTime = 160 s

Time = 700

U0 initRes: 1.375599392034606e-10 finalRes: 1.188160282906033e-11 nIters: 6
U1 initRes: 5.9774371054694e-11 finalRes: 5.246054204390289e-12 nIters: 6
U2 initRes: 2.7050222445115e-11 finalRes: 1.999052962404401e-12 nIters: 6
p initRes: 4.931104523026897e-11 finalRes: 4.351727887821082e-12 nIters: 4
Time step continuity errors : sum local = 1.369947781075631e-13
                                 global = -2.446036443362702e-14
                             cumulative = 1.803391712078543e-05
nuTilda initRes: 1.911920594912358e-12 finalRes: 1.812207647785992e-13 nIters: 4
Bounding nuTilda>1e-16
CD: 0.01814314204789666 final: 0.01814314204789666
CL: 0.5163785527760399 final: 0.5163785527760399
yPlus min: 4.862707324822023 max: 59.15206126955838 mean: 32.0575182006772
ExecutionTime = 120.69 s  ClockTime = 161 s

Time = 800

U0 initRes: 2.989569718150523e-11 finalRes: 2.583009489193288e-12 nIters: 6
U1 initRes: 1.303274283942015e-11 finalRes: 1.143364853130954e-12 nIters: 6
U2 initRes: 1.313995691005266e-11 finalRes: 1.008332414227018e-12 nIters: 6
p initRes: 1.087624870181036e-11 finalRes: 9.463395618198143e-13 nIters: 4
Time step continuity errors : sum local = 3.010429341939283e-14
                                 global = -5.43183519056172e-15
                             cumulative = 1.803391711535359e-05
nuTilda initRes: 4.219320169813943e-13 finalRes: 3.944961955644006e-14 nIters: 4
Bounding nuTilda>1e-16
CD: 0.01814314236100096 final: 0.01814314236100096
CL: 0.5163785462188738 final: 0.5163785462188738
yPlus min: 4.862707353488643 max: 59.15206108477231 mean: 32.05751819328698
ExecutionTime = 121.68 s  ClockTime = 162 s

Time = 872
Minimal residual 9.995580793176795e-12 satisfied the prescribed tolerance 9.999999999999999e-12

CD: 0.01814314241899325 final: 0.01814314241899325
CL: 0.516378545000485 final: 0.516378545000485
End

Printing Primal Residual Statistics.
U Residual Norm2: (1.442189535016442e-06 1.449325442368611e-06 1.734560568533383e-12)
U Residual Mean: (7.137386120651988e-09 2.337612913835665e-09 7.953926107536714e-15)
U Residual Max: (1.774069460225292e-07 2.893712007789873e-07 1.390537109692861e-13)
p Residual Norm2: 2.177503599841641e-07
p Residual Mean: 1.078002878641422e-10
p Residual Max: 6.93613967366915e-08
nuTilda Residual Norm2: 2.032817635409394e-10
nuTilda Residual Mean: 4.030791095091339e-13
nuTilda Residual Max: 1.940986216141261e-11
phi Residual Norm2: 1.016726403146339e-09
phi Residual Mean: 1.641866574739194e-12
phi Residual Max: 1.295687385883676e-10
Total Residual Norm2: 2.056178782873758e-06
 
 
CHECKALL8REF FD idx=4 h=1.0e-04 CD_plus=1.814897153215587e-02 CD_minus=1.814314241899325e-02 fd=2.914556581310249e-02 adjoint=2.841166531958265e-02 relerr=-2.518052e-02
/home/dafoamuser/dafoam/packages/miniconda3/lib/python3.10/site-packages/openmdao/core/problem.py:1011: DerivativesWarning:Inefficient choice of derivative mode.  You chose 'rev' for a problem with 10 design variables and 25 response variables (objectives and nonlinear constraints).
/home/dafoamuser/dafoam/packages/miniconda3/lib/python3.10/site-packages/openmdao/core/problem.py:1011: DerivativesWarning:Inefficient choice of derivative mode.  You chose 'rev' for a problem with 10 design variables and 25 response variables (objectives and nonlinear constraints).
/home/dafoamuser/dafoam/packages/miniconda3/lib/python3.10/site-packages/openmdao/core/problem.py:1011: DerivativesWarning:Inefficient choice of derivative mode.  You chose 'rev' for a problem with 10 design variables and 25 response variables (objectives and nonlinear constraints).
/home/dafoamuser/dafoam/packages/miniconda3/lib/python3.10/site-packages/openmdao/core/problem.py:1011: DerivativesWarning:Inefficient choice of derivative mode.  You chose 'rev' for a problem with 10 design variables and 25 response variables (objectives and nonlinear constraints).
DAInputVolCoord. 
Setting volume coordinates. 
DAInputPatchVelocity. 
Setting UMag = 10 AoA = 5.13918623195176 degs at 1(inout)
Checking mesh quality for time = 872
    Overall domain bounding box (-17.97860078981578 -19.32942967072675 0) (19.10692411641337 19.32947527090551 0.1)
    Mesh has 3 geometric (non-empty/wedge) directions (1 1 1)
    Mesh has 3 solution (non-empty) directions (1 1 1)
    Boundary openness (7.03065721219593e-19 -8.616749077854014e-20 2.372916678734513e-16) OK.
    Max cell openness = 2.470191531478827e-16 OK.
    Max aspect ratio = 167.5000792419119 OK.
    Minimum face area = 9.683373220116801e-07. Maximum face area = 1.867132163755008.  Face area magnitudes OK.
    Min volume = 9.683373225326405e-08. Max volume = 0.1867132163722142.  Total volume = 112.3943435776313.  Cell volumes OK.
    Mesh non-orthogonality Max: 26.96109586670459 average: 1.896679594371547
    Non-orthogonality check OK.
    Face pyramids OK.
    Max skewness = 0.8621854404485344 OK.
    Coupled point location match (average 0) OK.

Mesh OK.

Running Primal Solver 012
Previous solution time 872 found and deleted.
No finite volume options present

Starting time loop

Time = 1

U0 initRes: 6.249628139999371e-07 finalRes: 5.567953884506287e-08 nIters: 6
U1 initRes: 5.368155062272348e-07 finalRes: 4.799229818590858e-08 nIters: 6
U2 initRes: 0.009684336976275 finalRes: 0.0007167480306838479 nIters: 6
p initRes: 8.428393479688284e-05 finalRes: 5.203130525584467e-06 nIters: 6
Time step continuity errors : sum local = 1.637786197352935e-07
                                 global = -3.814175235499123e-09
                             cumulative = 1.803010294011809e-05
nuTilda initRes: 7.41596673432206e-07 finalRes: 6.452247864577235e-08 nIters: 3
Bounding nuTilda>1e-16
CD: 0.01792539785439222 final: 0.01792539785439222
CL: 0.5143181951915636 final: 0.5143181951915636
yPlus min: 4.845718000408421 max: 59.15168359036198 mean: 32.05733568699087
ExecutionTime = 122.83 s  ClockTime = 164 s

Time = 100

U0 initRes: 1.730398587489543e-06 finalRes: 1.35716867111893e-07 nIters: 6
U1 initRes: 5.680969846559646e-07 finalRes: 5.239418260422153e-08 nIters: 6
U2 initRes: 1.564519381743721e-05 finalRes: 3.742639126656914e-07 nIters: 2
p initRes: 5.911465332515421e-07 finalRes: 4.170271409477707e-08 nIters: 4
Time step continuity errors : sum local = 1.312991138853974e-09
                                 global = -8.530598481698445e-12
                             cumulative = 1.803009440951961e-05
nuTilda initRes: 7.18587639248644e-08 finalRes: 4.58935355903765e-09 nIters: 4
Bounding nuTilda>1e-16
CD: 0.01815397487991795 final: 0.01815397487991795
CL: 0.5168963362381483 final: 0.5168963362381483
yPlus min: 4.874170730755195 max: 59.15548814494152 mean: 32.05758593528499
ExecutionTime = 123.84 s  ClockTime = 165 s

Time = 200

U0 initRes: 2.666778079261415e-07 finalRes: 2.401369615408562e-08 nIters: 6
U1 initRes: 1.378437744601803e-07 finalRes: 1.163276173913806e-08 nIters: 6
U2 initRes: 2.661491603175873e-08 finalRes: 1.972802523215312e-09 nIters: 6
p initRes: 1.001529272776569e-07 finalRes: 9.457151802893199e-09 nIters: 4
Time step continuity errors : sum local = 2.977683784112956e-10
                                 global = 2.686711004989706e-11
                             cumulative = 1.803012127662966e-05
nuTilda initRes: 2.731746525828837e-09 finalRes: 2.492839362886718e-10 nIters: 4
Bounding nuTilda>1e-16
CD: 0.01815036395048506 final: 0.01815036395048506
CL: 0.5169528071232741 final: 0.5169528071232741
yPlus min: 4.874179578968097 max: 59.1572856872455 mean: 32.05759441123398
ExecutionTime = 124.85 s  ClockTime = 166 s

Time = 300

U0 initRes: 5.861238884115053e-08 finalRes: 4.980638317862773e-09 nIters: 6
U1 initRes: 2.484269821968779e-08 finalRes: 2.187777199969732e-09 nIters: 6
U2 initRes: 6.55154146987196e-09 finalRes: 4.500825604806716e-10 nIters: 6
p initRes: 2.6206036697345e-08 finalRes: 1.812412483141478e-09 nIters: 4
Time step continuity errors : sum local = 5.706632206345602e-11
                                 global = 5.744081593161621e-12
                             cumulative = 1.803012702071125e-05
nuTilda initRes: 1.061919552746492e-09 finalRes: 9.136674916431217e-11 nIters: 4
Bounding nuTilda>1e-16
CD: 0.0181497435292141 final: 0.0181497435292141
CL: 0.5169661588197914 final: 0.5169661588197914
yPlus min: 4.874110658749825 max: 59.15764690459721 mean: 32.05760240456274
ExecutionTime = 125.88 s  ClockTime = 168 s

Time = 400

U0 initRes: 1.230726597304864e-08 finalRes: 1.056001860903622e-09 nIters: 6
U1 initRes: 5.232660324105561e-09 finalRes: 4.615703679385199e-10 nIters: 6
U2 initRes: 1.341558028659122e-09 finalRes: 9.490148871546895e-11 nIters: 6
p initRes: 4.445378522189003e-09 finalRes: 3.936676523446476e-10 nIters: 4
Time step continuity errors : sum local = 1.239518852090118e-11
                                 global = 1.136224092470473e-12
                             cumulative = 1.803012815693534e-05
nuTilda initRes: 2.065235557372352e-10 finalRes: 1.605727778424386e-11 nIters: 4
Bounding nuTilda>1e-16
CD: 0.01814960759222921 final: 0.01814960759222921
CL: 0.5169688703608561 final: 0.5169688703608561
yPlus min: 4.874100904694401 max: 59.15772531503698 mean: 32.05760384594148
ExecutionTime = 126.92 s  ClockTime = 169 s

Time = 500

U0 initRes: 2.783191246802071e-09 finalRes: 2.41699893294502e-10 nIters: 6
U1 initRes: 1.231530777746556e-09 finalRes: 1.075296129027206e-10 nIters: 6
U2 initRes: 2.828062827146428e-10 finalRes: 2.096350658578291e-11 nIters: 6
p initRes: 1.031053113092786e-09 finalRes: 9.048559063671848e-11 nIters: 4
Time step continuity errors : sum local = 2.849104680722258e-12
                                 global = 2.18925108484489e-13
                             cumulative = 1.803012837586045e-05
nuTilda initRes: 3.33286710522724e-11 finalRes: 2.138857291942474e-12 nIters: 5
Bounding nuTilda>1e-16
CD: 0.01814958017675677 final: 0.01814958017675677
CL: 0.5169694697762216 final: 0.5169694697762216
yPlus min: 4.874097868715633 max: 59.1577419467206 mean: 32.0576048549387
ExecutionTime = 127.93 s  ClockTime = 171 s

Time = 600

U0 initRes: 5.936732421809049e-10 finalRes: 5.123580100204333e-11 nIters: 6
U1 initRes: 2.585610322332604e-10 finalRes: 2.271394921000135e-11 nIters: 6
U2 initRes: 6.750546100140843e-11 finalRes: 4.873904948510491e-12 nIters: 6
p initRes: 2.175752750657968e-10 finalRes: 1.917474031478602e-11 nIters: 4
Time step continuity errors : sum local = 6.037389744974848e-13
                                 global = 5.487451521830737e-14
                             cumulative = 1.803012843073496e-05
nuTilda initRes: 8.731984340633396e-12 finalRes: 7.920339512944661e-13 nIters: 4
Bounding nuTilda>1e-16
CD: 0.01814957380461914 final: 0.01814957380461914
CL: 0.5169696014326614 final: 0.5169696014326614
yPlus min: 4.874097322339394 max: 59.15774568448869 mean: 32.05760498527912
ExecutionTime = 128.95 s  ClockTime = 172 s

Time = 700

U0 initRes: 1.314586094104079e-10 finalRes: 1.135528533415741e-11 nIters: 6
U1 initRes: 5.717730465045038e-11 finalRes: 5.017809280387527e-12 nIters: 6
U2 initRes: 1.943862198094003e-11 finalRes: 1.459612906085196e-12 nIters: 6
p initRes: 4.749502095058039e-11 finalRes: 4.235043531864364e-12 nIters: 4
Time step continuity errors : sum local = 1.334000391464714e-13
                                 global = 1.119893816613838e-14
                             cumulative = 1.80301284419339e-05
nuTilda initRes: 1.824456269898795e-12 finalRes: 1.732140305777716e-13 nIters: 4
Bounding nuTilda>1e-16
CD: 0.01814957244891462 final: 0.01814957244891462
CL: 0.5169696301328006 final: 0.5169696301328006
yPlus min: 4.874097192298291 max: 59.15774648981948 mean: 32.05760502051018
ExecutionTime = 129.97 s  ClockTime = 173 s

Time = 800

U0 initRes: 2.856159294155145e-11 finalRes: 2.467875126418351e-12 nIters: 6
U1 initRes: 1.24615411474737e-11 finalRes: 1.093234442566711e-12 nIters: 6
U2 initRes: 9.452177111043438e-12 finalRes: 7.26307201920863e-13 nIters: 6
p initRes: 1.04781980907691e-11 finalRes: 9.220276660118411e-13 nIters: 4
Time step continuity errors : sum local = 2.92562576614953e-14
                                 global = 2.539159767014954e-15
                             cumulative = 1.803012844447306e-05
nuTilda initRes: 4.033995245018172e-13 finalRes: 3.774177346354349e-14 nIters: 4
Bounding nuTilda>1e-16
CD: 0.01814957214920552 final: 0.01814957214920552
CL: 0.5169696364009051 final: 0.5169696364009051
yPlus min: 4.874097165053901 max: 59.15774666648937 mean: 32.05760502758574
ExecutionTime = 131.01 s  ClockTime = 175 s

Time = 815
Minimal residual 9.917294549969054e-12 satisfied the prescribed tolerance 9.999999999999999e-12

CD: 0.01814957213218718 final: 0.01814957213218718
CL: 0.5169696367578531 final: 0.5169696367578531
End

Printing Primal Residual Statistics.
U Residual Norm2: (3.279608796781079e-06 3.298639564316354e-06 3.041388084649725e-12)
U Residual Mean: (1.623110864602265e-08 5.316211310785607e-09 1.485679871144457e-14)
U Residual Max: (4.038865881739184e-07 6.585187293239869e-07 2.081254785212591e-13)
p Residual Norm2: 4.95560830631107e-07
p Residual Mean: 2.452934617038346e-10
p Residual Max: 1.580043283193396e-07
nuTilda Residual Norm2: 4.631123325843435e-10
nuTilda Residual Mean: 9.181316228542721e-13
nuTilda Residual Max: 4.42147195198773e-11
phi Residual Norm2: 2.312255709971649e-09
phi Residual Mean: 3.734460400859454e-12
phi Residual Max: 2.941039273892874e-10
Total Residual Norm2: 4.67786734880988e-06
 
 
/home/dafoamuser/dafoam/packages/miniconda3/lib/python3.10/site-packages/openmdao/core/problem.py:1011: DerivativesWarning:Inefficient choice of derivative mode.  You chose 'rev' for a problem with 10 design variables and 25 response variables (objectives and nonlinear constraints).
/home/dafoamuser/dafoam/packages/miniconda3/lib/python3.10/site-packages/openmdao/core/problem.py:1011: DerivativesWarning:Inefficient choice of derivative mode.  You chose 'rev' for a problem with 10 design variables and 25 response variables (objectives and nonlinear constraints).
/home/dafoamuser/dafoam/packages/miniconda3/lib/python3.10/site-packages/openmdao/core/problem.py:1011: DerivativesWarning:Inefficient choice of derivative mode.  You chose 'rev' for a problem with 10 design variables and 25 response variables (objectives and nonlinear constraints).
/home/dafoamuser/dafoam/packages/miniconda3/lib/python3.10/site-packages/openmdao/core/problem.py:1011: DerivativesWarning:Inefficient choice of derivative mode.  You chose 'rev' for a problem with 10 design variables and 25 response variables (objectives and nonlinear constraints).
DAInputVolCoord. 
Setting volume coordinates. 
DAInputPatchVelocity. 
Setting UMag = 10 AoA = 5.13918623195176 degs at 1(inout)
Checking mesh quality for time = 815
    Overall domain bounding box (-17.97860191319671 -19.32947524614596 0) (19.10692317441187 19.32942969697475 0.1)
    Mesh has 3 geometric (non-empty/wedge) directions (1 1 1)
    Mesh has 3 solution (non-empty) directions (1 1 1)
    Boundary openness (1.433582990114744e-19 -2.058869187930749e-20 1.225594326360529e-15) OK.
    Max cell openness = 2.742479646385569e-16 OK.
    Max aspect ratio = 167.4991930965524 OK.
    Minimum face area = 9.682824124519686e-07. Maximum face area = 1.867132159483606.  Face area magnitudes OK.
    Min volume = 9.682824128543809e-08. Max volume = 0.1867132159428957.  Total volume = 112.3943466081848.  Cell volumes OK.
    Mesh non-orthogonality Max: 26.96120791596574 average: 1.896789263175817
    Non-orthogonality check OK.
    Face pyramids OK.
    Max skewness = 0.8621972606166439 OK.
    Coupled point location match (average 0) OK.

Mesh OK.

Running Primal Solver 013
Previous solution time 815 found and deleted.
No finite volume options present

Starting time loop

Time = 1

U0 initRes: 7.291007465523203e-07 finalRes: 6.658897071040932e-08 nIters: 6
U1 initRes: 5.459083705706708e-07 finalRes: 4.89732218396921e-08 nIters: 6
U2 initRes: 0.007427660028029929 finalRes: 0.0005662189397751977 nIters: 6
p initRes: 8.996590210907449e-05 finalRes: 6.749551559525862e-06 nIters: 7
Time step continuity errors : sum local = 2.125233117269527e-07
                                 global = -1.101185741214836e-08
                             cumulative = 1.801911658706092e-05
nuTilda initRes: 7.702886884953156e-07 finalRes: 6.812621160496822e-08 nIters: 3
Bounding nuTilda>1e-16
CD: 0.01828498521948541 final: 0.01828498521948541
CL: 0.519106360190953 final: 0.519106360190953
yPlus min: 4.892255636884543 max: 59.15818480815852 mean: 32.05758955730108
ExecutionTime = 131.56 s  ClockTime = 175 s

Time = 100

U0 initRes: 1.646234169731683e-06 finalRes: 1.296082790459842e-07 nIters: 6
U1 initRes: 5.474152826786154e-07 finalRes: 5.03385592774609e-08 nIters: 6
U2 initRes: 2.003258635995571e-05 finalRes: 3.993968296367784e-07 nIters: 2
p initRes: 5.798056509651178e-07 finalRes: 5.726676780747943e-08 nIters: 3
Time step continuity errors : sum local = 1.802323924246338e-09
                                 global = 1.79683183157074e-10
                             cumulative = 1.801929627024407e-05
nuTilda initRes: 7.45504421774378e-08 finalRes: 7.443460752615393e-09 nIters: 3
Bounding nuTilda>1e-16
CD: 0.01813835262745293 final: 0.01813835262745293
CL: 0.5164805214545773 final: 0.5164805214545773
yPlus min: 4.863037468485711 max: 59.15513141508331 mean: 32.05728355810913
ExecutionTime = 132.57 s  ClockTime = 177 s

Time = 200

U0 initRes: 2.539679827556466e-07 finalRes: 2.285041200438119e-08 nIters: 6
U1 initRes: 1.311640155638034e-07 finalRes: 1.108384578694513e-08 nIters: 6
U2 initRes: 2.571303135476923e-08 finalRes: 1.891495336544357e-09 nIters: 6
p initRes: 9.49808389715796e-08 finalRes: 8.425631577114656e-09 nIters: 4
Time step continuity errors : sum local = 2.651634342118761e-10
                                 global = -4.774224755212288e-11
                             cumulative = 1.801924852799652e-05
nuTilda initRes: 2.663105233054191e-09 finalRes: 2.431247766913457e-10 nIters: 4
Bounding nuTilda>1e-16
CD: 0.01814178614206509 final: 0.01814178614206509
CL: 0.5164262881898154 final: 0.5164262881898154
yPlus min: 4.863041292408946 max: 59.15341535738094 mean: 32.05726897237083
ExecutionTime = 133.58 s  ClockTime = 178 s

Time = 300

U0 initRes: 5.60246454717354e-08 finalRes: 4.763188679376387e-09 nIters: 6
U1 initRes: 2.374113985677608e-08 finalRes: 2.098304428547993e-09 nIters: 6
U2 initRes: 6.274769283967929e-09 finalRes: 4.313520762721563e-10 nIters: 6
p initRes: 2.483770198853226e-08 finalRes: 1.737957186022339e-09 nIters: 4
Time step continuity errors : sum local = 5.469483783815568e-11
                                 global = -1.100176596533273e-11
                             cumulative = 1.801923752623055e-05
nuTilda initRes: 1.004525715506812e-09 finalRes: 8.69745170559556e-11 nIters: 4
Bounding nuTilda>1e-16
CD: 0.01814237783960896 final: 0.01814237783960896
CL: 0.5164135435960462 final: 0.5164135435960462
yPlus min: 4.863107266891793 max: 59.15307005988166 mean: 32.05726117381854
ExecutionTime = 134.59 s  ClockTime = 179 s

Time = 400

U0 initRes: 1.177440673269473e-08 finalRes: 1.011381669680545e-09 nIters: 6
U1 initRes: 5.01549711536988e-09 finalRes: 4.421781756696659e-10 nIters: 6
U2 initRes: 1.279898931198238e-09 finalRes: 9.091974640257235e-11 nIters: 6
p initRes: 4.173673146133544e-09 finalRes: 3.702814346546369e-10 nIters: 4
Time step continuity errors : sum local = 1.165298857061101e-11
                                 global = -2.201100452448427e-12
                             cumulative = 1.80192353251301e-05
nuTilda initRes: 1.912624967938907e-10 finalRes: 1.508149782898962e-11 nIters: 4
Bounding nuTilda>1e-16
CD: 0.01814250758154067 final: 0.01814250758154067
CL: 0.5164109498911655 final: 0.5164109498911655
yPlus min: 4.863116691901589 max: 59.15299520917368 mean: 32.05725978733981
ExecutionTime = 135.62 s  ClockTime = 181 s

Time = 500

U0 initRes: 2.639850959152637e-09 finalRes: 2.29106628525232e-10 nIters: 6
U1 initRes: 1.166333984628931e-09 finalRes: 1.019042160103778e-10 nIters: 6
U2 initRes: 2.701553847248803e-10 finalRes: 1.99716022375571e-11 nIters: 6
p initRes: 9.730647022748846e-10 finalRes: 8.397402581346845e-11 nIters: 4
Time step continuity errors : sum local = 2.642695709504483e-12
                                 global = -4.54084112712509e-13
                             cumulative = 1.801923487104599e-05
nuTilda initRes: 3.250825618625798e-11 finalRes: 3.210582631610977e-12 nIters: 4
Bounding nuTilda>1e-16
CD: 0.01814253391297492 final: 0.01814253391297492
CL: 0.5164103790214164 final: 0.5164103790214164
yPlus min: 4.863119543281933 max: 59.15297934358004 mean: 32.05725890889109
ExecutionTime = 136.67 s  ClockTime = 182 s

Time = 600

U0 initRes: 5.655728477434932e-10 finalRes: 4.881322343193833e-11 nIters: 6
U1 initRes: 2.460691534473022e-10 finalRes: 2.161676663078152e-11 nIters: 6
U2 initRes: 6.433194856066428e-11 finalRes: 4.657643956134642e-12 nIters: 6
p initRes: 2.057127644561638e-10 finalRes: 1.792306243027571e-11 nIters: 4
Time step continuity errors : sum local = 5.640228050682603e-13
                                 global = -1.052823594562929e-13
                             cumulative = 1.801923476576363e-05
nuTilda initRes: 8.257953832221477e-12 finalRes: 7.54189857872157e-13 nIters: 4
Bounding nuTilda>1e-16
CD: 0.01814253995049343 final: 0.01814253995049343
CL: 0.5164102538345181 final: 0.5164102538345181
yPlus min: 4.863120071479593 max: 59.15297579300417 mean: 32.05725878212949
ExecutionTime = 137.68 s  ClockTime = 184 s

Time = 700

U0 initRes: 1.250589498322098e-10 finalRes: 1.080352402245151e-11 nIters: 6
U1 initRes: 5.438824448708643e-11 finalRes: 4.772579163385455e-12 nIters: 6
U2 initRes: 1.870938373560762e-11 finalRes: 1.404884823125238e-12 nIters: 6
p initRes: 4.494271114115265e-11 finalRes: 3.958057195508744e-12 nIters: 4
Time step continuity errors : sum local = 1.246468547262037e-13
                                 global = -2.231454713992327e-14
                             cumulative = 1.801923474344908e-05
nuTilda initRes: 1.734120024209783e-12 finalRes: 1.647082448610333e-13 nIters: 4
Bounding nuTilda>1e-16
CD: 0.0181425412397823 final: 0.0181425412397823
CL: 0.5164102265304661 final: 0.5164102265304661
yPlus min: 4.86312019566254 max: 59.15297502663266 mean: 32.05725874871957
ExecutionTime = 138.68 s  ClockTime = 185 s

Time = 800

U0 initRes: 2.718294254774543e-11 finalRes: 2.348905055998887e-12 nIters: 6
U1 initRes: 1.185244659667347e-11 finalRes: 1.039813413918518e-12 nIters: 6
U2 initRes: 9.286777423410981e-12 finalRes: 7.22634552659511e-13 nIters: 6
p initRes: 9.899686202465186e-12 finalRes: 8.609479161191783e-13 nIters: 4
Time step continuity errors : sum local = 2.726746195842106e-14
                                 global = -4.917203855960733e-15
                             cumulative = 1.801923473853188e-05
nuTilda initRes: 3.832313694689944e-13 finalRes: 3.590931797803601e-14 nIters: 4
Bounding nuTilda>1e-16
CD: 0.01814254152451801 final: 0.01814254152451801
CL: 0.5164102205666555 final: 0.5164102205666555
yPlus min: 4.86312022178674 max: 59.15297485856483 mean: 32.05725874197221
ExecutionTime = 139.68 s  ClockTime = 186 s

Time = 812
Minimal residual 9.874323516583716e-12 satisfied the prescribed tolerance 9.999999999999999e-12

CD: 0.0181425415377448 final: 0.0181425415377448
CL: 0.5164102202888758 final: 0.5164102202888758
End

Printing Primal Residual Statistics.
U Residual Norm2: (3.266507831774271e-06 3.284442170850695e-06 3.069992404602581e-12)
U Residual Mean: (1.616642058274095e-08 5.295082669990914e-09 1.487038224197283e-14)
U Residual Max: (4.021130735054612e-07 6.55546500638593e-07 1.970751482154191e-13)
p Residual Norm2: 4.932235056195495e-07
p Residual Mean: 2.441262052509722e-10
p Residual Max: 1.571587400148665e-07
nuTilda Residual Norm2: 4.614512136845901e-10
nuTilda Residual Mean: 9.146675124283959e-13
nuTilda Residual Max: 4.407793616968535e-11
phi Residual Norm2: 2.3030614523707e-09
phi Residual Mean: 3.719578043198729e-12
phi Residual Max: 2.93296075008248e-10
Total Residual Norm2: 4.658423417019905e-06
 
 
CHECKALL8REF FD idx=5 h=1.0e-04 CD_plus=1.814957213218718e-02 CD_minus=1.814254153774480e-02 fd=3.515297221189442e-02 adjoint=3.442894143928307e-02 relerr=-2.059657e-02
/home/dafoamuser/dafoam/packages/miniconda3/lib/python3.10/site-packages/openmdao/core/problem.py:1011: DerivativesWarning:Inefficient choice of derivative mode.  You chose 'rev' for a problem with 10 design variables and 25 response variables (objectives and nonlinear constraints).
/home/dafoamuser/dafoam/packages/miniconda3/lib/python3.10/site-packages/openmdao/core/problem.py:1011: DerivativesWarning:Inefficient choice of derivative mode.  You chose 'rev' for a problem with 10 design variables and 25 response variables (objectives and nonlinear constraints).
/home/dafoamuser/dafoam/packages/miniconda3/lib/python3.10/site-packages/openmdao/core/problem.py:1011: DerivativesWarning:Inefficient choice of derivative mode.  You chose 'rev' for a problem with 10 design variables and 25 response variables (objectives and nonlinear constraints).
/home/dafoamuser/dafoam/packages/miniconda3/lib/python3.10/site-packages/openmdao/core/problem.py:1011: DerivativesWarning:Inefficient choice of derivative mode.  You chose 'rev' for a problem with 10 design variables and 25 response variables (objectives and nonlinear constraints).
DAInputVolCoord. 
Setting volume coordinates. 
DAInputPatchVelocity. 
Setting UMag = 10 AoA = 5.13918623195176 degs at 1(inout)
Checking mesh quality for time = 812
    Overall domain bounding box (-17.97859973224967 -19.32945232025165 0) (19.10692476552173 19.32945231038807 0.1)
    Mesh has 3 geometric (non-empty/wedge) directions (1 1 1)
    Mesh has 3 solution (non-empty) directions (1 1 1)
    Boundary openness (1.40765652152994e-18 -2.455392198985052e-19 1.219385490388609e-15) OK.
    Max cell openness = 2.795519096436618e-16 OK.
    Max aspect ratio = 167.4971796618474 OK.
    Minimum face area = 9.683111136713906e-07. Maximum face area = 1.86713204369946.  Face area magnitudes OK.
    Min volume = 9.683111142535597e-08. Max volume = 0.1867132043667888.  Total volume = 112.3943444084734.  Cell volumes OK.
    Mesh non-orthogonality Max: 26.95959996936716 average: 1.896724712239326
    Non-orthogonality check OK.
    Face pyramids OK.
    Max skewness = 0.8620395820103741 OK.
    Coupled point location match (average 0) OK.

Mesh OK.

Running Primal Solver 014
Previous solution time 812 found and deleted.
No finite volume options present

Starting time loop

Time = 1

U0 initRes: 1.170370950168736e-06 finalRes: 8.54064472371051e-08 nIters: 7
U1 initRes: 5.920938522826447e-07 finalRes: 5.835025244907494e-08 nIters: 6
U2 initRes: 0.006768870230652938 finalRes: 0.0006101396850181878 nIters: 6
p initRes: 0.0001009211092312827 finalRes: 1.000451707338538e-05 nIters: 5
Time step continuity errors : sum local = 3.148380469229992e-07
                                 global = -1.284648701298627e-08
                             cumulative = 1.800638825151889e-05
nuTilda initRes: 4.19881763441223e-07 finalRes: 3.862916712119324e-08 nIters: 3
Bounding nuTilda>1e-16
CD: 0.01773607503857813 final: 0.01773607503857813
CL: 0.5150000433791843 final: 0.5150000433791843
yPlus min: 4.854449526144239 max: 59.143849331684 mean: 32.05689306557988
ExecutionTime = 140.23 s  ClockTime = 187 s

Time = 100

U0 initRes: 6.314932259569058e-07 finalRes: 5.335192996957948e-08 nIters: 6
U1 initRes: 2.569180089936433e-07 finalRes: 2.344594057900868e-08 nIters: 6
U2 initRes: 9.259308725362959e-06 finalRes: 2.013746540318369e-07 nIters: 2
p initRes: 2.833757509724153e-06 finalRes: 2.443388745988639e-07 nIters: 2
Time step continuity errors : sum local = 7.689799428288887e-09
                                 global = -7.618925024163744e-10
                             cumulative = 1.800562635901647e-05
nuTilda initRes: 6.11696813381239e-08 finalRes: 4.944486986406142e-09 nIters: 2
Bounding nuTilda>1e-16
CD: 0.01814743551345127 final: 0.01814743551345127
CL: 0.5166272354673528 final: 0.5166272354673528
yPlus min: 4.868893794689885 max: 59.14585384240949 mean: 32.05667182289938
ExecutionTime = 141.2 s  ClockTime = 188 s

Time = 200

U0 initRes: 1.365880015368443e-07 finalRes: 1.177878182480754e-08 nIters: 6
U1 initRes: 6.335536232650213e-08 finalRes: 5.185758256911711e-09 nIters: 6
U2 initRes: 1.605450549699192e-08 finalRes: 1.361920585166811e-09 nIters: 5
p initRes: 3.770793297656432e-07 finalRes: 3.711881095691865e-08 nIters: 2
Time step continuity errors : sum local = 1.168230712639274e-09
                                 global = -1.873062349547439e-10
                             cumulative = 1.800543905278152e-05
nuTilda initRes: 1.730942281727972e-09 finalRes: 1.632895493086045e-10 nIters: 4
Bounding nuTilda>1e-16
CD: 0.01814592674434761 final: 0.01814592674434761
CL: 0.5166557443242047 final: 0.5166557443242047
yPlus min: 4.868795120598246 max: 59.14668617193499 mean: 32.05668319064408
ExecutionTime = 142.18 s  ClockTime = 190 s

Time = 300

U0 initRes: 2.871247352084004e-08 finalRes: 2.463461563413551e-09 nIters: 6
U1 initRes: 1.264181659721254e-08 finalRes: 1.105201537838725e-09 nIters: 6
U2 initRes: 3.42008644746337e-09 finalRes: 2.983486958201341e-10 nIters: 5
p initRes: 1.372373294268171e-08 finalRes: 9.235853343390426e-10 nIters: 4
Time step continuity errors : sum local = 2.906789038487339e-11
                                 global = 2.899346161792934e-12
                             cumulative = 1.800544195212768e-05
nuTilda initRes: 4.544456233500197e-10 finalRes: 4.056939795745806e-11 nIters: 4
Bounding nuTilda>1e-16
CD: 0.01814562105441432 final: 0.01814562105441432
CL: 0.5166621185423598 final: 0.5166621185423598
yPlus min: 4.868768608450019 max: 59.14686328082326 mean: 32.0566867964142
ExecutionTime = 143.16 s  ClockTime = 191 s

Time = 400

U0 initRes: 5.984285711304173e-09 finalRes: 5.133820272520381e-10 nIters: 6
U1 initRes: 2.55507495875158e-09 finalRes: 2.25354176150095e-10 nIters: 6
U2 initRes: 7.117748245329093e-10 finalRes: 6.260258782870705e-11 nIters: 5
p initRes: 2.229295853217703e-09 finalRes: 1.944806015884721e-10 nIters: 4
Time step continuity errors : sum local = 6.120953650415103e-12
                                 global = 6.094038875818122e-13
                             cumulative = 1.800544256153157e-05
nuTilda initRes: 1.014425726573467e-10 finalRes: 7.468151552516864e-12 nIters: 4
Bounding nuTilda>1e-16
CD: 0.01814555481849311 final: 0.01814555481849311
CL: 0.5166634542484428 final: 0.5166634542484428
yPlus min: 4.868763483539195 max: 59.14690165679514 mean: 32.0566875211215
ExecutionTime = 144.18 s  ClockTime = 192 s

Time = 500

U0 initRes: 1.346466501918958e-09 finalRes: 1.164915522358925e-10 nIters: 6
U1 initRes: 5.865539601893941e-10 finalRes: 5.141150254462677e-11 nIters: 6
U2 initRes: 1.573365872033573e-10 finalRes: 1.38276216718076e-11 nIters: 5
p initRes: 4.921819036116192e-10 finalRes: 4.403847290996418e-11 nIters: 4
Time step continuity errors : sum local = 1.386100452067118e-12
                                 global = 1.169878309424308e-13
                             cumulative = 1.80054426785194e-05
nuTilda initRes: 1.735572583929552e-11 finalRes: 1.710656319524369e-12 nIters: 4
Bounding nuTilda>1e-16
CD: 0.01814554135729402 final: 0.01814554135729402
CL: 0.5166637464763935 final: 0.5166637464763935
yPlus min: 4.868761998940057 max: 59.14690978749701 mean: 32.05668791670374
ExecutionTime = 145.2 s  ClockTime = 194 s

Time = 600

U0 initRes: 2.898441628649824e-10 finalRes: 2.505622050063914e-11 nIters: 6
U1 initRes: 1.268184115126624e-10 finalRes: 1.112369919677395e-11 nIters: 6
U2 initRes: 3.616228755950994e-11 finalRes: 3.220027570149678e-12 nIters: 5
p initRes: 1.06581872827054e-10 finalRes: 9.506329231174179e-12 nIters: 4
Time step continuity errors : sum local = 2.991875345290227e-13
                                 global = 2.780222991572826e-14
                             cumulative = 1.800544270632163e-05
nuTilda initRes: 4.093012328295258e-12 finalRes: 3.821292620455155e-13 nIters: 4
Bounding nuTilda>1e-16
CD: 0.01814553828996879 final: 0.01814553828996879
CL: 0.5166638103044808 final: 0.5166638103044808
yPlus min: 4.868761726869221 max: 59.14691159141438 mean: 32.05668798703153
ExecutionTime = 146.22 s  ClockTime = 195 s

Time = 700

U0 initRes: 6.366442547257647e-11 finalRes: 5.498842967239232e-12 nIters: 6
U1 initRes: 2.770919022342461e-11 finalRes: 2.432176565527978e-12 nIters: 6
U2 initRes: 9.666118237926579e-12 finalRes: 9.140053652285558e-13 nIters: 5
p initRes: 2.313757842801085e-11 finalRes: 2.08035127470391e-12 nIters: 4
Time step continuity errors : sum local = 6.5634295119847e-14
                                 global = 5.889874074655432e-15
                             cumulative = 1.80054427122115e-05
nuTilda initRes: 8.947496337076611e-13 finalRes: 8.421645251031812e-14 nIters: 4
Bounding nuTilda>1e-16
CD: 0.0181455376282273 final: 0.0181455376282273
CL: 0.5166638242525091 final: 0.5166638242525091
yPlus min: 4.868761664471606 max: 59.14691198322892 mean: 32.05668800346862
ExecutionTime = 147.23 s  ClockTime = 196 s

Time = 768
Minimal residual 9.853606994897334e-12 satisfied the prescribed tolerance 9.999999999999999e-12

CD: 0.01814553750849333 final: 0.01814553750849333
CL: 0.5166638267637568 final: 0.5166638267637568
End

Printing Primal Residual Statistics.
U Residual Norm2: (3.257025011088537e-06 3.281734698455303e-06 1.871599492311331e-11)
U Residual Mean: (1.612052829225108e-08 5.282984358287315e-09 7.016365782685522e-14)
U Residual Max: (4.022394932690077e-07 6.567579475813545e-07 1.217500303974969e-12)
p Residual Norm2: 4.932219341206141e-07
p Residual Mean: 2.439445106907683e-10
p Residual Max: 1.572731260211067e-07
nuTilda Residual Norm2: 4.620838355607095e-10
nuTilda Residual Mean: 9.153228335713899e-13
nuTilda Residual Max: 4.412025374871148e-11
phi Residual Norm2: 2.297764781353079e-09
phi Residual Mean: 3.7101580590702e-12
phi Residual Max: 2.928624929782215e-10
Total Residual Norm2: 4.649867516800262e-06
 
 
/home/dafoamuser/dafoam/packages/miniconda3/lib/python3.10/site-packages/openmdao/core/problem.py:1011: DerivativesWarning:Inefficient choice of derivative mode.  You chose 'rev' for a problem with 10 design variables and 25 response variables (objectives and nonlinear constraints).
/home/dafoamuser/dafoam/packages/miniconda3/lib/python3.10/site-packages/openmdao/core/problem.py:1011: DerivativesWarning:Inefficient choice of derivative mode.  You chose 'rev' for a problem with 10 design variables and 25 response variables (objectives and nonlinear constraints).
/home/dafoamuser/dafoam/packages/miniconda3/lib/python3.10/site-packages/openmdao/core/problem.py:1011: DerivativesWarning:Inefficient choice of derivative mode.  You chose 'rev' for a problem with 10 design variables and 25 response variables (objectives and nonlinear constraints).
/home/dafoamuser/dafoam/packages/miniconda3/lib/python3.10/site-packages/openmdao/core/problem.py:1011: DerivativesWarning:Inefficient choice of derivative mode.  You chose 'rev' for a problem with 10 design variables and 25 response variables (objectives and nonlinear constraints).
DAInputVolCoord. 
Setting volume coordinates. 
DAInputPatchVelocity. 
Setting UMag = 10 AoA = 5.13918623195176 degs at 1(inout)
Checking mesh quality for time = 768
    Overall domain bounding box (-17.97860265347905 -19.32945228534727 0) (19.10692219850863 19.32945234613941 0.1)
    Mesh has 3 geometric (non-empty/wedge) directions (1 1 1)
    Mesh has 3 solution (non-empty) directions (1 1 1)
    Boundary openness (3.705964688657939e-19 -2.196127222908409e-19 -1.314960740002527e-16) OK.
    Max cell openness = 2.805359162877857e-16 OK.
    Max aspect ratio = 167.4971796526819 OK.
    Minimum face area = 9.683111134932375e-07. Maximum face area = 1.867132035291323.  Face area magnitudes OK.
    Min volume = 9.68311114073358e-08. Max volume = 0.186713203523816.  Total volume = 112.3943419312296.  Cell volumes OK.
    Mesh non-orthogonality Max: 26.95959996019421 average: 1.896744844239328
    Non-orthogonality check OK.
    Face pyramids OK.
    Max skewness = 0.8620395885256803 OK.
    Coupled point location match (average 0) OK.

Mesh OK.

Running Primal Solver 015
Previous solution time 768 found and deleted.
No finite volume options present

Starting time loop

Time = 1

U0 initRes: 1.715934026174219e-06 finalRes: 1.327884713995161e-07 nIters: 7
U1 initRes: 7.339513238102425e-07 finalRes: 5.386757702423587e-08 nIters: 7
U2 initRes: 0.002701768656584138 finalRes: 0.0002028717529093582 nIters: 7
p initRes: 0.0001169064131067555 finalRes: 6.487269614732527e-06 nIters: 6
Time step continuity errors : sum local = 2.041839147431013e-07
                                 global = 4.82939186853653e-08
                             cumulative = 1.805373663089687e-05
nuTilda initRes: 1.480876792146483e-07 finalRes: 1.139601911833528e-08 nIters: 4
Bounding nuTilda>1e-16
CD: 0.01882725628136631 final: 0.01882725628136631
CL: 0.5173368628575026 final: 0.5173368628575026
yPlus min: 4.868337781279491 max: 59.16471195849282 mean: 32.05744895887688
ExecutionTime = 148.32 s  ClockTime = 198 s

Time = 100

U0 initRes: 6.746639401018339e-07 finalRes: 6.431524747340158e-08 nIters: 5
U1 initRes: 4.815773711137413e-07 finalRes: 3.992789393478635e-08 nIters: 6
U2 initRes: 1.231913592929869e-05 finalRes: 1.162818501660872e-06 nIters: 1
p initRes: 5.757742001843224e-06 finalRes: 4.397692248720659e-07 nIters: 2
Time step continuity errors : sum local = 1.384594589975008e-08
                                 global = -2.917993466100403e-09
                             cumulative = 1.805081863743077e-05
nuTilda initRes: 1.128534541455996e-07 finalRes: 5.027502724037131e-09 nIters: 2
Bounding nuTilda>1e-16
CD: 0.01814708735330158 final: 0.01814708735330158
CL: 0.5167182192852925 final: 0.5167182192852925
yPlus min: 4.868303813789262 max: 59.16367211992261 mean: 32.05817460797539
ExecutionTime = 149.31 s  ClockTime = 199 s

Time = 200

U0 initRes: 3.569928145948143e-08 finalRes: 3.15876344949552e-09 nIters: 4
U1 initRes: 2.622298932184564e-08 finalRes: 1.776785282501134e-09 nIters: 5
U2 initRes: 7.153885048813617e-09 finalRes: 6.19877823524038e-10 nIters: 4
p initRes: 5.776004071816749e-07 finalRes: 2.590999084165041e-08 nIters: 2
Time step continuity errors : sum local = 8.157559768270575e-10
                                 global = -2.987382266331235e-11
                             cumulative = 1.80507887636081e-05
nuTilda initRes: 1.591012706304181e-09 finalRes: 1.410044554167765e-10 nIters: 4
Bounding nuTilda>1e-16
CD: 0.01814654425880033 final: 0.01814654425880033
CL: 0.5167159999422115 final: 0.5167159999422115
yPlus min: 4.868487696663684 max: 59.16372711994802 mean: 32.05816653391176
ExecutionTime = 150.29 s  ClockTime = 200 s

Time = 300

U0 initRes: 2.064813859056937e-09 finalRes: 1.561449090143569e-10 nIters: 6
U1 initRes: 1.847991512046631e-09 finalRes: 1.27048223908194e-10 nIters: 6
U2 initRes: 3.731555208001181e-10 finalRes: 3.225795335930893e-11 nIters: 4
p initRes: 3.50111197240312e-09 finalRes: 2.350189643347045e-10 nIters: 2
Time step continuity errors : sum local = 7.399356790986497e-12
                                 global = 1.441870143086791e-13
                             cumulative = 1.805078890779512e-05
nuTilda initRes: 1.478106721143603e-10 finalRes: 1.019363438975345e-11 nIters: 4
Bounding nuTilda>1e-16
CD: 0.01814657885361335 final: 0.01814657885361335
CL: 0.5167160923983511 final: 0.5167160923983511
yPlus min: 4.868476314712968 max: 59.16371913898065 mean: 32.05816720794405
ExecutionTime = 151.24 s  ClockTime = 202 s

Time = 400

U0 initRes: 1.668735638865037e-10 finalRes: 1.155927799578807e-11 nIters: 6
U1 initRes: 7.780020236592063e-11 finalRes: 6.301757711228311e-12 nIters: 6
U2 initRes: 4.82254528410521e-11 finalRes: 3.931325208549044e-12 nIters: 5
p initRes: 2.584049114751506e-10 finalRes: 1.447335253757622e-11 nIters: 2
Time step continuity errors : sum local = 4.556382316308865e-13
                                 global = -3.602633453303833e-14
                             cumulative = 1.805078887176878e-05
nuTilda initRes: 1.638383530424429e-11 finalRes: 1.284227784908221e-12 nIters: 3
Bounding nuTilda>1e-16
CD: 0.01814658096416305 final: 0.01814658096416305
CL: 0.5167160251251743 final: 0.5167160251251743
yPlus min: 4.86847705217968 max: 59.16371742152983 mean: 32.05816719620152
ExecutionTime = 152.19 s  ClockTime = 203 s

Time = 500

U0 initRes: 5.468539057128485e-11 finalRes: 3.948998068434522e-12 nIters: 6
U1 initRes: 2.02648988083431e-11 finalRes: 1.703924410638492e-12 nIters: 6
U2 initRes: 9.384218066525947e-12 finalRes: 8.471230781746395e-13 nIters: 5
p initRes: 3.346142938962883e-11 finalRes: 2.549795020525544e-12 nIters: 3
Time step continuity errors : sum local = 8.036875949189851e-14
                                 global = 7.463278996302462e-15
                             cumulative = 1.805078887923206e-05
nuTilda initRes: 3.18516838572736e-12 finalRes: 2.683810665237069e-13 nIters: 3
Bounding nuTilda>1e-16
CD: 0.01814658141996468 final: 0.01814658141996468
CL: 0.5167160142675767 final: 0.5167160142675767
yPlus min: 4.868477145202777 max: 59.16371715285715 mean: 32.05816725951289
ExecutionTime = 153.19 s  ClockTime = 204 s

Time = 556
Minimal residual 9.888482559612091e-12 satisfied the prescribed tolerance 9.999999999999999e-12

CD: 0.01814658149468919 final: 0.01814658149468919
CL: 0.5167160130128818 final: 0.5167160130128818
End

Printing Primal Residual Statistics.
U Residual Norm2: (4.643153861353005e-06 2.11478985608779e-06 1.726920223023586e-11)
U Residual Mean: (1.61931347666985e-08 5.283973026807371e-09 5.915772306931084e-14)
U Residual Max: (3.884383943386638e-07 4.361809260444716e-07 1.418225843397524e-12)
p Residual Norm2: 5.08090482819661e-07
p Residual Mean: 2.422436040553875e-10
p Residual Max: 2.492945371676887e-07
nuTilda Residual Norm2: 3.872167989360077e-10
nuTilda Residual Mean: 7.654754565322334e-13
nuTilda Residual Max: 3.86517844643021e-11
phi Residual Norm2: 2.494666432310837e-09
phi Residual Mean: 3.42368941803286e-12
phi Residual Max: 2.163494657474239e-10
Total Residual Norm2: 5.127316669363882e-06
 
 
CHECKALL8REF FD idx=6 h=1.0e-04 CD_plus=1.814553750849333e-02 CD_minus=1.814658149468919e-02 fd=-5.219930979283999e-03 adjoint=-1.775589463845267e-03 relerr=-6.598443e-01
/home/dafoamuser/dafoam/packages/miniconda3/lib/python3.10/site-packages/openmdao/core/problem.py:1011: DerivativesWarning:Inefficient choice of derivative mode.  You chose 'rev' for a problem with 10 design variables and 25 response variables (objectives and nonlinear constraints).
/home/dafoamuser/dafoam/packages/miniconda3/lib/python3.10/site-packages/openmdao/core/problem.py:1011: DerivativesWarning:Inefficient choice of derivative mode.  You chose 'rev' for a problem with 10 design variables and 25 response variables (objectives and nonlinear constraints).
/home/dafoamuser/dafoam/packages/miniconda3/lib/python3.10/site-packages/openmdao/core/problem.py:1011: DerivativesWarning:Inefficient choice of derivative mode.  You chose 'rev' for a problem with 10 design variables and 25 response variables (objectives and nonlinear constraints).
/home/dafoamuser/dafoam/packages/miniconda3/lib/python3.10/site-packages/openmdao/core/problem.py:1011: DerivativesWarning:Inefficient choice of derivative mode.  You chose 'rev' for a problem with 10 design variables and 25 response variables (objectives and nonlinear constraints).
DAInputVolCoord. 
Setting volume coordinates. 
DAInputPatchVelocity. 
Setting UMag = 10 AoA = 5.13918623195176 degs at 1(inout)
Checking mesh quality for time = 556
    Overall domain bounding box (-17.97860176291181 -19.3294525083931 0) (19.10692330649114 19.32945252744097 0.1)
    Mesh has 3 geometric (non-empty/wedge) directions (1 1 1)
    Mesh has 3 solution (non-empty) directions (1 1 1)
    Boundary openness (-5.673328455202907e-19 2.935794966738063e-19 -2.552652725269223e-16) OK.
    Max cell openness = 2.834354559178928e-16 OK.
    Max aspect ratio = 167.4817102120306 OK.
    Minimum face area = 9.67082734693467e-07. Maximum face area = 1.86713208075617.  Face area magnitudes OK.
    Min volume = 9.67082736036478e-08. Max volume = 0.186713208072477.  Total volume = 112.3943462556773.  Cell volumes OK.
    Mesh non-orthogonality Max: 26.96037906096762 average: 1.896876349737294
    Non-orthogonality check OK.
    Face pyramids OK.
    Max skewness = 0.8621764432964967 OK.
    Coupled point location match (average 0) OK.

Mesh OK.

Running Primal Solver 016
Previous solution time 556 found and deleted.
No finite volume options present

Starting time loop

Time = 1

U0 initRes: 9.176028129964104e-07 finalRes: 6.966532865920697e-08 nIters: 7
U1 initRes: 3.786248193911277e-07 finalRes: 2.735575772793465e-08 nIters: 7
U2 initRes: 0.001460097055235891 finalRes: 0.0001069483924531139 nIters: 7
p initRes: 7.353537168038063e-05 finalRes: 5.543024272405042e-06 nIters: 6
Time step continuity errors : sum local = 1.745143766303649e-07
                                 global = -2.724729709506051e-08
                             cumulative = 1.8023541582137e-05
nuTilda initRes: 1.362485434911175e-07 finalRes: 1.099818104552397e-08 nIters: 4
Bounding nuTilda>1e-16
CD: 0.01781511987334543 final: 0.01781511987334543
CL: 0.5163982576007888 final: 0.5163982576007888
yPlus min: 4.870806086919428 max: 59.15485767796142 mean: 32.05754525663166
ExecutionTime = 154.16 s  ClockTime = 206 s

Time = 100

U0 initRes: 2.882522137916063e-07 finalRes: 2.464550966676003e-08 nIters: 5
U1 initRes: 1.993237788087532e-07 finalRes: 1.485546945668452e-08 nIters: 6
U2 initRes: 0.000448895592170595 finalRes: 3.962987326504159e-05 nIters: 1
p initRes: 2.535545737797683e-06 finalRes: 2.083803511903868e-07 nIters: 2
Time step continuity errors : sum local = 6.559192520770872e-09
                                 global = -1.933462848267375e-10
                             cumulative = 1.802334823585217e-05
nuTilda initRes: 6.025693429482643e-08 finalRes: 2.176698043833615e-09 nIters: 2
Bounding nuTilda>1e-16
CD: 0.01814609481442403 final: 0.01814609481442403
CL: 0.5167276288697031 final: 0.5167276288697031
yPlus min: 4.874776053227444 max: 59.15590659214981 mean: 32.05706410514868
ExecutionTime = 155.12 s  ClockTime = 207 s

Time = 200

U0 initRes: 3.883252082906574e-08 finalRes: 2.651941374339526e-09 nIters: 6
U1 initRes: 1.890646333135943e-08 finalRes: 1.739467337307419e-09 nIters: 5
U2 initRes: 3.673414878564368e-08 finalRes: 2.765270936107817e-09 nIters: 4
p initRes: 3.079968046155971e-07 finalRes: 2.226785137958931e-08 nIters: 2
Time step continuity errors : sum local = 7.009289608833349e-10
                                 global = -8.830327901191826e-11
                             cumulative = 1.802325993257316e-05
nuTilda initRes: 8.968167239989586e-10 finalRes: 8.810807767848902e-11 nIters: 4
Bounding nuTilda>1e-16
CD: 0.01814606210455037 final: 0.01814606210455037
CL: 0.5167343659641513 final: 0.5167343659641513
yPlus min: 4.87470028491988 max: 59.15601258280477 mean: 32.05707169719374
ExecutionTime = 156.07 s  ClockTime = 208 s

Time = 300

U0 initRes: 5.356804996687893e-09 finalRes: 4.825629812063933e-10 nIters: 6
U1 initRes: 2.975804654539941e-09 finalRes: 2.453495013762531e-10 nIters: 6
U2 initRes: 1.486753599709425e-09 finalRes: 9.813215798054481e-11 nIters: 5
p initRes: 3.425148346058974e-09 finalRes: 2.936555580891521e-10 nIters: 3
Time step continuity errors : sum local = 9.243432692241391e-12
                                 global = -7.908328843935862e-13
                             cumulative = 1.802325914174028e-05
nuTilda initRes: 4.967446469774046e-11 finalRes: 4.930621492251454e-12 nIters: 4
Bounding nuTilda>1e-16
CD: 0.01814599639381508 final: 0.01814599639381508
CL: 0.5167354858986315 final: 0.5167354858986315
yPlus min: 4.874702314988347 max: 59.1560474463877 mean: 32.0570717480499
ExecutionTime = 157.03 s  ClockTime = 209 s

Time = 400

U0 initRes: 1.111460091183626e-09 finalRes: 9.416766093568972e-11 nIters: 6
U1 initRes: 4.67333155280051e-10 finalRes: 4.152451960876075e-11 nIters: 6
U2 initRes: 4.738487417640631e-10 finalRes: 3.699788627496299e-11 nIters: 5
p initRes: 4.608308147589977e-10 finalRes: 3.446613329721782e-11 nIters: 4
Time step continuity errors : sum local = 1.084941685058903e-12
                                 global = 1.168512939456601e-13
                             cumulative = 1.802325925859157e-05
nuTilda initRes: 2.337548064703988e-11 finalRes: 1.565050573629052e-12 nIters: 4
Bounding nuTilda>1e-16
CD: 0.0181459841814922 final: 0.0181459841814922
CL: 0.5167357468669861 final: 0.5167357468669861
yPlus min: 4.874700999174959 max: 59.15605479517152 mean: 32.05707192976509
ExecutionTime = 158.04 s  ClockTime = 211 s

Time = 500

U0 initRes: 2.584524585285504e-10 finalRes: 2.207853999518407e-11 nIters: 6
U1 initRes: 1.063748668129281e-10 finalRes: 9.415873023400774e-12 nIters: 6
U2 initRes: 2.353418317970352e-10 finalRes: 1.653406303783293e-11 nIters: 6
p initRes: 8.99090945442278e-11 finalRes: 8.083714759483054e-12 nIters: 4
Time step continuity errors : sum local = 2.543974983803332e-13
                                 global = 1.978897090065063e-14
                             cumulative = 1.802325927838054e-05
nuTilda initRes: 3.958766598725552e-12 finalRes: 3.52879672928603e-13 nIters: 4
Bounding nuTilda>1e-16
CD: 0.01814598165089302 final: 0.01814598165089302
CL: 0.5167358024866188 final: 0.5167358024866188
yPlus min: 4.874700704961625 max: 59.15605633694875 mean: 32.05707198129102
ExecutionTime = 159.05 s  ClockTime = 212 s

Time = 600

U0 initRes: 5.545452313684115e-11 finalRes: 4.83408383188534e-12 nIters: 6
U1 initRes: 2.500432196464779e-11 finalRes: 2.175725118056659e-12 nIters: 6
U2 initRes: 1.895073270366265e-10 finalRes: 1.464642226803485e-11 nIters: 6
p initRes: 2.09446666137116e-11 finalRes: 1.824295563801688e-12 nIters: 4
Time step continuity errors : sum local = 5.754433933481975e-14
                                 global = 4.570493173093487e-15
                             cumulative = 1.802325928295103e-05
nuTilda initRes: 6.617433525434708e-13 finalRes: 6.608356904112886e-14 nIters: 4
Bounding nuTilda>1e-16
CD: 0.01814598107894808 final: 0.01814598107894808
CL: 0.5167358144869911 final: 0.5167358144869911
yPlus min: 4.874700653369708 max: 59.15605667493021 mean: 32.05707199950136
ExecutionTime = 160.06 s  ClockTime = 213 s

Time = 700

U0 initRes: 1.191182439793166e-11 finalRes: 1.027087679122161e-12 nIters: 6
U1 initRes: 5.164652767806743e-12 finalRes: 4.542714970805228e-13 nIters: 6
U2 initRes: 1.81013618694542e-10 finalRes: 1.413987610831262e-11 nIters: 6
p initRes: 4.375475517602213e-12 finalRes: 3.834915752069639e-13 nIters: 4
Time step continuity errors : sum local = 1.257480958124953e-14
                                 global = 1.097934778108572e-15
                             cumulative = 1.802325928404897e-05
nuTilda initRes: 1.781152962500561e-13 finalRes: 1.611517422348896e-14 nIters: 4
Bounding nuTilda>1e-16
CD: 0.01814598095150577 final: 0.01814598095150577
CL: 0.5167358171362385 final: 0.5167358171362385
yPlus min: 4.874700642054352 max: 59.15605674995775 mean: 32.05707200211408
ExecutionTime = 161.07 s  ClockTime = 215 s

Time = 712
Minimal residual 9.914057076440784e-12 satisfied the prescribed tolerance 9.999999999999999e-12

CD: 0.0181459809456932 final: 0.0181459809456932
CL: 0.5167358172587306 final: 0.5167358172587306
End

Printing Primal Residual Statistics.
U Residual Norm2: (1.452688934467035e-06 1.444906998910722e-06 1.228980722595009e-12)
U Residual Mean: (7.181373844074913e-09 2.345417912962276e-09 4.365848539287589e-15)
U Residual Max: (1.768412403180264e-07 2.889100869651884e-07 1.277332374580474e-13)
p Residual Norm2: 2.178777824302421e-07
p Residual Mean: 1.08165933008023e-10
p Residual Max: 6.92593666567902e-08
nuTilda Residual Norm2: 2.05625361975212e-10
nuTilda Residual Mean: 4.057597635387792e-13
nuTilda Residual Max: 1.980652438937989e-11
phi Residual Norm2: 1.019819951228472e-09
phi Residual Mean: 1.645897206502087e-12
phi Residual Max: 1.292386417160675e-10
Total Residual Norm2: 2.060469166529048e-06
 
 
/home/dafoamuser/dafoam/packages/miniconda3/lib/python3.10/site-packages/openmdao/core/problem.py:1011: DerivativesWarning:Inefficient choice of derivative mode.  You chose 'rev' for a problem with 10 design variables and 25 response variables (objectives and nonlinear constraints).
/home/dafoamuser/dafoam/packages/miniconda3/lib/python3.10/site-packages/openmdao/core/problem.py:1011: DerivativesWarning:Inefficient choice of derivative mode.  You chose 'rev' for a problem with 10 design variables and 25 response variables (objectives and nonlinear constraints).
/home/dafoamuser/dafoam/packages/miniconda3/lib/python3.10/site-packages/openmdao/core/problem.py:1011: DerivativesWarning:Inefficient choice of derivative mode.  You chose 'rev' for a problem with 10 design variables and 25 response variables (objectives and nonlinear constraints).
/home/dafoamuser/dafoam/packages/miniconda3/lib/python3.10/site-packages/openmdao/core/problem.py:1011: DerivativesWarning:Inefficient choice of derivative mode.  You chose 'rev' for a problem with 10 design variables and 25 response variables (objectives and nonlinear constraints).
DAInputVolCoord. 
Setting volume coordinates. 
DAInputPatchVelocity. 
Setting UMag = 10 AoA = 5.13918623195176 degs at 1(inout)
Checking mesh quality for time = 712
    Overall domain bounding box (-17.97860102734538 -19.3294525019497 0) (19.10692407384765 19.32945253388964 0.1)
    Mesh has 3 geometric (non-empty/wedge) directions (1 1 1)
    Mesh has 3 solution (non-empty) directions (1 1 1)
    Boundary openness (8.723505137927497e-19 5.947844412223293e-19 -2.152664554767722e-18) OK.
    Max cell openness = 3.472873640823452e-16 OK.
    Max aspect ratio = 167.5126473023425 OK.
    Minimum face area = 9.695394756492907e-07. Maximum face area = 1.867132078870303.  Face area magnitudes OK.
    Min volume = 9.695394758311359e-08. Max volume = 0.1867132078839005.  Total volume = 112.3943450040146.  Cell volumes OK.
    Mesh non-orthogonality Max: 26.95882306568021 average: 1.896591196809026
    Non-orthogonality check OK.
    Face pyramids OK.
    Max skewness = 0.8619014409214527 OK.
    Coupled point location match (average 0) OK.

Mesh OK.

Running Primal Solver 017
Previous solution time 712 found and deleted.
No finite volume options present

Starting time loop

Time = 1

U0 initRes: 1.266384958348829e-07 finalRes: 1.058760637040994e-08 nIters: 6
U1 initRes: 3.567119869300302e-08 finalRes: 2.562021408315752e-09 nIters: 6
U2 initRes: 0.02289924278220539 finalRes: 0.001893669790314304 nIters: 6
p initRes: 3.056363188481667e-05 finalRes: 2.812325388043982e-06 nIters: 6
Time step continuity errors : sum local = 8.852294647899259e-08
                                 global = 5.669592214137716e-09
                             cumulative = 1.80289288762631e-05
nuTilda initRes: 1.621970762216867e-07 finalRes: 1.288360671419545e-08 nIters: 4
Bounding nuTilda>1e-16
CD: 0.01813336033785011 final: 0.01813336033785011
CL: 0.5167004319304223 final: 0.5167004319304223
yPlus min: 4.870526150784749 max: 59.15604253327511 mean: 32.05756911027428
ExecutionTime = 161.6 s  ClockTime = 216 s

Time = 100

U0 initRes: 2.466101311410611e-07 finalRes: 1.807828978491516e-08 nIters: 6
U1 initRes: 7.59406732709203e-08 finalRes: 6.552767723216005e-09 nIters: 6
U2 initRes: 9.791962168630649e-05 finalRes: 7.566536791164623e-06 nIters: 1
p initRes: 2.204739736107856e-07 finalRes: 1.689655004530502e-08 nIters: 2
Time step continuity errors : sum local = 5.319074944435168e-10
                                 global = -5.135338890546375e-11
                             cumulative = 1.80288775228742e-05
nuTilda initRes: 8.0889254895037e-09 finalRes: 5.25984518603551e-10 nIters: 5
Bounding nuTilda>1e-16
CD: 0.01814549168977456 final: 0.01814549168977456
CL: 0.5166551805039382 final: 0.5166551805039382
yPlus min: 4.862568120890397 max: 59.1550016275367 mean: 32.05779864363816
ExecutionTime = 162.54 s  ClockTime = 217 s

Time = 200

U0 initRes: 4.306176427080567e-08 finalRes: 3.884387847439144e-09 nIters: 6
U1 initRes: 2.183744377664195e-08 finalRes: 1.843003915330313e-09 nIters: 6
U2 initRes: 1.062961496196472e-08 finalRes: 1.020164363084828e-09 nIters: 4
p initRes: 1.59866267748756e-08 finalRes: 1.41450518987403e-09 nIters: 4
Time step continuity errors : sum local = 4.452862438715748e-11
                                 global = -6.211017936160377e-12
                             cumulative = 1.802887131185626e-05
nuTilda initRes: 3.537887107515945e-10 finalRes: 2.30866173823701e-11 nIters: 5
Bounding nuTilda>1e-16
CD: 0.01814600704882189 final: 0.01814600704882189
CL: 0.5166467517279595 final: 0.5166467517279595
yPlus min: 4.86256389644314 max: 59.15473821500894 mean: 32.05779435723353
ExecutionTime = 163.52 s  ClockTime = 218 s

Time = 300

U0 initRes: 8.869880527022905e-09 finalRes: 7.527115619761498e-10 nIters: 6
U1 initRes: 3.898529004812856e-09 finalRes: 3.375168664041441e-10 nIters: 6
U2 initRes: 2.573661849529419e-09 finalRes: 2.547354685248365e-10 nIters: 4
p initRes: 4.5922902068688e-09 finalRes: 4.142770218123279e-10 nIters: 2
Time step continuity errors : sum local = 1.304139979450442e-11
                                 global = -1.309612333505222e-12
                             cumulative = 1.802887000224393e-05
nuTilda initRes: 1.712618568505958e-10 finalRes: 1.413622894711188e-11 nIters: 4
Bounding nuTilda>1e-16
CD: 0.01814610487332286 final: 0.01814610487332286
CL: 0.5166447048037639 final: 0.5166447048037639
yPlus min: 4.862573709004182 max: 59.1546823996416 mean: 32.05779360251147
ExecutionTime = 164.52 s  ClockTime = 219 s

Time = 400

U0 initRes: 1.877081779323718e-09 finalRes: 1.603303625077183e-10 nIters: 6
U1 initRes: 7.89167538758236e-10 finalRes: 6.98392567672206e-11 nIters: 6
U2 initRes: 6.51556905462046e-10 finalRes: 4.826800382529807e-11 nIters: 5
p initRes: 6.982550913033169e-10 finalRes: 5.893506976525163e-11 nIters: 4
Time step continuity errors : sum local = 1.855247506022982e-12
                                 global = -3.553975880408697e-13
                             cumulative = 1.802886964684634e-05
nuTilda initRes: 3.459771353976626e-11 finalRes: 2.420180038800966e-12 nIters: 4
Bounding nuTilda>1e-16
CD: 0.01814612540010327 final: 0.01814612540010327
CL: 0.5166442897236939 final: 0.5166442897236939
yPlus min: 4.86257524964806 max: 59.15467045744118 mean: 32.05779334803167
ExecutionTime = 165.52 s  ClockTime = 221 s

Time = 500

U0 initRes: 4.312411853354039e-10 finalRes: 3.738030045268166e-11 nIters: 6
U1 initRes: 1.883309312876869e-10 finalRes: 1.646629926020292e-11 nIters: 6
U2 initRes: 2.776853179858933e-10 finalRes: 2.71315102527291e-11 nIters: 5
p initRes: 1.579741928141765e-10 finalRes: 1.366296652157404e-11 nIters: 4
Time step continuity errors : sum local = 4.301574849438458e-13
                                 global = -7.132533289120064e-14
                             cumulative = 1.802886957552101e-05
nuTilda initRes: 5.133888055900528e-12 finalRes: 3.467383595122471e-13 nIters: 5
Bounding nuTilda>1e-16
CD: 0.01814612952860997 final: 0.01814612952860997
CL: 0.5166441971894 final: 0.5166441971894
yPlus min: 4.862575760848089 max: 59.15466790711149 mean: 32.05779319217042
ExecutionTime = 166.55 s  ClockTime = 222 s

Time = 600

U0 initRes: 9.087897584338221e-11 finalRes: 7.855361336621848e-12 nIters: 6
U1 initRes: 3.983509507504398e-11 finalRes: 3.494199613395045e-12 nIters: 6
U2 initRes: 2.03008582137851e-10 finalRes: 1.549166199921011e-11 nIters: 6
p initRes: 3.31551575162037e-11 finalRes: 2.887257257706489e-12 nIters: 4
Time step continuity errors : sum local = 9.092455430113666e-14
                                 global = -1.704344299412585e-14
                             cumulative = 1.802886955847756e-05
nuTilda initRes: 1.311545233822267e-12 finalRes: 1.192864258386448e-13 nIters: 4
Bounding nuTilda>1e-16
CD: 0.01814613051142216 final: 0.01814613051142216
CL: 0.5166441770357003 final: 0.5166441770357003
yPlus min: 4.862575841639581 max: 59.15466733263019 mean: 32.05779317231363
ExecutionTime = 167.55 s  ClockTime = 223 s

Time = 700

U0 initRes: 2.016952594660425e-11 finalRes: 1.741455286936825e-12 nIters: 6
U1 initRes: 8.749004693721729e-12 finalRes: 7.682990019414163e-13 nIters: 6
U2 initRes: 1.878906814489617e-10 finalRes: 1.483076522620375e-11 nIters: 6
p initRes: 7.23299515338075e-12 finalRes: 6.37383940041174e-13 nIters: 4
Time step continuity errors : sum local = 2.036909540973018e-14
                                 global = -3.604000104263003e-15
                             cumulative = 1.802886955487357e-05
nuTilda initRes: 2.830821631701039e-13 finalRes: 2.679880579133661e-14 nIters: 4
Bounding nuTilda>1e-16
CD: 0.01814613071901516 final: 0.01814613071901516
CL: 0.5166441726278466 final: 0.5166441726278466
yPlus min: 4.862575861966965 max: 59.15466720911001 mean: 32.05779316698101
ExecutionTime = 168.55 s  ClockTime = 225 s

Time = 746
Minimal residual 9.965002371064587e-12 satisfied the prescribed tolerance 9.999999999999999e-12

CD: 0.01814613074864854 final: 0.01814613074864854
CL: 0.5166441720086068 final: 0.5166441720086068
End

Printing Primal Residual Statistics.
U Residual Norm2: (1.437068140918665e-06 1.446432606597389e-06 1.240470877264046e-12)
U Residual Mean: (7.116058773443478e-09 2.329982813098453e-09 4.41621217892685e-15)
U Residual Max: (1.771359166014008e-07 2.888928065658547e-07 1.386536846284192e-13)
p Residual Norm2: 2.17250594536426e-07
p Residual Mean: 1.074823851143925e-10
p Residual Max: 6.923560629801513e-08
nuTilda Residual Norm2: 2.046266415374841e-10
nuTilda Residual Mean: 4.051454084694952e-13
nuTilda Residual Max: 1.955683055305927e-11
phi Residual Norm2: 1.014037426582628e-09
phi Residual Mean: 1.637337190586544e-12
phi Residual Max: 1.291892187502344e-10
Total Residual Norm2: 2.050495310417334e-06
 
 
CHECKALL8REF FD idx=7 h=1.0e-04 CD_plus=1.814598094569320e-02 CD_minus=1.814613074864854e-02 fd=-7.490147766950339e-04 adjoint=-7.603380869596766e-04 relerr=1.511761e-02
CHECKALL8REF DONE
Finalising parallel run
Finalising parallel run
