/*--------------------------------*- C++ -*----------------------------------*\
| =========                 |                                                 |
| \\      /  F ield         | OpenFOAM: The Open Source CFD Toolbox           |
|  \\    /   O peration     | Version:  2606                                  |
|   \\  /    A nd           | Website:  www.openfoam.com                      |
|    \\/     M anipulation  |                                                 |
\*---------------------------------------------------------------------------*/
FoamFile
{
    version     2.0;
    format      ascii;
    arch        "LSB;label=32;scalar=64";
    class       volScalarField;
    location    "0.7";
    object      p;
}
// * * * * * * * * * * * * * * * * * * * * * * * * * * * * * * * * * * * * * //

dimensions      [1 -1 -2 0 0 0 0];

internalField   nonuniform List<scalar> 
19200
(
0
0.056064248
0.037628402
0.015833452
-0.0073641679
-0.041247749
-0.096393442
-0.17245342
-0.23131928
-0.24823897
-0.22822544
-0.18352856
-0.12413176
-0.060272623
-0.0023503008
0.043676151
0.077803661
0.10183597
0.11872896
0.1324137
0.14657966
0.16230073
0.17975555
0.1984159
0.21716513
0.23509275
0.25204988
0.26873312
0.28526902
0.30022733
0.31190049
0.31988342
0.32486365
0.32862646
0.33359198
0.34149782
0.353174
0.36901319
0.38914824
0.41361763
0.44229395
0.47449811
0.50854805
0.54173061
0.57159894
0.59691274
0.61612123
0.62859458
0.63525469
0.63818448
0.6396927
0.64173097
0.64588656
0.65312051
0.66358882
0.67652708
0.68991329
0.70121634
0.70879077
0.71203923
0.71104157
0.70667057
0.70039547
0.69344053
0.68677439
0.68122365
0.67732439
0.67520064
0.67446152
0.6743349
0.67417197
0.67372562
0.67279294
0.67128128
0.66924116
0.66682717
0.66419254
0.66144179
0.65862791
0.65569325
0.65254515
0.6490925
0.64521803
0.64076047
0.63549253
0.62925981
0.62201803
0.61367302
0.60404317
0.59292034
0.5801088
0.56543597
0.54877219
0.53007188
0.50945895
0.48743965
0.46520441
0.44459477
0.42646037
0.40992908
0.39457949
0.38031188
0.36719664
0.35522734
0.34427362
0.33402531
0.32401994
0.31378864
0.30280669
0.2905791
0.2767223
0.2610218
0.24347786
0.22424206
0.20359746
0.18193423
0.15968601
0.1372696
0.11506735
0.093418724
0.072513896
0.05241462
0.033130861
0.014556583
-0.0035420947
-0.02153982
-0.039865441
-0.059062361
-0.079633891
-0.10204688
-0.12688505
-0.15459688
-0.18537274
-0.21923903
-0.25605678
-0.29548345
-0.33687732
-0.37935379
-0.42201989
-0.46406516
-0.50467998
-0.54318706
-0.57919043
-0.61259448
-0.64360684
-0.67260161
-0.70029908
-0.72729443
-0.75414547
-0.78136909
-0.80937008
-0.83841739
-0.86864054
-0.90007587
-0.93267265
-0.96631898
-1.0008854
-1.0362959
-1.0725671
-1.1097455
-1.1478105
-1.1866422
-1.2260877
-1.2660165
-1.3062742
-1.3467092
-1.3872422
-1.427917
-1.4689197
-1.5105787
-1.5533383
-1.5976858
-1.6440292
-1.6925907
-1.7433967
-1.7963462
-1.8512558
-1.9078321
-1.9655809
-2.0238432
-2.08201
-2.1393473
-2.1950457
-2.2488037
-2.2993612
-2.3466649
-2.3921026
-2.4249281
-2.4347016
-2.4315411
-2.4248467
-2.4144059
-2.4055281
-2.4071306
-2.4179883
-2.435317
-2.4623588
-2.5033337
-2.5606955
-2.6352489
-2.7257717
-2.8292381
-2.9418703
-3.0598659
-3.1795745
-3.2975263
-3.4105887
-3.5162727
-3.6130155
-3.7002422
-3.7782043
-3.847706
-3.9096795
-3.9649156
-4.0143381
-4.0583472
-4.0963389
-4.130526
-4.1624549
-4.1847199
-4.1951252
-4.2026677
-4.2136148
-4.2279352
-4.2464387
-4.2719802
-4.3067829
-4.3520369
-4.4082648
-4.4752243
-4.5519415
-4.6369175
-4.7282963
-4.8239936
-4.9219706
-5.0205116
-5.1183353
-5.2145471
-5.3085125
-5.399728
-5.487758
-5.5721768
-5.6525989
-5.7285651
-5.7998023
-5.8662867
-5.9280345
-5.9851544
-6.0379247
-6.086837
-6.1326399
-6.1763369
-6.2191846
-6.2625446
-6.3070503
-6.3516328
-6.3943861
-6.4339526
-6.4691224
-6.5023897
-6.5439171
-6.5926026
-6.6244592
-6.6366744
-6.6412974
-6.6374559
-6.6324437
-6.6393529
-6.654207
-6.6741769
-6.7034895
-6.7435098
-6.7927813
-6.8516041
-6.9200992
-6.9975594
-7.0809083
-7.1666019
-7.2523571
-7.3355748
-7.41353
-7.4842996
-7.5453796
-7.5947286
-7.6381891
-7.6835956
-7.7194733
-7.7313694
-7.7324547
-7.7315776
-7.7265322
-7.7145361
-7.6855465
-7.641902
-7.6178133
-7.6215171
-7.6329719
-7.6517419
-7.6844001
-7.7305852
-7.7891065
-7.8592935
-7.939253
-8.0263098
-8.1178412
-8.2115529
-8.3058148
-8.3998876
-8.4929083
-8.5846197
-8.6759734
-8.7677452
-8.8600724
-8.9527628
-9.0453325
-9.1370517
-9.2270315
-9.3143378
-9.3981054
-9.47763
-9.552277
-9.6218746
-9.686227
-9.7452901
-9.7990917
-9.8477594
-9.8914954
-9.9305832
-9.9654168
-9.9964902
-10.023989
-10.048702
-10.070857
-10.089967
-10.106356
-10.121191
-10.135441
-10.149807
-10.16488
-10.181272
-10.199387
-10.219532
-10.24202
-10.26747
-10.296921
-10.33167
-10.370684
-10.405964
-10.426023
-10.424837
-10.406636
-10.394228
-10.430326
-10.538739
-10.631758
-10.64841
-10.668676
-10.722243
-10.767092
-10.794968
-10.813641
-10.825097
-10.830138
-10.830675
-10.82811
-10.823016
-10.816192
-10.80912
-10.802705
-10.795079
-10.782158
-10.76353
-10.748954
-10.752224
-10.76724
-10.758621
-10.697722
-10.609501
-10.597607
-10.717084
-10.82038
-10.758867
-10.59144
-10.393401
-10.322057
-10.55549
-10.854211
-10.871404
-10.684689
-10.428467
-10.133458
-10.013619
-10.352942
-10.874662
-11.050182
-10.85441
-10.453509
-9.9538752
-9.6116052
-9.8358317
-10.658357
-11.395866
-11.458742
-11.114512
-10.445484
-9.7453115
-9.4237814
-9.8595059
-11.082067
-12.096403
-12.074395
-11.96894
-11.765637
-11.096752
-10.537213
-10.432109
-10.791275
-11.723192
-12.692334
-12.775286
-12.508887
-12.544306
-12.526186
-12.011568
-11.464706
-11.351208
-11.517424
-11.970193
-12.572419
-12.776812
-12.742775
-12.707484
-12.399487
-11.95322
-11.802965
-11.90503
-12.145458
-12.472908
-12.598869
-12.529114
-12.450806
-12.356813
-12.27726
-12.276651
-12.309861
-12.330391
-12.332257
-12.305123
-12.254461
-12.228316
-12.315377
-12.562164
-12.868701
-13.02243
-12.961015
-12.871789
-12.856062
-12.844446
-12.770786
-12.675124
-12.612325
-12.562095
-12.528219
-12.52088
-12.472676
-12.359919
-12.251342
-12.227747
-12.367266
-12.604532
-12.456272
-11.742235
-10.635723
-8.9824658
-5.8143495
9.1680402
65.337131
175.14152
298.32043
352.43399
-17.468825
-17.466364
-17.47879
-17.500194
-17.525483
-17.561558
-17.62373
-17.711716
-17.774119
-17.792813
-17.779231
-17.746791
-17.703711
-17.651047
-17.598215
-17.551194
-17.511009
-17.477578
-17.450174
-17.42683
-17.403915
-17.380813
-17.356862
-17.333383
-17.311427
-17.291634
-17.273931
-17.256603
-17.238581
-17.221905
-17.209348
-17.2014
-17.197557
-17.195811
-17.192905
-17.186595
-17.176125
-17.16131
-17.142111
-17.118368
-17.089861
-17.056656
-17.02026
-16.985126
-16.954594
-16.927981
-16.907748
-16.895219
-16.889495
-16.88799
-16.888016
-16.887537
-16.884667
-16.87821
-16.867795
-16.853866
-16.838868
-16.82616
-16.817635
-16.813951
-16.815172
-16.820193
-16.827101
-16.834784
-16.842243
-16.84849
-16.852872
-16.855052
-16.855476
-16.855254
-16.855302
-16.855571
-16.856406
-16.857938
-16.860063
-16.862552
-16.865229
-16.867984
-16.87077
-16.873687
-16.876778
-16.880165
-16.883959
-16.888373
-16.893695
-16.899985
-16.907209
-16.915487
-16.925054
-16.936146
-16.948977
-16.963739
-16.9806
-16.999672
-17.021028
-17.044438
-17.068624
-17.089904
-17.106789
-17.122628
-17.137621
-17.151675
-17.164479
-17.176034
-17.186448
-17.19611
-17.20558
-17.215314
-17.225931
-17.237938
-17.251802
-17.267736
-17.285654
-17.305368
-17.326548
-17.348735
-17.371436
-17.394206
-17.416614
-17.438276
-17.459082
-17.478958
-17.497885
-17.515987
-17.533532
-17.550918
-17.568611
-17.587206
-17.607206
-17.629151
-17.65376
-17.68147
-17.712441
-17.746764
-17.784306
-17.824644
-17.867053
-17.91058
-17.954239
-17.997075
-18.03815
-18.076743
-18.112473
-18.145236
-18.175301
-18.203442
-18.230313
-18.256481
-18.282618
-18.309327
-18.337032
-18.365971
-18.39624
-18.427833
-18.460649
-18.494512
-18.529251
-18.56483
-18.601351
-18.638904
-18.677444
-18.716831
-18.756898
-18.797524
-18.83851
-18.879608
-18.920632
-18.961533
-19.002469
-19.04386
-19.086357
-19.130674
-19.17735
-19.226627
-19.278523
-19.332961
-19.389786
-19.448661
-19.50893
-19.569835
-19.630854
-19.691125
-19.749723
-19.806888
-19.861956
-19.919711
-19.97909
-20.008355
-20.002445
-19.988838
-19.972766
-19.950284
-19.935179
-19.937883
-19.945809
-19.957123
-19.980395
-20.021689
-20.084285
-20.1686
-20.271977
-20.389804
-20.51718
-20.649523
-20.782536
-20.912144
-21.034735
-21.147637
-21.249477
-21.340164
-21.420575
-21.492123
-21.55611
-21.613482
-21.66524
-21.711017
-21.750069
-21.78911
-21.825623
-21.838156
-21.833871
-21.831804
-21.837192
-21.846149
-21.860506
-21.885033
-21.922345
-21.973722
-22.039547
-22.119141
-22.210824
-22.312114
-22.420061
-22.531697
-22.644548
-22.756982
-22.86811
-22.977422
-23.084427
-23.188521
-23.289056
-23.385457
-23.477204
-23.563766
-23.644654
-23.719558
-23.788363
-23.851206
-23.908531
-23.961232
-24.010782
-24.059285
-24.109337
-24.163208
-24.220638
-24.277343
-24.328419
-24.372654
-24.412747
-24.461238
-24.536162
-24.610987
-24.629853
-24.613018
-24.585449
-24.544977
-24.519856
-24.525648
-24.540911
-24.564824
-24.606511
-24.667037
-24.745148
-24.838873
-24.945412
-25.061309
-25.182579
-25.305604
-25.427282
-25.54328
-25.648616
-25.740041
-25.815002
-25.877159
-25.946995
-26.027948
-26.073703
-26.065993
-26.047778
-26.023215
-25.979661
-25.911836
-25.803364
-25.694712
-25.669148
-25.693508
-25.717809
-25.754744
-25.815467
-25.897376
-25.99768
-26.113111
-26.238686
-26.369083
-26.499811
-26.627931
-26.752359
-26.873745
-26.993701
-27.114324
-27.238071
-27.366949
-27.501934
-27.64287
-27.788473
-27.936496
-28.084099
-28.228344
-28.366727
-28.497629
-28.620474
-28.735756
-28.84467
-28.948669
-29.048985
-29.146269
-29.240343
-29.3302
-29.414263
-29.490588
-29.556711
-29.610273
-29.650019
-29.676179
-29.691553
-29.700944
-29.708385
-29.71654
-29.72794
-29.745245
-29.770217
-29.804072
-29.847898
-29.903349
-29.971829
-30.052754
-30.137312
-30.201443
-30.224951
-30.218415
-30.225333
-30.319942
-30.588398
-31.008817
-31.243434
-31.20345
-31.176696
-31.23067
-31.281038
-31.320341
-31.351154
-31.377344
-31.402382
-31.42835
-31.456097
-31.485955
-31.519009
-31.557685
-31.603184
-31.651425
-31.694508
-31.731892
-31.781129
-31.86572
-31.969866
-32.026663
-31.997406
-31.937785
-32.026333
-32.350827
-32.573565
-32.481774
-32.306235
-32.128324
-32.152723
-32.701802
-33.210483
-33.16654
-32.950878
-32.679356
-32.41659
-32.410139
-33.111596
-33.905916
-33.966493
-33.712993
-33.224215
-32.675904
-32.466612
-32.99913
-34.305232
-34.967537
-34.846782
-34.469863
-33.648773
-32.935932
-32.828403
-33.617885
-35.188461
-35.968087
-35.901648
-35.824353
-35.581095
-34.856165
-34.325911
-34.357887
-34.79378
-35.783414
-36.525192
-36.633655
-36.56759
-36.579255
-36.46106
-35.940888
-35.382394
-35.342211
-35.510488
-35.919258
-36.358076
-36.462747
-36.431691
-36.369086
-36.069094
-35.631196
-35.525724
-35.61023
-35.826627
-36.134312
-36.254844
-36.214113
-36.170574
-36.104883
-36.043096
-36.03995
-36.05185
-36.065465
-36.081711
-36.088787
-36.090074
-36.11528
-36.210913
-36.38256
-36.55246
-36.635151
-36.639468
-36.633058
-36.636145
-36.620731
-36.567427
-36.513427
-36.506953
-36.524248
-36.565905
-36.634852
-36.67427
-36.682134
-36.688262
-36.717483
-36.778226
-36.836331
-36.697438
-36.291888
-36.174323
-36.459837
-37.015759
-36.978741
-31.283855
14.010667
132.80888
233.43113
-31.88287
-31.899773
-31.91258
-31.924808
-31.9355
-31.950179
-31.980373
-32.01947
-32.049454
-32.083105
-32.11253
-32.06745
-32.008229
-31.957772
-31.923604
-31.903482
-31.894247
-31.89256
-31.896487
-31.907648
-31.910302
-31.890998
-31.870178
-31.855929
-31.843142
-31.832687
-31.82458
-31.815795
-31.804261
-31.793579
-31.787402
-31.785213
-31.786874
-31.790184
-31.791411
-31.789226
-31.783916
-31.775908
-31.765435
-31.752233
-31.735585
-31.715678
-31.693682
-31.670075
-31.649194
-31.629428
-31.615742
-31.609702
-31.610243
-31.613769
-31.617604
-31.620678
-31.62119
-31.618184
-31.611342
-31.600343
-31.58822
-31.579088
-31.574177
-31.573908
-31.578396
-31.586074
-31.594455
-31.602946
-31.611073
-31.617822
-31.621696
-31.621902
-31.62107
-31.62082
-31.620223
-31.618642
-31.617244
-31.616201
-31.615508
-31.615001
-31.614641
-31.614453
-31.614531
-31.615046
-31.615837
-31.617314
-31.619196
-31.621461
-31.624596
-31.628501
-31.632892
-31.637799
-31.643448
-31.650084
-31.657917
-31.667145
-31.677982
-31.690633
-31.705808
-31.724946
-31.746279
-31.758207
-31.762887
-31.769369
-31.776155
-31.78269
-31.788372
-31.793251
-31.79713
-31.800473
-31.80377
-31.807073
-31.811046
-31.815989
-31.822297
-31.830096
-31.839285
-31.849728
-31.861154
-31.873184
-31.885462
-31.897717
-31.909611
-31.920786
-31.931313
-31.941113
-31.950196
-31.958539
-31.966396
-31.973969
-31.981621
-31.989784
-31.998598
-32.008447
-32.019986
-32.033527
-32.049109
-32.066836
-32.086746
-32.108558
-32.131634
-32.155262
-32.17887
-32.201867
-32.223537
-32.243351
-32.261108
-32.276706
-32.290325
-32.302912
-32.314917
-32.326625
-32.338535
-32.351048
-32.36439
-32.378653
-32.393837
-32.409889
-32.426706
-32.444078
-32.461775
-32.479779
-32.498276
-32.517404
-32.537112
-32.557251
-32.577685
-32.598275
-32.618817
-32.639092
-32.658972
-32.678471
-32.697743
-32.71712
-32.73711
-32.758273
-32.780987
-32.805322
-32.831164
-32.858421
-32.887073
-32.91701
-32.947743
-32.978717
-33.009926
-33.040785
-33.07055
-33.09958
-33.124845
-33.157387
-33.205466
-33.222729
-33.20668
-33.191561
-33.176873
-33.154048
-33.138918
-33.14307
-33.14657
-33.147511
-33.154029
-33.171128
-33.20228
-33.247569
-33.304217
-33.368384
-33.436621
-33.506271
-33.575114
-33.641021
-33.702045
-33.756826
-33.804887
-33.846568
-33.882763
-33.914648
-33.943094
-33.968716
-33.99256
-34.01348
-34.02905
-34.048889
-34.073716
-34.076961
-34.068173
-34.063059
-34.065316
-34.069671
-34.076611
-34.088925
-34.107845
-34.133969
-34.167158
-34.206692
-34.2515
-34.300273
-34.351569
-34.40396
-34.456297
-34.507899
-34.558458
-34.607888
-34.656074
-34.702771
-34.747655
-34.790431
-34.830891
-34.868884
-34.904274
-34.936939
-34.96681
-34.99394
-35.018522
-35.040932
-35.061805
-35.082137
-35.103353
-35.126937
-35.152967
-35.178956
-35.202288
-35.222427
-35.238456
-35.254331
-35.289209
-35.335749
-35.34356
-35.333464
-35.320651
-35.295597
-35.277552
-35.280697
-35.286823
-35.296183
-35.313647
-35.339528
-35.373478
-35.414551
-35.46123
-35.511549
-35.563553
-35.615866
-35.667298
-35.715734
-35.759176
-35.79769
-35.830504
-35.854947
-35.878434
-35.913333
-35.939019
-35.935461
-35.928469
-35.918266
-35.900615
-35.877028
-35.836547
-35.78397
-35.769531
-35.780034
-35.791048
-35.807141
-35.832258
-35.86601
-35.907457
-35.954849
-36.005898
-36.05835
-36.110402
-36.160937
-36.209608
-36.256729
-36.303043
-36.349451
-36.396785
-36.445617
-36.496148
-36.548159
-36.601049
-36.653939
-36.705832
-36.755784
-36.803065
-36.847262
-36.888313
-36.926461
-36.962142
-36.99584
-37.027947
-37.058663
-37.087935
-37.115452
-37.140697
-37.163083
-37.182129
-37.197569
-37.209309
-37.217476
-37.222778
-37.226465
-37.229577
-37.232893
-37.237052
-37.24275
-37.250101
-37.25949
-37.270956
-37.284261
-37.298905
-37.314003
-37.326798
-37.331761
-37.325553
-37.313201
-37.307042
-37.326217
-37.388332
-37.475319
-37.519826
-37.56285
-37.595534
-37.605815
-37.609338
-37.612637
-37.614934
-37.616272
-37.617122
-37.617638
-37.617865
-37.617832
-37.617604
-37.617334
-37.616998
-37.616528
-37.615905
-37.615191
-37.614374
-37.613383
-37.61224
-37.611152
-37.610264
-37.609493
-37.608377
-37.606523
-37.604521
-37.603141
-37.60244
-37.60199
-37.600674
-37.597386
-37.593348
-37.590255
-37.58836
-37.58743
-37.586643
-37.584633
-37.580155
-37.570849
-37.561184
-37.559753
-37.562491
-37.563187
-37.563011
-37.561414
-37.550727
-37.536726
-37.535406
-37.545493
-37.558946
-37.571034
-37.584667
-37.598708
-37.610936
-37.628062
-37.655538
-37.685681
-37.716629
-37.750403
-37.785771
-37.820646
-37.852481
-37.877786
-37.904271
-37.931768
-37.946372
-37.949788
-37.949486
-37.949706
-37.949392
-37.946406
-37.942055
-37.937141
-37.928358
-37.921597
-37.918622
-37.916149
-37.915897
-37.916976
-37.91754
-37.917997
-37.918579
-37.918705
-37.917016
-37.916195
-37.91566
-37.914535
-37.913051
-37.911205
-37.909391
-37.907811
-37.906667
-37.906189
-37.906442
-37.907379
-37.908837
-37.91077
-37.913342
-37.91656
-37.920369
-37.924632
-37.92939
-37.934885
-37.941342
-37.948771
-37.957292
-37.967355
-37.979296
-37.993544
-38.010544
-38.03052
-38.053607
-38.079348
-38.107904
-38.140289
-38.175315
-38.206269
-38.224502
-38.213531
-38.086466
-37.732016
-37.012052
-33.100714
6.0321343
70.073191
-37.58562
-37.584193
-37.58385
-37.583289
-37.583107
-37.583319
-37.583679
-37.583224
-37.581018
-37.57779
-37.572131
-37.555744
-37.535713
-37.52028
-37.514354
-37.517228
-37.526762
-37.540609
-37.556363
-37.572659
-37.581418
-37.583551
-37.58447
-37.584954
-37.585194
-37.585236
-37.585129
-37.58494
-37.584707
-37.584437
-37.584127
-37.583772
-37.58336
-37.582879
-37.582308
-37.581621
-37.580777
-37.579712
-37.578329
-37.576469
-37.573808
-37.569567
-37.565849
-37.566273
-37.568289
-37.567462
-37.565914
-37.56467
-37.56412
-37.564184
-37.564659
-37.565384
-37.566145
-37.566805
-37.567324
-37.567704
-37.568103
-37.568712
-37.569701
-37.571328
-37.573564
-37.576272
-37.579293
-37.582429
-37.585539
-37.588524
-37.590761
-37.59145
-37.591381
-37.591749
-37.591991
-37.591393
-37.590197
-37.588633
-37.586896
-37.585144
-37.583514
-37.582124
-37.581054
-37.580327
-37.579882
-37.579813
-37.580049
-37.580485
-37.581115
-37.581931
-37.582919
-37.584089
-37.585475
-37.587127
-37.589108
-37.591509
-37.594476
-37.598267
-37.603397
-37.610977
-37.621005
-37.622693
-37.617574
-37.614131
-37.611855
-37.610214
-37.608923
-37.607852
-37.606923
-37.606082
-37.605322
-37.604624
-37.603975
-37.603387
-37.602859
-37.60238
-37.601952
-37.601581
-37.601257
-37.600972
-37.600724
-37.600511
-37.600326
-37.600165
-37.600021
-37.59988
-37.599746
-37.599607
-37.599456
-37.599295
-37.59912
-37.598937
-37.598749
-37.598565
-37.598391
-37.598242
-37.598134
-37.598074
-37.598072
-37.598129
-37.598226
-37.598336
-37.598444
-37.598537
-37.598607
-37.59865
-37.598667
-37.598663
-37.598647
-37.59863
-37.598623
-37.598634
-37.598669
-37.598736
-37.59884
-37.598983
-37.59917
-37.599409
-37.599714
-37.600099
-37.600576
-37.601163
-37.601881
-37.602748
-37.603766
-37.604917
-37.606141
-37.607343
-37.608401
-37.609195
-37.609643
-37.609737
-37.609541
-37.60917
-37.60875
-37.608377
-37.6081
-37.607928
-37.60785
-37.607847
-37.607903
-37.608009
-37.608163
-37.60837
-37.608643
-37.609002
-37.609455
-37.609995
-37.610604
-37.611214
-37.611727
-37.612161
-37.612484
-37.612675
-37.612756
-37.612754
-37.612667
-37.61249
-37.612272
-37.61205
-37.611868
-37.611761
-37.611743
-37.611814
-37.611963
-37.612174
-37.612428
-37.6127
-37.61297
-37.613216
-37.613424
-37.613578
-37.613656
-37.61363
-37.613469
-37.613153
-37.612703
-37.612188
-37.611687
-37.611293
-37.611141
-37.611343
-37.611997
-37.61327
-37.615249
-37.618
-37.621532
-37.625757
-37.630472
-37.635364
-37.640048
-37.644114
-37.647182
-37.648957
-37.649299
-37.648292
-37.64623
-37.643517
-37.640577
-37.637775
-37.635295
-37.633186
-37.63142
-37.629934
-37.628675
-37.627607
-37.626708
-37.625984
-37.625459
-37.62514
-37.624985
-37.624954
-37.625033
-37.62521
-37.625438
-37.625713
-37.626044
-37.626401
-37.626756
-37.627099
-37.627431
-37.627752
-37.628106
-37.628577
-37.629099
-37.629532
-37.629889
-37.630073
-37.630131
-37.630205
-37.630307
-37.630407
-37.630532
-37.630678
-37.630881
-37.631148
-37.631458
-37.631811
-37.632196
-37.632608
-37.633048
-37.633517
-37.634003
-37.634481
-37.634932
-37.635334
-37.635683
-37.636068
-37.636534
-37.636973
-37.637361
-37.637739
-37.638024
-37.638232
-37.638294
-37.638114
-37.637843
-37.63771
-37.637635
-37.637646
-37.637742
-37.637893
-37.638109
-37.638397
-37.638746
-37.639141
-37.639552
-37.63996
-37.640352
-37.640721
-37.641072
-37.641413
-37.641754
-37.642106
-37.642478
-37.642884
-37.643333
-37.643839
-37.644415
-37.645079
-37.645851
-37.646753
-37.647811
-37.64905
-37.650502
-37.652194
-37.654153
-37.656399
-37.658943
-37.661781
-37.664892
-37.668238
-37.671756
-37.675366
-37.678968
-37.682454
-37.685709
-37.688627
-37.691112
-37.693068
-37.694414
-37.695119
-37.695073
-37.694527
-37.693125
-37.690934
-37.687938
-37.684006
-37.678965
-37.672615
-37.664063
-37.651825
-37.635567
-37.616724
-37.59873
-37.585878
-37.579791
-37.575417
-37.569537
-37.575131
-37.591746
-37.60689
-37.617539
-37.624535
-37.628971
-37.631727
-37.633407
-37.63445
-37.634944
-37.635036
-37.634927
-37.634721
-37.634403
-37.633928
-37.633333
-37.632529
-37.631628
-37.630642
-37.629497
-37.628345
-37.62731
-37.626467
-37.625465
-37.623911
-37.621908
-37.620252
-37.619178
-37.618569
-37.61756
-37.615076
-37.611401
-37.608104
-37.605983
-37.604812
-37.604134
-37.602571
-37.598446
-37.5913
-37.583841
-37.579974
-37.579433
-37.579908
-37.580114
-37.578298
-37.571848
-37.563383
-37.559618
-37.564433
-37.574812
-37.588056
-37.602985
-37.617971
-37.631804
-37.647701
-37.670631
-37.69988
-37.733226
-37.77048
-37.80917
-37.846267
-37.880007
-37.908558
-37.932564
-37.953605
-37.968846
-37.977093
-37.980079
-37.979752
-37.975246
-37.96697
-37.957696
-37.948299
-37.940184
-37.934929
-37.932422
-37.931612
-37.932394
-37.933491
-37.934275
-37.934805
-37.93518
-37.9349
-37.934762
-37.934602
-37.933557
-37.932174
-37.930349
-37.928239
-37.926144
-37.92432
-37.923009
-37.922441
-37.922944
-37.924126
-37.925792
-37.927754
-37.929935
-37.932907
-37.936653
-37.940917
-37.945652
-37.951077
-37.957406
-37.964736
-37.97316
-37.982968
-37.994472
-38.00801
-38.02429
-38.043983
-38.067389
-38.094397
-38.124938
-38.159316
-38.197628
-38.236009
-38.263864
-38.264505
-38.196829
-38.007123
-37.875584
-37.479844
-31.361893
-11.25401
-37.601048
-37.600751
-37.600484
-37.600147
-37.600145
-37.600443
-37.600853
-37.600734
-37.600319
-37.598983
-37.596503
-37.597775
-37.599333
-37.600501
-37.601273
-37.601723
-37.601981
-37.602094
-37.602091
-37.60185
-37.600775
-37.601159
-37.601549
-37.601793
-37.601903
-37.601898
-37.601798
-37.601639
-37.601438
-37.601201
-37.600923
-37.600596
-37.600213
-37.599762
-37.599225
-37.598583
-37.597806
-37.596851
-37.595657
-37.594155
-37.59229
-37.590206
-37.589203
-37.590818
-37.593539
-37.595636
-37.59704
-37.597933
-37.598494
-37.598879
-37.599197
-37.599506
-37.599863
-37.600293
-37.6008
-37.601373
-37.60197
-37.602548
-37.603101
-37.603622
-37.604138
-37.604685
-37.605301
-37.606019
-37.60685
-37.607778
-37.608672
-37.609328
-37.609817
-37.610432
-37.6112
-37.611871
-37.612394
-37.612785
-37.613082
-37.613321
-37.613533
-37.61374
-37.613956
-37.61419
-37.614444
-37.6147
-37.614978
-37.615282
-37.615609
-37.615968
-37.616372
-37.616837
-37.617383
-37.618042
-37.618857
-37.619894
-37.621252
-37.62308
-37.625565
-37.628825
-37.632266
-37.633268
-37.631603
-37.629653
-37.62799
-37.626633
-37.625498
-37.624519
-37.623649
-37.62285
-37.62211
-37.621418
-37.620768
-37.620165
-37.619615
-37.619118
-37.618679
-37.618303
-37.617986
-37.617721
-37.617503
-37.617325
-37.617178
-37.617053
-37.616942
-37.616836
-37.616729
-37.616613
-37.616482
-37.616332
-37.616165
-37.615985
-37.615797
-37.615608
-37.615433
-37.615283
-37.615174
-37.615118
-37.615127
-37.6152
-37.615318
-37.615452
-37.615582
-37.615693
-37.615776
-37.615825
-37.615842
-37.615833
-37.61581
-37.615786
-37.615775
-37.615785
-37.615825
-37.615903
-37.616026
-37.616195
-37.616412
-37.616688
-37.617032
-37.617455
-37.617969
-37.618596
-37.619361
-37.620288
-37.621378
-37.622612
-37.623921
-37.625195
-37.626291
-37.62707
-37.627447
-37.627423
-37.627089
-37.626589
-37.62607
-37.625634
-37.625327
-37.625146
-37.625071
-37.625075
-37.62514
-37.625251
-37.625407
-37.625613
-37.625886
-37.626244
-37.626697
-37.627234
-37.627835
-37.628465
-37.62903
-37.629465
-37.62979
-37.630005
-37.630105
-37.630115
-37.630047
-37.629891
-37.629662
-37.629409
-37.629187
-37.62904
-37.628994
-37.62905
-37.629198
-37.62942
-37.629694
-37.629996
-37.630302
-37.630591
-37.630841
-37.631032
-37.63114
-37.631127
-37.630947
-37.630563
-37.629997
-37.629336
-37.628705
-37.628254
-37.628137
-37.628469
-37.629316
-37.63078
-37.632971
-37.635949
-37.639697
-37.644126
-37.649033
-37.654088
-37.658897
-37.663033
-37.666085
-37.667727
-37.667807
-37.666412
-37.663918
-37.660828
-37.657644
-37.654744
-37.652286
-37.650259
-37.648553
-37.647016
-37.645597
-37.644309
-37.643188
-37.642289
-37.641671
-37.641349
-37.641265
-37.641405
-37.641655
-37.64197
-37.642343
-37.642758
-37.64317
-37.643582
-37.643992
-37.644375
-37.644743
-37.645092
-37.645439
-37.645881
-37.646457
-37.646918
-37.64723
-37.647423
-37.64749
-37.64755
-37.647683
-37.647846
-37.647951
-37.64811
-37.648356
-37.648647
-37.648992
-37.649364
-37.649749
-37.650169
-37.650628
-37.65112
-37.651608
-37.652088
-37.652546
-37.652942
-37.653275
-37.653633
-37.654068
-37.654519
-37.654875
-37.655169
-37.655419
-37.6556
-37.655635
-37.655475
-37.655208
-37.655054
-37.655056
-37.655135
-37.65526
-37.655444
-37.655682
-37.655993
-37.656373
-37.65679
-37.657227
-37.657654
-37.658048
-37.658432
-37.658803
-37.659167
-37.659535
-37.659919
-37.660329
-37.660776
-37.661269
-37.661815
-37.662425
-37.663114
-37.663901
-37.664805
-37.665852
-37.667068
-37.668485
-37.670134
-37.672044
-37.674236
-37.676724
-37.679508
-37.68257
-37.685875
-37.689368
-37.692971
-37.696589
-37.700115
-37.703435
-37.70644
-37.709032
-37.711125
-37.712591
-37.713476
-37.713857
-37.713285
-37.711883
-37.709624
-37.706474
-37.702371
-37.697199
-37.690709
-37.682293
-37.671065
-37.656655
-37.63995
-37.623374
-37.610177
-37.601721
-37.595349
-37.592437
-37.601472
-37.616828
-37.629841
-37.638207
-37.64346
-37.646932
-37.649255
-37.650779
-37.651746
-37.652283
-37.65249
-37.652418
-37.65227
-37.651981
-37.651535
-37.650947
-37.650217
-37.649373
-37.648415
-37.647411
-37.646413
-37.645323
-37.644296
-37.643194
-37.641832
-37.64027
-37.638781
-37.637516
-37.63632
-37.634822
-37.632561
-37.62981
-37.627132
-37.624959
-37.623177
-37.621418
-37.618924
-37.615022
-37.609854
-37.604782
-37.601475
-37.599931
-37.598964
-37.597414
-37.594605
-37.589817
-37.584988
-37.583866
-37.58857
-37.597717
-37.609475
-37.622827
-37.637197
-37.652271
-37.670347
-37.693847
-37.723194
-37.756564
-37.79285
-37.830423
-37.867152
-37.900942
-37.930278
-37.955476
-37.977262
-37.994049
-38.003307
-38.004629
-38.000107
-37.99187
-37.981922
-37.972433
-37.964013
-37.956982
-37.951716
-37.948597
-37.947306
-37.947534
-37.948973
-37.950943
-37.952864
-37.954272
-37.954998
-37.95499
-37.953983
-37.952423
-37.950419
-37.948034
-37.945503
-37.94308
-37.940978
-37.939398
-37.938734
-37.93909
-37.940235
-37.942072
-37.944488
-37.947415
-37.95062
-37.95428
-37.958324
-37.962769
-37.967737
-37.973405
-37.97996
-37.987615
-37.996692
-38.007571
-38.020684
-38.036572
-38.0558
-38.078799
-38.105884
-38.137855
-38.17605
-38.221338
-38.271491
-38.318896
-38.352417
-38.359943
-38.327139
-38.312219
-38.148644
-37.047092
-33.070483
-37.618727
-37.618523
-37.61848
-37.618164
-37.617862
-37.617826
-37.617665
-37.617054
-37.616394
-37.615722
-37.615754
-37.616983
-37.618098
-37.618791
-37.619172
-37.619362
-37.619433
-37.619418
-37.61933
-37.619124
-37.618764
-37.618776
-37.618907
-37.61902
-37.619076
-37.619069
-37.619005
-37.618889
-37.618725
-37.618516
-37.618258
-37.617948
-37.617581
-37.617148
-37.616638
-37.616039
-37.615329
-37.614489
-37.613501
-37.612366
-37.611152
-37.610093
-37.609748
-37.610561
-37.612025
-37.61344
-37.614566
-37.615395
-37.615994
-37.616443
-37.616818
-37.617172
-37.617548
-37.617973
-37.618452
-37.618975
-37.619524
-37.620074
-37.620621
-37.621167
-37.621723
-37.622316
-37.622972
-37.623712
-37.624529
-37.625393
-37.626236
-37.62698
-37.627639
-37.62828
-37.62891
-37.629462
-37.629906
-37.630248
-37.630514
-37.630741
-37.630957
-37.631182
-37.631426
-37.631692
-37.631981
-37.632286
-37.632602
-37.632937
-37.633293
-37.633677
-37.634104
-37.634588
-37.635152
-37.635821
-37.636633
-37.637633
-37.638879
-37.640428
-37.642303
-37.644392
-37.646238
-37.646981
-37.646501
-37.645506
-37.644417
-37.643388
-37.642451
-37.641598
-37.640813
-37.640083
-37.639401
-37.638761
-37.638164
-37.637614
-37.637115
-37.63667
-37.636281
-37.635948
-37.635668
-37.635433
-37.635238
-37.635075
-37.634937
-37.634816
-37.634707
-37.634605
-37.634503
-37.634395
-37.634276
-37.634147
-37.634007
-37.633863
-37.633717
-37.633579
-37.633461
-37.633373
-37.633324
-37.633321
-37.633369
-37.633461
-37.633573
-37.633682
-37.633772
-37.633834
-37.633865
-37.633867
-37.633847
-37.633816
-37.633786
-37.633771
-37.633778
-37.633816
-37.633885
-37.633989
-37.634134
-37.634318
-37.634544
-37.634822
-37.635164
-37.635575
-37.636073
-37.63668
-37.637428
-37.638338
-37.639416
-37.640642
-37.641948
-37.643218
-37.644293
-37.645019
-37.645312
-37.645194
-37.644788
-37.644254
-37.643737
-37.643324
-37.64304
-37.642881
-37.642822
-37.64284
-37.642915
-37.643038
-37.643204
-37.643419
-37.643696
-37.644051
-37.644489
-37.645
-37.64556
-37.646125
-37.646634
-37.647043
-37.647346
-37.647545
-37.647645
-37.647661
-37.647604
-37.647482
-37.647318
-37.647145
-37.647
-37.646912
-37.6469
-37.646968
-37.647108
-37.647305
-37.647539
-37.647789
-37.648035
-37.648259
-37.648447
-37.648584
-37.648652
-37.648625
-37.648472
-37.648177
-37.647748
-37.647235
-37.646728
-37.646355
-37.646272
-37.646606
-37.647465
-37.648964
-37.651197
-37.654214
-37.658
-37.662457
-37.667383
-37.672455
-37.677267
-37.681375
-37.68435
-37.685841
-37.685694
-37.684008
-37.681328
-37.678109
-37.67484
-37.671883
-37.669414
-37.667457
-37.665891
-37.664577
-37.66343
-37.662403
-37.661502
-37.660764
-37.660226
-37.659905
-37.659814
-37.659829
-37.659968
-37.660223
-37.660469
-37.66076
-37.661088
-37.661428
-37.661778
-37.662127
-37.662463
-37.662818
-37.663181
-37.663587
-37.664024
-37.664435
-37.664761
-37.664979
-37.665122
-37.665251
-37.665399
-37.66555
-37.665688
-37.665854
-37.666081
-37.666363
-37.666683
-37.667032
-37.667404
-37.667803
-37.668232
-37.66869
-37.669157
-37.669615
-37.670046
-37.670441
-37.670805
-37.671175
-37.671571
-37.671968
-37.672324
-37.672631
-37.672876
-37.67304
-37.673097
-37.67304
-37.672921
-37.672834
-37.672826
-37.67289
-37.673016
-37.673197
-37.67343
-37.673721
-37.674064
-37.674447
-37.674847
-37.675247
-37.675635
-37.676015
-37.676389
-37.676763
-37.677143
-37.67754
-37.677961
-37.678418
-37.678921
-37.679479
-37.680106
-37.680816
-37.681629
-37.682562
-37.683638
-37.684878
-37.68631
-37.687959
-37.68985
-37.692003
-37.694429
-37.697125
-37.700076
-37.703247
-37.706583
-37.710012
-37.713443
-37.716775
-37.719902
-37.722721
-37.725149
-37.727216
-37.728434
-37.729121
-37.729167
-37.728451
-37.726933
-37.724564
-37.721289
-37.71702
-37.711616
-37.704832
-37.696289
-37.685646
-37.673018
-37.659311
-37.646204
-37.63554
-37.628096
-37.623283
-37.621701
-37.625371
-37.634318
-37.643994
-37.651995
-37.657876
-37.662008
-37.664851
-37.666792
-37.668104
-37.668893
-37.669334
-37.66953
-37.669516
-37.669308
-37.668947
-37.668466
-37.667854
-37.667127
-37.666304
-37.665369
-37.664364
-37.663331
-37.662312
-37.661229
-37.66
-37.658682
-37.65735
-37.656072
-37.654773
-37.653217
-37.651363
-37.6492
-37.647007
-37.644973
-37.643086
-37.641068
-37.638518
-37.635192
-37.631261
-37.627459
-37.624548
-37.622635
-37.621216
-37.619651
-37.617457
-37.614585
-37.61217
-37.612285
-37.616413
-37.624187
-37.634653
-37.647069
-37.661013
-37.676631
-37.695258
-37.718239
-37.746114
-37.778297
-37.813698
-37.850649
-37.887093
-37.921123
-37.951321
-37.977114
-37.99827
-38.013754
-38.022568
-38.024656
-38.020961
-38.013097
-38.002811
-37.991827
-37.981617
-37.97293
-37.966614
-37.963048
-37.961963
-37.962951
-37.965224
-37.967911
-37.970472
-37.972402
-37.973431
-37.973592
-37.972764
-37.971082
-37.968695
-37.965889
-37.962869
-37.959922
-37.957384
-37.955552
-37.954649
-37.954673
-37.955826
-37.957945
-37.96057
-37.963481
-37.966736
-37.970351
-37.974257
-37.978446
-37.983014
-37.988124
-37.993972
-38.000779
-38.008876
-38.018631
-38.030459
-38.044909
-38.062692
-38.084465
-38.111086
-38.143764
-38.184572
-38.235755
-38.299645
-38.378231
-38.474208
-38.594192
-38.740185
-38.930195
-39.009559
-38.951088
-36.715718
-37.636001
-37.635953
-37.635957
-37.635884
-37.635695
-37.635594
-37.635693
-37.635538
-37.635139
-37.63449
-37.634187
-37.634594
-37.635194
-37.635758
-37.636185
-37.636463
-37.636613
-37.636659
-37.636625
-37.636522
-37.636387
-37.636366
-37.636415
-37.636467
-37.636483
-37.636451
-37.636372
-37.636251
-37.636091
-37.635892
-37.635649
-37.635359
-37.635017
-37.634616
-37.634151
-37.633613
-37.632995
-37.632293
-37.631514
-37.63069
-37.629906
-37.629329
-37.629205
-37.629668
-37.630528
-37.631481
-37.632347
-37.633067
-37.633648
-37.634125
-37.634541
-37.634928
-37.635325
-37.635746
-37.636202
-37.636691
-37.637204
-37.637732
-37.638271
-37.638827
-37.639407
-37.640028
-37.640703
-37.64144
-37.642232
-37.643054
-37.643863
-37.644615
-37.645304
-37.645938
-37.64651
-37.646999
-37.647398
-37.647717
-37.647979
-37.648212
-37.648441
-37.648684
-37.64895
-37.64924
-37.649553
-37.649884
-37.650228
-37.650586
-37.650963
-37.651367
-37.651808
-37.652303
-37.652871
-37.653532
-37.654313
-37.65524
-37.656336
-37.657608
-37.659017
-37.660436
-37.661596
-37.662166
-37.662083
-37.661584
-37.660894
-37.660148
-37.659406
-37.658691
-37.65801
-37.657363
-37.656751
-37.656175
-37.655638
-37.655143
-37.654691
-37.654286
-37.653928
-37.653618
-37.65335
-37.65312
-37.652923
-37.652756
-37.652612
-37.652486
-37.652374
-37.65227
-37.652169
-37.652065
-37.651954
-37.651837
-37.651713
-37.651585
-37.651459
-37.651341
-37.651241
-37.651166
-37.651124
-37.65112
-37.651156
-37.651224
-37.651311
-37.651398
-37.651471
-37.651521
-37.65155
-37.651556
-37.651543
-37.651522
-37.651504
-37.6515
-37.651516
-37.651558
-37.651634
-37.651747
-37.6519
-37.652095
-37.652335
-37.652626
-37.652978
-37.653395
-37.653894
-37.654492
-37.655206
-37.656052
-37.657031
-37.658124
-37.659274
-37.660377
-37.661306
-37.661955
-37.662255
-37.662222
-37.661947
-37.661551
-37.661137
-37.660783
-37.66053
-37.660383
-37.660327
-37.660346
-37.660425
-37.660552
-37.660725
-37.660947
-37.661225
-37.661569
-37.661981
-37.662449
-37.662953
-37.663457
-37.663919
-37.66431
-37.664617
-37.664838
-37.664972
-37.665024
-37.665
-37.664912
-37.664783
-37.664644
-37.664529
-37.664467
-37.664473
-37.664551
-37.664696
-37.664892
-37.665124
-37.665371
-37.665616
-37.665839
-37.666022
-37.66615
-37.666203
-37.666159
-37.666003
-37.665736
-37.665387
-37.66502
-37.664722
-37.664586
-37.664706
-37.665215
-37.666211
-37.667781
-37.669998
-37.672909
-37.676503
-37.680683
-37.685255
-37.689922
-37.694315
-37.698028
-37.700701
-37.70206
-37.702102
-37.700624
-37.698127
-37.695167
-37.692172
-37.689425
-37.687055
-37.685096
-37.683476
-37.682102
-37.680917
-37.679898
-37.679044
-37.678367
-37.677883
-37.677594
-37.677493
-37.677526
-37.677644
-37.677795
-37.678058
-37.678395
-37.678749
-37.679098
-37.679443
-37.679794
-37.680148
-37.680502
-37.680855
-37.681218
-37.681593
-37.681943
-37.682241
-37.682475
-37.682666
-37.682843
-37.683017
-37.68319
-37.683367
-37.683566
-37.683804
-37.684081
-37.684389
-37.684725
-37.685083
-37.685465
-37.68587
-37.686293
-37.686724
-37.687148
-37.687555
-37.68794
-37.688308
-37.688673
-37.689041
-37.689399
-37.689728
-37.690015
-37.690249
-37.690418
-37.690512
-37.690538
-37.690527
-37.69053
-37.690576
-37.690674
-37.690823
-37.691018
-37.69126
-37.69155
-37.691881
-37.692246
-37.692628
-37.693019
-37.69341
-37.693801
-37.694194
-37.694591
-37.695001
-37.69543
-37.695886
-37.696375
-37.696907
-37.697494
-37.698146
-37.698879
-37.699706
-37.700646
-37.701717
-37.70294
-37.704339
-37.705933
-37.707741
-37.709776
-37.712044
-37.714539
-37.717243
-37.720124
-37.723135
-37.726209
-37.729268
-37.732225
-37.734982
-37.737439
-37.739486
-37.740981
-37.7421
-37.742581
-37.742395
-37.741484
-37.739809
-37.737329
-37.733993
-37.729725
-37.724405
-37.717865
-37.709932
-37.70059
-37.690178
-37.679441
-37.669406
-37.661056
-37.654954
-37.651297
-37.650736
-37.654088
-37.659229
-37.665125
-37.670579
-37.675139
-37.678722
-37.681426
-37.683398
-37.684777
-37.685704
-37.686289
-37.686608
-37.686709
-37.686622
-37.686377
-37.686003
-37.685508
-37.684904
-37.6842
-37.683406
-37.68254
-37.68163
-37.680689
-37.679696
-37.678622
-37.67746
-37.676256
-37.67503
-37.673747
-37.67232
-37.670682
-37.668876
-37.667018
-37.665187
-37.663358
-37.661392
-37.659111
-37.656445
-37.653531
-37.650731
-37.648407
-37.646651
-37.645275
-37.644018
-37.642642
-37.641272
-37.640792
-37.642242
-37.646453
-37.653481
-37.662942
-37.674453
-37.687875
-37.703466
-37.722029
-37.744435
-37.770936
-37.801065
-37.834222
-37.869211
-37.904053
-37.937015
-37.966906
-37.992817
-38.013909
-38.029286
-38.037945
-38.040126
-38.036724
-38.028807
-38.018711
-38.007769
-37.997423
-37.988919
-37.98277
-37.979296
-37.978271
-37.979394
-37.981952
-37.985435
-37.988615
-37.991203
-37.992826
-37.99337
-37.992597
-37.990543
-37.98763
-37.984147
-37.980456
-37.976817
-37.973668
-37.971365
-37.97016
-37.970242
-37.971557
-37.973936
-37.976703
-37.979886
-37.983352
-37.986957
-37.990638
-37.994322
-37.998211
-38.002493
-38.007335
-38.013069
-38.019938
-38.0283
-38.038716
-38.051756
-38.067653
-38.08695
-38.111677
-38.143179
-38.184241
-38.238348
-38.310322
-38.409919
-38.555919
-38.784561
-39.140109
-39.650562
-40.044255
-40.12359
-37.343635
-37.653329
-37.653324
-37.653307
-37.653258
-37.653167
-37.653104
-37.653019
-37.652838
-37.652597
-37.652372
-37.652324
-37.652562
-37.652911
-37.653262
-37.653555
-37.653772
-37.653909
-37.653973
-37.653977
-37.653937
-37.653883
-37.653861
-37.653867
-37.653876
-37.653865
-37.653823
-37.653747
-37.653634
-37.653486
-37.6533
-37.653075
-37.652808
-37.652495
-37.652134
-37.651721
-37.651254
-37.650733
-37.650165
-37.649567
-37.648978
-37.648467
-37.648135
-37.648095
-37.648392
-37.648943
-37.649607
-37.650271
-37.650877
-37.65141
-37.651881
-37.652308
-37.652714
-37.653123
-37.653549
-37.653995
-37.654464
-37.654954
-37.655465
-37.655992
-37.656542
-37.65712
-37.657735
-37.658395
-37.659101
-37.659845
-37.660606
-37.661359
-37.662078
-37.662747
-37.663356
-37.663899
-37.664368
-37.664762
-37.665091
-37.665376
-37.665636
-37.665893
-37.666159
-37.666444
-37.66675
-37.667074
-37.667415
-37.66777
-37.668139
-37.668529
-37.668945
-37.669397
-37.669897
-37.670459
-37.671098
-37.671828
-37.672663
-37.673604
-37.674638
-37.675713
-37.676732
-37.677545
-37.678003
-37.678068
-37.677827
-37.677399
-37.67687
-37.6763
-37.67572
-37.675148
-37.674591
-37.674056
-37.673549
-37.673071
-37.672629
-37.672223
-37.671857
-37.67153
-37.671241
-37.670988
-37.670766
-37.670573
-37.670405
-37.670257
-37.670127
-37.670009
-37.669901
-37.669797
-37.669694
-37.66959
-37.669483
-37.669375
-37.669267
-37.669162
-37.669066
-37.668986
-37.668927
-37.668894
-37.66889
-37.668914
-37.668963
-37.669026
-37.669093
-37.66915
-37.669197
-37.669231
-37.669253
-37.669266
-37.669275
-37.66929
-37.669316
-37.669362
-37.669434
-37.669534
-37.669669
-37.669838
-37.670047
-37.670298
-37.670596
-37.670947
-37.671359
-37.671844
-37.672412
-37.673075
-37.67384
-37.6747
-37.675634
-37.676588
-37.677487
-37.678245
-37.67879
-37.679086
-37.679148
-37.679034
-37.67882
-37.678583
-37.678375
-37.678224
-37.678139
-37.678117
-37.678152
-37.678239
-37.67837
-37.678542
-37.678757
-37.679018
-37.679328
-37.679687
-37.680087
-37.680512
-37.680936
-37.681333
-37.68168
-37.681965
-37.682185
-37.68234
-37.682433
-37.682472
-37.682467
-37.682432
-37.682387
-37.682353
-37.682347
-37.682381
-37.682463
-37.682588
-37.682749
-37.682935
-37.683135
-37.683336
-37.683528
-37.683696
-37.683825
-37.683907
-37.683928
-37.683879
-37.683764
-37.683605
-37.683447
-37.683354
-37.683408
-37.683693
-37.684299
-37.685311
-37.686807
-37.688848
-37.691456
-37.694601
-37.698194
-37.702071
-37.705989
-37.709644
-37.712709
-37.714894
-37.71598
-37.715865
-37.71492
-37.713211
-37.71103
-37.70869
-37.706452
-37.704458
-37.702747
-37.701299
-37.700067
-37.699012
-37.698112
-37.697362
-37.696765
-37.696323
-37.696034
-37.695883
-37.695848
-37.695906
-37.696041
-37.696259
-37.696495
-37.696733
-37.697004
-37.697297
-37.697604
-37.697919
-37.69824
-37.698563
-37.698893
-37.699221
-37.699532
-37.699812
-37.700055
-37.700271
-37.700472
-37.700669
-37.700865
-37.701068
-37.701289
-37.701535
-37.70181
-37.702109
-37.702432
-37.702776
-37.703139
-37.703519
-37.703913
-37.704311
-37.704706
-37.705091
-37.705464
-37.705824
-37.706178
-37.706524
-37.706857
-37.707165
-37.707439
-37.707671
-37.707854
-37.707987
-37.708078
-37.708146
-37.70822
-37.708318
-37.708451
-37.708622
-37.708832
-37.709081
-37.709369
-37.709691
-37.710041
-37.710411
-37.710793
-37.711183
-37.71158
-37.711985
-37.712402
-37.712834
-37.713288
-37.713769
-37.714286
-37.714847
-37.715461
-37.716138
-37.716892
-37.717734
-37.71868
-37.719744
-37.720944
-37.722295
-37.723813
-37.72551
-37.727393
-37.729463
-37.731711
-37.734118
-37.736654
-37.739275
-37.741924
-37.744534
-37.747028
-37.749325
-37.751335
-37.75296
-37.754031
-37.754791
-37.755035
-37.754682
-37.753674
-37.75197
-37.749533
-37.746319
-37.742276
-37.737338
-37.731436
-37.724538
-37.716739
-37.708354
-37.699922
-37.692105
-37.685522
-37.680611
-37.677662
-37.676969
-37.678592
-37.681617
-37.685748
-37.689728
-37.693267
-37.69623
-37.698602
-37.700431
-37.701792
-37.702767
-37.703432
-37.703843
-37.704043
-37.704063
-37.70393
-37.703667
-37.703287
-37.702804
-37.702229
-37.701571
-37.700845
-37.700067
-37.699243
-37.698366
-37.697426
-37.696423
-37.695373
-37.694279
-37.693118
-37.691853
-37.690465
-37.688976
-37.687434
-37.685869
-37.684264
-37.682558
-37.680684
-37.67864
-37.676528
-37.674541
-37.672865
-37.671572
-37.670614
-37.669908
-37.669436
-37.669402
-37.670322
-37.672806
-37.677336
-37.684069
-37.692921
-37.703774
-37.716633
-37.731735
-37.749558
-37.770585
-37.794987
-37.822557
-37.85293
-37.88485
-37.916934
-37.947904
-37.976651
-38.001865
-38.02262
-38.038024
-38.047201
-38.050518
-38.048421
-38.042176
-38.033296
-38.023206
-38.013583
-38.005267
-37.999132
-37.995485
-37.994539
-37.995858
-37.998744
-38.002406
-38.005993
-38.00901
-38.011104
-38.011938
-38.011216
-38.009059
-38.005981
-38.002132
-37.997829
-37.993808
-37.990217
-37.987087
-37.985523
-37.985518
-37.986787
-37.98899
-37.991774
-37.99502
-37.998548
-38.002197
-38.0058
-38.00933
-38.012733
-38.0162
-38.020012
-38.024482
-38.029989
-38.036745
-38.045286
-38.056112
-38.06962
-38.08626
-38.107265
-38.134199
-38.16964
-38.217073
-38.281696
-38.376026
-38.525452
-38.782001
-39.201368
-39.84103
-40.321234
-39.575668
-37.65682
-37.670822
-37.670785
-37.670734
-37.670668
-37.670588
-37.670529
-37.670465
-37.670365
-37.670243
-37.67015
-37.670159
-37.670302
-37.670523
-37.670762
-37.670978
-37.671151
-37.671272
-37.671342
-37.67137
-37.671367
-37.67135
-37.671337
-37.671331
-37.671321
-37.671296
-37.671247
-37.671171
-37.671064
-37.670926
-37.670755
-37.670549
-37.670307
-37.670026
-37.669707
-37.669349
-37.668952
-37.668523
-37.668072
-37.667619
-37.667199
-37.666859
-37.666661
-37.666659
-37.666871
-37.667255
-37.667739
-37.668258
-37.668767
-37.669246
-37.669693
-37.670116
-37.670528
-37.67094
-37.671361
-37.671798
-37.672254
-37.672729
-37.673222
-37.673734
-37.674268
-37.67483
-37.675423
-37.67605
-37.67671
-37.677395
-37.678092
-37.678783
-37.679449
-37.680078
-37.680658
-37.681183
-37.681647
-37.682053
-37.682408
-37.682724
-37.683019
-37.683307
-37.6836
-37.683904
-37.684223
-37.684557
-37.684907
-37.685269
-37.685647
-37.686045
-37.686468
-37.686923
-37.68742
-37.687968
-37.688575
-37.689249
-37.689992
-37.690797
-37.691644
-37.692488
-37.693259
-37.693871
-37.69425
-37.694372
-37.694272
-37.694008
-37.69364
-37.693211
-37.692752
-37.692282
-37.691814
-37.691357
-37.690917
-37.690499
-37.690106
-37.689742
-37.68941
-37.689109
-37.68884
-37.6886
-37.688388
-37.6882
-37.688035
-37.687888
-37.687757
-37.687638
-37.687529
-37.687426
-37.687326
-37.687228
-37.687131
-37.687035
-37.686943
-37.686856
-37.686779
-37.686716
-37.686671
-37.686647
-37.686646
-37.686666
-37.686705
-37.686755
-37.686809
-37.686861
-37.686909
-37.68695
-37.686984
-37.687015
-37.687047
-37.687086
-37.687137
-37.687206
-37.687297
-37.687415
-37.687563
-37.687744
-37.687962
-37.688219
-37.688519
-37.688868
-37.68927
-37.689733
-37.690264
-37.690866
-37.691541
-37.69228
-37.69306
-37.693843
-37.694577
-37.695204
-37.695681
-37.695986
-37.696128
-37.696141
-37.696072
-37.695969
-37.69587
-37.6958
-37.69577
-37.695783
-37.695841
-37.69594
-37.696078
-37.696254
-37.696467
-37.696719
-37.697008
-37.697331
-37.697682
-37.698047
-37.69841
-37.698752
-37.699058
-37.699318
-37.699528
-37.699688
-37.699799
-37.699869
-37.699906
-37.699923
-37.699936
-37.699958
-37.700002
-37.700077
-37.700185
-37.700325
-37.700491
-37.700677
-37.700871
-37.701066
-37.701252
-37.701421
-37.701564
-37.701672
-37.701741
-37.701771
-37.701773
-37.701767
-37.701789
-37.701888
-37.702123
-37.702558
-37.703257
-37.704283
-37.705691
-37.707519
-37.70977
-37.712413
-37.715367
-37.7185
-37.721627
-37.724524
-37.726958
-37.728722
-37.729664
-37.729738
-37.729137
-37.727999
-37.7265
-37.724828
-37.723148
-37.721573
-37.720158
-37.718914
-37.71783
-37.716892
-37.716089
-37.715416
-37.714875
-37.714464
-37.71418
-37.71401
-37.713941
-37.713955
-37.71404
-37.714184
-37.714369
-37.714602
-37.714849
-37.715111
-37.715387
-37.715674
-37.715967
-37.716265
-37.716565
-37.716863
-37.717149
-37.717415
-37.717661
-37.717889
-37.718107
-37.71832
-37.718535
-37.718756
-37.718991
-37.719244
-37.719518
-37.719812
-37.720125
-37.720455
-37.720801
-37.721161
-37.72153
-37.721903
-37.722275
-37.722641
-37.722999
-37.723348
-37.723689
-37.724019
-37.724335
-37.72463
-37.724898
-37.725133
-37.725334
-37.725501
-37.725641
-37.725767
-37.725896
-37.726039
-37.726206
-37.726403
-37.72663
-37.726889
-37.727179
-37.727498
-37.727841
-37.728204
-37.728583
-37.728974
-37.729377
-37.729793
-37.730224
-37.730674
-37.731147
-37.731649
-37.732188
-37.73277
-37.733403
-37.734096
-37.734861
-37.735706
-37.736645
-37.73769
-37.738851
-37.740142
-37.741572
-37.743147
-37.744871
-37.746739
-37.74874
-37.750857
-37.75306
-37.755309
-37.757557
-37.759745
-37.76181
-37.763677
-37.765267
-37.766496
-37.767352
-37.767817
-37.767823
-37.767307
-37.766222
-37.764529
-37.762195
-37.759189
-37.755478
-37.751036
-37.745853
-37.739966
-37.733511
-37.726753
-37.720077
-37.713927
-37.708721
-37.704784
-37.70235
-37.701555
-37.702353
-37.704448
-37.706766
-37.709437
-37.712038
-37.714365
-37.716336
-37.717935
-37.719187
-37.720132
-37.720813
-37.721269
-37.721533
-37.721632
-37.721588
-37.721419
-37.721142
-37.720767
-37.720306
-37.71977
-37.71917
-37.718515
-37.717811
-37.717056
-37.71625
-37.715392
-37.714489
-37.71354
-37.712534
-37.711456
-37.710303
-37.709087
-37.70783
-37.706545
-37.705228
-37.703858
-37.702422
-37.700944
-37.699498
-37.698199
-37.697157
-37.696438
-37.696062
-37.696044
-37.696456
-37.697486
-37.699465
-37.702765
-37.707693
-37.714408
-37.722953
-37.733338
-37.745631
-37.760013
-37.77676
-37.796125
-37.818202
-37.842871
-37.869734
-37.897966
-37.926585
-37.954568
-37.9809
-38.004438
-38.024158
-38.039171
-38.048983
-38.053678
-38.053654
-38.049729
-38.043024
-38.035293
-38.027487
-38.020547
-38.015273
-38.012139
-38.011235
-38.012277
-38.014998
-38.018526
-38.022087
-38.025131
-38.027398
-38.028473
-38.028182
-38.026047
-38.022821
-38.018857
-38.014482
-38.010142
-38.006517
-38.003497
-38.001713
-38.001369
-38.002369
-38.004312
-38.006908
-38.009925
-38.013147
-38.016361
-38.019417
-38.022274
-38.02498
-38.027662
-38.030575
-38.034
-38.038148
-38.043304
-38.049847
-38.058148
-38.06844
-38.081153
-38.09708
-38.117415
-38.143801
-38.178603
-38.225665
-38.2924
-38.393884
-38.566513
-38.880719
-39.296639
-39.34543
-38.371002
-37.638407
-37.688225
-37.688198
-37.688171
-37.688109
-37.688051
-37.688008
-37.687967
-37.687914
-37.687859
-37.68783
-37.68786
-37.687961
-37.688111
-37.688279
-37.688441
-37.688578
-37.688682
-37.688753
-37.688793
-37.688809
-37.688811
-37.688807
-37.688798
-37.688782
-37.688751
-37.688701
-37.688627
-37.688528
-37.688401
-37.688246
-37.68806
-37.687844
-37.687597
-37.68732
-37.687014
-37.686683
-37.686335
-37.685981
-37.685641
-37.685339
-37.685111
-37.684993
-37.685013
-37.685177
-37.685465
-37.685838
-37.686255
-37.686686
-37.687114
-37.687531
-37.687939
-37.688343
-37.68875
-37.689165
-37.689593
-37.690036
-37.690496
-37.690974
-37.69147
-37.691986
-37.692526
-37.693091
-37.693681
-37.694295
-37.694926
-37.695564
-37.696197
-37.696812
-37.697398
-37.697947
-37.698453
-37.698912
-37.699328
-37.699704
-37.70005
-37.700377
-37.700695
-37.701012
-37.701335
-37.701667
-37.70201
-37.702365
-37.702734
-37.703118
-37.703521
-37.703946
-37.704399
-37.704887
-37.705413
-37.705984
-37.706601
-37.70726
-37.707952
-37.708655
-37.709335
-37.709944
-37.710431
-37.710754
-37.710897
-37.710876
-37.71072
-37.710468
-37.710151
-37.709793
-37.709414
-37.709026
-37.70864
-37.708262
-37.707899
-37.707555
-37.707232
-37.706933
-37.70666
-37.706412
-37.706188
-37.705988
-37.705808
-37.705648
-37.705504
-37.705375
-37.705258
-37.70515
-37.705049
-37.704954
-37.704862
-37.704775
-37.704691
-37.704612
-37.70454
-37.704478
-37.704429
-37.704394
-37.704376
-37.704377
-37.704394
-37.704425
-37.704467
-37.704515
-37.704565
-37.704615
-37.704663
-37.704709
-37.704757
-37.704808
-37.704868
-37.704939
-37.705027
-37.705135
-37.705268
-37.705428
-37.705618
-37.705841
-37.706101
-37.706399
-37.706741
-37.70713
-37.707569
-37.708061
-37.708607
-37.709205
-37.709842
-37.710501
-37.711152
-37.711761
-37.712291
-37.712715
-37.71302
-37.713211
-37.713307
-37.713339
-37.713336
-37.713326
-37.713328
-37.713354
-37.713408
-37.713494
-37.713611
-37.71376
-37.713939
-37.714149
-37.71439
-37.714659
-37.714953
-37.715266
-37.715588
-37.715907
-37.716212
-37.716493
-37.716741
-37.716953
-37.717127
-37.717266
-37.717372
-37.717453
-37.717516
-37.717574
-37.717636
-37.717713
-37.71781
-37.717931
-37.718076
-37.718242
-37.718423
-37.718614
-37.718807
-37.718996
-37.719176
-37.719339
-37.719483
-37.719605
-37.719711
-37.71981
-37.719923
-37.720079
-37.720316
-37.720678
-37.721212
-37.721964
-37.722979
-37.724289
-37.725915
-37.727851
-37.730062
-37.732481
-37.735001
-37.737485
-37.739772
-37.7417
-37.743129
-37.743959
-37.744166
-37.743874
-37.743165
-37.742157
-37.740978
-37.739741
-37.738531
-37.737397
-37.736366
-37.735446
-37.734636
-37.733937
-37.733348
-37.732868
-37.732496
-37.732229
-37.732059
-37.731975
-37.731965
-37.73202
-37.732128
-37.732279
-37.732467
-37.732679
-37.732911
-37.733159
-37.733419
-37.733688
-37.733962
-37.734239
-37.734514
-37.734781
-37.735038
-37.735282
-37.735517
-37.735744
-37.735969
-37.736196
-37.736429
-37.736673
-37.736931
-37.737204
-37.737493
-37.737798
-37.738118
-37.73845
-37.738792
-37.739142
-37.739496
-37.739849
-37.740199
-37.740543
-37.74088
-37.741209
-37.741528
-37.741833
-37.74212
-37.742386
-37.742628
-37.742844
-37.743038
-37.743214
-37.743382
-37.74355
-37.74373
-37.743926
-37.744145
-37.744388
-37.744657
-37.744953
-37.745272
-37.745614
-37.745975
-37.746353
-37.746746
-37.747154
-37.747578
-37.74802
-37.748483
-37.748971
-37.749489
-37.750042
-37.750637
-37.751282
-37.751983
-37.752748
-37.753588
-37.75451
-37.755525
-37.75664
-37.757864
-37.759202
-37.760657
-37.762227
-37.763907
-37.765685
-37.767541
-37.769448
-37.771373
-37.773272
-37.775097
-37.776792
-37.778294
-37.779536
-37.780498
-37.781126
-37.781381
-37.781219
-37.780597
-37.779478
-37.777832
-37.775632
-37.77286
-37.769502
-37.765558
-37.761051
-37.756052
-37.750696
-37.745196
-37.739832
-37.73491
-37.730718
-37.727492
-37.725392
-37.724484
-37.724699
-37.725799
-37.727365
-37.72919
-37.731082
-37.732869
-37.734457
-37.735806
-37.736908
-37.737776
-37.738431
-37.738897
-37.739195
-37.739346
-37.739368
-37.739277
-37.739085
-37.738804
-37.738445
-37.738016
-37.737528
-37.736987
-37.736399
-37.735765
-37.735088
-37.734368
-37.733609
-37.732811
-37.731969
-37.731081
-37.730147
-37.729177
-37.728183
-37.727176
-37.726159
-37.725135
-37.724113
-37.723126
-37.722232
-37.721509
-37.721038
-37.720882
-37.721092
-37.721729
-37.72289
-37.724738
-37.727497
-37.731411
-37.736691
-37.74348
-37.751857
-37.761881
-37.773628
-37.787218
-37.802799
-37.82048
-37.840279
-37.862056
-37.885465
-37.909939
-37.934771
-37.959174
-37.982307
-38.00328
-38.021257
-38.035524
-38.045641
-38.051632
-38.053722
-38.052461
-38.048685
-38.043549
-38.038047
-38.033002
-38.029054
-38.026651
-38.025996
-38.026967
-38.029142
-38.031964
-38.035001
-38.037843
-38.039978
-38.040937
-38.040462
-38.039173
-38.036588
-38.033116
-38.029188
-38.02521
-38.021533
-38.018601
-38.016781
-38.016142
-38.016581
-38.017889
-38.01984
-38.022195
-38.024712
-38.027201
-38.029537
-38.031673
-38.033641
-38.035566
-38.037634
-38.04
-38.04282
-38.046354
-38.050842
-38.056482
-38.063435
-38.071945
-38.082408
-38.095331
-38.111311
-38.131076
-38.155554
-38.186162
-38.226279
-38.284306
-38.365482
-38.403734
-38.195983
-37.755299
-37.65142
-37.705688
-37.705676
-37.705638
-37.705588
-37.70555
-37.705523
-37.705501
-37.705477
-37.705457
-37.705456
-37.705493
-37.70557
-37.705679
-37.705804
-37.705927
-37.706037
-37.706128
-37.706195
-37.70624
-37.706267
-37.706279
-37.706282
-37.706275
-37.706258
-37.706227
-37.706179
-37.706111
-37.70602
-37.705906
-37.705767
-37.705602
-37.705413
-37.705199
-37.704961
-37.704704
-37.704432
-37.704153
-37.703878
-37.703623
-37.703407
-37.703254
-37.703187
-37.703221
-37.703359
-37.703589
-37.70389
-37.704237
-37.704609
-37.704992
-37.705378
-37.705765
-37.706155
-37.706551
-37.706956
-37.707373
-37.707804
-37.70825
-37.708712
-37.709191
-37.709689
-37.710206
-37.710743
-37.711299
-37.711873
-37.712458
-37.713048
-37.713633
-37.714204
-37.714754
-37.715275
-37.715763
-37.716217
-37.716637
-37.717026
-37.717392
-37.717741
-37.71808
-37.718416
-37.718754
-37.719098
-37.719449
-37.719811
-37.720184
-37.72057
-37.720973
-37.721396
-37.721841
-37.722313
-37.722815
-37.723347
-37.723909
-37.724495
-37.725095
-37.725689
-37.726251
-37.726751
-37.727155
-37.727438
-37.727589
-37.727614
-37.727531
-37.727363
-37.727131
-37.726857
-37.726555
-37.726238
-37.725916
-37.725595
-37.725283
-37.724982
-37.724698
-37.724432
-37.724186
-37.72396
-37.723753
-37.723566
-37.723397
-37.723245
-37.723108
-37.722983
-37.72287
-37.722766
-37.72267
-37.72258
-37.722495
-37.722416
-37.722342
-37.722275
-37.722216
-37.722165
-37.722126
-37.722101
-37.722089
-37.722092
-37.722108
-37.722137
-37.722175
-37.722221
-37.72227
-37.722322
-37.722376
-37.722432
-37.722492
-37.722558
-37.722633
-37.72272
-37.722823
-37.722945
-37.723089
-37.723258
-37.723454
-37.723681
-37.72394
-37.724235
-37.724567
-37.724939
-37.725353
-37.72581
-37.726307
-37.726841
-37.7274
-37.72797
-37.728529
-37.729053
-37.729518
-37.729907
-37.73021
-37.730431
-37.73058
-37.730678
-37.730743
-37.730795
-37.73085
-37.730917
-37.731003
-37.731112
-37.731245
-37.731404
-37.731587
-37.731795
-37.732027
-37.732282
-37.732555
-37.732841
-37.733132
-37.733422
-37.7337
-37.73396
-37.734196
-37.734405
-37.734586
-37.73474
-37.73487
-37.734981
-37.735081
-37.735175
-37.735273
-37.73538
-37.735501
-37.73564
-37.735796
-37.735967
-37.736151
-37.736343
-37.73654
-37.736736
-37.736928
-37.737113
-37.73729
-37.737459
-37.737627
-37.737805
-37.738009
-37.738264
-37.738598
-37.739044
-37.739638
-37.740412
-37.741396
-37.742609
-37.744059
-37.745735
-37.747603
-37.749606
-37.751662
-37.753666
-37.755504
-37.757063
-37.758248
-37.758998
-37.7593
-37.759202
-37.758786
-37.758121
-37.757294
-37.756386
-37.755461
-37.754565
-37.753726
-37.752959
-37.752273
-37.751674
-37.751163
-37.750742
-37.750411
-37.750166
-37.750003
-37.749913
-37.74989
-37.749925
-37.750009
-37.750134
-37.750294
-37.75048
-37.750687
-37.750911
-37.751149
-37.751397
-37.751651
-37.751908
-37.752166
-37.752421
-37.752669
-37.752911
-37.753148
-37.753381
-37.753613
-37.753848
-37.754088
-37.754338
-37.754598
-37.754871
-37.755157
-37.755455
-37.755765
-37.756085
-37.756414
-37.756749
-37.757088
-37.757426
-37.757763
-37.758095
-37.758422
-37.758741
-37.759051
-37.759349
-37.759632
-37.759899
-37.760148
-37.760378
-37.760593
-37.760797
-37.760994
-37.761194
-37.761401
-37.761621
-37.761859
-37.762117
-37.762397
-37.762698
-37.763021
-37.763364
-37.763725
-37.764104
-37.7645
-37.764912
-37.765342
-37.765792
-37.766264
-37.766761
-37.767288
-37.767851
-37.768453
-37.769101
-37.769801
-37.770561
-37.771387
-37.772285
-37.773264
-37.774327
-37.775482
-37.776729
-37.778069
-37.779499
-37.78101
-37.78259
-37.78422
-37.785876
-37.787527
-37.789137
-37.790663
-37.792058
-37.793267
-37.794215
-37.794991
-37.79543
-37.795525
-37.795247
-37.794563
-37.793446
-37.791871
-37.789822
-37.787289
-37.784274
-37.780793
-37.776887
-37.772632
-37.76815
-37.763612
-37.759223
-37.755203
-37.751757
-37.749054
-37.747203
-37.746236
-37.746095
-37.746623
-37.747596
-37.748828
-37.750199
-37.751552
-37.752807
-37.753917
-37.75486
-37.755631
-37.756237
-37.756689
-37.757
-37.757185
-37.757256
-37.757226
-37.757107
-37.756907
-37.756637
-37.756305
-37.755919
-37.755485
-37.755008
-37.754491
-37.753938
-37.753352
-37.752734
-37.752087
-37.751411
-37.750707
-37.74998
-37.749239
-37.748492
-37.747752
-37.747029
-37.746335
-37.745691
-37.74513
-37.744703
-37.74447
-37.744498
-37.744848
-37.745585
-37.746783
-37.748541
-37.750995
-37.754307
-37.758652
-37.764183
-37.771019
-37.779245
-37.788926
-37.800128
-37.812922
-37.827376
-37.843514
-37.861293
-37.880551
-37.900993
-37.922184
-37.943588
-37.964599
-37.984563
-38.002813
-38.018722
-38.031774
-38.041663
-38.048334
-38.051929
-38.052845
-38.051688
-38.049211
-38.046149
-38.043143
-38.040719
-38.039252
-38.038921
-38.039679
-38.041289
-38.043418
-38.045738
-38.047885
-38.049475
-38.050177
-38.049836
-38.048591
-38.046599
-38.043912
-38.040796
-38.037565
-38.034538
-38.032049
-38.030329
-38.029459
-38.029394
-38.030007
-38.031131
-38.032581
-38.034175
-38.035768
-38.03726
-38.038603
-38.039814
-38.040968
-38.042165
-38.043503
-38.045094
-38.04708
-38.04957
-38.052638
-38.056315
-38.060625
-38.065568
-38.07104
-38.076725
-38.081924
-38.085189
-38.083787
-38.07343
-38.046331
-37.983396
-37.857104
-37.688784
-37.618077
-37.701674
-37.723162
-37.72315
-37.723124
-37.723091
-37.723068
-37.723055
-37.723048
-37.72304
-37.723038
-37.723051
-37.723088
-37.72315
-37.723234
-37.72333
-37.723428
-37.723519
-37.723597
-37.72366
-37.723707
-37.723738
-37.723758
-37.723766
-37.723763
-37.723749
-37.723721
-37.723678
-37.723616
-37.723536
-37.723435
-37.723312
-37.723169
-37.723005
-37.722822
-37.722622
-37.722409
-37.722188
-37.721966
-37.721754
-37.721564
-37.721411
-37.721311
-37.721279
-37.721323
-37.721446
-37.721642
-37.721896
-37.722193
-37.72252
-37.722865
-37.723222
-37.723587
-37.723961
-37.724342
-37.724735
-37.725139
-37.725556
-37.725988
-37.726434
-37.726897
-37.727375
-37.72787
-37.728381
-37.728908
-37.729447
-37.729994
-37.730545
-37.731091
-37.731627
-37.732146
-37.732643
-37.733115
-37.733561
-37.733981
-37.734378
-37.734755
-37.735118
-37.735472
-37.735821
-37.736171
-37.736523
-37.736881
-37.737246
-37.737621
-37.738008
-37.738408
-37.738823
-37.739257
-37.739711
-37.740185
-37.74068
-37.741193
-37.741717
-37.742242
-37.742753
-37.743231
-37.743653
-37.743999
-37.744252
-37.744405
-37.74446
-37.744426
-37.74432
-37.744155
-37.743948
-37.743711
-37.743455
-37.743189
-37.74292
-37.742653
-37.742394
-37.742146
-37.741911
-37.741691
-37.741487
-37.741299
-37.741127
-37.74097
-37.740827
-37.740698
-37.74058
-37.740473
-37.740374
-37.740284
-37.740201
-37.740123
-37.740053
-37.739988
-37.73993
-37.739881
-37.73984
-37.73981
-37.739792
-37.739785
-37.739791
-37.739809
-37.739838
-37.739875
-37.73992
-37.739971
-37.740026
-37.740086
-37.74015
-37.740219
-37.740297
-37.740384
-37.740483
-37.740598
-37.740731
-37.740883
-37.741059
-37.74126
-37.741488
-37.741745
-37.742033
-37.742354
-37.742709
-37.743099
-37.743522
-37.743976
-37.744456
-37.744953
-37.745454
-37.745944
-37.746405
-37.746821
-37.747181
-37.747479
-37.747716
-37.7479
-37.748043
-37.748158
-37.748258
-37.748355
-37.748458
-37.748573
-37.748703
-37.748851
-37.749019
-37.749207
-37.749414
-37.74964
-37.749883
-37.75014
-37.750407
-37.750677
-37.750946
-37.751206
-37.751453
-37.751682
-37.751891
-37.752078
-37.752246
-37.752395
-37.75253
-37.752656
-37.752779
-37.752903
-37.753034
-37.753175
-37.753329
-37.753497
-37.753677
-37.753867
-37.754066
-37.75427
-37.754476
-37.754683
-37.75489
-37.755097
-37.755306
-37.755524
-37.755762
-37.756034
-37.756358
-37.756757
-37.757257
-37.757882
-37.758655
-37.759595
-37.760714
-37.762012
-37.763474
-37.765071
-37.766754
-37.76846
-37.77011
-37.77162
-37.772911
-37.773918
-37.7746
-37.774949
-37.774984
-37.774769
-37.774342
-37.773767
-37.773105
-37.772403
-37.771702
-37.771028
-37.770399
-37.769828
-37.769321
-37.768885
-37.768522
-37.768232
-37.768014
-37.767864
-37.767779
-37.767751
-37.767774
-37.767843
-37.767949
-37.768089
-37.768254
-37.768442
-37.768647
-37.768866
-37.769095
-37.769333
-37.769575
-37.76982
-37.770064
-37.770305
-37.770544
-37.770781
-37.771017
-37.771253
-37.771493
-37.771738
-37.77199
-37.772251
-37.772523
-37.772805
-37.773098
-37.7734
-37.773711
-37.774029
-37.774352
-37.774678
-37.775004
-37.77533
-37.775652
-37.77597
-37.776281
-37.776585
-37.776878
-37.77716
-37.777429
-37.777685
-37.777928
-37.778159
-37.778384
-37.778604
-37.778827
-37.779056
-37.779296
-37.779551
-37.779822
-37.780111
-37.780419
-37.780746
-37.781091
-37.781455
-37.781836
-37.782234
-37.782649
-37.783084
-37.783538
-37.784015
-37.784518
-37.78505
-37.785616
-37.786219
-37.786865
-37.787559
-37.788306
-37.789111
-37.78998
-37.790918
-37.791927
-37.793011
-37.794171
-37.795403
-37.796703
-37.798062
-37.799468
-37.800902
-37.802343
-37.803764
-37.805132
-37.806414
-37.807573
-37.808575
-37.80941
-37.809916
-37.810181
-37.810152
-37.809795
-37.809081
-37.80799
-37.806503
-37.804612
-37.802316
-37.799624
-37.796562
-37.793176
-37.789542
-37.785763
-37.781976
-37.778333
-37.774998
-37.772118
-37.769813
-37.768159
-37.767174
-37.766817
-37.766987
-37.767551
-37.768387
-37.769329
-37.770327
-37.7713
-37.772196
-37.772985
-37.773653
-37.774198
-37.774622
-37.774932
-37.775136
-37.775244
-37.775264
-37.775207
-37.775079
-37.774889
-37.774645
-37.774353
-37.774019
-37.773649
-37.773246
-37.772814
-37.772357
-37.771878
-37.77138
-37.770867
-37.770343
-37.769814
-37.769288
-37.768776
-37.768291
-37.767847
-37.767462
-37.767159
-37.766974
-37.76695
-37.76714
-37.7676
-37.768392
-37.76958
-37.771241
-37.773466
-37.776366
-37.780067
-37.784697
-37.790375
-37.797197
-37.805238
-37.814557
-37.825203
-37.837214
-37.850608
-37.865365
-37.881404
-37.898561
-37.916577
-37.935102
-37.953713
-37.971936
-37.989266
-38.0052
-38.019277
-38.031128
-38.040534
-38.047439
-38.05195
-38.054347
-38.055051
-38.054574
-38.053438
-38.052117
-38.051008
-38.050398
-38.050437
-38.051126
-38.052341
-38.053885
-38.05553
-38.057022
-38.058099
-38.058532
-38.058183
-38.057055
-38.055484
-38.053439
-38.051075
-38.0486
-38.046243
-38.044221
-38.042686
-38.041706
-38.04127
-38.041305
-38.041704
-38.04234
-38.043088
-38.043842
-38.044523
-38.045089
-38.045536
-38.045893
-38.046204
-38.046515
-38.046874
-38.04732
-38.047862
-38.048463
-38.049022
-38.049363
-38.049188
-38.047986
-38.044885
-38.038434
-38.026234
-38.004453
-37.967415
-37.906797
-37.812243
-37.687684
-37.591273
-37.609951
-37.702415
-37.740651
-37.740644
-37.740626
-37.740608
-37.740596
-37.740594
-37.740596
-37.740599
-37.740606
-37.740624
-37.740659
-37.740712
-37.74078
-37.740858
-37.740938
-37.741015
-37.741084
-37.741142
-37.741189
-37.741224
-37.741248
-37.741261
-37.741263
-37.741253
-37.741231
-37.741194
-37.741141
-37.741071
-37.740984
-37.740878
-37.740755
-37.740616
-37.740462
-37.740295
-37.740121
-37.739943
-37.739769
-37.739607
-37.739468
-37.739362
-37.739301
-37.739294
-37.739347
-37.739462
-37.739634
-37.739857
-37.740119
-37.740411
-37.740726
-37.741057
-37.741401
-37.741756
-37.742123
-37.742501
-37.742892
-37.743295
-37.743712
-37.744143
-37.744588
-37.745048
-37.745522
-37.74601
-37.74651
-37.747019
-37.747535
-37.748053
-37.748567
-37.749073
-37.749567
-37.750044
-37.750502
-37.750939
-37.751357
-37.751756
-37.752139
-37.75251
-37.752873
-37.753231
-37.753587
-37.753946
-37.754307
-37.754675
-37.755049
-37.755433
-37.755827
-37.756234
-37.756654
-37.757088
-37.757536
-37.757996
-37.758465
-37.758937
-37.759403
-37.75985
-37.760265
-37.760632
-37.760937
-37.761168
-37.76132
-37.761394
-37.761395
-37.761334
-37.761222
-37.761069
-37.760886
-37.760682
-37.760465
-37.760242
-37.760017
-37.759795
-37.759581
-37.759375
-37.759181
-37.758998
-37.758829
-37.758672
-37.758529
-37.758397
-37.758277
-37.758167
-37.758067
-37.757976
-37.757892
-37.757816
-37.757746
-37.757683
-37.757627
-37.757578
-37.757537
-37.757505
-37.757483
-37.75747
-37.757469
-37.757479
-37.757499
-37.757529
-37.757568
-37.757614
-37.757667
-37.757726
-37.75779
-37.757861
-37.757939
-37.758025
-37.758122
-37.758231
-37.758355
-37.758495
-37.758655
-37.758835
-37.759038
-37.759265
-37.759519
-37.7598
-37.760109
-37.760447
-37.760813
-37.761206
-37.761624
-37.762059
-37.762506
-37.762954
-37.763392
-37.763807
-37.764188
-37.764526
-37.764818
-37.765065
-37.765271
-37.765443
-37.765593
-37.765728
-37.765857
-37.765988
-37.766126
-37.766275
-37.766437
-37.766614
-37.766806
-37.767013
-37.767235
-37.76747
-37.767716
-37.767968
-37.768224
-37.768478
-37.768725
-37.768963
-37.769188
-37.769397
-37.769591
-37.769769
-37.769934
-37.770088
-37.770236
-37.770381
-37.770527
-37.770678
-37.770836
-37.771005
-37.771184
-37.771373
-37.771572
-37.771779
-37.771993
-37.772212
-37.772435
-37.772662
-37.772896
-37.773139
-37.773398
-37.773682
-37.774002
-37.774375
-37.774817
-37.775347
-37.775983
-37.776741
-37.777632
-37.778661
-37.779826
-37.781112
-37.78249
-37.783924
-37.785361
-37.786744
-37.78801
-37.789103
-37.789976
-37.790602
-37.790976
-37.791119
-37.791023
-37.790761
-37.790372
-37.789897
-37.789373
-37.788832
-37.788299
-37.787792
-37.787324
-37.786904
-37.786538
-37.78623
-37.785982
-37.785793
-37.785662
-37.785585
-37.785558
-37.785577
-37.785636
-37.785731
-37.785856
-37.786006
-37.786177
-37.786366
-37.78657
-37.786785
-37.787009
-37.787239
-37.787472
-37.787708
-37.787943
-37.788179
-37.788415
-37.788651
-37.78889
-37.789132
-37.789379
-37.789633
-37.789894
-37.790164
-37.790443
-37.79073
-37.791026
-37.791329
-37.791638
-37.791951
-37.792267
-37.792584
-37.7929
-37.793214
-37.793525
-37.79383
-37.794129
-37.794419
-37.794701
-37.794973
-37.795235
-37.795488
-37.795734
-37.795974
-37.796213
-37.796454
-37.796701
-37.796957
-37.797225
-37.797508
-37.797806
-37.79812
-37.798452
-37.798801
-37.799167
-37.79955
-37.79995
-37.800367
-37.800804
-37.801261
-37.801741
-37.802246
-37.802779
-37.803343
-37.803943
-37.804581
-37.805263
-37.805993
-37.806773
-37.807609
-37.808502
-37.809456
-37.810471
-37.811545
-37.812676
-37.813857
-37.815079
-37.81633
-37.817594
-37.81885
-37.820074
-37.821241
-37.822319
-37.823279
-37.824091
-37.824725
-37.825117
-37.825268
-37.825152
-37.824746
-37.824027
-37.822979
-37.821591
-37.81986
-37.81779
-37.815397
-37.81271
-37.809777
-37.806663
-37.803458
-37.800268
-37.797212
-37.794409
-37.791969
-37.789977
-37.788488
-37.787516
-37.787031
-37.786967
-37.787239
-37.787751
-37.788406
-37.789129
-37.789872
-37.790583
-37.791232
-37.791801
-37.792281
-37.79267
-37.79297
-37.793184
-37.793319
-37.793381
-37.793377
-37.793313
-37.793196
-37.793034
-37.79283
-37.792592
-37.792324
-37.792031
-37.791717
-37.791386
-37.791043
-37.790692
-37.790338
-37.789987
-37.789647
-37.789327
-37.789038
-37.788794
-37.788613
-37.788513
-37.788521
-37.78867
-37.789
-37.789557
-37.790393
-37.791565
-37.793135
-37.795175
-37.797763
-37.800994
-37.804964
-37.809774
-37.815516
-37.822266
-37.830087
-37.839025
-37.849112
-37.860365
-37.872773
-37.886291
-37.900825
-37.916217
-37.932244
-37.948616
-37.964994
-37.980999
-37.99624
-38.010331
-38.022929
-38.033764
-38.042671
-38.049607
-38.05465
-38.058
-38.059952
-38.060863
-38.061107
-38.06103
-38.060926
-38.061014
-38.061416
-38.062157
-38.063176
-38.064357
-38.06555
-38.066583
-38.067285
-38.06751
-38.067169
-38.066283
-38.064997
-38.063368
-38.061503
-38.059542
-38.057639
-38.055933
-38.054527
-38.053469
-38.052759
-38.052357
-38.052191
-38.052178
-38.052229
-38.052266
-38.052224
-38.052063
-38.051762
-38.051318
-38.050732
-38.050008
-38.049135
-38.048084
-38.046785
-38.045117
-38.04288
-38.039767
-38.035313
-38.028816
-38.019213
-38.004924
-37.983651
-37.952231
-37.90661
-37.842269
-37.757848
-37.666841
-37.60808
-37.617199
-37.679215
-37.758153
-37.75815
-37.75814
-37.758132
-37.75813
-37.758135
-37.758143
-37.758151
-37.758162
-37.758183
-37.758216
-37.758263
-37.75832
-37.758385
-37.758453
-37.75852
-37.758583
-37.758638
-37.758685
-37.758722
-37.75875
-37.758768
-37.758775
-37.758771
-37.758755
-37.758726
-37.758683
-37.758624
-37.758551
-37.758461
-37.758358
-37.758241
-37.758113
-37.757976
-37.757835
-37.757694
-37.75756
-37.757438
-37.757338
-37.757268
-37.757236
-37.757248
-37.757309
-37.757419
-37.757577
-37.757778
-37.758015
-37.758281
-37.75857
-37.758879
-37.759203
-37.759541
-37.759892
-37.760256
-37.760632
-37.761021
-37.761424
-37.761839
-37.762268
-37.762709
-37.763164
-37.76363
-37.764106
-37.764589
-37.765078
-37.765568
-37.766056
-37.766538
-37.76701
-37.767469
-37.767913
-37.768342
-37.768755
-37.769153
-37.769539
-37.769914
-37.770282
-37.770645
-37.771005
-37.771366
-37.77173
-37.772097
-37.77247
-37.772849
-37.773236
-37.773632
-37.774037
-37.774451
-37.774874
-37.775303
-37.775735
-37.776163
-37.776581
-37.77698
-37.777347
-37.777673
-37.777947
-37.778162
-37.778312
-37.7784
-37.778427
-37.778401
-37.778329
-37.77822
-37.778082
-37.777922
-37.777748
-37.777565
-37.777377
-37.77719
-37.777006
-37.776828
-37.776658
-37.776497
-37.776346
-37.776205
-37.776075
-37.775955
-37.775845
-37.775745
-37.775653
-37.775569
-37.775493
-37.775424
-37.775362
-37.775307
-37.775259
-37.775218
-37.775185
-37.77516
-37.775145
-37.775138
-37.775142
-37.775156
-37.775179
-37.775211
-37.775252
-37.7753
-37.775356
-37.775419
-37.775488
-37.775565
-37.775649
-37.775743
-37.775848
-37.775964
-37.776095
-37.776241
-37.776405
-37.776588
-37.776792
-37.777018
-37.777267
-37.77754
-37.777837
-37.778158
-37.778503
-37.77887
-37.779255
-37.779654
-37.780061
-37.780467
-37.780864
-37.781244
-37.781597
-37.781918
-37.782204
-37.782456
-37.782676
-37.78287
-37.783044
-37.783205
-37.783359
-37.783513
-37.78367
-37.783834
-37.784008
-37.784193
-37.784389
-37.784598
-37.784817
-37.785047
-37.785284
-37.785527
-37.785772
-37.786015
-37.786255
-37.786486
-37.786708
-37.786919
-37.787118
-37.787306
-37.787484
-37.787654
-37.787819
-37.787981
-37.788145
-37.788313
-37.788487
-37.788669
-37.78886
-37.78906
-37.789269
-37.789486
-37.78971
-37.789941
-37.79018
-37.790427
-37.790684
-37.790955
-37.791246
-37.791564
-37.791921
-37.792326
-37.792794
-37.793339
-37.793972
-37.794706
-37.795545
-37.796492
-37.797541
-37.798679
-37.799881
-37.801116
-37.802344
-37.803522
-37.804602
-37.805544
-37.806314
-37.806892
-37.807271
-37.807461
-37.807471
-37.807336
-37.807087
-37.806758
-37.806376
-37.805968
-37.805556
-37.805155
-37.804779
-37.804438
-37.804137
-37.803882
-37.803675
-37.803516
-37.803406
-37.803342
-37.803321
-37.803339
-37.803394
-37.803481
-37.803595
-37.803735
-37.803895
-37.804072
-37.804263
-37.804466
-37.804679
-37.804898
-37.805123
-37.805351
-37.805582
-37.805814
-37.806048
-37.806284
-37.806523
-37.806766
-37.807014
-37.807268
-37.807529
-37.807797
-37.808072
-37.808355
-37.808645
-37.808941
-37.809242
-37.809547
-37.809855
-37.810164
-37.810473
-37.81078
-37.811084
-37.811385
-37.81168
-37.811969
-37.812252
-37.812527
-37.812795
-37.813056
-37.813313
-37.813567
-37.81382
-37.814076
-37.814337
-37.814606
-37.814886
-37.815178
-37.815484
-37.815805
-37.816141
-37.816493
-37.816862
-37.817246
-37.817648
-37.818067
-37.818505
-37.818962
-37.819442
-37.819946
-37.820476
-37.821036
-37.821628
-37.822256
-37.822922
-37.82363
-37.824383
-37.825182
-37.826031
-37.826928
-37.827875
-37.828868
-37.829904
-37.830976
-37.832075
-37.833188
-37.834302
-37.835398
-37.836455
-37.837449
-37.838357
-37.83915
-37.839803
-37.840291
-37.840575
-37.840638
-37.840462
-37.840028
-37.839321
-37.838328
-37.837044
-37.83547
-37.833613
-37.831492
-37.829138
-37.826594
-37.823919
-37.821185
-37.818479
-37.81589
-37.81351
-37.811419
-37.809682
-37.808338
-37.807397
-37.806842
-37.806629
-37.806697
-37.80698
-37.807408
-37.807918
-37.808477
-37.809033
-37.80956
-37.810038
-37.810456
-37.810809
-37.811094
-37.811313
-37.811468
-37.811565
-37.811607
-37.811601
-37.811552
-37.811464
-37.811344
-37.811197
-37.811027
-37.81084
-37.81064
-37.810432
-37.810221
-37.810012
-37.809812
-37.809628
-37.809468
-37.809343
-37.809265
-37.809248
-37.809311
-37.809474
-37.809763
-37.81021
-37.810852
-37.811729
-37.812891
-37.814388
-37.816279
-37.818625
-37.821496
-37.82497
-37.829124
-37.834037
-37.839781
-37.846415
-37.853989
-37.862537
-37.872077
-37.882608
-37.894106
-37.906514
-37.919735
-37.933624
-37.947989
-37.96259
-37.977151
-37.991371
-38.004939
-38.017559
-38.028966
-38.038957
-38.047406
-38.054276
-38.059619
-38.063577
-38.06636
-38.068223
-38.069435
-38.070252
-38.070894
-38.071528
-38.072256
-38.073111
-38.074071
-38.075067
-38.076001
-38.076763
-38.077243
-38.077354
-38.077048
-38.076332
-38.075267
-38.073924
-38.072385
-38.070748
-38.069119
-38.06759
-38.066233
-38.065082
-38.064142
-38.063387
-38.062768
-38.062226
-38.061696
-38.061114
-38.060426
-38.059589
-38.05857
-38.057343
-38.055882
-38.054153
-38.052106
-38.049663
-38.046706
-38.043055
-38.038453
-38.032535
-38.024781
-38.014466
-38.000585
-37.981775
-37.956278
-37.922008
-37.876834
-37.819331
-37.751668
-37.686012
-37.645518
-37.644461
-37.676987
-37.775665
-37.775665
-37.775661
-37.77566
-37.775665
-37.775675
-37.775686
-37.775696
-37.77571
-37.775732
-37.775763
-37.775804
-37.775855
-37.775912
-37.775972
-37.776033
-37.776091
-37.776144
-37.776191
-37.776231
-37.776263
-37.776286
-37.776299
-37.776302
-37.776294
-37.776273
-37.77624
-37.776193
-37.776133
-37.776059
-37.775973
-37.775877
-37.775772
-37.775662
-37.775549
-37.775439
-37.775337
-37.775248
-37.775179
-37.775137
-37.775126
-37.775153
-37.775221
-37.775329
-37.775478
-37.775663
-37.775881
-37.776127
-37.776396
-37.776685
-37.776992
-37.777313
-37.777649
-37.777998
-37.778361
-37.778736
-37.779123
-37.779524
-37.779936
-37.780361
-37.780797
-37.781242
-37.781697
-37.782158
-37.782624
-37.78309
-37.783555
-37.784016
-37.784469
-37.784912
-37.785344
-37.785763
-37.78617
-37.786566
-37.786951
-37.787328
-37.787697
-37.788063
-37.788425
-37.788787
-37.78915
-37.789515
-37.789884
-37.790258
-37.790636
-37.791021
-37.791411
-37.791807
-37.792206
-37.792608
-37.793007
-37.7934
-37.79378
-37.79414
-37.794472
-37.794767
-37.795018
-37.79522
-37.795369
-37.795466
-37.795513
-37.795513
-37.795474
-37.7954
-37.7953
-37.795178
-37.79504
-37.794892
-37.794738
-37.794582
-37.794426
-37.794273
-37.794126
-37.793985
-37.793852
-37.793728
-37.793611
-37.793504
-37.793405
-37.793314
-37.793231
-37.793156
-37.793087
-37.793026
-37.792972
-37.792924
-37.792883
-37.79285
-37.792824
-37.792806
-37.792797
-37.792797
-37.792805
-37.792823
-37.792849
-37.792885
-37.792928
-37.79298
-37.793039
-37.793105
-37.793179
-37.793261
-37.793351
-37.793451
-37.793561
-37.793684
-37.79382
-37.793971
-37.794138
-37.794322
-37.794525
-37.794748
-37.794992
-37.795256
-37.795542
-37.795848
-37.796174
-37.796517
-37.796875
-37.797244
-37.797617
-37.79799
-37.798356
-37.798707
-37.799039
-37.799346
-37.799626
-37.79988
-37.800109
-37.800317
-37.800509
-37.800689
-37.800863
-37.801034
-37.801207
-37.801384
-37.801568
-37.80176
-37.801961
-37.802171
-37.802389
-37.802615
-37.802847
-37.803083
-37.803321
-37.803558
-37.803791
-37.804019
-37.80424
-37.804453
-37.804657
-37.804853
-37.805041
-37.805224
-37.805403
-37.805581
-37.80576
-37.805943
-37.806131
-37.806325
-37.806528
-37.806738
-37.806957
-37.807184
-37.807419
-37.807663
-37.807916
-37.80818
-37.808457
-37.808751
-37.809067
-37.809411
-37.809792
-37.810219
-37.810701
-37.811249
-37.811871
-37.812575
-37.813363
-37.814235
-37.815184
-37.816197
-37.817255
-37.818331
-37.819394
-37.820412
-37.821348
-37.822173
-37.822861
-37.823397
-37.823775
-37.824
-37.824082
-37.82404
-37.823899
-37.823684
-37.823417
-37.823119
-37.822808
-37.8225
-37.822206
-37.821935
-37.821694
-37.821489
-37.821321
-37.821193
-37.821105
-37.821056
-37.821044
-37.821066
-37.821121
-37.821204
-37.821312
-37.821444
-37.821595
-37.821763
-37.821945
-37.822138
-37.822342
-37.822553
-37.82277
-37.822992
-37.823218
-37.823447
-37.823679
-37.823914
-37.824152
-37.824395
-37.824643
-37.824896
-37.825156
-37.825422
-37.825694
-37.825973
-37.826258
-37.826548
-37.826843
-37.827141
-37.827442
-37.827745
-37.828047
-37.828349
-37.828648
-37.828945
-37.829238
-37.829526
-37.829809
-37.830087
-37.83036
-37.830629
-37.830895
-37.831159
-37.831424
-37.831692
-37.831965
-37.832245
-37.832535
-37.832835
-37.833148
-37.833474
-37.833815
-37.83417
-37.834541
-37.834927
-37.835329
-37.835748
-37.836186
-37.836642
-37.83712
-37.83762
-37.838146
-37.838698
-37.83928
-37.839894
-37.840541
-37.841226
-37.841948
-37.84271
-37.843512
-37.844355
-37.845236
-37.846153
-37.847101
-37.848073
-37.84906
-37.850052
-37.851034
-37.851991
-37.852904
-37.853753
-37.854517
-37.855172
-37.855695
-37.856069
-37.856262
-37.856258
-37.856041
-37.855596
-37.854912
-37.853982
-37.852802
-37.851377
-37.849717
-37.847841
-37.845779
-37.843569
-37.841263
-37.83892
-37.836607
-37.834397
-37.832358
-37.830551
-37.829025
-37.82781
-37.826914
-37.826327
-37.82602
-37.82595
-37.82607
-37.826327
-37.826661
-37.827086
-37.827516
-37.827939
-37.828337
-37.828698
-37.829016
-37.829285
-37.829505
-37.829677
-37.829804
-37.829888
-37.829933
-37.829945
-37.829928
-37.829887
-37.829826
-37.82975
-37.829664
-37.829574
-37.829484
-37.8294
-37.829329
-37.829276
-37.829251
-37.829263
-37.829321
-37.829441
-37.829635
-37.829923
-37.830326
-37.830869
-37.831581
-37.832496
-37.833653
-37.835095
-37.836867
-37.839022
-37.841615
-37.844705
-37.848354
-37.852627
-37.857586
-37.863285
-37.869773
-37.877084
-37.885243
-37.894255
-37.904111
-37.914776
-37.926191
-37.93826
-37.950856
-37.963812
-37.976929
-37.989982
-38.002729
-38.014925
-38.026335
-38.036755
-38.046027
-38.05405
-38.06079
-38.066282
-38.070622
-38.073962
-38.076482
-38.07838
-38.079844
-38.081042
-38.082101
-38.083109
-38.084101
-38.085076
-38.085995
-38.0868
-38.087419
-38.087785
-38.087845
-38.087574
-38.086976
-38.086073
-38.084927
-38.0836
-38.082165
-38.080695
-38.079254
-38.077891
-38.076633
-38.075482
-38.074421
-38.073415
-38.072419
-38.071381
-38.070249
-38.068973
-38.067508
-38.065811
-38.063842
-38.061554
-38.058889
-38.05577
-38.052088
-38.047697
-38.042391
-38.035893
-38.02783
-38.017707
-38.004877
-37.988511
-37.967587
-37.940946
-37.907443
-37.866313
-37.817855
-37.765142
-37.716898
-37.686789
-37.681984
-37.69703
-37.793183
-37.793186
-37.793186
-37.79319
-37.793199
-37.793212
-37.793224
-37.793237
-37.793252
-37.793273
-37.793302
-37.79334
-37.793386
-37.793438
-37.793493
-37.79355
-37.793605
-37.793658
-37.793707
-37.79375
-37.793786
-37.793815
-37.793835
-37.793845
-37.793845
-37.793834
-37.793811
-37.793775
-37.793728
-37.793669
-37.7936
-37.793522
-37.793438
-37.79335
-37.793262
-37.793177
-37.793101
-37.793038
-37.792994
-37.792973
-37.79298
-37.793019
-37.793091
-37.793199
-37.793341
-37.793516
-37.793719
-37.793949
-37.794202
-37.794475
-37.794765
-37.795072
-37.795394
-37.795729
-37.796077
-37.796438
-37.796812
-37.797198
-37.797595
-37.798003
-37.798422
-37.798849
-37.799284
-37.799725
-37.80017
-37.800616
-37.801062
-37.801504
-37.80194
-37.802369
-37.802789
-37.803199
-37.8036
-37.803991
-37.804374
-37.80475
-37.805119
-37.805484
-37.805847
-37.806208
-37.806569
-37.806931
-37.807295
-37.807662
-37.808032
-37.808405
-37.80878
-37.809159
-37.809537
-37.809915
-37.810287
-37.810651
-37.811
-37.811329
-37.811633
-37.811904
-37.812138
-37.81233
-37.812478
-37.812583
-37.812644
-37.812666
-37.812653
-37.812608
-37.812539
-37.812449
-37.812343
-37.812226
-37.812101
-37.811973
-37.811843
-37.811714
-37.811588
-37.811467
-37.811351
-37.811242
-37.811139
-37.811044
-37.810956
-37.810875
-37.810802
-37.810735
-37.810675
-37.810621
-37.810574
-37.810534
-37.810501
-37.810475
-37.810456
-37.810444
-37.810441
-37.810446
-37.810459
-37.810481
-37.810511
-37.81055
-37.810597
-37.810651
-37.810714
-37.810784
-37.810862
-37.810948
-37.811043
-37.811148
-37.811263
-37.81139
-37.81153
-37.811684
-37.811853
-37.812038
-37.81224
-37.812459
-37.812697
-37.812953
-37.813228
-37.81352
-37.813828
-37.814151
-37.814486
-37.814829
-37.815176
-37.815522
-37.815862
-37.816191
-37.816505
-37.8168
-37.817075
-37.817329
-37.817564
-37.817782
-37.817987
-37.818181
-37.818369
-37.818555
-37.81874
-37.818928
-37.819121
-37.819319
-37.819524
-37.819735
-37.819953
-37.820177
-37.820406
-37.820637
-37.82087
-37.821103
-37.821333
-37.821559
-37.82178
-37.821995
-37.822204
-37.822407
-37.822604
-37.822798
-37.822989
-37.82318
-37.823372
-37.823568
-37.823768
-37.823974
-37.824187
-37.824407
-37.824636
-37.824873
-37.82512
-37.825375
-37.825642
-37.825921
-37.826214
-37.826526
-37.826861
-37.827223
-37.82762
-37.828059
-37.828547
-37.829091
-37.829697
-37.830369
-37.831108
-37.831913
-37.832775
-37.833683
-37.834622
-37.83557
-37.836502
-37.837393
-37.838216
-37.838948
-37.839571
-37.840071
-37.840444
-37.840693
-37.840825
-37.840853
-37.840796
-37.840671
-37.840496
-37.840289
-37.840064
-37.839835
-37.839613
-37.839405
-37.839219
-37.83906
-37.83893
-37.838832
-37.838767
-37.838734
-37.838733
-37.838762
-37.838819
-37.838902
-37.839007
-37.839134
-37.839279
-37.839439
-37.839614
-37.839801
-37.839997
-37.840201
-37.840413
-37.84063
-37.840851
-37.841077
-37.841307
-37.84154
-37.841778
-37.84202
-37.842267
-37.842519
-37.842777
-37.84304
-37.84331
-37.843585
-37.843866
-37.844151
-37.84444
-37.844733
-37.845029
-37.845325
-37.845623
-37.84592
-37.846215
-37.846509
-37.8468
-37.847088
-37.847372
-37.847653
-37.847931
-37.848206
-37.848479
-37.848752
-37.849026
-37.849304
-37.849586
-37.849875
-37.850173
-37.850481
-37.850799
-37.851131
-37.851475
-37.851832
-37.852204
-37.852591
-37.852994
-37.853412
-37.853848
-37.854302
-37.854776
-37.855271
-37.855789
-37.856332
-37.856901
-37.857499
-37.858126
-37.858785
-37.859476
-37.8602
-37.860957
-37.861746
-37.862565
-37.86341
-37.864277
-37.865159
-37.866046
-37.86693
-37.867797
-37.868634
-37.869423
-37.870149
-37.870792
-37.871334
-37.871757
-37.872035
-37.872155
-37.8721
-37.871857
-37.871413
-37.870761
-37.869896
-37.868818
-37.867533
-37.866052
-37.864394
-37.862586
-37.860663
-37.858667
-37.856648
-37.85466
-37.85276
-37.851
-37.849427
-37.84808
-37.84698
-37.846137
-37.845544
-37.845182
-37.845022
-37.845029
-37.84517
-37.84542
-37.84569
-37.846009
-37.846344
-37.846673
-37.846985
-37.847271
-37.847526
-37.847746
-37.847932
-37.848085
-37.848207
-37.8483
-37.848369
-37.848418
-37.84845
-37.848471
-37.848484
-37.848496
-37.84851
-37.848533
-37.848571
-37.84863
-37.848718
-37.848844
-37.849016
-37.849248
-37.84955
-37.84994
-37.850434
-37.851054
-37.851824
-37.852771
-37.853926
-37.855324
-37.857004
-37.859007
-37.861378
-37.864166
-37.867421
-37.871191
-37.875534
-37.880495
-37.886117
-37.892436
-37.899478
-37.907256
-37.915769
-37.924999
-37.934908
-37.945436
-37.956496
-37.967973
-37.979725
-37.991586
-38.003372
-38.014886
-38.025932
-38.036326
-38.045906
-38.054545
-38.062163
-38.068727
-38.074258
-38.078821
-38.082521
-38.085491
-38.087873
-38.089806
-38.091418
-38.092809
-38.09405
-38.095178
-38.096203
-38.097106
-38.097855
-38.098405
-38.098717
-38.098759
-38.098517
-38.097994
-38.097208
-38.096199
-38.095013
-38.093703
-38.092321
-38.090912
-38.089512
-38.088137
-38.08679
-38.085457
-38.084111
-38.082715
-38.081227
-38.079601
-38.077791
-38.07575
-38.073429
-38.070778
-38.067737
-38.064233
-38.060173
-38.055435
-38.049861
-38.043242
-38.035309
-38.025722
-38.014049
-37.999768
-37.98226
-37.960844
-37.934858
-37.903836
-37.867809
-37.827801
-37.786732
-37.750488
-37.726925
-37.720141
-37.726885
-37.810706
-37.810711
-37.810714
-37.810721
-37.810733
-37.810747
-37.810759
-37.810772
-37.810787
-37.810808
-37.810836
-37.810872
-37.810915
-37.810963
-37.811015
-37.81107
-37.811125
-37.811179
-37.81123
-37.811277
-37.811319
-37.811354
-37.811381
-37.8114
-37.811409
-37.811408
-37.811395
-37.811371
-37.811336
-37.81129
-37.811236
-37.811174
-37.811107
-37.811038
-37.81097
-37.810907
-37.810852
-37.81081
-37.810785
-37.810781
-37.810802
-37.81085
-37.810927
-37.811035
-37.811173
-37.811339
-37.811531
-37.811749
-37.811988
-37.812247
-37.812524
-37.812817
-37.813125
-37.813447
-37.813782
-37.81413
-37.81449
-37.814862
-37.815244
-37.815637
-37.81604
-37.81645
-37.816868
-37.817291
-37.817718
-37.818146
-37.818574
-37.818999
-37.819421
-37.819837
-37.820246
-37.820647
-37.821041
-37.821427
-37.821806
-37.822179
-37.822547
-37.82291
-37.823271
-37.82363
-37.823988
-37.824346
-37.824704
-37.825063
-37.825424
-37.825786
-37.826148
-37.82651
-37.82687
-37.827227
-37.827576
-37.827915
-37.828239
-37.828545
-37.828826
-37.829079
-37.8293
-37.829484
-37.829632
-37.829742
-37.829815
-37.829854
-37.829862
-37.829842
-37.829799
-37.829736
-37.829658
-37.829567
-37.829469
-37.829365
-37.829259
-37.829151
-37.829046
-37.828943
-37.828844
-37.828749
-37.828661
-37.828578
-37.828501
-37.82843
-37.828366
-37.828307
-37.828256
-37.82821
-37.828171
-37.828138
-37.828111
-37.828092
-37.828079
-37.828074
-37.828076
-37.828087
-37.828105
-37.828131
-37.828165
-37.828207
-37.828257
-37.828315
-37.828381
-37.828455
-37.828536
-37.828627
-37.828726
-37.828835
-37.828954
-37.829084
-37.829227
-37.829383
-37.829553
-37.829737
-37.829937
-37.830153
-37.830385
-37.830633
-37.830897
-37.831177
-37.83147
-37.831775
-37.83209
-37.832411
-37.832736
-37.83306
-37.83338
-37.833691
-37.83399
-37.834276
-37.834545
-37.834798
-37.835037
-37.835261
-37.835475
-37.83568
-37.835879
-37.836075
-37.836271
-37.836468
-37.836667
-37.836871
-37.83708
-37.837293
-37.837512
-37.837735
-37.837961
-37.83819
-37.838421
-37.838651
-37.838879
-37.839104
-37.839326
-37.839544
-37.839757
-37.839966
-37.840172
-37.840374
-37.840576
-37.840778
-37.840981
-37.841188
-37.841399
-37.841615
-37.841838
-37.842069
-37.842307
-37.842554
-37.84281
-37.843077
-37.843355
-37.843646
-37.843953
-37.844279
-37.844627
-37.845002
-37.845409
-37.845854
-37.846341
-37.846876
-37.847463
-37.848103
-37.848796
-37.84954
-37.850328
-37.851149
-37.85199
-37.852833
-37.85366
-37.85445
-37.855183
-37.855841
-37.85641
-37.85688
-37.857247
-37.857511
-37.85768
-37.857761
-37.857767
-37.857714
-37.857614
-37.857482
-37.85733
-37.857169
-37.857008
-37.856857
-37.85672
-37.856602
-37.856508
-37.856439
-37.856397
-37.856382
-37.856394
-37.856431
-37.856492
-37.856576
-37.856682
-37.856806
-37.856947
-37.857103
-37.857272
-37.857453
-37.857644
-37.857843
-37.85805
-37.858262
-37.858481
-37.858703
-37.858931
-37.859162
-37.859399
-37.859639
-37.859885
-37.860136
-37.860392
-37.860653
-37.86092
-37.861192
-37.861469
-37.86175
-37.862035
-37.862323
-37.862613
-37.862906
-37.863199
-37.863492
-37.863785
-37.864076
-37.864366
-37.864654
-37.864939
-37.865222
-37.865504
-37.865784
-37.866063
-37.866343
-37.866625
-37.86691
-37.867201
-37.867497
-37.867802
-37.868115
-37.868439
-37.868774
-37.869121
-37.869481
-37.869854
-37.870241
-37.870642
-37.871059
-37.871492
-37.871942
-37.872411
-37.872899
-37.873409
-37.87394
-37.874495
-37.875075
-37.875681
-37.876313
-37.876973
-37.877659
-37.878373
-37.87911
-37.879871
-37.88065
-37.881442
-37.882242
-37.88304
-37.883828
-37.884595
-37.885328
-37.886012
-37.886633
-37.887175
-37.887622
-37.887959
-37.888166
-37.88823
-37.888139
-37.88788
-37.887446
-37.886831
-37.886032
-37.885051
-37.883894
-37.882575
-37.881109
-37.879523
-37.877845
-37.876112
-37.874364
-37.872646
-37.871001
-37.869473
-37.868096
-37.866902
-37.865907
-37.86512
-37.864538
-37.864148
-37.86393
-37.863859
-37.863909
-37.864051
-37.864247
-37.864488
-37.864754
-37.865028
-37.8653
-37.865559
-37.865801
-37.866022
-37.866221
-37.866398
-37.866554
-37.866692
-37.866814
-37.866925
-37.867026
-37.867124
-37.867222
-37.867326
-37.86744
-37.867571
-37.867725
-37.867908
-37.868128
-37.868395
-37.868719
-37.86911
-37.869582
-37.87015
-37.870832
-37.871648
-37.87262
-37.873773
-37.875137
-37.876742
-37.878624
-37.880818
-37.883363
-37.886302
-37.889677
-37.89353
-37.897901
-37.902831
-37.908352
-37.914489
-37.921261
-37.928671
-37.936715
-37.94537
-37.954597
-37.964336
-37.97451
-37.985017
-37.995735
-38.006527
-38.017238
-38.02771
-38.037784
-38.047313
-38.056166
-38.064242
-38.071474
-38.077831
-38.083322
-38.087991
-38.091912
-38.095178
-38.097893
-38.100162
-38.102079
-38.103723
-38.105154
-38.106407
-38.107495
-38.108414
-38.109148
-38.109672
-38.109963
-38.110004
-38.109788
-38.109318
-38.108609
-38.107688
-38.10659
-38.105352
-38.104011
-38.1026
-38.101141
-38.099647
-38.098117
-38.096539
-38.094892
-38.093143
-38.091257
-38.089192
-38.086904
-38.084345
-38.081465
-38.078207
-38.074505
-38.070278
-38.065428
-38.05983
-38.053328
-38.045728
-38.036789
-38.026219
-38.013674
-37.998762
-37.981063
-37.960176
-37.935805
-37.907909
-37.876915
-37.844026
-37.811635
-37.78366
-37.764714
-37.757296
-37.760054
-37.828233
-37.828238
-37.828243
-37.828252
-37.828265
-37.828279
-37.828291
-37.828303
-37.828318
-37.828338
-37.828365
-37.8284
-37.828441
-37.828487
-37.828539
-37.828593
-37.828649
-37.828705
-37.82876
-37.828812
-37.82886
-37.828903
-37.828939
-37.828967
-37.828986
-37.828994
-37.828992
-37.828979
-37.828955
-37.828922
-37.82888
-37.828832
-37.828779
-37.828726
-37.828674
-37.828628
-37.82859
-37.828565
-37.828555
-37.828565
-37.828596
-37.828652
-37.828733
-37.828841
-37.828975
-37.829135
-37.829319
-37.829526
-37.829754
-37.830001
-37.830266
-37.830546
-37.830842
-37.831152
-37.831475
-37.83181
-37.832157
-37.832516
-37.832885
-37.833264
-37.833651
-37.834046
-37.834448
-37.834855
-37.835265
-37.835678
-37.83609
-37.836501
-37.836909
-37.837313
-37.837712
-37.838104
-37.838491
-37.838872
-37.839246
-37.839615
-37.83998
-37.840341
-37.840698
-37.841053
-37.841407
-37.84176
-37.842112
-37.842464
-37.842816
-37.843167
-37.843516
-37.843864
-37.844208
-37.844546
-37.844876
-37.845194
-37.845498
-37.845784
-37.846048
-37.846287
-37.846497
-37.846676
-37.846823
-37.846938
-37.847021
-37.847074
-37.847099
-37.847099
-37.847078
-37.847039
-37.846984
-37.846917
-37.846842
-37.846761
-37.846675
-37.846588
-37.846501
-37.846415
-37.846332
-37.846252
-37.846176
-37.846105
-37.846039
-37.845979
-37.845923
-37.845874
-37.84583
-37.845793
-37.845761
-37.845735
-37.845715
-37.845702
-37.845696
-37.845697
-37.845704
-37.84572
-37.845742
-37.845773
-37.845811
-37.845857
-37.84591
-37.845971
-37.84604
-37.846117
-37.846203
-37.846296
-37.846399
-37.846511
-37.846633
-37.846766
-37.846911
-37.847068
-37.847238
-37.847422
-37.847619
-37.847831
-37.848058
-37.848298
-37.848553
-37.848821
-37.8491
-37.84939
-37.849688
-37.849991
-37.850298
-37.850604
-37.850907
-37.851203
-37.85149
-37.851767
-37.852031
-37.852283
-37.852523
-37.852752
-37.852972
-37.853185
-37.853392
-37.853597
-37.8538
-37.854004
-37.85421
-37.854419
-37.854631
-37.854847
-37.855066
-37.855289
-37.855515
-37.855742
-37.855971
-37.8562
-37.856427
-37.856653
-37.856876
-37.857097
-37.857314
-37.857529
-37.857741
-37.857952
-37.858163
-37.858374
-37.858587
-37.858803
-37.859024
-37.85925
-37.859482
-37.859722
-37.859969
-37.860225
-37.860491
-37.860767
-37.861055
-37.861357
-37.861674
-37.86201
-37.862368
-37.862751
-37.863163
-37.863609
-37.864091
-37.864614
-37.86518
-37.865789
-37.86644
-37.867131
-37.867854
-37.868601
-37.869361
-37.870119
-37.87086
-37.871569
-37.87223
-37.872828
-37.873353
-37.873797
-37.874157
-37.874432
-37.874627
-37.874748
-37.874805
-37.874808
-37.874769
-37.874699
-37.874607
-37.874504
-37.874398
-37.874296
-37.874203
-37.874124
-37.874063
-37.874021
-37.874001
-37.874004
-37.874028
-37.874075
-37.874143
-37.874231
-37.874337
-37.874461
-37.8746
-37.874753
-37.874919
-37.875096
-37.875283
-37.875478
-37.875681
-37.87589
-37.876105
-37.876325
-37.87655
-37.87678
-37.877015
-37.877254
-37.877499
-37.877748
-37.878002
-37.878261
-37.878525
-37.878794
-37.879067
-37.879345
-37.879626
-37.87991
-37.880197
-37.880485
-37.880775
-37.881065
-37.881355
-37.881645
-37.881934
-37.882222
-37.882508
-37.882794
-37.883078
-37.883362
-37.883647
-37.883933
-37.884221
-37.884513
-37.884809
-37.885112
-37.885422
-37.88574
-37.886068
-37.886406
-37.886755
-37.887116
-37.88749
-37.887876
-37.888276
-37.88869
-37.88912
-37.889565
-37.890028
-37.890508
-37.891007
-37.891526
-37.892066
-37.892627
-37.89321
-37.893816
-37.894444
-37.895095
-37.895765
-37.896455
-37.897161
-37.897878
-37.898603
-37.899329
-37.900048
-37.900752
-37.901431
-37.902074
-37.902668
-37.9032
-37.903657
-37.904025
-37.904293
-37.904444
-37.904466
-37.904349
-37.904085
-37.903667
-37.903091
-37.902356
-37.901466
-37.900428
-37.899253
-37.897957
-37.896562
-37.895095
-37.893584
-37.892065
-37.890573
-37.889142
-37.887807
-37.886597
-37.885535
-37.884635
-37.883906
-37.883346
-37.882947
-37.882695
-37.882572
-37.882558
-37.882629
-37.882763
-37.882944
-37.883156
-37.883388
-37.883627
-37.883865
-37.884098
-37.884321
-37.884533
-37.884733
-37.884921
-37.885101
-37.885273
-37.885441
-37.885608
-37.885779
-37.885957
-37.886148
-37.886357
-37.886589
-37.886852
-37.887152
-37.887497
-37.887896
-37.88836
-37.888899
-37.889527
-37.890258
-37.89111
-37.8921
-37.893251
-37.894586
-37.89613
-37.897912
-37.899962
-37.902312
-37.904997
-37.908051
-37.91151
-37.91541
-37.919782
-37.924656
-37.930058
-37.936006
-37.942511
-37.949573
-37.95718
-37.965309
-37.97392
-37.982959
-37.992354
-38.002018
-38.011845
-38.021719
-38.031513
-38.041097
-38.050342
-38.059127
-38.067346
-38.074918
-38.081784
-38.087916
-38.093314
-38.098008
-38.102046
-38.105496
-38.108433
-38.110934
-38.113071
-38.114906
-38.116487
-38.117846
-38.118998
-38.119948
-38.120689
-38.12121
-38.1215
-38.121548
-38.121353
-38.12092
-38.120261
-38.119395
-38.118347
-38.117144
-38.115812
-38.114373
-38.112844
-38.11123
-38.10953
-38.107732
-38.105817
-38.103757
-38.10152
-38.099068
-38.096358
-38.093345
-38.089976
-38.086194
-38.08193
-38.077102
-38.071614
-38.065348
-38.058159
-38.049878
-38.0403
-38.029193
-38.016299
-38.001347
-37.984081
-37.964309
-37.941977
-37.91728
-37.890801
-37.863671
-37.837741
-37.815632
-37.800183
-37.793044
-37.793801
-37.84576
-37.845765
-37.845771
-37.845781
-37.845795
-37.845808
-37.845818
-37.84583
-37.845845
-37.845865
-37.845891
-37.845925
-37.845965
-37.846011
-37.846062
-37.846118
-37.846176
-37.846235
-37.846295
-37.846354
-37.846409
-37.846461
-37.846507
-37.846545
-37.846574
-37.846593
-37.846602
-37.846599
-37.846585
-37.846562
-37.846531
-37.846494
-37.846453
-37.846412
-37.846374
-37.846341
-37.846316
-37.846304
-37.846307
-37.846327
-37.846366
-37.846428
-37.846512
-37.846621
-37.846752
-37.846907
-37.847085
-37.847283
-37.847501
-37.847738
-37.847992
-37.848261
-37.848546
-37.848844
-37.849156
-37.849479
-37.849814
-37.850161
-37.850517
-37.850882
-37.851256
-37.851637
-37.852025
-37.852417
-37.852813
-37.853211
-37.853609
-37.854007
-37.854403
-37.854796
-37.855185
-37.855569
-37.855949
-37.856323
-37.856692
-37.857057
-37.857418
-37.857774
-37.858128
-37.85848
-37.858828
-37.859176
-37.859522
-37.859866
-37.860209
-37.860549
-37.860887
-37.861222
-37.861551
-37.861873
-37.862187
-37.862488
-37.862776
-37.863046
-37.863296
-37.863523
-37.863726
-37.863901
-37.864048
-37.864166
-37.864257
-37.864322
-37.864361
-37.864379
-37.864376
-37.864356
-37.864322
-37.864277
-37.864222
-37.86416
-37.864094
-37.864025
-37.863955
-37.863885
-37.863816
-37.86375
-37.863687
-37.863628
-37.863572
-37.863522
-37.863476
-37.863435
-37.863399
-37.863369
-37.863345
-37.863326
-37.863313
-37.863306
-37.863306
-37.863312
-37.863325
-37.863345
-37.863372
-37.863407
-37.863449
-37.863498
-37.863555
-37.86362
-37.863692
-37.863772
-37.86386
-37.863957
-37.864063
-37.864178
-37.864302
-37.864437
-37.864584
-37.864741
-37.864911
-37.865093
-37.865288
-37.865496
-37.865717
-37.865951
-37.866196
-37.866454
-37.866721
-37.866998
-37.867281
-37.86757
-37.86786
-37.868152
-37.86844
-37.868724
-37.869001
-37.86927
-37.86953
-37.86978
-37.87002
-37.870252
-37.870476
-37.870695
-37.870909
-37.87112
-37.87133
-37.871539
-37.87175
-37.871963
-37.872178
-37.872396
-37.872617
-37.87284
-37.873066
-37.873293
-37.873521
-37.87375
-37.873978
-37.874204
-37.874429
-37.874653
-37.874874
-37.875094
-37.875312
-37.87553
-37.875749
-37.875968
-37.87619
-37.876415
-37.876644
-37.876879
-37.877119
-37.877367
-37.877623
-37.877887
-37.878161
-37.878445
-37.878742
-37.879052
-37.879378
-37.879721
-37.880085
-37.880472
-37.880886
-37.881329
-37.881804
-37.882313
-37.882857
-37.883437
-37.88405
-37.884694
-37.885362
-37.886046
-37.886738
-37.887426
-37.888098
-37.888741
-37.889342
-37.889892
-37.890381
-37.890803
-37.891155
-37.891437
-37.891651
-37.891803
-37.891899
-37.891948
-37.891958
-37.891939
-37.891899
-37.891845
-37.891786
-37.891727
-37.891673
-37.891629
-37.891598
-37.891582
-37.891584
-37.891603
-37.891642
-37.891699
-37.891774
-37.891866
-37.891975
-37.8921
-37.892239
-37.892391
-37.892555
-37.892729
-37.892913
-37.893105
-37.893305
-37.893512
-37.893724
-37.893942
-37.894166
-37.894394
-37.894627
-37.894865
-37.895107
-37.895355
-37.895607
-37.895864
-37.896126
-37.896392
-37.896662
-37.896937
-37.897215
-37.897495
-37.897779
-37.898064
-37.898351
-37.898638
-37.898927
-37.899215
-37.899503
-37.899791
-37.900079
-37.900366
-37.900653
-37.900941
-37.901229
-37.90152
-37.901813
-37.90211
-37.902412
-37.90272
-37.903034
-37.903356
-37.903687
-37.904028
-37.904379
-37.90474
-37.905113
-37.905498
-37.905896
-37.906307
-37.906732
-37.907172
-37.907627
-37.908098
-37.908586
-37.909092
-37.909616
-37.910158
-37.910719
-37.911298
-37.911896
-37.912511
-37.913141
-37.913786
-37.91444
-37.915102
-37.915765
-37.916425
-37.917074
-37.917704
-37.918306
-37.918872
-37.919389
-37.919846
-37.920232
-37.920534
-37.920748
-37.920854
-37.920845
-37.920712
-37.920449
-37.92005
-37.919515
-37.918842
-37.918037
-37.917105
-37.916058
-37.914912
-37.913684
-37.912397
-37.911077
-37.909751
-37.908449
-37.907199
-37.906029
-37.904961
-37.904014
-37.903202
-37.90253
-37.901999
-37.901604
-37.901336
-37.901181
-37.901123
-37.901146
-37.901232
-37.901369
-37.901542
-37.90174
-37.901955
-37.902178
-37.902405
-37.902632
-37.902857
-37.90308
-37.903299
-37.903517
-37.903737
-37.903959
-37.904188
-37.904428
-37.904682
-37.904955
-37.905253
-37.905581
-37.905946
-37.906355
-37.906816
-37.907338
-37.907932
-37.908607
-37.909377
-37.910256
-37.91126
-37.912407
-37.913716
-37.915208
-37.916907
-37.918839
-37.921029
-37.923506
-37.9263
-37.92944
-37.932955
-37.936873
-37.941221
-37.946023
-37.951297
-37.957054
-37.9633
-37.970031
-37.977234
-37.984884
-37.992942
-38.001358
-38.010068
-38.018996
-38.028051
-38.037135
-38.046142
-38.054963
-38.063493
-38.071633
-38.079296
-38.086413
-38.092934
-38.098833
-38.104105
-38.108765
-38.112848
-38.1164
-38.119475
-38.122131
-38.124422
-38.126396
-38.128091
-38.129536
-38.130747
-38.131732
-38.132491
-38.133021
-38.133317
-38.133376
-38.133198
-38.13279
-38.13216
-38.131324
-38.1303
-38.129106
-38.127761
-38.12628
-38.124672
-38.122941
-38.121083
-38.119087
-38.116934
-38.114601
-38.112057
-38.109268
-38.106193
-38.102788
-38.099002
-38.094779
-38.090052
-38.084743
-38.078764
-38.072005
-38.064344
-38.055635
-38.045719
-38.034419
-38.021555
-38.006959
-37.990501
-37.972132
-37.951945
-37.930246
-37.90764
-37.885104
-37.86404
-37.846231
-37.833504
-37.827023
-37.826806
-37.863288
-37.863293
-37.863299
-37.863309
-37.863322
-37.863333
-37.863342
-37.863353
-37.863368
-37.863388
-37.863414
-37.863447
-37.863487
-37.863534
-37.863586
-37.863643
-37.863705
-37.863769
-37.863835
-37.863902
-37.863967
-37.864029
-37.864085
-37.864135
-37.864175
-37.864206
-37.864225
-37.864232
-37.864227
-37.864213
-37.86419
-37.864161
-37.864129
-37.864097
-37.864068
-37.864045
-37.864031
-37.864029
-37.864041
-37.864069
-37.864115
-37.864181
-37.864268
-37.864376
-37.864506
-37.864657
-37.864829
-37.86502
-37.86523
-37.865458
-37.865702
-37.865962
-37.866236
-37.866524
-37.866825
-37.867137
-37.867461
-37.867796
-37.86814
-37.868494
-37.868855
-37.869223
-37.869598
-37.869977
-37.870359
-37.870745
-37.871131
-37.871517
-37.871902
-37.872284
-37.872664
-37.87304
-37.873412
-37.87378
-37.874144
-37.874504
-37.87486
-37.875212
-37.875561
-37.875908
-37.876252
-37.876593
-37.876933
-37.87727
-37.877604
-37.877935
-37.878262
-37.878585
-37.878901
-37.87921
-37.879509
-37.879797
-37.880071
-37.880328
-37.880567
-37.880785
-37.880981
-37.881153
-37.8813
-37.881422
-37.88152
-37.881594
-37.881646
-37.881678
-37.881691
-37.881689
-37.881673
-37.881645
-37.881608
-37.881564
-37.881515
-37.881463
-37.881408
-37.881353
-37.881299
-37.881245
-37.881194
-37.881146
-37.881101
-37.88106
-37.881023
-37.880991
-37.880963
-37.880941
-37.880923
-37.880911
-37.880904
-37.880904
-37.880909
-37.880921
-37.880939
-37.880963
-37.880995
-37.881034
-37.881079
-37.881132
-37.881193
-37.88126
-37.881336
-37.881419
-37.88151
-37.881609
-37.881718
-37.881835
-37.881961
-37.882098
-37.882245
-37.882403
-37.882572
-37.882752
-37.882944
-37.883148
-37.883364
-37.883591
-37.883829
-37.884077
-37.884334
-37.884599
-37.88487
-37.885146
-37.885424
-37.885702
-37.885979
-37.886253
-37.886521
-37.886783
-37.887038
-37.887286
-37.887526
-37.887759
-37.887987
-37.888209
-37.888428
-37.888644
-37.888859
-37.889073
-37.889288
-37.889505
-37.889723
-37.889943
-37.890165
-37.89039
-37.890616
-37.890843
-37.891072
-37.8913
-37.891529
-37.891757
-37.891984
-37.89221
-37.892436
-37.89266
-37.892884
-37.893108
-37.893333
-37.89356
-37.893789
-37.894022
-37.894259
-37.894501
-37.89475
-37.895005
-37.895268
-37.895539
-37.89582
-37.896112
-37.896415
-37.896732
-37.897064
-37.897412
-37.89778
-37.898169
-37.898581
-37.899019
-37.899485
-37.899979
-37.900503
-37.901055
-37.901634
-37.902236
-37.902856
-37.903488
-37.904124
-37.904753
-37.905368
-37.905957
-37.90651
-37.90702
-37.907479
-37.907882
-37.908227
-37.908513
-37.908741
-37.908917
-37.909044
-37.909129
-37.90918
-37.909203
-37.909206
-37.909194
-37.909175
-37.909154
-37.909135
-37.909122
-37.909118
-37.909127
-37.909148
-37.909185
-37.909237
-37.909304
-37.909388
-37.909486
-37.909599
-37.909726
-37.909866
-37.910017
-37.91018
-37.910353
-37.910535
-37.910725
-37.910923
-37.911127
-37.911338
-37.911554
-37.911776
-37.912002
-37.912234
-37.91247
-37.912711
-37.912957
-37.913207
-37.913463
-37.913722
-37.913986
-37.914254
-37.914525
-37.9148
-37.915078
-37.915359
-37.915642
-37.915926
-37.916212
-37.916498
-37.916785
-37.917073
-37.917361
-37.917649
-37.917938
-37.918228
-37.918518
-37.91881
-37.919105
-37.919402
-37.919703
-37.920009
-37.920321
-37.920639
-37.920964
-37.921297
-37.92164
-37.921991
-37.922353
-37.922725
-37.923108
-37.923503
-37.923911
-37.92433
-37.924764
-37.925211
-37.925672
-37.926149
-37.926641
-37.927148
-37.927671
-37.92821
-37.928763
-37.929332
-37.929913
-37.930506
-37.931107
-37.931715
-37.932326
-37.932934
-37.933534
-37.934121
-37.934686
-37.935222
-37.93572
-37.936172
-37.936566
-37.936895
-37.937149
-37.937313
-37.937383
-37.937351
-37.937208
-37.936951
-37.936575
-37.936079
-37.935466
-37.934738
-37.933902
-37.93297
-37.931954
-37.930871
-37.92974
-37.928582
-37.927422
-37.926281
-37.925185
-37.924156
-37.923211
-37.922366
-37.921633
-37.921017
-37.92052
-37.920139
-37.919867
-37.919694
-37.91961
-37.919601
-37.919654
-37.919758
-37.919903
-37.920077
-37.920275
-37.920489
-37.920714
-37.920947
-37.921186
-37.92143
-37.921679
-37.921935
-37.922198
-37.922472
-37.92276
-37.923064
-37.923389
-37.92374
-37.924121
-37.924539
-37.925
-37.925511
-37.92608
-37.926716
-37.927428
-37.928228
-37.929128
-37.93014
-37.931281
-37.932566
-37.934013
-37.935642
-37.937474
-37.939531
-37.941837
-37.944416
-37.947293
-37.950493
-37.95404
-37.957957
-37.962265
-37.966982
-37.972121
-37.977689
-37.983687
-37.990109
-37.99694
-38.004153
-38.011714
-38.019576
-38.027683
-38.035966
-38.04435
-38.052749
-38.061075
-38.069237
-38.077148
-38.084724
-38.091895
-38.098601
-38.104799
-38.110464
-38.115587
-38.120175
-38.12425
-38.127845
-38.130997
-38.13375
-38.136142
-38.138213
-38.139992
-38.141503
-38.142763
-38.14378
-38.14456
-38.145103
-38.145409
-38.145478
-38.145313
-38.144919
-38.144305
-38.143482
-38.142463
-38.14126
-38.139887
-38.138354
-38.136665
-38.134822
-38.132819
-38.130645
-38.128283
-38.125711
-38.122901
-38.119821
-38.116435
-38.112699
-38.108566
-38.103984
-38.098888
-38.093211
-38.086871
-38.079774
-38.071821
-38.062894
-38.052874
-38.041635
-38.029065
-38.015074
-37.999622
-37.982755
-37.964642
-37.945629
-37.926279
-37.907403
-37.890057
-37.875486
-37.864915
-37.859199
-37.858541
-37.880815
-37.880818
-37.880824
-37.880834
-37.880846
-37.880857
-37.88086
-37.880872
-37.880888
-37.880907
-37.880933
-37.880966
-37.881007
-37.881055
-37.881109
-37.88117
-37.881236
-37.881306
-37.88138
-37.881456
-37.881532
-37.881605
-37.881675
-37.881737
-37.881791
-37.881833
-37.881862
-37.881878
-37.881881
-37.881873
-37.881856
-37.881832
-37.881806
-37.88178
-37.881757
-37.881741
-37.881735
-37.88174
-37.881758
-37.881793
-37.881844
-37.881914
-37.882002
-37.882111
-37.882239
-37.882386
-37.882553
-37.882738
-37.882941
-37.883161
-37.883397
-37.883648
-37.883913
-37.884191
-37.884482
-37.884785
-37.885099
-37.885422
-37.885756
-37.886098
-37.886448
-37.886804
-37.887167
-37.887534
-37.887905
-37.888279
-37.888653
-37.889029
-37.889403
-37.889777
-37.890148
-37.890516
-37.890881
-37.891243
-37.891601
-37.891955
-37.892306
-37.892654
-37.892998
-37.89334
-37.893678
-37.894014
-37.894347
-37.894676
-37.895002
-37.895325
-37.895642
-37.895954
-37.896259
-37.896556
-37.896844
-37.897119
-37.897382
-37.897629
-37.897859
-37.89807
-37.898261
-37.89843
-37.898578
-37.898703
-37.898807
-37.898889
-37.898951
-37.898995
-37.899023
-37.899035
-37.899034
-37.899023
-37.899002
-37.898974
-37.898941
-37.898903
-37.898863
-37.898822
-37.89878
-37.898739
-37.898699
-37.898661
-37.898627
-37.898595
-37.898567
-37.898542
-37.898522
-37.898507
-37.898496
-37.898491
-37.89849
-37.898495
-37.898506
-37.898523
-37.898546
-37.898575
-37.898611
-37.898654
-37.898703
-37.898759
-37.898823
-37.898894
-37.898972
-37.899058
-37.899151
-37.899253
-37.899364
-37.899483
-37.899611
-37.899748
-37.899896
-37.900053
-37.900221
-37.9004
-37.90059
-37.90079
-37.901001
-37.901222
-37.901452
-37.901692
-37.90194
-37.902195
-37.902455
-37.90272
-37.902987
-37.903254
-37.903521
-37.903786
-37.904047
-37.904303
-37.904554
-37.9048
-37.905039
-37.905273
-37.905503
-37.905728
-37.90595
-37.90617
-37.906389
-37.906607
-37.906825
-37.907045
-37.907265
-37.907488
-37.907712
-37.907937
-37.908164
-37.908392
-37.908621
-37.908851
-37.909081
-37.909311
-37.90954
-37.909769
-37.909998
-37.910227
-37.910456
-37.910686
-37.910917
-37.91115
-37.911386
-37.911625
-37.911869
-37.912118
-37.912373
-37.912635
-37.912904
-37.913182
-37.913469
-37.913767
-37.914076
-37.914397
-37.914733
-37.915085
-37.915454
-37.915843
-37.916252
-37.916684
-37.91714
-37.917619
-37.918123
-37.91865
-37.919198
-37.919763
-37.920343
-37.920929
-37.921517
-37.922099
-37.922666
-37.92321
-37.923724
-37.924201
-37.924635
-37.925022
-37.925359
-37.925647
-37.925887
-37.92608
-37.926232
-37.926348
-37.926431
-37.926489
-37.926528
-37.926552
-37.926568
-37.92658
-37.926591
-37.926606
-37.926628
-37.926658
-37.926699
-37.926751
-37.926817
-37.926895
-37.926987
-37.927091
-37.927209
-37.927339
-37.92748
-37.927633
-37.927796
-37.927968
-37.928149
-37.928338
-37.928534
-37.928737
-37.928946
-37.929161
-37.929381
-37.929606
-37.929836
-37.930071
-37.93031
-37.930555
-37.930803
-37.931057
-37.931314
-37.931576
-37.931842
-37.932111
-37.932383
-37.932659
-37.932937
-37.933218
-37.9335
-37.933784
-37.934069
-37.934356
-37.934643
-37.934931
-37.93522
-37.93551
-37.935802
-37.936094
-37.936389
-37.936687
-37.936988
-37.937292
-37.937601
-37.937916
-37.938237
-37.938564
-37.938899
-37.939242
-37.939594
-37.939955
-37.940326
-37.940707
-37.941099
-37.941502
-37.941916
-37.942342
-37.942781
-37.943233
-37.943697
-37.944175
-37.944666
-37.94517
-37.945687
-37.946216
-37.946755
-37.947305
-37.947862
-37.948425
-37.94899
-37.949554
-37.950112
-37.950659
-37.95119
-37.951699
-37.952177
-37.952618
-37.953014
-37.953355
-37.953635
-37.953845
-37.953974
-37.954017
-37.953968
-37.953822
-37.953574
-37.953221
-37.952765
-37.952206
-37.95155
-37.950801
-37.949971
-37.94907
-37.948113
-37.947116
-37.946098
-37.945078
-37.944077
-37.943113
-37.942204
-37.941366
-37.940613
-37.939952
-37.93939
-37.938929
-37.938567
-37.938301
-37.938122
-37.938024
-37.937995
-37.938027
-37.938109
-37.938234
-37.938393
-37.93858
-37.938788
-37.939015
-37.939256
-37.93951
-37.939776
-37.940054
-37.940346
-37.940651
-37.940974
-37.941316
-37.941681
-37.942073
-37.942496
-37.942956
-37.943458
-37.944008
-37.944613
-37.945282
-37.946023
-37.946844
-37.947758
-37.948774
-37.949906
-37.951168
-37.952575
-37.954144
-37.955891
-37.957836
-37.959998
-37.962398
-37.965057
-37.967996
-37.971236
-37.974797
-37.978698
-37.982953
-37.987577
-37.992579
-37.997962
-38.003725
-38.009858
-38.016347
-38.023165
-38.030279
-38.037649
-38.045222
-38.05294
-38.060737
-38.06854
-38.076274
-38.083863
-38.091232
-38.098314
-38.105046
-38.11138
-38.117277
-38.122712
-38.127673
-38.132163
-38.136195
-38.139789
-38.142974
-38.145778
-38.148232
-38.150366
-38.152202
-38.153761
-38.155058
-38.156103
-38.156901
-38.157457
-38.157771
-38.157848
-38.15769
-38.157304
-38.156695
-38.155872
-38.154845
-38.153622
-38.152213
-38.150622
-38.148853
-38.146904
-38.144769
-38.142437
-38.139892
-38.137113
-38.134075
-38.13075
-38.127102
-38.123092
-38.118679
-38.113811
-38.108435
-38.10249
-38.095905
-38.088605
-38.080508
-38.071528
-38.061579
-38.050582
-38.038475
-38.025228
-38.010863
-37.995481
-37.979286
-37.962621
-37.945985
-37.930036
-37.915576
-37.903496
-37.894651
-37.889683
-37.888854
-37.898339
-37.898341
-37.898347
-37.898356
-37.898368
-37.898376
-37.898352
-37.898383
-37.898405
-37.898424
-37.89845
-37.898484
-37.898525
-37.898574
-37.898632
-37.898696
-37.898768
-37.898846
-37.898929
-37.899016
-37.899104
-37.899192
-37.899276
-37.899354
-37.899422
-37.899477
-37.899517
-37.899541
-37.89955
-37.899545
-37.89953
-37.899509
-37.899484
-37.89946
-37.899441
-37.899429
-37.899427
-37.899437
-37.899461
-37.8995
-37.899555
-37.899627
-37.899717
-37.899825
-37.899952
-37.900096
-37.900259
-37.900439
-37.900636
-37.900849
-37.901077
-37.90132
-37.901577
-37.901846
-37.902128
-37.902422
-37.902726
-37.90304
-37.903364
-37.903695
-37.904035
-37.904381
-37.904733
-37.905089
-37.905449
-37.905812
-37.906177
-37.906542
-37.906908
-37.907272
-37.907635
-37.907996
-37.908354
-37.90871
-37.909062
-37.909411
-37.909757
-37.910099
-37.910439
-37.910775
-37.911108
-37.911438
-37.911764
-37.912087
-37.912405
-37.912719
-37.913028
-37.913331
-37.913626
-37.913913
-37.91419
-37.914456
-37.914709
-37.914947
-37.91517
-37.915375
-37.915562
-37.91573
-37.915878
-37.916006
-37.916114
-37.916204
-37.916275
-37.91633
-37.916369
-37.916394
-37.916407
-37.91641
-37.916404
-37.91639
-37.91637
-37.916346
-37.916319
-37.916291
-37.916261
-37.916231
-37.916202
-37.916174
-37.916149
-37.916126
-37.916106
-37.91609
-37.916077
-37.916069
-37.916065
-37.916065
-37.916071
-37.916081
-37.916097
-37.916119
-37.916147
-37.91618
-37.91622
-37.916267
-37.91632
-37.916379
-37.916446
-37.91652
-37.916601
-37.916689
-37.916785
-37.916889
-37.917001
-37.917122
-37.917251
-37.917389
-37.917537
-37.917694
-37.917861
-37.918038
-37.918225
-37.918421
-37.918627
-37.918843
-37.919067
-37.9193
-37.919539
-37.919785
-37.920037
-37.920292
-37.920549
-37.920808
-37.921066
-37.921324
-37.921578
-37.921829
-37.922076
-37.922319
-37.922558
-37.922792
-37.923022
-37.92325
-37.923474
-37.923697
-37.923919
-37.92414
-37.924362
-37.924584
-37.924807
-37.925031
-37.925256
-37.925483
-37.925711
-37.925941
-37.926171
-37.926402
-37.926633
-37.926864
-37.927096
-37.927328
-37.92756
-37.927793
-37.928027
-37.928261
-37.928498
-37.928737
-37.928979
-37.929224
-37.929474
-37.929729
-37.92999
-37.930258
-37.930533
-37.930816
-37.931108
-37.931411
-37.931724
-37.932049
-37.932388
-37.932742
-37.933111
-37.933498
-37.933903
-37.934327
-37.934772
-37.935237
-37.935722
-37.936226
-37.936746
-37.93728
-37.937824
-37.938372
-37.93892
-37.939461
-37.939988
-37.940496
-37.940977
-37.941426
-37.941839
-37.942212
-37.942543
-37.942832
-37.943079
-37.943287
-37.943459
-37.943598
-37.943709
-37.943796
-37.943865
-37.94392
-37.943966
-37.944006
-37.944045
-37.944085
-37.944129
-37.944179
-37.944238
-37.944305
-37.944383
-37.944472
-37.944573
-37.944684
-37.944807
-37.94494
-37.945084
-37.945239
-37.945402
-37.945575
-37.945755
-37.945944
-37.946139
-37.946341
-37.946548
-37.946762
-37.946981
-37.947204
-37.947433
-37.947667
-37.947905
-37.948148
-37.948395
-37.948647
-37.948903
-37.949163
-37.949426
-37.949693
-37.949964
-37.950237
-37.950513
-37.950792
-37.951073
-37.951355
-37.95164
-37.951925
-37.952212
-37.952501
-37.95279
-37.953081
-37.953374
-37.953669
-37.953966
-37.954266
-37.954569
-37.954877
-37.955189
-37.955505
-37.955828
-37.956157
-37.956493
-37.956837
-37.957188
-37.957549
-37.957918
-37.958296
-37.958684
-37.959082
-37.95949
-37.959909
-37.960339
-37.960781
-37.961233
-37.961697
-37.962172
-37.962657
-37.963153
-37.963658
-37.964171
-37.96469
-37.965215
-37.965741
-37.966267
-37.966789
-37.967302
-37.967802
-37.968285
-37.968743
-37.969171
-37.969563
-37.969911
-37.970208
-37.970447
-37.970621
-37.970722
-37.970745
-37.970686
-37.970539
-37.970303
-37.969975
-37.969556
-37.969048
-37.968456
-37.967785
-37.967045
-37.966245
-37.965398
-37.964518
-37.963621
-37.962723
-37.961841
-37.96099
-37.960187
-37.959443
-37.95877
-37.958176
-37.957665
-37.957241
-37.956903
-37.956649
-37.956473
-37.956369
-37.956331
-37.95635
-37.95642
-37.956532
-37.956682
-37.956864
-37.957071
-37.957302
-37.957554
-37.957823
-37.958112
-37.958418
-37.958743
-37.959089
-37.959458
-37.959851
-37.960274
-37.960728
-37.961219
-37.961752
-37.962331
-37.962964
-37.963657
-37.964418
-37.965254
-37.966176
-37.967192
-37.968314
-37.969553
-37.970923
-37.972437
-37.974111
-37.975959
-37.977999
-37.980248
-37.982725
-37.985446
-37.98843
-37.991694
-37.995254
-37.999125
-38.00332
-38.007847
-38.012713
-38.017918
-38.023458
-38.029324
-38.035499
-38.041959
-38.048673
-38.055604
-38.062705
-38.069926
-38.077207
-38.084489
-38.091705
-38.098792
-38.105687
-38.112332
-38.118674
-38.12467
-38.130285
-38.135497
-38.140292
-38.144668
-38.148632
-38.152196
-38.155378
-38.158201
-38.160686
-38.162855
-38.164727
-38.166318
-38.167641
-38.168705
-38.169517
-38.170082
-38.170403
-38.170484
-38.170329
-38.169943
-38.169331
-38.1685
-38.167456
-38.166206
-38.164755
-38.163106
-38.161259
-38.159213
-38.156959
-38.154488
-38.151784
-38.148828
-38.145598
-38.142067
-38.138204
-38.133975
-38.12934
-38.124257
-38.118678
-38.112552
-38.10582
-38.098425
-38.090303
-38.081395
-38.071644
-38.061008
-38.049463
-38.037024
-38.023751
-38.009773
-37.995305
-37.980666
-37.966284
-37.952692
-37.940504
-37.930374
-37.922917
-37.918627
-37.917762
-37.915861
-37.915862
-37.915867
-37.915876
-37.915888
-37.915896
-37.915874
-37.915895
-37.915918
-37.915937
-37.915964
-37.915998
-37.916041
-37.916092
-37.916153
-37.916222
-37.9163
-37.916387
-37.916481
-37.916581
-37.916685
-37.91679
-37.916892
-37.916988
-37.917072
-37.917142
-37.917193
-37.917224
-37.917236
-37.917232
-37.917215
-37.91719
-37.917163
-37.917138
-37.917119
-37.917108
-37.917108
-37.917122
-37.917149
-37.917191
-37.917249
-37.917323
-37.917413
-37.917521
-37.917646
-37.917788
-37.917947
-37.918123
-37.918314
-37.918521
-37.918743
-37.918979
-37.919228
-37.91949
-37.919763
-37.920048
-37.920344
-37.920649
-37.920964
-37.921286
-37.921616
-37.921952
-37.922294
-37.922641
-37.922992
-37.923345
-37.923701
-37.924057
-37.924414
-37.92477
-37.925126
-37.925479
-37.925831
-37.92618
-37.926527
-37.92687
-37.927211
-37.927548
-37.927883
-37.928214
-37.928541
-37.928865
-37.929185
-37.929502
-37.929813
-37.93012
-37.93042
-37.930715
-37.931001
-37.931279
-37.931548
-37.931805
-37.93205
-37.932281
-37.932498
-37.932699
-37.932883
-37.933049
-37.933198
-37.933328
-37.933441
-37.933537
-37.933616
-37.93368
-37.93373
-37.933766
-37.933791
-37.933806
-37.933812
-37.933811
-37.933804
-37.933793
-37.933778
-37.93376
-37.933742
-37.933722
-37.933703
-37.933685
-37.933669
-37.933654
-37.933642
-37.933634
-37.933628
-37.933626
-37.933628
-37.933635
-37.933646
-37.933662
-37.933683
-37.93371
-37.933742
-37.93378
-37.933823
-37.933873
-37.93393
-37.933993
-37.934062
-37.934139
-37.934222
-37.934313
-37.934411
-37.934517
-37.93463
-37.934752
-37.934882
-37.935021
-37.935169
-37.935325
-37.935491
-37.935666
-37.93585
-37.936043
-37.936245
-37.936456
-37.936674
-37.9369
-37.937133
-37.937371
-37.937615
-37.937862
-37.938111
-37.938362
-37.938613
-37.938864
-37.939113
-37.939359
-37.939603
-37.939843
-37.940081
-37.940315
-37.940546
-37.940774
-37.941001
-37.941226
-37.94145
-37.941674
-37.941897
-37.942122
-37.942347
-37.942573
-37.9428
-37.943028
-37.943257
-37.943488
-37.943719
-37.943952
-37.944185
-37.944418
-37.944652
-37.944887
-37.945122
-37.945359
-37.945596
-37.945836
-37.946077
-37.946321
-37.946568
-37.946819
-37.947074
-37.947334
-37.947601
-37.947873
-37.948153
-37.948441
-37.948738
-37.949044
-37.94936
-37.949688
-37.950029
-37.950383
-37.950751
-37.951135
-37.951535
-37.951952
-37.952386
-37.952837
-37.953304
-37.953787
-37.954283
-37.954789
-37.955302
-37.955818
-37.956332
-37.956839
-37.957333
-37.957809
-37.958263
-37.958689
-37.959084
-37.959445
-37.95977
-37.960059
-37.960313
-37.960532
-37.960719
-37.960878
-37.961011
-37.961123
-37.961218
-37.961299
-37.96137
-37.961435
-37.961498
-37.96156
-37.961624
-37.961693
-37.961767
-37.961849
-37.961939
-37.962039
-37.962147
-37.962266
-37.962394
-37.962532
-37.962679
-37.962835
-37.963
-37.963173
-37.963354
-37.963542
-37.963737
-37.963938
-37.964145
-37.964358
-37.964575
-37.964798
-37.965026
-37.965258
-37.965495
-37.965737
-37.965983
-37.966233
-37.966487
-37.966745
-37.967007
-37.967273
-37.967541
-37.967813
-37.968088
-37.968365
-37.968644
-37.968925
-37.969209
-37.969494
-37.969781
-37.970069
-37.970359
-37.970651
-37.970945
-37.971241
-37.97154
-37.971842
-37.972148
-37.972457
-37.972771
-37.973089
-37.973414
-37.973744
-37.97408
-37.974424
-37.974775
-37.975133
-37.9755
-37.975875
-37.976259
-37.976652
-37.977054
-37.977466
-37.977887
-37.978318
-37.978759
-37.979209
-37.979668
-37.980135
-37.98061
-37.981093
-37.98158
-37.982072
-37.982566
-37.983059
-37.98355
-37.984033
-37.984506
-37.984965
-37.985404
-37.985819
-37.986204
-37.986553
-37.98686
-37.987119
-37.987324
-37.987469
-37.987548
-37.987557
-37.987491
-37.987348
-37.987124
-37.986821
-37.986438
-37.985977
-37.985443
-37.984842
-37.984181
-37.98347
-37.982719
-37.981941
-37.981149
-37.980356
-37.979577
-37.978825
-37.978114
-37.977453
-37.976852
-37.976318
-37.975857
-37.97547
-37.975158
-37.97492
-37.974752
-37.974651
-37.97461
-37.974624
-37.974687
-37.974795
-37.974941
-37.975121
-37.975332
-37.97557
-37.975833
-37.97612
-37.97643
-37.976764
-37.977122
-37.977506
-37.977918
-37.97836
-37.978836
-37.979349
-37.979903
-37.980503
-37.981155
-37.981864
-37.982638
-37.983483
-37.984407
-37.985419
-37.986528
-37.987744
-37.989079
-37.990544
-37.992152
-37.993917
-37.995852
-37.997972
-38.000293
-38.002829
-38.005597
-38.008611
-38.011886
-38.015436
-38.019268
-38.023397
-38.027825
-38.032558
-38.037594
-38.042926
-38.048545
-38.054433
-38.060569
-38.066924
-38.073463
-38.080146
-38.086927
-38.093756
-38.10058
-38.107342
-38.113988
-38.120465
-38.126722
-38.132714
-38.138403
-38.143758
-38.148756
-38.153385
-38.157638
-38.161517
-38.165029
-38.168186
-38.171002
-38.173494
-38.175678
-38.177567
-38.179175
-38.180513
-38.181589
-38.18241
-38.18298
-38.183304
-38.183385
-38.183228
-38.182837
-38.182216
-38.181371
-38.180304
-38.179023
-38.177528
-38.175821
-38.173902
-38.171767
-38.169408
-38.166816
-38.163975
-38.16087
-38.15748
-38.153781
-38.149746
-38.145344
-38.140543
-38.135304
-38.129589
-38.123356
-38.11656
-38.109156
-38.1011
-38.092354
-38.082887
-38.072684
-38.061752
-38.050132
-38.037908
-38.025222
-38.012283
-37.999378
-37.986869
-37.975189
-37.964811
-37.956228
-37.949893
-37.946192
-37.945358
-37.93338
-37.933379
-37.933383
-37.933392
-37.933403
-37.933411
-37.933392
-37.933412
-37.933429
-37.933448
-37.933475
-37.93351
-37.933554
-37.933607
-37.933672
-37.933746
-37.933832
-37.933929
-37.934036
-37.934151
-37.934274
-37.9344
-37.934524
-37.934642
-37.934746
-37.934832
-37.934896
-37.934933
-37.934945
-37.934936
-37.934911
-37.934878
-37.934843
-37.934812
-37.934789
-37.934777
-37.934778
-37.934792
-37.934822
-37.934866
-37.934926
-37.935002
-37.935093
-37.9352
-37.935324
-37.935463
-37.935619
-37.93579
-37.935977
-37.936179
-37.936394
-37.936624
-37.936866
-37.937121
-37.937388
-37.937665
-37.937953
-37.93825
-37.938556
-37.93887
-37.939191
-37.939519
-37.939852
-37.94019
-37.940532
-37.940877
-37.941224
-37.941573
-37.941922
-37.942271
-37.942619
-37.942966
-37.943311
-37.943655
-37.943995
-37.944334
-37.944669
-37.945001
-37.94533
-37.945656
-37.945978
-37.946297
-37.946611
-37.946921
-37.947226
-37.947526
-37.947819
-37.948106
-37.948385
-37.948656
-37.948917
-37.949167
-37.949405
-37.949631
-37.949842
-37.950039
-37.950221
-37.950386
-37.950536
-37.950669
-37.950786
-37.950887
-37.950973
-37.951045
-37.951103
-37.95115
-37.951185
-37.951211
-37.951229
-37.951239
-37.951243
-37.951243
-37.951239
-37.951232
-37.951223
-37.951214
-37.951204
-37.951195
-37.951187
-37.95118
-37.951176
-37.951174
-37.951175
-37.95118
-37.951188
-37.9512
-37.951217
-37.951238
-37.951264
-37.951295
-37.951331
-37.951373
-37.95142
-37.951474
-37.951533
-37.951599
-37.951672
-37.951751
-37.951836
-37.951929
-37.952029
-37.952137
-37.952252
-37.952375
-37.952506
-37.952645
-37.952792
-37.952948
-37.953112
-37.953286
-37.953467
-37.953657
-37.953855
-37.954061
-37.954275
-37.954495
-37.954721
-37.954953
-37.955189
-37.955429
-37.955672
-37.955916
-37.956161
-37.956406
-37.95665
-37.956892
-37.957133
-37.957371
-37.957607
-37.95784
-37.958072
-37.958301
-37.958529
-37.958755
-37.958981
-37.959207
-37.959433
-37.959659
-37.959886
-37.960113
-37.960342
-37.960572
-37.960803
-37.961034
-37.961267
-37.961501
-37.961736
-37.961971
-37.962208
-37.962445
-37.962684
-37.962923
-37.963165
-37.963408
-37.963653
-37.963902
-37.964153
-37.964409
-37.964669
-37.964934
-37.965205
-37.965482
-37.965766
-37.966058
-37.966358
-37.966667
-37.966986
-37.967316
-37.967657
-37.96801
-37.968377
-37.968757
-37.969151
-37.96956
-37.969984
-37.970422
-37.970873
-37.971337
-37.971811
-37.972292
-37.972779
-37.973267
-37.973752
-37.97423
-37.974696
-37.975147
-37.975577
-37.975984
-37.976364
-37.976714
-37.977034
-37.977323
-37.977581
-37.977809
-37.978009
-37.978184
-37.978335
-37.978468
-37.978584
-37.978687
-37.978781
-37.978868
-37.978951
-37.979033
-37.979115
-37.9792
-37.97929
-37.979385
-37.979487
-37.979596
-37.979713
-37.979838
-37.979972
-37.980114
-37.980265
-37.980423
-37.98059
-37.980764
-37.980946
-37.981134
-37.981329
-37.98153
-37.981736
-37.981948
-37.982165
-37.982387
-37.982614
-37.982845
-37.983081
-37.983321
-37.983566
-37.983815
-37.984068
-37.984325
-37.984585
-37.984849
-37.985116
-37.985386
-37.98566
-37.985935
-37.986213
-37.986494
-37.986776
-37.987061
-37.987347
-37.987636
-37.987926
-37.988219
-37.988514
-37.988811
-37.989112
-37.989415
-37.989722
-37.990033
-37.990348
-37.990668
-37.990993
-37.991324
-37.991661
-37.992003
-37.992353
-37.99271
-37.993074
-37.993446
-37.993826
-37.994213
-37.994609
-37.995013
-37.995426
-37.995847
-37.996275
-37.996712
-37.997156
-37.997606
-37.998062
-37.998523
-37.998987
-37.999453
-37.999919
-38.000382
-38.00084
-38.001289
-38.001726
-38.002148
-38.002549
-38.002926
-38.003273
-38.003586
-38.003858
-38.004085
-38.004262
-38.004385
-38.004446
-38.004445
-38.004376
-38.004237
-38.004028
-38.003748
-38.003398
-38.002981
-38.0025
-38.001961
-38.001371
-38.000738
-38.000071
-37.999381
-37.99868
-37.997979
-37.99729
-37.996624
-37.995993
-37.995405
-37.994869
-37.994391
-37.993976
-37.993625
-37.993341
-37.993122
-37.992967
-37.992872
-37.992835
-37.99285
-37.992912
-37.993019
-37.993166
-37.99335
-37.993566
-37.993814
-37.99409
-37.994394
-37.994727
-37.995087
-37.995477
-37.995897
-37.996349
-37.996837
-37.997363
-37.99793
-37.998543
-37.999206
-37.999924
-38.000704
-38.001551
-38.002473
-38.003477
-38.004571
-38.005763
-38.007065
-38.008484
-38.010033
-38.011723
-38.013566
-38.015574
-38.017762
-38.020141
-38.022725
-38.025527
-38.02856
-38.031835
-38.035364
-38.039154
-38.043212
-38.047543
-38.052148
-38.057023
-38.062161
-38.067553
-38.07318
-38.079023
-38.085056
-38.091246
-38.097557
-38.103949
-38.110379
-38.116799
-38.123162
-38.12942
-38.135526
-38.141438
-38.147116
-38.152526
-38.15764
-38.162437
-38.166902
-38.171027
-38.174812
-38.178258
-38.181372
-38.184164
-38.186645
-38.188826
-38.190718
-38.192332
-38.193675
-38.194755
-38.195579
-38.19615
-38.196473
-38.19655
-38.196387
-38.195987
-38.195353
-38.194489
-38.193398
-38.192082
-38.190544
-38.188783
-38.186797
-38.184582
-38.182131
-38.179434
-38.176478
-38.173248
-38.169727
-38.165894
-38.161724
-38.157193
-38.152272
-38.146929
-38.141136
-38.134857
-38.128061
-38.120714
-38.112792
-38.104271
-38.095141
-38.085409
-38.075102
-38.06428
-38.053037
-38.041518
-38.029919
-38.018492
-38.007544
-37.997423
-37.988504
-37.98116
-37.975738
-37.972538
-37.971764
-37.950895
-37.950892
-37.950895
-37.950903
-37.950913
-37.950925
-37.950903
-37.950924
-37.950937
-37.950956
-37.950983
-37.951018
-37.951064
-37.95112
-37.951188
-37.951269
-37.951363
-37.951471
-37.951593
-37.951727
-37.951872
-37.952024
-37.952176
-37.952321
-37.952451
-37.952558
-37.952634
-37.952675
-37.952683
-37.952662
-37.952623
-37.952574
-37.952524
-37.952482
-37.952451
-37.952434
-37.952434
-37.952449
-37.95248
-37.952527
-37.952588
-37.952665
-37.952756
-37.952863
-37.952985
-37.953123
-37.953275
-37.953443
-37.953625
-37.953822
-37.954032
-37.954256
-37.954493
-37.954741
-37.955001
-37.955272
-37.955553
-37.955843
-37.956141
-37.956448
-37.956761
-37.957081
-37.957407
-37.957737
-37.958071
-37.958408
-37.958747
-37.959088
-37.95943
-37.959772
-37.960114
-37.960455
-37.960794
-37.961132
-37.961467
-37.9618
-37.962131
-37.962458
-37.962782
-37.963103
-37.96342
-37.963733
-37.964042
-37.964346
-37.964645
-37.964938
-37.965226
-37.965506
-37.965778
-37.966042
-37.966296
-37.96654
-37.966773
-37.966994
-37.967201
-37.967395
-37.967575
-37.96774
-37.96789
-37.968025
-37.968146
-37.968252
-37.968344
-37.968422
-37.968489
-37.968544
-37.968589
-37.968625
-37.968652
-37.968673
-37.968687
-37.968697
-37.968703
-37.968706
-37.968706
-37.968706
-37.968705
-37.968704
-37.968703
-37.968704
-37.968707
-37.968712
-37.968719
-37.96873
-37.968744
-37.968762
-37.968783
-37.968809
-37.968839
-37.968875
-37.968915
-37.968961
-37.969012
-37.969068
-37.969131
-37.9692
-37.969275
-37.969356
-37.969444
-37.969539
-37.969641
-37.969749
-37.969866
-37.969989
-37.970121
-37.97026
-37.970407
-37.970562
-37.970726
-37.970897
-37.971076
-37.971263
-37.971458
-37.97166
-37.971869
-37.972084
-37.972305
-37.972531
-37.972761
-37.972995
-37.973231
-37.97347
-37.973709
-37.973949
-37.974189
-37.974427
-37.974665
-37.974901
-37.975135
-37.975368
-37.975599
-37.975829
-37.976058
-37.976286
-37.976513
-37.97674
-37.976968
-37.977196
-37.977424
-37.977653
-37.977883
-37.978114
-37.978347
-37.97858
-37.978814
-37.97905
-37.979286
-37.979524
-37.979762
-37.980002
-37.980243
-37.980486
-37.980731
-37.980978
-37.981227
-37.98148
-37.981735
-37.981995
-37.982259
-37.982528
-37.982803
-37.983084
-37.983372
-37.983667
-37.983969
-37.984281
-37.984602
-37.984932
-37.985273
-37.985625
-37.985989
-37.986366
-37.986754
-37.987155
-37.987569
-37.987995
-37.988431
-37.988878
-37.989332
-37.989793
-37.990256
-37.99072
-37.991181
-37.991634
-37.992077
-37.992506
-37.992917
-37.993307
-37.993674
-37.994015
-37.99433
-37.994618
-37.994879
-37.995115
-37.995325
-37.995513
-37.99568
-37.995829
-37.995964
-37.996086
-37.996199
-37.996304
-37.996406
-37.996505
-37.996604
-37.996704
-37.996807
-37.996914
-37.997027
-37.997145
-37.99727
-37.997402
-37.997541
-37.997688
-37.997842
-37.998004
-37.998173
-37.998349
-37.998531
-37.99872
-37.998915
-37.999116
-37.999322
-37.999533
-37.99975
-37.999971
-38.000197
-38.000427
-38.000662
-38.000902
-38.001146
-38.001393
-38.001645
-38.001901
-38.00216
-38.002422
-38.002688
-38.002957
-38.003229
-38.003504
-38.003781
-38.00406
-38.004342
-38.004626
-38.004913
-38.005201
-38.005492
-38.005785
-38.006081
-38.006379
-38.006681
-38.006985
-38.007293
-38.007605
-38.007922
-38.008242
-38.008568
-38.008898
-38.009235
-38.009577
-38.009925
-38.01028
-38.010641
-38.011009
-38.011385
-38.011767
-38.012157
-38.012553
-38.012957
-38.013368
-38.013785
-38.014209
-38.014638
-38.015072
-38.01551
-38.015951
-38.016393
-38.016835
-38.017275
-38.017711
-38.018139
-38.018558
-38.018963
-38.019352
-38.01972
-38.020064
-38.020378
-38.02066
-38.020902
-38.021103
-38.021256
-38.02136
-38.021409
-38.0214
-38.02133
-38.021198
-38.021004
-38.020746
-38.020427
-38.020049
-38.019616
-38.019133
-38.018605
-38.018041
-38.017448
-38.016836
-38.016214
-38.015593
-38.014982
-38.014392
-38.013831
-38.013309
-38.012831
-38.012404
-38.012031
-38.011716
-38.01146
-38.011262
-38.011122
-38.011038
-38.011008
-38.011028
-38.011094
-38.011205
-38.011356
-38.011546
-38.01177
-38.012029
-38.012319
-38.012642
-38.012996
-38.013383
-38.013802
-38.014257
-38.014748
-38.015278
-38.01585
-38.016468
-38.017135
-38.017856
-38.018636
-38.01948
-38.020395
-38.021386
-38.022462
-38.02363
-38.024898
-38.026274
-38.027769
-38.029391
-38.031152
-38.033063
-38.035133
-38.037376
-38.039802
-38.042423
-38.045249
-38.048292
-38.05156
-38.055062
-38.058805
-38.062793
-38.067028
-38.071509
-38.076233
-38.081192
-38.086375
-38.091766
-38.097345
-38.103088
-38.108966
-38.114947
-38.120995
-38.127072
-38.133136
-38.139146
-38.14506
-38.150838
-38.156443
-38.161838
-38.166995
-38.171887
-38.176494
-38.180801
-38.184799
-38.188483
-38.191854
-38.194914
-38.197669
-38.200126
-38.202292
-38.204176
-38.205785
-38.207125
-38.208203
-38.209024
-38.209592
-38.209909
-38.20998
-38.209808
-38.209395
-38.208745
-38.20786
-38.206742
-38.205393
-38.203813
-38.202001
-38.199954
-38.197669
-38.195137
-38.192351
-38.189299
-38.185968
-38.182342
-38.178404
-38.174133
-38.169509
-38.164508
-38.159106
-38.15328
-38.147004
-38.140257
-38.13302
-38.125275
-38.11702
-38.108256
-38.099007
-38.089315
-38.079248
-38.068906
-38.058429
-38.047996
-38.037827
-38.028181
-38.019342
-38.011606
-38.005266
-38.000587
-37.997809
-37.997105
-37.968406
-37.968401
-37.968402
-37.968409
-37.968419
-37.968433
-37.968406
-37.968428
-37.968444
-37.968462
-37.968489
-37.968524
-37.96857
-37.968629
-37.968701
-37.968788
-37.968891
-37.969012
-37.969152
-37.969309
-37.969481
-37.969665
-37.969852
-37.970034
-37.970198
-37.97033
-37.970419
-37.970464
-37.970461
-37.97042
-37.970353
-37.970277
-37.970204
-37.970144
-37.970101
-37.970079
-37.970076
-37.970091
-37.970124
-37.970172
-37.970235
-37.970313
-37.970404
-37.970511
-37.970631
-37.970767
-37.970916
-37.971081
-37.971259
-37.971452
-37.971657
-37.971876
-37.972107
-37.97235
-37.972605
-37.972869
-37.973144
-37.973427
-37.973719
-37.974019
-37.974326
-37.974639
-37.974957
-37.97528
-37.975607
-37.975937
-37.97627
-37.976604
-37.976939
-37.977275
-37.977611
-37.977946
-37.97828
-37.978612
-37.978942
-37.97927
-37.979596
-37.979918
-37.980238
-37.980553
-37.980866
-37.981174
-37.981478
-37.981776
-37.98207
-37.982358
-37.982639
-37.982913
-37.98318
-37.983438
-37.983687
-37.983926
-37.984154
-37.98437
-37.984575
-37.984766
-37.984944
-37.985109
-37.98526
-37.985397
-37.985521
-37.985631
-37.985728
-37.985813
-37.985886
-37.985949
-37.986002
-37.986047
-37.986083
-37.986112
-37.986136
-37.986155
-37.98617
-37.986181
-37.986191
-37.986198
-37.986205
-37.986212
-37.986219
-37.986227
-37.986236
-37.986247
-37.986261
-37.986277
-37.986296
-37.986319
-37.986345
-37.986376
-37.986411
-37.98645
-37.986494
-37.986543
-37.986597
-37.986657
-37.986723
-37.986794
-37.986871
-37.986955
-37.987045
-37.987142
-37.987245
-37.987355
-37.987472
-37.987597
-37.987729
-37.987868
-37.988015
-37.988169
-37.988331
-37.988501
-37.988678
-37.988862
-37.989054
-37.989252
-37.989457
-37.989667
-37.989883
-37.990104
-37.990329
-37.990558
-37.990789
-37.991022
-37.991257
-37.991493
-37.991728
-37.991964
-37.992199
-37.992433
-37.992666
-37.992898
-37.993129
-37.993359
-37.993588
-37.993817
-37.994045
-37.994274
-37.994503
-37.994732
-37.994961
-37.995192
-37.995424
-37.995656
-37.99589
-37.996124
-37.99636
-37.996597
-37.996835
-37.997075
-37.997316
-37.997558
-37.997802
-37.998047
-37.998295
-37.998545
-37.998798
-37.999054
-37.999314
-37.999577
-37.999845
-38.000117
-38.000396
-38.00068
-38.00097
-38.001268
-38.001573
-38.001886
-38.002208
-38.002538
-38.002879
-38.00323
-38.003591
-38.003963
-38.004345
-38.004739
-38.005143
-38.005557
-38.005981
-38.006412
-38.006849
-38.007291
-38.007735
-38.008178
-38.008617
-38.00905
-38.009473
-38.009883
-38.010278
-38.010654
-38.01101
-38.011343
-38.011654
-38.011941
-38.012205
-38.012445
-38.012664
-38.012862
-38.013042
-38.013206
-38.013356
-38.013495
-38.013624
-38.013746
-38.013863
-38.013978
-38.014091
-38.014204
-38.01432
-38.014438
-38.014561
-38.014688
-38.01482
-38.014959
-38.015104
-38.015255
-38.015413
-38.015578
-38.015749
-38.015926
-38.01611
-38.0163
-38.016495
-38.016696
-38.016902
-38.017113
-38.017329
-38.01755
-38.017775
-38.018005
-38.01824
-38.018478
-38.018721
-38.018968
-38.019219
-38.019473
-38.019731
-38.019992
-38.020257
-38.020525
-38.020796
-38.02107
-38.021346
-38.021625
-38.021906
-38.02219
-38.022476
-38.022765
-38.023056
-38.023349
-38.023645
-38.023944
-38.024247
-38.024552
-38.024861
-38.025174
-38.025491
-38.025812
-38.026137
-38.026468
-38.026803
-38.027144
-38.027491
-38.027843
-38.028202
-38.028566
-38.028937
-38.029314
-38.029697
-38.030087
-38.030482
-38.030883
-38.031289
-38.031701
-38.032116
-38.032534
-38.032955
-38.033378
-38.0338
-38.03422
-38.034636
-38.035047
-38.035449
-38.03584
-38.036218
-38.036577
-38.036917
-38.037231
-38.037518
-38.037772
-38.03799
-38.038168
-38.038301
-38.038391
-38.03843
-38.038416
-38.038348
-38.038223
-38.038043
-38.037807
-38.037517
-38.037175
-38.036784
-38.03635
-38.035878
-38.035375
-38.034847
-38.034302
-38.03375
-38.033198
-38.032656
-38.032132
-38.031634
-38.03117
-38.030744
-38.030363
-38.030031
-38.029749
-38.02952
-38.029345
-38.029223
-38.029152
-38.029132
-38.029159
-38.029233
-38.02935
-38.029509
-38.029706
-38.029941
-38.030212
-38.030518
-38.030859
-38.031235
-38.031647
-38.032095
-38.032582
-38.033109
-38.033678
-38.034294
-38.034959
-38.035676
-38.03645
-38.037286
-38.038189
-38.039165
-38.04022
-38.041362
-38.042596
-38.04393
-38.045374
-38.046934
-38.048621
-38.050444
-38.052412
-38.054535
-38.056823
-38.059286
-38.061935
-38.064777
-38.067822
-38.071077
-38.074549
-38.078243
-38.08216
-38.086302
-38.090667
-38.095251
-38.100044
-38.105037
-38.110212
-38.115553
-38.121037
-38.126637
-38.132324
-38.138067
-38.143831
-38.149581
-38.155279
-38.160889
-38.166375
-38.171705
-38.176847
-38.181774
-38.186461
-38.190891
-38.195047
-38.198919
-38.202503
-38.205794
-38.208793
-38.211502
-38.213925
-38.216067
-38.217933
-38.21953
-38.220861
-38.221931
-38.222744
-38.223304
-38.223612
-38.223673
-38.223489
-38.223062
-38.222394
-38.221487
-38.220342
-38.21896
-38.21734
-38.215481
-38.21338
-38.211033
-38.208434
-38.205573
-38.202442
-38.19903
-38.195323
-38.191305
-38.186962
-38.182276
-38.177229
-38.171803
-38.165981
-38.159747
-38.153086
-38.145991
-38.138455
-38.130486
-38.122101
-38.113329
-38.104224
-38.094858
-38.085332
-38.075777
-38.066354
-38.057257
-38.048701
-38.04092
-38.034153
-38.02863
-38.024559
-38.022134
-38.0215
-37.985914
-37.985907
-37.985906
-37.985912
-37.98592
-37.98593
-37.985914
-37.985921
-37.98595
-37.985966
-37.985991
-37.986026
-37.986073
-37.986133
-37.986209
-37.986302
-37.986416
-37.986551
-37.986711
-37.986895
-37.987101
-37.987326
-37.987561
-37.987792
-37.988002
-37.98817
-37.98828
-37.988322
-37.988297
-37.988219
-37.988109
-37.98799
-37.987881
-37.987795
-37.987736
-37.987705
-37.9877
-37.987717
-37.987752
-37.987803
-37.987868
-37.987946
-37.988038
-37.988144
-37.988263
-37.988396
-37.988543
-37.988704
-37.988879
-37.989068
-37.98927
-37.989484
-37.989711
-37.989949
-37.990198
-37.990457
-37.990726
-37.991004
-37.99129
-37.991584
-37.991885
-37.992191
-37.992503
-37.99282
-37.993141
-37.993465
-37.993791
-37.994119
-37.994449
-37.994779
-37.995109
-37.995439
-37.995767
-37.996095
-37.99642
-37.996744
-37.997064
-37.997383
-37.997697
-37.998009
-37.998316
-37.99862
-37.998918
-37.999212
-37.999501
-37.999783
-38.00006
-38.000329
-38.00059
-38.000843
-38.001087
-38.001322
-38.001546
-38.001759
-38.001961
-38.00215
-38.002327
-38.002492
-38.002644
-38.002783
-38.002909
-38.003023
-38.003125
-38.003215
-38.003295
-38.003364
-38.003425
-38.003476
-38.003521
-38.003558
-38.00359
-38.003617
-38.00364
-38.00366
-38.003677
-38.003692
-38.003706
-38.00372
-38.003733
-38.003748
-38.003763
-38.00378
-38.003799
-38.003821
-38.003845
-38.003873
-38.003904
-38.003938
-38.003977
-38.00402
-38.004068
-38.00412
-38.004178
-38.004241
-38.004309
-38.004383
-38.004462
-38.004548
-38.00464
-38.004738
-38.004843
-38.004954
-38.005072
-38.005197
-38.005329
-38.005468
-38.005615
-38.005768
-38.005929
-38.006097
-38.006272
-38.006454
-38.006643
-38.006838
-38.007039
-38.007246
-38.007458
-38.007674
-38.007894
-38.008118
-38.008345
-38.008574
-38.008805
-38.009036
-38.009269
-38.009501
-38.009734
-38.009966
-38.010198
-38.010429
-38.010659
-38.010889
-38.011119
-38.011348
-38.011578
-38.011807
-38.012037
-38.012267
-38.012498
-38.01273
-38.012963
-38.013197
-38.013432
-38.013668
-38.013905
-38.014144
-38.014384
-38.014625
-38.014868
-38.015112
-38.015358
-38.015607
-38.015857
-38.01611
-38.016366
-38.016625
-38.016888
-38.017154
-38.017425
-38.017701
-38.017982
-38.018269
-38.018562
-38.018862
-38.019168
-38.019483
-38.019805
-38.020136
-38.020475
-38.020824
-38.021182
-38.02155
-38.021927
-38.022313
-38.022708
-38.023112
-38.023523
-38.023941
-38.024363
-38.024789
-38.025215
-38.02564
-38.026062
-38.026477
-38.026883
-38.027277
-38.027657
-38.028022
-38.028368
-38.028695
-38.029002
-38.029288
-38.029553
-38.029798
-38.030023
-38.030231
-38.030422
-38.030598
-38.030761
-38.030913
-38.031056
-38.031192
-38.031324
-38.031451
-38.031577
-38.031703
-38.03183
-38.031958
-38.03209
-38.032225
-38.032365
-38.03251
-38.03266
-38.032816
-38.032977
-38.033145
-38.033319
-38.033498
-38.033683
-38.033874
-38.03407
-38.034271
-38.034477
-38.034688
-38.034904
-38.035125
-38.03535
-38.035579
-38.035813
-38.036051
-38.036293
-38.036539
-38.036789
-38.037042
-38.037299
-38.03756
-38.037823
-38.03809
-38.03836
-38.038633
-38.038909
-38.039187
-38.039468
-38.039751
-38.040037
-38.040326
-38.040617
-38.040911
-38.041207
-38.041507
-38.04181
-38.042116
-38.042425
-38.042739
-38.043056
-38.043377
-38.043702
-38.044032
-38.044367
-38.044706
-38.045051
-38.045401
-38.045756
-38.046117
-38.046484
-38.046855
-38.047232
-38.047615
-38.048002
-38.048394
-38.04879
-38.049189
-38.049591
-38.049995
-38.050401
-38.050806
-38.051209
-38.051609
-38.052004
-38.052392
-38.052771
-38.053138
-38.05349
-38.053824
-38.054138
-38.054427
-38.05469
-38.054921
-38.055118
-38.055277
-38.055392
-38.055473
-38.055505
-38.055488
-38.055421
-38.055305
-38.055139
-38.054923
-38.054659
-38.054349
-38.053997
-38.053607
-38.053184
-38.052734
-38.052263
-38.051778
-38.051286
-38.050796
-38.050314
-38.049849
-38.049406
-38.048993
-38.048615
-38.048276
-38.04798
-38.047731
-38.047529
-38.047376
-38.047272
-38.047216
-38.047208
-38.047246
-38.047329
-38.047455
-38.047623
-38.04783
-38.048077
-38.048361
-38.048683
-38.049042
-38.049439
-38.049875
-38.050351
-38.050868
-38.051429
-38.052035
-38.052691
-38.053399
-38.054162
-38.054985
-38.055872
-38.056829
-38.05786
-38.058973
-38.060173
-38.061466
-38.062861
-38.064363
-38.065982
-38.067725
-38.069601
-38.071617
-38.073784
-38.07611
-38.078603
-38.081271
-38.084123
-38.087165
-38.090403
-38.093841
-38.097485
-38.101334
-38.105388
-38.109644
-38.114097
-38.118738
-38.123557
-38.128538
-38.133665
-38.138916
-38.144268
-38.149694
-38.155167
-38.160654
-38.166126
-38.171548
-38.176888
-38.182115
-38.1872
-38.192114
-38.196832
-38.201332
-38.205596
-38.20961
-38.213362
-38.216845
-38.220054
-38.222987
-38.225645
-38.228028
-38.23014
-38.231983
-38.233561
-38.234877
-38.235934
-38.236736
-38.237284
-38.237581
-38.23763
-38.237431
-38.236988
-38.236302
-38.235372
-38.234201
-38.232787
-38.231131
-38.22923
-38.227081
-38.224681
-38.222024
-38.219102
-38.215908
-38.212432
-38.208663
-38.204588
-38.200197
-38.195475
-38.190409
-38.184988
-38.179199
-38.173034
-38.166486
-38.159555
-38.152246
-38.144572
-38.13656
-38.128248
-38.119693
-38.110969
-38.102174
-38.093429
-38.084881
-38.076694
-38.069053
-38.06215
-38.05618
-38.051327
-38.047756
-38.045626
-38.045058
-38.003418
-38.003409
-38.003408
-38.003411
-38.003418
-38.003427
-38.003434
-38.003424
-38.00345
-38.003465
-38.003489
-38.003524
-38.00357
-38.003632
-38.003711
-38.00381
-38.003934
-38.004086
-38.004269
-38.004486
-38.004735
-38.005014
-38.005312
-38.005612
-38.005888
-38.006108
-38.006243
-38.006279
-38.006218
-38.006081
-38.0059
-38.005714
-38.005551
-38.005428
-38.005349
-38.005311
-38.005305
-38.005325
-38.005365
-38.005419
-38.005487
-38.005567
-38.005659
-38.005763
-38.005881
-38.006011
-38.006156
-38.006314
-38.006486
-38.006671
-38.006869
-38.00708
-38.007302
-38.007536
-38.007781
-38.008036
-38.0083
-38.008573
-38.008854
-38.009143
-38.009438
-38.009739
-38.010046
-38.010357
-38.010672
-38.01099
-38.011311
-38.011634
-38.011958
-38.012283
-38.012609
-38.012933
-38.013257
-38.01358
-38.013901
-38.01422
-38.014536
-38.01485
-38.015161
-38.015468
-38.015771
-38.01607
-38.016365
-38.016654
-38.016938
-38.017216
-38.017487
-38.017752
-38.018009
-38.018258
-38.018498
-38.018728
-38.018949
-38.019159
-38.019359
-38.019547
-38.019723
-38.019888
-38.02004
-38.020181
-38.02031
-38.020427
-38.020533
-38.020628
-38.020713
-38.020789
-38.020855
-38.020914
-38.020965
-38.02101
-38.021049
-38.021084
-38.021114
-38.021141
-38.021165
-38.021187
-38.021208
-38.021228
-38.021248
-38.021268
-38.021289
-38.021312
-38.021336
-38.021362
-38.021391
-38.021423
-38.021458
-38.021497
-38.02154
-38.021586
-38.021637
-38.021693
-38.021753
-38.021819
-38.021889
-38.021965
-38.022047
-38.022135
-38.022228
-38.022328
-38.022434
-38.022546
-38.022665
-38.022791
-38.022923
-38.023062
-38.023208
-38.023361
-38.023521
-38.023687
-38.023861
-38.02404
-38.024226
-38.024419
-38.024616
-38.024819
-38.025027
-38.02524
-38.025456
-38.025676
-38.025899
-38.026124
-38.026351
-38.02658
-38.026809
-38.027039
-38.027269
-38.0275
-38.02773
-38.02796
-38.02819
-38.02842
-38.02865
-38.02888
-38.02911
-38.02934
-38.029571
-38.029802
-38.030034
-38.030267
-38.030501
-38.030736
-38.030973
-38.03121
-38.031449
-38.031689
-38.03193
-38.032173
-38.032418
-38.032665
-38.032913
-38.033164
-38.033417
-38.033673
-38.033931
-38.034193
-38.034459
-38.034728
-38.035002
-38.03528
-38.035564
-38.035853
-38.036148
-38.036449
-38.036757
-38.037072
-38.037394
-38.037725
-38.038063
-38.038409
-38.038764
-38.039128
-38.039499
-38.039879
-38.040266
-38.04066
-38.041061
-38.041466
-38.041875
-38.042286
-38.042698
-38.043107
-38.043513
-38.043913
-38.044304
-38.044685
-38.045054
-38.045408
-38.045746
-38.046067
-38.04637
-38.046655
-38.046922
-38.04717
-38.047401
-38.047616
-38.047816
-38.048002
-38.048176
-38.04834
-38.048496
-38.048644
-38.048788
-38.048927
-38.049065
-38.049201
-38.049338
-38.049475
-38.049615
-38.049758
-38.049905
-38.050055
-38.050211
-38.050371
-38.050536
-38.050707
-38.050883
-38.051064
-38.051251
-38.051443
-38.051639
-38.051841
-38.052048
-38.052259
-38.052475
-38.052695
-38.05292
-38.053149
-38.053382
-38.053619
-38.053861
-38.054106
-38.054355
-38.054608
-38.054864
-38.055124
-38.055387
-38.055653
-38.055922
-38.056194
-38.056469
-38.056747
-38.057028
-38.057311
-38.057596
-38.057885
-38.058176
-38.05847
-38.058767
-38.059067
-38.05937
-38.059676
-38.059986
-38.0603
-38.060617
-38.060938
-38.061263
-38.061592
-38.061925
-38.062263
-38.062606
-38.062954
-38.063306
-38.063663
-38.064025
-38.064392
-38.064763
-38.065139
-38.065518
-38.065901
-38.066287
-38.066675
-38.067065
-38.067456
-38.067847
-38.068236
-38.068622
-38.069004
-38.06938
-38.069748
-38.070105
-38.07045
-38.07078
-38.071092
-38.071383
-38.071651
-38.071893
-38.072105
-38.072285
-38.07243
-38.072542
-38.072604
-38.072628
-38.072609
-38.072546
-38.072437
-38.072284
-38.072087
-38.071847
-38.071566
-38.071249
-38.070898
-38.070519
-38.070116
-38.069694
-38.069262
-38.068823
-38.068387
-38.067958
-38.067544
-38.06715
-38.066783
-38.066447
-38.066146
-38.065885
-38.065665
-38.065489
-38.065358
-38.065273
-38.065233
-38.065239
-38.065289
-38.065382
-38.065519
-38.065697
-38.065916
-38.066175
-38.066473
-38.066811
-38.067189
-38.067606
-38.068065
-38.068567
-38.069112
-38.069704
-38.070345
-38.071038
-38.071785
-38.07259
-38.073458
-38.074392
-38.075397
-38.076479
-38.077643
-38.078895
-38.080242
-38.081689
-38.083244
-38.084914
-38.086705
-38.088626
-38.090685
-38.092888
-38.095244
-38.09776
-38.100442
-38.103298
-38.106333
-38.109551
-38.112956
-38.11655
-38.120332
-38.124303
-38.128457
-38.13279
-38.137293
-38.141954
-38.14676
-38.151694
-38.156738
-38.161869
-38.167063
-38.172296
-38.177539
-38.182764
-38.187941
-38.193043
-38.198039
-38.202905
-38.207614
-38.212144
-38.216473
-38.220585
-38.224465
-38.228103
-38.231488
-38.234616
-38.237482
-38.240086
-38.242425
-38.244502
-38.246317
-38.247872
-38.249169
-38.25021
-38.250997
-38.251531
-38.251814
-38.251849
-38.251635
-38.251175
-38.250469
-38.249517
-38.24832
-38.246878
-38.245188
-38.24325
-38.24106
-38.238615
-38.23591
-38.232939
-38.229695
-38.22617
-38.222356
-38.218243
-38.213823
-38.209086
-38.204024
-38.198628
-38.192894
-38.186818
-38.1804
-38.173646
-38.166568
-38.159188
-38.151537
-38.143658
-38.135609
-38.127466
-38.119322
-38.111288
-38.103493
-38.096081
-38.089208
-38.083037
-38.077725
-38.073424
-38.070266
-38.068382
-38.067873
-38.02092
-38.02091
-38.020907
-38.020909
-38.020914
-38.020922
-38.020932
-38.020939
-38.020945
-38.020959
-38.020982
-38.021016
-38.021062
-38.021124
-38.021205
-38.021311
-38.021445
-38.021614
-38.021824
-38.02208
-38.022383
-38.022733
-38.023117
-38.023514
-38.023886
-38.024184
-38.024359
-38.024385
-38.024266
-38.02403
-38.023735
-38.023445
-38.023204
-38.023033
-38.022931
-38.022887
-38.022886
-38.022914
-38.022962
-38.023023
-38.023095
-38.023176
-38.023267
-38.02337
-38.023485
-38.023614
-38.023755
-38.023911
-38.02408
-38.024262
-38.024457
-38.024664
-38.024883
-38.025114
-38.025355
-38.025606
-38.025866
-38.026135
-38.026412
-38.026696
-38.026986
-38.027283
-38.027585
-38.027891
-38.028201
-38.028515
-38.028831
-38.029149
-38.029468
-38.029789
-38.030109
-38.030429
-38.030749
-38.031068
-38.031384
-38.031699
-38.032012
-38.032322
-38.032628
-38.032931
-38.033231
-38.033526
-38.033816
-38.034102
-38.034381
-38.034655
-38.034923
-38.035183
-38.035436
-38.035681
-38.035918
-38.036145
-38.036363
-38.036571
-38.036769
-38.036955
-38.037131
-38.037296
-38.037449
-38.037591
-38.037722
-38.037842
-38.037952
-38.038052
-38.038141
-38.038222
-38.038295
-38.038359
-38.038417
-38.038468
-38.038514
-38.038554
-38.038591
-38.038624
-38.038655
-38.038683
-38.03871
-38.038736
-38.038762
-38.038787
-38.038814
-38.038841
-38.03887
-38.038901
-38.038935
-38.038971
-38.03901
-38.039052
-38.039098
-38.039148
-38.039202
-38.039261
-38.039324
-38.039392
-38.039465
-38.039543
-38.039626
-38.039716
-38.039811
-38.039912
-38.040019
-38.040132
-38.040252
-38.040378
-38.04051
-38.040649
-38.040795
-38.040947
-38.041106
-38.041271
-38.041443
-38.04162
-38.041804
-38.041994
-38.042188
-38.042389
-38.042593
-38.042802
-38.043015
-38.043232
-38.043451
-38.043673
-38.043897
-38.044122
-38.044349
-38.044576
-38.044805
-38.045034
-38.045263
-38.045492
-38.045722
-38.045951
-38.046181
-38.046411
-38.046642
-38.046873
-38.047104
-38.047337
-38.04757
-38.047804
-38.048039
-38.048275
-38.048512
-38.048751
-38.048991
-38.049233
-38.049476
-38.04972
-38.049967
-38.050215
-38.050466
-38.050719
-38.050974
-38.051232
-38.051493
-38.051757
-38.052025
-38.052297
-38.052573
-38.052854
-38.05314
-38.053431
-38.053727
-38.05403
-38.054339
-38.054654
-38.054977
-38.055306
-38.055643
-38.055987
-38.056339
-38.056698
-38.057064
-38.057438
-38.057818
-38.058203
-38.058594
-38.058989
-38.059386
-38.059785
-38.060183
-38.060579
-38.060972
-38.061358
-38.061737
-38.062107
-38.062465
-38.06281
-38.063141
-38.063457
-38.063757
-38.064041
-38.064308
-38.06456
-38.064795
-38.065016
-38.065224
-38.065418
-38.065602
-38.065776
-38.065942
-38.066101
-38.066255
-38.066405
-38.066553
-38.066699
-38.066844
-38.06699
-38.067138
-38.067288
-38.06744
-38.067597
-38.067757
-38.067921
-38.06809
-38.068263
-38.068442
-38.068625
-38.068813
-38.069006
-38.069204
-38.069407
-38.069613
-38.069825
-38.070041
-38.070261
-38.070485
-38.070714
-38.070947
-38.071184
-38.071425
-38.071669
-38.071918
-38.07217
-38.072426
-38.072685
-38.072947
-38.073212
-38.073481
-38.073753
-38.074027
-38.074304
-38.074585
-38.074868
-38.075153
-38.075442
-38.075733
-38.076027
-38.076324
-38.076624
-38.076927
-38.077234
-38.077544
-38.077857
-38.078174
-38.078495
-38.078819
-38.079147
-38.07948
-38.079816
-38.080157
-38.080502
-38.080851
-38.081205
-38.081563
-38.081924
-38.08229
-38.082659
-38.083031
-38.083406
-38.083782
-38.084161
-38.084539
-38.084918
-38.085295
-38.085669
-38.08604
-38.086406
-38.086764
-38.087114
-38.087452
-38.087778
-38.088088
-38.088381
-38.088653
-38.088902
-38.089125
-38.089321
-38.089486
-38.089618
-38.089716
-38.089774
-38.089794
-38.089775
-38.089715
-38.089615
-38.089474
-38.089294
-38.089076
-38.088822
-38.088535
-38.088219
-38.087878
-38.087516
-38.087139
-38.086752
-38.08636
-38.08597
-38.085588
-38.085219
-38.084869
-38.084542
-38.084244
-38.083979
-38.083749
-38.083557
-38.083406
-38.083296
-38.083229
-38.083206
-38.083225
-38.083288
-38.083394
-38.083542
-38.083731
-38.083962
-38.084234
-38.084547
-38.0849
-38.085295
-38.085733
-38.086214
-38.08674
-38.087312
-38.087933
-38.088606
-38.089332
-38.090115
-38.090959
-38.091866
-38.092843
-38.093892
-38.095019
-38.09623
-38.097529
-38.098922
-38.100416
-38.102017
-38.103731
-38.105565
-38.107525
-38.109618
-38.111852
-38.114233
-38.116766
-38.119458
-38.122314
-38.125339
-38.128535
-38.131906
-38.13545
-38.139171
-38.143063
-38.147124
-38.151347
-38.155723
-38.160243
-38.164891
-38.169653
-38.174512
-38.179446
-38.184435
-38.189456
-38.194483
-38.19949
-38.204451
-38.209341
-38.214133
-38.218803
-38.223329
-38.227688
-38.231862
-38.235835
-38.239592
-38.243121
-38.246414
-38.249462
-38.252263
-38.254811
-38.257105
-38.259144
-38.260928
-38.262457
-38.263732
-38.264754
-38.265524
-38.266042
-38.26631
-38.26633
-38.2661
-38.265622
-38.264897
-38.263923
-38.262702
-38.261233
-38.259514
-38.257543
-38.255318
-38.252836
-38.250092
-38.247081
-38.243798
-38.240237
-38.236393
-38.232258
-38.227825
-38.22309
-38.218047
-38.212693
-38.207028
-38.201052
-38.194773
-38.188201
-38.181353
-38.174257
-38.166947
-38.159469
-38.151883
-38.144262
-38.136692
-38.129276
-38.122128
-38.115375
-38.10915
-38.103589
-38.098825
-38.09498
-38.092164
-38.090484
-38.090027
-38.038418
-38.038409
-38.038405
-38.038406
-38.038409
-38.038414
-38.038421
-38.038427
-38.038434
-38.038448
-38.038469
-38.038501
-38.038546
-38.038607
-38.03869
-38.0388
-38.038945
-38.039132
-38.039372
-38.039674
-38.040044
-38.040485
-38.040985
-38.041516
-38.042025
-38.042435
-38.042667
-38.042676
-38.042464
-38.042074
-38.041607
-38.041167
-38.040819
-38.040587
-38.040465
-38.040424
-38.040439
-38.040484
-38.040546
-38.040617
-38.040692
-38.040774
-38.040864
-38.040965
-38.041077
-38.041203
-38.041341
-38.041494
-38.04166
-38.04184
-38.042032
-38.042237
-38.042454
-38.042681
-38.042919
-38.043167
-38.043424
-38.043689
-38.043962
-38.044243
-38.044529
-38.044822
-38.045119
-38.045422
-38.045728
-38.046037
-38.046349
-38.046663
-38.046978
-38.047294
-38.047611
-38.047927
-38.048243
-38.048557
-38.048871
-38.049182
-38.049491
-38.049797
-38.050099
-38.050399
-38.050695
-38.050986
-38.051273
-38.051555
-38.051831
-38.052101
-38.052365
-38.052622
-38.052872
-38.053114
-38.053347
-38.053572
-38.053787
-38.053993
-38.054189
-38.054375
-38.054551
-38.054715
-38.054869
-38.055013
-38.055146
-38.055269
-38.055382
-38.055485
-38.055579
-38.055664
-38.055742
-38.055811
-38.055875
-38.055931
-38.055983
-38.05603
-38.056072
-38.056111
-38.056147
-38.056181
-38.056214
-38.056245
-38.056276
-38.056307
-38.056338
-38.05637
-38.056403
-38.056438
-38.056476
-38.056516
-38.056558
-38.056604
-38.056653
-38.056706
-38.056763
-38.056824
-38.056889
-38.05696
-38.057035
-38.057115
-38.0572
-38.057291
-38.057388
-38.05749
-38.057598
-38.057712
-38.057832
-38.057959
-38.058091
-38.05823
-38.058375
-38.058527
-38.058685
-38.058849
-38.059019
-38.059195
-38.059376
-38.059563
-38.059756
-38.059953
-38.060155
-38.060361
-38.060571
-38.060784
-38.061001
-38.061219
-38.06144
-38.061663
-38.061888
-38.062113
-38.06234
-38.062567
-38.062795
-38.063024
-38.063253
-38.063482
-38.063712
-38.063943
-38.064173
-38.064405
-38.064637
-38.06487
-38.065104
-38.065339
-38.065575
-38.065812
-38.066051
-38.066291
-38.066532
-38.066775
-38.067019
-38.067266
-38.067514
-38.067764
-38.068016
-38.068271
-38.068529
-38.068789
-38.069052
-38.069318
-38.069588
-38.069862
-38.070141
-38.070423
-38.070711
-38.071003
-38.071301
-38.071605
-38.071914
-38.07223
-38.072552
-38.072881
-38.073216
-38.073558
-38.073907
-38.074262
-38.074623
-38.074991
-38.075364
-38.075742
-38.076124
-38.076509
-38.076896
-38.077284
-38.077671
-38.078056
-38.078436
-38.078812
-38.07918
-38.07954
-38.079889
-38.080227
-38.080552
-38.080864
-38.081161
-38.081444
-38.081712
-38.081965
-38.082204
-38.08243
-38.082644
-38.082846
-38.083038
-38.08322
-38.083395
-38.083564
-38.083727
-38.083886
-38.084042
-38.084197
-38.08435
-38.084504
-38.084658
-38.084814
-38.084973
-38.085134
-38.085298
-38.085467
-38.085639
-38.085815
-38.085996
-38.086182
-38.086371
-38.086566
-38.086764
-38.086967
-38.087175
-38.087386
-38.087602
-38.087823
-38.088047
-38.088275
-38.088508
-38.088745
-38.088985
-38.08923
-38.089478
-38.089729
-38.089984
-38.090242
-38.090504
-38.090769
-38.091037
-38.091308
-38.091582
-38.091859
-38.092139
-38.092422
-38.092707
-38.092996
-38.093287
-38.093581
-38.093878
-38.094178
-38.094482
-38.094788
-38.095098
-38.095411
-38.095728
-38.096048
-38.096372
-38.096699
-38.09703
-38.097365
-38.097704
-38.098046
-38.098393
-38.098743
-38.099097
-38.099454
-38.099814
-38.100177
-38.100542
-38.100909
-38.101277
-38.101646
-38.102014
-38.102381
-38.102746
-38.103107
-38.103464
-38.103815
-38.104158
-38.104491
-38.104813
-38.105122
-38.105415
-38.10569
-38.105945
-38.106178
-38.106386
-38.106567
-38.10672
-38.106841
-38.10693
-38.106983
-38.107
-38.106982
-38.106926
-38.106833
-38.106704
-38.10654
-38.106341
-38.10611
-38.105851
-38.105565
-38.105258
-38.104933
-38.104594
-38.104247
-38.103896
-38.103548
-38.103206
-38.102877
-38.102565
-38.102275
-38.10201
-38.101776
-38.101575
-38.101409
-38.101281
-38.101192
-38.101143
-38.101135
-38.101169
-38.101245
-38.101363
-38.101523
-38.101724
-38.101968
-38.102252
-38.102579
-38.102949
-38.103361
-38.103817
-38.104319
-38.104867
-38.105464
-38.106112
-38.106814
-38.107571
-38.108387
-38.109265
-38.110209
-38.111223
-38.112312
-38.11348
-38.114731
-38.116072
-38.117507
-38.119043
-38.120684
-38.122436
-38.124306
-38.1263
-38.128423
-38.130682
-38.133082
-38.135628
-38.138326
-38.14118
-38.144192
-38.147366
-38.150702
-38.154202
-38.157863
-38.161684
-38.165659
-38.169782
-38.174044
-38.178436
-38.182943
-38.187552
-38.192246
-38.197007
-38.201814
-38.206648
-38.211484
-38.216299
-38.221069
-38.225772
-38.230382
-38.234879
-38.239241
-38.243448
-38.247482
-38.251328
-38.254971
-38.2584
-38.261605
-38.264579
-38.267314
-38.269808
-38.272056
-38.274056
-38.275808
-38.277309
-38.27856
-38.279562
-38.280314
-38.280815
-38.281067
-38.28107
-38.280824
-38.280329
-38.279584
-38.278591
-38.277348
-38.275855
-38.274109
-38.27211
-38.269855
-38.267342
-38.264566
-38.261524
-38.258213
-38.254628
-38.250764
-38.246618
-38.242186
-38.237464
-38.232453
-38.227151
-38.221564
-38.215695
-38.209557
-38.203165
-38.19654
-38.189713
-38.18272
-38.175609
-38.16844
-38.161282
-38.154216
-38.147336
-38.140744
-38.134551
-38.128871
-38.123821
-38.119512
-38.116046
-38.113512
-38.112002
-38.111591
-38.055915
-38.055906
-38.055902
-38.055901
-38.055902
-38.055905
-38.055908
-38.055913
-38.05592
-38.055932
-38.055951
-38.055979
-38.056021
-38.056081
-38.056163
-38.056277
-38.05643
-38.056635
-38.056906
-38.05726
-38.05771
-38.058262
-38.058908
-38.059611
-38.060297
-38.060854
-38.061159
-38.06114
-38.060792
-38.060186
-38.059473
-38.058826
-38.058347
-38.058059
-38.057932
-38.057916
-38.057963
-38.058038
-38.058122
-38.058204
-38.058284
-38.058365
-38.058452
-38.058548
-38.058657
-38.058779
-38.058914
-38.059064
-38.059228
-38.059406
-38.059596
-38.059799
-38.060013
-38.060239
-38.060474
-38.06072
-38.060974
-38.061236
-38.061507
-38.061784
-38.062067
-38.062357
-38.062651
-38.062949
-38.063252
-38.063557
-38.063866
-38.064176
-38.064487
-38.0648
-38.065113
-38.065426
-38.065738
-38.066049
-38.066359
-38.066667
-38.066972
-38.067275
-38.067575
-38.067871
-38.068164
-38.068452
-38.068736
-38.069014
-38.069287
-38.069554
-38.069815
-38.070069
-38.070316
-38.070555
-38.070785
-38.071008
-38.071221
-38.071426
-38.071621
-38.071806
-38.071981
-38.072146
-38.0723
-38.072445
-38.07258
-38.072705
-38.072821
-38.072927
-38.073025
-38.073114
-38.073196
-38.073271
-38.073339
-38.073401
-38.073457
-38.073509
-38.073557
-38.073601
-38.073642
-38.073681
-38.073719
-38.073755
-38.07379
-38.073825
-38.073861
-38.073897
-38.073934
-38.073973
-38.074014
-38.074058
-38.074103
-38.074152
-38.074204
-38.07426
-38.074319
-38.074383
-38.074451
-38.074523
-38.0746
-38.074682
-38.074769
-38.074861
-38.074959
-38.075062
-38.075171
-38.075286
-38.075407
-38.075533
-38.075666
-38.075805
-38.07595
-38.076101
-38.076257
-38.07642
-38.076589
-38.076763
-38.076943
-38.077128
-38.077319
-38.077513
-38.077713
-38.077916
-38.078124
-38.078334
-38.078548
-38.078764
-38.078983
-38.079203
-38.079426
-38.07965
-38.079875
-38.080101
-38.080328
-38.080556
-38.080784
-38.081013
-38.081243
-38.081473
-38.081704
-38.081936
-38.082169
-38.082403
-38.082638
-38.082873
-38.08311
-38.083348
-38.083588
-38.083829
-38.084071
-38.084316
-38.084561
-38.084809
-38.085059
-38.085311
-38.085565
-38.085821
-38.08608
-38.086342
-38.086607
-38.086876
-38.087148
-38.087424
-38.087704
-38.087988
-38.088277
-38.088571
-38.08887
-38.089174
-38.089484
-38.0898
-38.090121
-38.090449
-38.090783
-38.091123
-38.091468
-38.09182
-38.092177
-38.092539
-38.092906
-38.093277
-38.093651
-38.094028
-38.094406
-38.094784
-38.095162
-38.095536
-38.095908
-38.096273
-38.096633
-38.096984
-38.097326
-38.097657
-38.097977
-38.098284
-38.098579
-38.098861
-38.099129
-38.099384
-38.099627
-38.099857
-38.100076
-38.100284
-38.100483
-38.100673
-38.100855
-38.101032
-38.101203
-38.10137
-38.101534
-38.101695
-38.101856
-38.102016
-38.102177
-38.102339
-38.102502
-38.102668
-38.102837
-38.103009
-38.103184
-38.103363
-38.103546
-38.103734
-38.103925
-38.10412
-38.10432
-38.104524
-38.104732
-38.104944
-38.10516
-38.10538
-38.105605
-38.105833
-38.106066
-38.106302
-38.106542
-38.106786
-38.107034
-38.107285
-38.107539
-38.107797
-38.108058
-38.108323
-38.10859
-38.108861
-38.109135
-38.109412
-38.109691
-38.109974
-38.110259
-38.110547
-38.110838
-38.111132
-38.11143
-38.11173
-38.112033
-38.11234
-38.112649
-38.112962
-38.113279
-38.113598
-38.113921
-38.114247
-38.114577
-38.11491
-38.115247
-38.115587
-38.115931
-38.116278
-38.116628
-38.11698
-38.117335
-38.117693
-38.118051
-38.118411
-38.118772
-38.119132
-38.119491
-38.119847
-38.120201
-38.120551
-38.120895
-38.121232
-38.121561
-38.12188
-38.122187
-38.122481
-38.122759
-38.123019
-38.123259
-38.123478
-38.123673
-38.123842
-38.123984
-38.124097
-38.124178
-38.124227
-38.124243
-38.124225
-38.124174
-38.124089
-38.12397
-38.12382
-38.123638
-38.123429
-38.123193
-38.122935
-38.122657
-38.122363
-38.122058
-38.121746
-38.121431
-38.121118
-38.120812
-38.120518
-38.12024
-38.119982
-38.119748
-38.119541
-38.119366
-38.119224
-38.119117
-38.119047
-38.119016
-38.119024
-38.119072
-38.119161
-38.119291
-38.119463
-38.119676
-38.119932
-38.120229
-38.12057
-38.120954
-38.121383
-38.121857
-38.122378
-38.122947
-38.123567
-38.12424
-38.124967
-38.125752
-38.126598
-38.127508
-38.128484
-38.129533
-38.130657
-38.13186
-38.133149
-38.134526
-38.135998
-38.137569
-38.139245
-38.141031
-38.142932
-38.144954
-38.147102
-38.149382
-38.151797
-38.154354
-38.157055
-38.159904
-38.162903
-38.166054
-38.169358
-38.172816
-38.176422
-38.180177
-38.184074
-38.188107
-38.192267
-38.196544
-38.200926
-38.2054
-38.209948
-38.214555
-38.219203
-38.223872
-38.22854
-38.233187
-38.237789
-38.242327
-38.246777
-38.251121
-38.255337
-38.259408
-38.263317
-38.267048
-38.270588
-38.273925
-38.277049
-38.279951
-38.282626
-38.285066
-38.287269
-38.289231
-38.29095
-38.292423
-38.29365
-38.294631
-38.295364
-38.295848
-38.296083
-38.296069
-38.295806
-38.295294
-38.294533
-38.29352
-38.292257
-38.290742
-38.288974
-38.28695
-38.28467
-38.282131
-38.279331
-38.276266
-38.272934
-38.269333
-38.26546
-38.261311
-38.256888
-38.25219
-38.247217
-38.241975
-38.236469
-38.23071
-38.224711
-38.218492
-38.212077
-38.205499
-38.198796
-38.192017
-38.185219
-38.178469
-38.171843
-38.165426
-38.159309
-38.15359
-38.14837
-38.143747
-38.139817
-38.136664
-38.134365
-38.132997
-38.132626
-38.073409
-38.073402
-38.073398
-38.073395
-38.073394
-38.073394
-38.073395
-38.073397
-38.073402
-38.073411
-38.073426
-38.07345
-38.073487
-38.073543
-38.073623
-38.073737
-38.073895
-38.074115
-38.074417
-38.074823
-38.075358
-38.076033
-38.076842
-38.077737
-38.078624
-38.079351
-38.079741
-38.079688
-38.07918
-38.078306
-38.077285
-38.076387
-38.075763
-38.075436
-38.075334
-38.075368
-38.075469
-38.075588
-38.0757
-38.075795
-38.075877
-38.075953
-38.076032
-38.076122
-38.076224
-38.076342
-38.076474
-38.076622
-38.076784
-38.07696
-38.077148
-38.07735
-38.077563
-38.077786
-38.07802
-38.078264
-38.078516
-38.078777
-38.079045
-38.07932
-38.079601
-38.079887
-38.080179
-38.080474
-38.080774
-38.081076
-38.081381
-38.081688
-38.081997
-38.082306
-38.082616
-38.082926
-38.083235
-38.083543
-38.08385
-38.084155
-38.084458
-38.084758
-38.085054
-38.085347
-38.085638
-38.085923
-38.086204
-38.086479
-38.086749
-38.087014
-38.087272
-38.087523
-38.087767
-38.088004
-38.088233
-38.088453
-38.088665
-38.088868
-38.089062
-38.089246
-38.089421
-38.089586
-38.089742
-38.089888
-38.090024
-38.090151
-38.090269
-38.090379
-38.09048
-38.090573
-38.090658
-38.090737
-38.090809
-38.090875
-38.090936
-38.090993
-38.091045
-38.091094
-38.09114
-38.091183
-38.091225
-38.091265
-38.091305
-38.091344
-38.091383
-38.091423
-38.091464
-38.091507
-38.091551
-38.091597
-38.091646
-38.091698
-38.091752
-38.09181
-38.091872
-38.091938
-38.092008
-38.092082
-38.092161
-38.092244
-38.092333
-38.092426
-38.092525
-38.092629
-38.092739
-38.092854
-38.092976
-38.093102
-38.093235
-38.093374
-38.093518
-38.093669
-38.093825
-38.093987
-38.094154
-38.094327
-38.094505
-38.094689
-38.094877
-38.09507
-38.095267
-38.095468
-38.095673
-38.095881
-38.096093
-38.096307
-38.096523
-38.096742
-38.096963
-38.097185
-38.097409
-38.097634
-38.09786
-38.098087
-38.098315
-38.098543
-38.098773
-38.099004
-38.099235
-38.099467
-38.0997
-38.099935
-38.10017
-38.100407
-38.100644
-38.100883
-38.101124
-38.101366
-38.101609
-38.101855
-38.102102
-38.102351
-38.102602
-38.102855
-38.103111
-38.103369
-38.103629
-38.103893
-38.10416
-38.10443
-38.104704
-38.104981
-38.105263
-38.105548
-38.105839
-38.106134
-38.106433
-38.106738
-38.107049
-38.107364
-38.107685
-38.108012
-38.108344
-38.108682
-38.109025
-38.109373
-38.109726
-38.110083
-38.110445
-38.11081
-38.111177
-38.111546
-38.111917
-38.112287
-38.112655
-38.113022
-38.113384
-38.113742
-38.114093
-38.114437
-38.114773
-38.115099
-38.115414
-38.115718
-38.116011
-38.116291
-38.11656
-38.116817
-38.117062
-38.117295
-38.117518
-38.117732
-38.117936
-38.118132
-38.118321
-38.118505
-38.118683
-38.118856
-38.119027
-38.119195
-38.119362
-38.119528
-38.119694
-38.119861
-38.12003
-38.1202
-38.120372
-38.120547
-38.120726
-38.120907
-38.121093
-38.121282
-38.121474
-38.121671
-38.121872
-38.122076
-38.122285
-38.122497
-38.122714
-38.122934
-38.123159
-38.123387
-38.123619
-38.123856
-38.124096
-38.124339
-38.124586
-38.124837
-38.125091
-38.125349
-38.125609
-38.125873
-38.126141
-38.126411
-38.126685
-38.126961
-38.127241
-38.127523
-38.127808
-38.128096
-38.128387
-38.128681
-38.128978
-38.129279
-38.129582
-38.129888
-38.130198
-38.13051
-38.130826
-38.131145
-38.131467
-38.131792
-38.132121
-38.132452
-38.132787
-38.133125
-38.133466
-38.13381
-38.134157
-38.134505
-38.134855
-38.135207
-38.13556
-38.135914
-38.136267
-38.136619
-38.13697
-38.137317
-38.137661
-38.138
-38.138333
-38.138659
-38.138975
-38.139282
-38.139576
-38.139856
-38.140121
-38.140368
-38.140596
-38.140802
-38.140986
-38.141145
-38.141278
-38.141383
-38.141459
-38.141504
-38.141519
-38.141503
-38.141456
-38.141377
-38.141269
-38.141131
-38.140965
-38.140774
-38.140559
-38.140324
-38.140072
-38.139806
-38.13953
-38.139248
-38.138964
-38.138683
-38.138408
-38.138144
-38.137895
-38.137665
-38.137458
-38.137277
-38.137125
-38.137004
-38.136917
-38.136865
-38.13685
-38.136873
-38.136934
-38.137036
-38.137178
-38.137361
-38.137586
-38.137854
-38.138164
-38.138518
-38.138916
-38.13936
-38.139851
-38.14039
-38.140978
-38.141619
-38.142314
-38.143065
-38.143875
-38.144747
-38.145685
-38.146691
-38.14777
-38.148925
-38.15016
-38.151481
-38.15289
-38.154394
-38.155997
-38.157703
-38.159518
-38.161446
-38.163492
-38.165661
-38.167957
-38.170385
-38.172949
-38.175651
-38.178494
-38.18148
-38.18461
-38.187883
-38.191301
-38.194858
-38.198553
-38.20238
-38.206332
-38.210401
-38.214577
-38.218849
-38.223203
-38.227624
-38.232096
-38.236604
-38.241129
-38.245651
-38.25015
-38.254606
-38.258999
-38.263309
-38.267518
-38.271606
-38.275557
-38.279354
-38.282982
-38.286429
-38.289683
-38.292732
-38.295569
-38.298185
-38.300576
-38.302736
-38.304661
-38.306347
-38.307793
-38.308997
-38.309957
-38.31067
-38.311136
-38.311355
-38.311325
-38.311047
-38.310519
-38.30974
-38.308711
-38.307429
-38.305895
-38.304107
-38.302063
-38.299762
-38.297203
-38.294383
-38.291301
-38.287955
-38.284344
-38.280468
-38.276325
-38.271918
-38.267248
-38.262319
-38.257138
-38.251715
-38.246062
-38.240197
-38.23414
-38.227919
-38.221568
-38.215126
-38.208643
-38.202172
-38.195779
-38.189533
-38.183512
-38.1778
-38.172482
-38.167647
-38.163381
-38.159766
-38.156873
-38.154768
-38.153519
-38.153181
-38.090901
-38.090896
-38.090892
-38.090888
-38.090885
-38.090882
-38.09088
-38.090879
-38.09088
-38.090884
-38.090894
-38.090913
-38.090943
-38.090992
-38.091065
-38.091175
-38.091335
-38.091566
-38.091893
-38.092342
-38.092953
-38.09374
-38.094698
-38.095773
-38.096843
-38.09773
-38.098209
-38.098136
-38.097469
-38.096328
-38.095022
-38.093892
-38.093133
-38.092773
-38.092714
-38.092821
-38.092993
-38.093163
-38.093302
-38.093404
-38.093476
-38.093539
-38.093606
-38.093685
-38.09378
-38.093893
-38.094022
-38.094167
-38.094328
-38.094502
-38.09469
-38.09489
-38.095103
-38.095326
-38.095559
-38.095801
-38.096052
-38.096311
-38.096577
-38.09685
-38.097129
-38.097414
-38.097703
-38.097996
-38.098293
-38.098593
-38.098896
-38.0992
-38.099506
-38.099813
-38.10012
-38.100427
-38.100734
-38.10104
-38.101344
-38.101646
-38.101946
-38.102244
-38.102538
-38.102829
-38.103116
-38.103399
-38.103677
-38.10395
-38.104218
-38.10448
-38.104735
-38.104984
-38.105227
-38.105461
-38.105688
-38.105907
-38.106118
-38.106319
-38.106512
-38.106696
-38.106871
-38.107037
-38.107193
-38.10734
-38.107478
-38.107607
-38.107727
-38.107839
-38.107942
-38.108038
-38.108127
-38.108209
-38.108285
-38.108355
-38.10842
-38.108481
-38.108537
-38.10859
-38.10864
-38.108687
-38.108733
-38.108777
-38.10882
-38.108863
-38.108905
-38.108949
-38.108993
-38.109038
-38.109085
-38.109134
-38.109186
-38.10924
-38.109297
-38.109357
-38.109421
-38.109489
-38.109561
-38.109637
-38.109717
-38.109802
-38.109891
-38.109986
-38.110086
-38.110191
-38.110301
-38.110417
-38.110539
-38.110666
-38.110799
-38.110937
-38.111081
-38.111231
-38.111386
-38.111547
-38.111714
-38.111886
-38.112062
-38.112244
-38.112431
-38.112622
-38.112817
-38.113016
-38.113219
-38.113426
-38.113635
-38.113847
-38.114062
-38.114279
-38.114498
-38.114719
-38.114941
-38.115165
-38.115391
-38.115617
-38.115844
-38.116073
-38.116303
-38.116533
-38.116765
-38.116997
-38.117231
-38.117466
-38.117701
-38.117939
-38.118177
-38.118417
-38.118658
-38.118901
-38.119146
-38.119392
-38.11964
-38.11989
-38.120143
-38.120397
-38.120654
-38.120914
-38.121176
-38.121441
-38.121709
-38.121981
-38.122256
-38.122535
-38.122818
-38.123105
-38.123396
-38.123692
-38.123992
-38.124298
-38.124608
-38.124923
-38.125244
-38.125569
-38.1259
-38.126236
-38.126576
-38.126921
-38.127271
-38.127624
-38.127981
-38.12834
-38.128702
-38.129065
-38.129428
-38.129791
-38.130152
-38.130511
-38.130867
-38.131217
-38.131562
-38.1319
-38.13223
-38.132551
-38.132862
-38.133164
-38.133454
-38.133734
-38.134003
-38.13426
-38.134507
-38.134744
-38.134971
-38.135188
-38.135397
-38.135599
-38.135794
-38.135983
-38.136166
-38.136346
-38.136523
-38.136697
-38.136869
-38.13704
-38.137211
-38.137383
-38.137555
-38.137729
-38.137905
-38.138083
-38.138264
-38.138448
-38.138635
-38.138826
-38.13902
-38.139218
-38.13942
-38.139625
-38.139834
-38.140047
-38.140263
-38.140484
-38.140709
-38.140937
-38.14117
-38.141406
-38.141645
-38.141889
-38.142136
-38.142386
-38.14264
-38.142897
-38.143158
-38.143421
-38.143688
-38.143958
-38.144232
-38.144508
-38.144787
-38.14507
-38.145355
-38.145643
-38.145934
-38.146228
-38.146525
-38.146825
-38.147128
-38.147434
-38.147743
-38.148055
-38.14837
-38.148689
-38.14901
-38.149334
-38.149661
-38.149992
-38.150325
-38.150661
-38.151
-38.151341
-38.151684
-38.152028
-38.152375
-38.152722
-38.153069
-38.153417
-38.153764
-38.154109
-38.154452
-38.154791
-38.155126
-38.155456
-38.155779
-38.156094
-38.1564
-38.156695
-38.156978
-38.157247
-38.1575
-38.157736
-38.157953
-38.158149
-38.158324
-38.158474
-38.158599
-38.158698
-38.158769
-38.158812
-38.158827
-38.158812
-38.158769
-38.158696
-38.158596
-38.158469
-38.158317
-38.158142
-38.157946
-38.157731
-38.157501
-38.157259
-38.157009
-38.156753
-38.156495
-38.15624
-38.155992
-38.155755
-38.155532
-38.155327
-38.155143
-38.154984
-38.154853
-38.154751
-38.154681
-38.154646
-38.154646
-38.154682
-38.154757
-38.154871
-38.155024
-38.155219
-38.155455
-38.155733
-38.156055
-38.156422
-38.156833
-38.157291
-38.157797
-38.158352
-38.158958
-38.159618
-38.160332
-38.161104
-38.161937
-38.162833
-38.163795
-38.164827
-38.165933
-38.167115
-38.168379
-38.169727
-38.171165
-38.172697
-38.174326
-38.176059
-38.177898
-38.179849
-38.181916
-38.184102
-38.186413
-38.18885
-38.191419
-38.19412
-38.196957
-38.19993
-38.20304
-38.206285
-38.209667
-38.21318
-38.216822
-38.220586
-38.224467
-38.228456
-38.232544
-38.236718
-38.240967
-38.245277
-38.249633
-38.25402
-38.25842
-38.262815
-38.267186
-38.271515
-38.275782
-38.279971
-38.284061
-38.288038
-38.291883
-38.295582
-38.29912
-38.302484
-38.305662
-38.308644
-38.311421
-38.313985
-38.31633
-38.318449
-38.320339
-38.321995
-38.323415
-38.324596
-38.325534
-38.326229
-38.326679
-38.326882
-38.326837
-38.326544
-38.326
-38.325207
-38.324161
-38.322863
-38.321312
-38.319507
-38.317446
-38.315128
-38.312553
-38.309718
-38.306624
-38.303269
-38.299654
-38.29578
-38.291647
-38.287259
-38.28262
-38.277736
-38.272617
-38.267274
-38.261721
-38.25598
-38.250072
-38.244027
-38.237879
-38.23167
-38.225446
-38.219261
-38.213175
-38.207255
-38.201572
-38.1962
-38.191219
-38.186706
-38.182737
-38.179382
-38.176705
-38.17476
-38.173609
-38.173299
-38.108393
-38.108389
-38.108385
-38.108379
-38.108374
-38.108368
-38.108362
-38.108358
-38.108354
-38.108353
-38.108357
-38.108367
-38.108389
-38.108428
-38.108492
-38.108593
-38.108748
-38.108979
-38.109317
-38.109796
-38.110455
-38.111316
-38.112371
-38.113556
-38.114732
-38.115698
-38.116213
-38.116113
-38.115367
-38.114108
-38.112674
-38.111442
-38.110627
-38.110253
-38.110211
-38.110362
-38.110584
-38.11079
-38.110942
-38.111036
-38.111085
-38.111126
-38.111174
-38.11124
-38.111327
-38.111434
-38.11156
-38.111704
-38.111863
-38.112036
-38.112224
-38.112423
-38.112635
-38.112858
-38.11309
-38.113332
-38.113582
-38.11384
-38.114105
-38.114377
-38.114654
-38.114937
-38.115225
-38.115516
-38.115811
-38.116109
-38.11641
-38.116712
-38.117016
-38.11732
-38.117625
-38.11793
-38.118235
-38.118538
-38.11884
-38.11914
-38.119438
-38.119733
-38.120025
-38.120314
-38.120599
-38.12088
-38.121156
-38.121427
-38.121693
-38.121952
-38.122206
-38.122453
-38.122694
-38.122927
-38.123152
-38.12337
-38.123579
-38.12378
-38.123973
-38.124156
-38.124331
-38.124497
-38.124653
-38.124801
-38.12494
-38.125071
-38.125193
-38.125307
-38.125413
-38.125512
-38.125603
-38.125688
-38.125768
-38.125841
-38.125909
-38.125973
-38.126033
-38.126089
-38.126142
-38.126193
-38.126242
-38.126289
-38.126336
-38.126381
-38.126427
-38.126473
-38.12652
-38.126568
-38.126618
-38.12667
-38.126723
-38.12678
-38.126839
-38.126901
-38.126967
-38.127036
-38.127109
-38.127187
-38.127268
-38.127355
-38.127445
-38.127541
-38.127642
-38.127748
-38.127859
-38.127975
-38.128097
-38.128224
-38.128357
-38.128495
-38.128639
-38.128788
-38.128943
-38.129103
-38.129269
-38.129439
-38.129615
-38.129795
-38.12998
-38.13017
-38.130364
-38.130561
-38.130762
-38.130967
-38.131175
-38.131385
-38.131599
-38.131814
-38.132032
-38.132252
-38.132473
-38.132696
-38.132921
-38.133146
-38.133373
-38.133602
-38.133831
-38.134062
-38.134293
-38.134526
-38.13476
-38.134995
-38.135232
-38.13547
-38.135709
-38.135949
-38.136191
-38.136435
-38.13668
-38.136928
-38.137177
-38.137428
-38.137681
-38.137937
-38.138195
-38.138456
-38.13872
-38.138986
-38.139256
-38.139528
-38.139805
-38.140085
-38.140369
-38.140657
-38.140949
-38.141245
-38.141547
-38.141852
-38.142163
-38.142478
-38.142798
-38.143122
-38.143452
-38.143786
-38.144124
-38.144466
-38.144812
-38.145162
-38.145514
-38.145869
-38.146225
-38.146583
-38.14694
-38.147297
-38.147652
-38.148005
-38.148354
-38.148699
-38.149038
-38.149371
-38.149696
-38.150013
-38.150321
-38.15062
-38.150909
-38.151188
-38.151457
-38.151715
-38.151964
-38.152202
-38.152432
-38.152653
-38.152866
-38.153072
-38.153272
-38.153466
-38.153655
-38.153839
-38.154021
-38.1542
-38.154377
-38.154552
-38.154728
-38.154903
-38.155079
-38.155256
-38.155435
-38.155616
-38.1558
-38.155986
-38.156175
-38.156367
-38.156562
-38.156761
-38.156964
-38.15717
-38.157379
-38.157592
-38.15781
-38.15803
-38.158255
-38.158484
-38.158716
-38.158952
-38.159192
-38.159435
-38.159682
-38.159932
-38.160186
-38.160442
-38.160703
-38.160966
-38.161233
-38.161503
-38.161776
-38.162052
-38.162331
-38.162613
-38.162898
-38.163186
-38.163477
-38.163771
-38.164068
-38.164368
-38.164671
-38.164977
-38.165286
-38.165597
-38.165912
-38.166229
-38.16655
-38.166873
-38.167199
-38.167528
-38.16786
-38.168194
-38.168531
-38.168869
-38.169209
-38.169551
-38.169893
-38.170236
-38.170579
-38.170922
-38.171263
-38.171602
-38.171938
-38.17227
-38.172597
-38.172919
-38.173233
-38.17354
-38.173836
-38.174122
-38.174395
-38.174653
-38.174897
-38.175123
-38.175331
-38.175518
-38.175685
-38.175828
-38.175947
-38.176041
-38.176108
-38.176149
-38.176163
-38.17615
-38.17611
-38.176043
-38.175951
-38.175834
-38.175693
-38.175532
-38.175351
-38.175154
-38.174943
-38.174722
-38.174492
-38.174258
-38.174024
-38.173792
-38.173567
-38.173352
-38.173151
-38.172968
-38.172804
-38.172665
-38.172551
-38.172467
-38.172413
-38.172392
-38.172405
-38.172454
-38.172541
-38.172665
-38.172829
-38.173034
-38.173281
-38.17357
-38.173903
-38.174281
-38.174704
-38.175175
-38.175695
-38.176264
-38.176886
-38.177562
-38.178294
-38.179085
-38.179937
-38.180854
-38.181838
-38.182893
-38.184022
-38.185228
-38.186516
-38.187888
-38.189351
-38.190906
-38.192559
-38.194314
-38.196174
-38.198144
-38.200228
-38.202429
-38.204751
-38.207197
-38.209768
-38.212469
-38.215299
-38.218259
-38.221351
-38.224572
-38.227921
-38.231395
-38.23499
-38.2387
-38.242519
-38.246439
-38.250449
-38.25454
-38.258699
-38.262914
-38.26717
-38.271452
-38.275745
-38.280031
-38.284292
-38.288512
-38.292672
-38.296755
-38.300745
-38.304624
-38.308378
-38.311991
-38.31545
-38.318742
-38.321854
-38.324776
-38.3275
-38.330016
-38.332319
-38.334402
-38.33626
-38.337889
-38.339284
-38.340442
-38.341362
-38.342039
-38.342473
-38.342661
-38.342602
-38.342295
-38.341738
-38.34093
-38.339871
-38.338559
-38.336993
-38.335174
-38.333099
-38.330767
-38.328179
-38.325334
-38.322231
-38.318871
-38.315255
-38.311386
-38.307266
-38.302898
-38.298291
-38.293451
-38.28839
-38.283121
-38.277661
-38.272031
-38.266257
-38.260368
-38.2544
-38.248393
-38.242393
-38.236453
-38.230629
-38.224985
-38.219585
-38.214499
-38.209799
-38.205552
-38.201828
-38.198688
-38.196187
-38.194374
-38.193303
-38.193016
-38.125886
-38.125882
-38.125877
-38.12587
-38.125862
-38.125854
-38.125844
-38.125835
-38.125826
-38.125819
-38.125814
-38.125816
-38.125827
-38.125853
-38.125904
-38.125992
-38.126134
-38.126355
-38.126688
-38.127169
-38.127837
-38.128713
-38.129785
-38.130979
-38.132149
-38.133088
-38.133573
-38.133469
-38.132745
-38.131554
-38.130236
-38.129135
-38.128415
-38.12806
-38.127973
-38.128074
-38.128268
-38.128467
-38.128608
-38.128677
-38.128697
-38.128707
-38.128734
-38.128788
-38.128868
-38.128972
-38.129096
-38.129237
-38.129395
-38.129567
-38.129754
-38.129953
-38.130164
-38.130386
-38.130618
-38.130859
-38.131109
-38.131366
-38.13163
-38.131901
-38.132177
-38.132459
-38.132745
-38.133035
-38.133329
-38.133625
-38.133924
-38.134224
-38.134526
-38.134829
-38.135132
-38.135435
-38.135738
-38.136039
-38.136339
-38.136638
-38.136934
-38.137227
-38.137517
-38.137804
-38.138088
-38.138366
-38.138641
-38.13891
-38.139174
-38.139432
-38.139684
-38.13993
-38.140169
-38.1404
-38.140625
-38.140841
-38.14105
-38.14125
-38.141442
-38.141625
-38.1418
-38.141966
-38.142123
-38.142272
-38.142412
-38.142544
-38.142667
-38.142783
-38.142891
-38.142992
-38.143086
-38.143174
-38.143256
-38.143332
-38.143403
-38.14347
-38.143532
-38.143591
-38.143647
-38.143701
-38.143753
-38.143803
-38.143852
-38.1439
-38.143949
-38.143997
-38.144047
-38.144097
-38.144149
-38.144203
-38.144258
-38.144317
-38.144378
-38.144442
-38.144509
-38.14458
-38.144654
-38.144733
-38.144816
-38.144903
-38.144995
-38.145091
-38.145193
-38.145299
-38.145411
-38.145527
-38.145649
-38.145777
-38.145909
-38.146048
-38.146191
-38.14634
-38.146494
-38.146654
-38.146819
-38.146988
-38.147163
-38.147342
-38.147526
-38.147714
-38.147906
-38.148102
-38.148302
-38.148506
-38.148712
-38.148921
-38.149133
-38.149347
-38.149564
-38.149783
-38.150003
-38.150225
-38.150449
-38.150675
-38.150901
-38.15113
-38.151359
-38.151589
-38.151821
-38.152054
-38.152289
-38.152524
-38.152761
-38.152999
-38.153239
-38.15348
-38.153723
-38.153967
-38.154213
-38.154461
-38.154712
-38.154964
-38.155218
-38.155475
-38.155734
-38.155996
-38.15626
-38.156528
-38.156799
-38.157073
-38.15735
-38.157631
-38.157916
-38.158205
-38.158498
-38.158795
-38.159097
-38.159402
-38.159713
-38.160028
-38.160347
-38.160671
-38.160999
-38.161331
-38.161668
-38.162007
-38.162351
-38.162697
-38.163046
-38.163397
-38.163749
-38.164101
-38.164454
-38.164806
-38.165156
-38.165503
-38.165847
-38.166187
-38.166521
-38.166849
-38.16717
-38.167484
-38.167789
-38.168086
-38.168374
-38.168652
-38.16892
-38.169179
-38.169429
-38.16967
-38.169902
-38.170126
-38.170343
-38.170552
-38.170756
-38.170954
-38.171147
-38.171336
-38.171521
-38.171704
-38.171885
-38.172065
-38.172244
-38.172423
-38.172602
-38.172782
-38.172964
-38.173147
-38.173332
-38.17352
-38.173711
-38.173905
-38.174101
-38.174301
-38.174504
-38.174711
-38.174921
-38.175135
-38.175352
-38.175573
-38.175798
-38.176027
-38.176259
-38.176495
-38.176735
-38.176978
-38.177225
-38.177475
-38.177728
-38.177985
-38.178245
-38.178508
-38.178774
-38.179044
-38.179317
-38.179593
-38.179872
-38.180154
-38.180439
-38.180727
-38.181018
-38.181312
-38.181609
-38.181909
-38.182211
-38.182517
-38.182825
-38.183137
-38.183451
-38.183768
-38.184088
-38.18441
-38.184735
-38.185063
-38.185393
-38.185726
-38.18606
-38.186396
-38.186734
-38.187072
-38.187412
-38.187751
-38.18809
-38.188428
-38.188764
-38.189098
-38.189428
-38.189754
-38.190075
-38.190389
-38.190696
-38.190995
-38.191283
-38.191561
-38.191825
-38.192076
-38.192311
-38.192529
-38.192729
-38.192909
-38.193068
-38.193206
-38.19332
-38.193409
-38.193474
-38.193513
-38.193527
-38.193515
-38.193478
-38.193416
-38.19333
-38.193221
-38.193091
-38.192941
-38.192774
-38.192591
-38.192396
-38.192192
-38.19198
-38.191765
-38.191549
-38.191337
-38.191132
-38.190936
-38.190754
-38.190588
-38.190443
-38.19032
-38.190222
-38.190152
-38.190112
-38.190104
-38.190129
-38.190189
-38.190286
-38.190421
-38.190594
-38.190809
-38.191065
-38.191363
-38.191706
-38.192094
-38.192529
-38.193011
-38.193542
-38.194125
-38.19476
-38.19545
-38.196198
-38.197005
-38.197875
-38.19881
-38.199813
-38.200887
-38.202036
-38.203262
-38.204571
-38.205964
-38.207447
-38.209023
-38.210696
-38.21247
-38.214348
-38.216334
-38.218432
-38.220646
-38.222977
-38.225428
-38.228002
-38.230701
-38.233525
-38.236475
-38.23955
-38.242749
-38.246071
-38.249511
-38.253066
-38.256729
-38.260495
-38.264355
-38.2683
-38.27232
-38.276403
-38.280537
-38.284708
-38.288903
-38.293105
-38.297299
-38.301467
-38.305595
-38.309664
-38.313658
-38.317562
-38.321359
-38.325035
-38.328576
-38.331966
-38.335195
-38.33825
-38.34112
-38.343797
-38.346272
-38.348539
-38.350589
-38.352419
-38.354022
-38.355395
-38.356534
-38.357435
-38.358097
-38.358516
-38.35869
-38.358618
-38.358298
-38.357729
-38.35691
-38.355839
-38.354515
-38.352937
-38.351105
-38.349019
-38.346676
-38.344079
-38.341225
-38.338116
-38.334754
-38.33114
-38.327277
-38.32317
-38.318823
-38.314246
-38.309447
-38.304438
-38.299236
-38.293859
-38.288328
-38.28267
-38.276916
-38.271102
-38.265267
-38.259457
-38.253723
-38.248119
-38.242704
-38.237539
-38.232689
-38.228218
-38.22419
-38.220665
-38.217699
-38.215341
-38.213635
-38.212629
-38.212362
-38.143381
-38.143377
-38.143371
-38.143362
-38.143352
-38.14334
-38.143327
-38.143313
-38.143299
-38.143284
-38.143271
-38.143262
-38.143262
-38.143275
-38.14331
-38.14338
-38.143503
-38.143704
-38.144015
-38.144471
-38.145105
-38.145935
-38.14694
-38.148044
-38.149104
-38.149936
-38.150356
-38.150265
-38.149654
-38.148712
-38.147749
-38.146998
-38.146506
-38.1462
-38.146015
-38.145947
-38.146014
-38.146145
-38.14625
-38.146289
-38.146282
-38.146271
-38.146285
-38.146333
-38.146411
-38.146514
-38.146636
-38.146776
-38.146931
-38.147102
-38.147287
-38.147485
-38.147695
-38.147916
-38.148147
-38.148388
-38.148636
-38.148893
-38.149156
-38.149426
-38.149701
-38.149981
-38.150266
-38.150555
-38.150847
-38.151142
-38.151439
-38.151739
-38.152039
-38.15234
-38.152642
-38.152943
-38.153244
-38.153544
-38.153843
-38.154139
-38.154434
-38.154726
-38.155014
-38.155299
-38.155582
-38.155859
-38.156131
-38.156399
-38.156662
-38.156919
-38.157169
-38.157414
-38.157651
-38.157882
-38.158105
-38.158321
-38.158529
-38.158728
-38.15892
-38.159103
-38.159278
-38.159444
-38.159602
-38.159751
-38.159892
-38.160025
-38.16015
-38.160267
-38.160377
-38.16048
-38.160576
-38.160665
-38.160749
-38.160828
-38.160901
-38.16097
-38.161035
-38.161097
-38.161155
-38.161211
-38.161265
-38.161318
-38.161369
-38.16142
-38.16147
-38.161521
-38.161572
-38.161625
-38.161678
-38.161734
-38.161791
-38.161851
-38.161913
-38.161979
-38.162047
-38.162119
-38.162195
-38.162275
-38.162359
-38.162447
-38.162539
-38.162637
-38.162739
-38.162846
-38.162958
-38.163075
-38.163197
-38.163324
-38.163457
-38.163595
-38.163738
-38.163887
-38.164041
-38.1642
-38.164364
-38.164533
-38.164706
-38.164885
-38.165067
-38.165255
-38.165446
-38.165641
-38.165839
-38.166041
-38.166246
-38.166454
-38.166665
-38.166879
-38.167094
-38.167312
-38.167532
-38.167754
-38.167977
-38.168202
-38.168428
-38.168656
-38.168886
-38.169116
-38.169348
-38.169581
-38.169816
-38.170052
-38.170289
-38.170527
-38.170768
-38.171009
-38.171253
-38.171498
-38.171745
-38.171993
-38.172244
-38.172497
-38.172752
-38.17301
-38.17327
-38.173533
-38.173798
-38.174067
-38.174339
-38.174613
-38.174892
-38.175174
-38.17546
-38.175749
-38.176043
-38.17634
-38.176642
-38.176948
-38.177259
-38.177573
-38.177892
-38.178215
-38.178542
-38.178873
-38.179208
-38.179546
-38.179887
-38.18023
-38.180576
-38.180923
-38.181272
-38.181621
-38.181969
-38.182316
-38.182662
-38.183005
-38.183345
-38.18368
-38.18401
-38.184335
-38.184653
-38.184964
-38.185267
-38.185562
-38.185848
-38.186125
-38.186394
-38.186653
-38.186904
-38.187146
-38.18738
-38.187607
-38.187826
-38.188038
-38.188245
-38.188446
-38.188643
-38.188836
-38.189025
-38.189211
-38.189396
-38.189578
-38.18976
-38.189942
-38.190124
-38.190306
-38.19049
-38.190676
-38.190863
-38.191053
-38.191245
-38.191439
-38.191637
-38.191838
-38.192042
-38.192249
-38.192459
-38.192674
-38.192891
-38.193113
-38.193338
-38.193567
-38.193799
-38.194035
-38.194275
-38.194518
-38.194764
-38.195014
-38.195267
-38.195524
-38.195784
-38.196047
-38.196313
-38.196583
-38.196856
-38.197132
-38.197411
-38.197693
-38.197978
-38.198266
-38.198556
-38.19885
-38.199147
-38.199446
-38.199749
-38.200054
-38.200362
-38.200673
-38.200987
-38.201304
-38.201623
-38.201945
-38.202269
-38.202596
-38.202925
-38.203256
-38.203589
-38.203923
-38.204258
-38.204594
-38.20493
-38.205267
-38.205602
-38.205936
-38.206268
-38.206597
-38.206923
-38.207244
-38.207559
-38.207867
-38.208168
-38.20846
-38.208742
-38.209012
-38.20927
-38.209513
-38.209741
-38.209953
-38.210146
-38.21032
-38.210474
-38.210606
-38.210716
-38.210802
-38.210865
-38.210903
-38.210916
-38.210906
-38.210871
-38.210813
-38.210732
-38.21063
-38.210508
-38.210368
-38.210212
-38.210041
-38.209859
-38.209669
-38.209472
-38.209272
-38.209072
-38.208876
-38.208686
-38.208507
-38.20834
-38.20819
-38.208059
-38.20795
-38.207865
-38.207808
-38.20778
-38.207782
-38.207818
-38.207888
-38.207994
-38.208137
-38.208319
-38.208542
-38.208806
-38.209113
-38.209465
-38.209862
-38.210305
-38.210798
-38.21134
-38.211933
-38.21258
-38.213283
-38.214044
-38.214865
-38.215749
-38.2167
-38.217718
-38.218809
-38.219975
-38.221219
-38.222544
-38.223956
-38.225456
-38.227049
-38.228738
-38.230527
-38.23242
-38.23442
-38.236531
-38.238754
-38.241092
-38.243549
-38.246124
-38.248821
-38.25164
-38.25458
-38.257642
-38.260823
-38.264121
-38.267533
-38.271054
-38.274679
-38.2784
-38.28221
-38.286101
-38.290062
-38.294083
-38.29815
-38.302251
-38.306373
-38.3105
-38.314617
-38.31871
-38.322761
-38.326755
-38.330676
-38.334508
-38.338237
-38.341849
-38.345328
-38.348661
-38.351837
-38.354844
-38.357671
-38.360308
-38.362748
-38.364983
-38.367006
-38.36881
-38.370391
-38.371745
-38.372867
-38.373753
-38.374401
-38.374807
-38.374969
-38.374885
-38.374555
-38.373975
-38.373145
-38.372063
-38.370729
-38.369142
-38.3673
-38.365205
-38.362854
-38.360248
-38.357389
-38.354276
-38.350913
-38.347301
-38.343446
-38.339351
-38.335024
-38.330473
-38.32571
-38.320748
-38.315604
-38.310296
-38.304849
-38.29929
-38.293649
-38.287962
-38.28227
-38.276617
-38.271052
-38.265627
-38.260399
-38.255424
-38.250764
-38.246478
-38.242624
-38.239258
-38.236431
-38.234187
-38.232565
-38.231611
-38.23136
-38.16088
-38.160875
-38.160867
-38.160856
-38.160844
-38.16083
-38.160814
-38.160796
-38.160776
-38.160755
-38.160734
-38.160715
-38.160703
-38.160702
-38.160721
-38.160773
-38.160874
-38.161048
-38.161325
-38.161736
-38.162307
-38.163048
-38.163931
-38.164883
-38.165779
-38.166468
-38.166812
-38.166737
-38.166306
-38.165731
-38.165241
-38.164921
-38.164685
-38.164411
-38.164086
-38.163814
-38.1637
-38.163725
-38.163787
-38.163819
-38.163814
-38.16381
-38.16383
-38.163881
-38.163962
-38.164065
-38.164186
-38.164324
-38.164477
-38.164646
-38.164829
-38.165025
-38.165234
-38.165453
-38.165683
-38.165921
-38.166169
-38.166424
-38.166686
-38.166954
-38.167229
-38.167508
-38.167791
-38.168079
-38.168369
-38.168663
-38.168959
-38.169257
-38.169556
-38.169855
-38.170156
-38.170456
-38.170755
-38.171054
-38.171351
-38.171646
-38.171939
-38.17223
-38.172517
-38.172801
-38.173082
-38.173358
-38.173629
-38.173896
-38.174157
-38.174413
-38.174663
-38.174906
-38.175142
-38.175372
-38.175595
-38.17581
-38.176017
-38.176216
-38.176407
-38.17659
-38.176765
-38.176931
-38.17709
-38.177239
-38.177381
-38.177515
-38.177641
-38.177759
-38.17787
-38.177974
-38.178072
-38.178163
-38.178249
-38.178329
-38.178404
-38.178475
-38.178542
-38.178606
-38.178666
-38.178724
-38.17878
-38.178834
-38.178887
-38.17894
-38.178992
-38.179044
-38.179097
-38.179151
-38.179206
-38.179263
-38.179322
-38.179383
-38.179446
-38.179513
-38.179583
-38.179656
-38.179732
-38.179813
-38.179898
-38.179986
-38.18008
-38.180177
-38.18028
-38.180387
-38.1805
-38.180617
-38.180739
-38.180867
-38.181
-38.181138
-38.181281
-38.181429
-38.181582
-38.181741
-38.181904
-38.182073
-38.182246
-38.182423
-38.182605
-38.182791
-38.182982
-38.183176
-38.183373
-38.183574
-38.183779
-38.183986
-38.184196
-38.184408
-38.184623
-38.18484
-38.18506
-38.185281
-38.185504
-38.185728
-38.185954
-38.186182
-38.186411
-38.186642
-38.186874
-38.187107
-38.187342
-38.187578
-38.187815
-38.188054
-38.188295
-38.188537
-38.188781
-38.189027
-38.189274
-38.189523
-38.189775
-38.190028
-38.190284
-38.190542
-38.190803
-38.191067
-38.191333
-38.191603
-38.191875
-38.192151
-38.19243
-38.192713
-38.192999
-38.193289
-38.193583
-38.193881
-38.194184
-38.19449
-38.1948
-38.195115
-38.195433
-38.195756
-38.196082
-38.196412
-38.196745
-38.197082
-38.197421
-38.197762
-38.198105
-38.19845
-38.198795
-38.199141
-38.199486
-38.19983
-38.200172
-38.200512
-38.200848
-38.20118
-38.201507
-38.201828
-38.202144
-38.202452
-38.202753
-38.203046
-38.203332
-38.203608
-38.203877
-38.204136
-38.204388
-38.204631
-38.204867
-38.205095
-38.205316
-38.205531
-38.20574
-38.205944
-38.206143
-38.206339
-38.206531
-38.20672
-38.206907
-38.207092
-38.207277
-38.207461
-38.207645
-38.207829
-38.208015
-38.208202
-38.208391
-38.208582
-38.208775
-38.208971
-38.20917
-38.209371
-38.209576
-38.209783
-38.209994
-38.210209
-38.210427
-38.210649
-38.210874
-38.211103
-38.211335
-38.211571
-38.211811
-38.212054
-38.2123
-38.21255
-38.212803
-38.21306
-38.213319
-38.213582
-38.213849
-38.214118
-38.214391
-38.214667
-38.214946
-38.215228
-38.215513
-38.215801
-38.216092
-38.216385
-38.216682
-38.216981
-38.217284
-38.217589
-38.217897
-38.218208
-38.218521
-38.218837
-38.219156
-38.219477
-38.219801
-38.220127
-38.220455
-38.220784
-38.221116
-38.221448
-38.221782
-38.222116
-38.22245
-38.222783
-38.223116
-38.223447
-38.223776
-38.224101
-38.224423
-38.224739
-38.22505
-38.225353
-38.225649
-38.225936
-38.226212
-38.226477
-38.226728
-38.226966
-38.227189
-38.227394
-38.227583
-38.227752
-38.227901
-38.22803
-38.228136
-38.228219
-38.22828
-38.228317
-38.22833
-38.228321
-38.228288
-38.228233
-38.228156
-38.22806
-38.227944
-38.227811
-38.227664
-38.227503
-38.227331
-38.227152
-38.226967
-38.226779
-38.226592
-38.226408
-38.226231
-38.226065
-38.225911
-38.225773
-38.225653
-38.225556
-38.225482
-38.225435
-38.225416
-38.225428
-38.225472
-38.22555
-38.225664
-38.225815
-38.226004
-38.226234
-38.226505
-38.22682
-38.227178
-38.227583
-38.228035
-38.228535
-38.229086
-38.229689
-38.230345
-38.231058
-38.23183
-38.232663
-38.23356
-38.234523
-38.235555
-38.236659
-38.237839
-38.239097
-38.240437
-38.241862
-38.243377
-38.244984
-38.246687
-38.248489
-38.250394
-38.252405
-38.254525
-38.256756
-38.259101
-38.261561
-38.264138
-38.266834
-38.269648
-38.272581
-38.275632
-38.278799
-38.282077
-38.285466
-38.28896
-38.292553
-38.296239
-38.30001
-38.303857
-38.307771
-38.311741
-38.315755
-38.3198
-38.323863
-38.32793
-38.331987
-38.336018
-38.340008
-38.343942
-38.347804
-38.35158
-38.355254
-38.358813
-38.362243
-38.36553
-38.368663
-38.371631
-38.374422
-38.377028
-38.379439
-38.381648
-38.383647
-38.385431
-38.386994
-38.388332
-38.389439
-38.390312
-38.390947
-38.391342
-38.391494
-38.391401
-38.391062
-38.390473
-38.389634
-38.388544
-38.387202
-38.385606
-38.383757
-38.381654
-38.379297
-38.376686
-38.373822
-38.370706
-38.367343
-38.363734
-38.359885
-38.355801
-38.35149
-38.346963
-38.342229
-38.337306
-38.332208
-38.326958
-38.321579
-38.316098
-38.310548
-38.304963
-38.299385
-38.293856
-38.288425
-38.283141
-38.278058
-38.273232
-38.26872
-38.264577
-38.260859
-38.257616
-38.254896
-38.252739
-38.251182
-38.250268
-38.25003
-38.178383
-38.178377
-38.178367
-38.178355
-38.17834
-38.178324
-38.178306
-38.178285
-38.178262
-38.178236
-38.178209
-38.178183
-38.178161
-38.178149
-38.178154
-38.178189
-38.178269
-38.178417
-38.178658
-38.179018
-38.179518
-38.180157
-38.180906
-38.181695
-38.182424
-38.182946
-38.183194
-38.183165
-38.18297
-38.182776
-38.182682
-38.182659
-38.18257
-38.182314
-38.181897
-38.181496
-38.181249
-38.18118
-38.18121
-38.181259
-38.181299
-38.181334
-38.181378
-38.181439
-38.181521
-38.181623
-38.181742
-38.181878
-38.18203
-38.182197
-38.182378
-38.182572
-38.182778
-38.182996
-38.183224
-38.183461
-38.183707
-38.18396
-38.184221
-38.184488
-38.18476
-38.185038
-38.18532
-38.185606
-38.185896
-38.186188
-38.186483
-38.186779
-38.187077
-38.187376
-38.187675
-38.187973
-38.188272
-38.188569
-38.188865
-38.189159
-38.189451
-38.189741
-38.190027
-38.19031
-38.190589
-38.190864
-38.191135
-38.1914
-38.19166
-38.191915
-38.192164
-38.192406
-38.192642
-38.192871
-38.193093
-38.193307
-38.193514
-38.193713
-38.193904
-38.194087
-38.194261
-38.194428
-38.194586
-38.194736
-38.194878
-38.195013
-38.195139
-38.195259
-38.195371
-38.195476
-38.195574
-38.195667
-38.195754
-38.195835
-38.195912
-38.195984
-38.196053
-38.196118
-38.196179
-38.196239
-38.196296
-38.196352
-38.196406
-38.19646
-38.196513
-38.196567
-38.196621
-38.196676
-38.196732
-38.19679
-38.19685
-38.196912
-38.196976
-38.197044
-38.197114
-38.197188
-38.197266
-38.197347
-38.197432
-38.197521
-38.197615
-38.197713
-38.197816
-38.197924
-38.198037
-38.198154
-38.198277
-38.198404
-38.198537
-38.198675
-38.198818
-38.198966
-38.199119
-38.199277
-38.19944
-38.199608
-38.199781
-38.199958
-38.200139
-38.200325
-38.200514
-38.200708
-38.200905
-38.201105
-38.201308
-38.201515
-38.201724
-38.201936
-38.202151
-38.202367
-38.202586
-38.202807
-38.203029
-38.203253
-38.203479
-38.203707
-38.203936
-38.204167
-38.204399
-38.204632
-38.204867
-38.205103
-38.205341
-38.20558
-38.205821
-38.206063
-38.206307
-38.206553
-38.206801
-38.207051
-38.207303
-38.207557
-38.207813
-38.208072
-38.208334
-38.208598
-38.208865
-38.209135
-38.209408
-38.209684
-38.209964
-38.210247
-38.210534
-38.210825
-38.211119
-38.211418
-38.21172
-38.212027
-38.212337
-38.212652
-38.21297
-38.213292
-38.213618
-38.213947
-38.214279
-38.214614
-38.214952
-38.215292
-38.215633
-38.215976
-38.216319
-38.216662
-38.217005
-38.217347
-38.217686
-38.218023
-38.218356
-38.218686
-38.219011
-38.21933
-38.219643
-38.21995
-38.220249
-38.220541
-38.220826
-38.221102
-38.22137
-38.22163
-38.221882
-38.222126
-38.222362
-38.222592
-38.222814
-38.223031
-38.223242
-38.223447
-38.223649
-38.223846
-38.22404
-38.224231
-38.22442
-38.224607
-38.224794
-38.224979
-38.225165
-38.225351
-38.225538
-38.225727
-38.225917
-38.226109
-38.226303
-38.2265
-38.226699
-38.226901
-38.227106
-38.227314
-38.227525
-38.22774
-38.227959
-38.22818
-38.228406
-38.228635
-38.228868
-38.229104
-38.229343
-38.229586
-38.229833
-38.230083
-38.230336
-38.230592
-38.230852
-38.231115
-38.231381
-38.231651
-38.231923
-38.232199
-38.232478
-38.23276
-38.233045
-38.233333
-38.233624
-38.233918
-38.234214
-38.234514
-38.234816
-38.235121
-38.235429
-38.235739
-38.236052
-38.236368
-38.236686
-38.237007
-38.23733
-38.237656
-38.237983
-38.238312
-38.238642
-38.238973
-38.239306
-38.239638
-38.23997
-38.240302
-38.240632
-38.240961
-38.241287
-38.24161
-38.241928
-38.242241
-38.242548
-38.242848
-38.24314
-38.243423
-38.243695
-38.243955
-38.244202
-38.244436
-38.244654
-38.244855
-38.24504
-38.245205
-38.245351
-38.245476
-38.24558
-38.245661
-38.24572
-38.245756
-38.245769
-38.24576
-38.245729
-38.245676
-38.245602
-38.245509
-38.245399
-38.245272
-38.24513
-38.244976
-38.244813
-38.244641
-38.244465
-38.244286
-38.244108
-38.243934
-38.243767
-38.24361
-38.243466
-38.243337
-38.243227
-38.243138
-38.243073
-38.243033
-38.243022
-38.243041
-38.243091
-38.243176
-38.243295
-38.243452
-38.243648
-38.243884
-38.244162
-38.244482
-38.244847
-38.245257
-38.245715
-38.246222
-38.24678
-38.24739
-38.248055
-38.248776
-38.249556
-38.250399
-38.251305
-38.252278
-38.25332
-38.254435
-38.255626
-38.256895
-38.258247
-38.259684
-38.261209
-38.262827
-38.264541
-38.266354
-38.268269
-38.270289
-38.272416
-38.274654
-38.277004
-38.279467
-38.282046
-38.284741
-38.287552
-38.290479
-38.293522
-38.296678
-38.299941
-38.303313
-38.306786
-38.310355
-38.314014
-38.317755
-38.321569
-38.325448
-38.329379
-38.333352
-38.337354
-38.341373
-38.345394
-38.349405
-38.353389
-38.357333
-38.361221
-38.365039
-38.368771
-38.372403
-38.375922
-38.379314
-38.382567
-38.385667
-38.388605
-38.391369
-38.393949
-38.396338
-38.398527
-38.400508
-38.402277
-38.403826
-38.40515
-38.406246
-38.407108
-38.407734
-38.408121
-38.408265
-38.408164
-38.407818
-38.407222
-38.406377
-38.405281
-38.403932
-38.40233
-38.400475
-38.398367
-38.396005
-38.393389
-38.390521
-38.387404
-38.384041
-38.380435
-38.37659
-38.372515
-38.368217
-38.363707
-38.358997
-38.354102
-38.34904
-38.343833
-38.338505
-38.333084
-38.327602
-38.322094
-38.3166
-38.311164
-38.30583
-38.300651
-38.295676
-38.290959
-38.286556
-38.282518
-38.278898
-38.275745
-38.273103
-38.27101
-38.2695
-38.268614
-38.268386
-38.195891
-38.195883
-38.195872
-38.195858
-38.195842
-38.195825
-38.195805
-38.195783
-38.195757
-38.195729
-38.195698
-38.195667
-38.195639
-38.195619
-38.195614
-38.195636
-38.195701
-38.195827
-38.196038
-38.196356
-38.196791
-38.197339
-38.197966
-38.198606
-38.199163
-38.199585
-38.199845
-38.19997
-38.20001
-38.200038
-38.200099
-38.200155
-38.200085
-38.199821
-38.199396
-38.198975
-38.198697
-38.1986
-38.198628
-38.198705
-38.198789
-38.198862
-38.198927
-38.198995
-38.199075
-38.199174
-38.199291
-38.199426
-38.199578
-38.199744
-38.199924
-38.200117
-38.200322
-38.200538
-38.200765
-38.201001
-38.201245
-38.201497
-38.201757
-38.202022
-38.202294
-38.20257
-38.202852
-38.203137
-38.203425
-38.203716
-38.20401
-38.204305
-38.204602
-38.2049
-38.205198
-38.205496
-38.205793
-38.206089
-38.206384
-38.206678
-38.206969
-38.207257
-38.207543
-38.207825
-38.208103
-38.208377
-38.208647
-38.208912
-38.209171
-38.209425
-38.209673
-38.209915
-38.21015
-38.210378
-38.2106
-38.210814
-38.21102
-38.211219
-38.211409
-38.211592
-38.211766
-38.211933
-38.212091
-38.212242
-38.212384
-38.212519
-38.212646
-38.212766
-38.212878
-38.212984
-38.213084
-38.213177
-38.213265
-38.213347
-38.213425
-38.213498
-38.213567
-38.213633
-38.213696
-38.213756
-38.213814
-38.213871
-38.213926
-38.213981
-38.214035
-38.214089
-38.214144
-38.2142
-38.214257
-38.214315
-38.214376
-38.214438
-38.214504
-38.214572
-38.214643
-38.214717
-38.214795
-38.214877
-38.214962
-38.215052
-38.215146
-38.215245
-38.215348
-38.215456
-38.215569
-38.215686
-38.215809
-38.215937
-38.216069
-38.216207
-38.21635
-38.216498
-38.216651
-38.216809
-38.216972
-38.21714
-38.217312
-38.217489
-38.21767
-38.217855
-38.218044
-38.218237
-38.218433
-38.218633
-38.218836
-38.219042
-38.219251
-38.219463
-38.219677
-38.219893
-38.220111
-38.220332
-38.220554
-38.220778
-38.221004
-38.221231
-38.22146
-38.22169
-38.221922
-38.222156
-38.222391
-38.222627
-38.222865
-38.223104
-38.223345
-38.223588
-38.223832
-38.224078
-38.224326
-38.224576
-38.224828
-38.225083
-38.22534
-38.225599
-38.225861
-38.226125
-38.226393
-38.226663
-38.226936
-38.227213
-38.227493
-38.227777
-38.228065
-38.228356
-38.228651
-38.228949
-38.229252
-38.229559
-38.229869
-38.230184
-38.230502
-38.230824
-38.23115
-38.231478
-38.23181
-38.232145
-38.232482
-38.23282
-38.233161
-38.233502
-38.233844
-38.234186
-38.234527
-38.234867
-38.235205
-38.23554
-38.235872
-38.2362
-38.236523
-38.23684
-38.237152
-38.237458
-38.237756
-38.238047
-38.238331
-38.238606
-38.238874
-38.239134
-38.239386
-38.23963
-38.239867
-38.240097
-38.24032
-38.240538
-38.24075
-38.240957
-38.241159
-38.241357
-38.241552
-38.241745
-38.241935
-38.242123
-38.242311
-38.242498
-38.242684
-38.242872
-38.24306
-38.243249
-38.24344
-38.243632
-38.243827
-38.244024
-38.244224
-38.244426
-38.244632
-38.24484
-38.245052
-38.245267
-38.245486
-38.245708
-38.245933
-38.246163
-38.246395
-38.246632
-38.246871
-38.247114
-38.247361
-38.247611
-38.247864
-38.24812
-38.24838
-38.248643
-38.248909
-38.249179
-38.249452
-38.249728
-38.250007
-38.250289
-38.250574
-38.250862
-38.251153
-38.251446
-38.251743
-38.252042
-38.252345
-38.25265
-38.252957
-38.253268
-38.253581
-38.253896
-38.254214
-38.254535
-38.254858
-38.255183
-38.25551
-38.255838
-38.256168
-38.256498
-38.256829
-38.257161
-38.257492
-38.257822
-38.258151
-38.258478
-38.258803
-38.259124
-38.25944
-38.259751
-38.260056
-38.260353
-38.260642
-38.260922
-38.261191
-38.261448
-38.261693
-38.261923
-38.262138
-38.262337
-38.262518
-38.262681
-38.262824
-38.262947
-38.263048
-38.263128
-38.263185
-38.263221
-38.263234
-38.263224
-38.263194
-38.263142
-38.26307
-38.26298
-38.262872
-38.262748
-38.262611
-38.262461
-38.262302
-38.262136
-38.261965
-38.261792
-38.26162
-38.261452
-38.261292
-38.261141
-38.261003
-38.26088
-38.260776
-38.260693
-38.260634
-38.2606
-38.260593
-38.260617
-38.260672
-38.260761
-38.260885
-38.261046
-38.261246
-38.261487
-38.261768
-38.262093
-38.262462
-38.262878
-38.263341
-38.263852
-38.264415
-38.265031
-38.265702
-38.266429
-38.267215
-38.268065
-38.268979
-38.269959
-38.271009
-38.272132
-38.273331
-38.274608
-38.275968
-38.277414
-38.278948
-38.280574
-38.282296
-38.284117
-38.286039
-38.288066
-38.2902
-38.292442
-38.294796
-38.297263
-38.299844
-38.302539
-38.305349
-38.308274
-38.311311
-38.314461
-38.317716
-38.321076
-38.324536
-38.328089
-38.33173
-38.335451
-38.339243
-38.343097
-38.347002
-38.350947
-38.35492
-38.358908
-38.362898
-38.366876
-38.370829
-38.374741
-38.378597
-38.382383
-38.386085
-38.389689
-38.39318
-38.396545
-38.399773
-38.402851
-38.405767
-38.408512
-38.411074
-38.413447
-38.415621
-38.417591
-38.419348
-38.420886
-38.422202
-38.423289
-38.424144
-38.424763
-38.425143
-38.425281
-38.425175
-38.424823
-38.424223
-38.423373
-38.422272
-38.42092
-38.419315
-38.417455
-38.415342
-38.412977
-38.410356
-38.407485
-38.404366
-38.401002
-38.397397
-38.393556
-38.389485
-38.385195
-38.380696
-38.376001
-38.371125
-38.366087
-38.360908
-38.355614
-38.350232
-38.344794
-38.339337
-38.333899
-38.328523
-38.323255
-38.318143
-38.313239
-38.308595
-38.304263
-38.300294
-38.29674
-38.293646
-38.291055
-38.289004
-38.287525
-38.286657
-38.286437
-38.213402
-38.213394
-38.21338
-38.213364
-38.213348
-38.21333
-38.213309
-38.213286
-38.21326
-38.21323
-38.213197
-38.213164
-38.213133
-38.213109
-38.2131
-38.213117
-38.213175
-38.213292
-38.21349
-38.213787
-38.21419
-38.214691
-38.215252
-38.215818
-38.216345
-38.216811
-38.217188
-38.217461
-38.217626
-38.217698
-38.217704
-38.217664
-38.21752
-38.217225
-38.21681
-38.216427
-38.216176
-38.216088
-38.216126
-38.216218
-38.216317
-38.2164
-38.216468
-38.216535
-38.216614
-38.216712
-38.216829
-38.216965
-38.217116
-38.217282
-38.217462
-38.217655
-38.21786
-38.218075
-38.218301
-38.218536
-38.21878
-38.219032
-38.219291
-38.219556
-38.219826
-38.220102
-38.220383
-38.220667
-38.220955
-38.221246
-38.221539
-38.221833
-38.222129
-38.222426
-38.222724
-38.223021
-38.223318
-38.223614
-38.223908
-38.224201
-38.224491
-38.224779
-38.225064
-38.225346
-38.225622
-38.225896
-38.226166
-38.22643
-38.226689
-38.226943
-38.22719
-38.227431
-38.227666
-38.227894
-38.228115
-38.228329
-38.228535
-38.228733
-38.228923
-38.229106
-38.229281
-38.229447
-38.229605
-38.229756
-38.229898
-38.230033
-38.230161
-38.23028
-38.230393
-38.2305
-38.230599
-38.230693
-38.230781
-38.230864
-38.230942
-38.231016
-38.231085
-38.231151
-38.231215
-38.231275
-38.231334
-38.231391
-38.231447
-38.231502
-38.231557
-38.231611
-38.231667
-38.231723
-38.23178
-38.231839
-38.2319
-38.231963
-38.232028
-38.232097
-38.232168
-38.232243
-38.232321
-38.232403
-38.232488
-38.232578
-38.232673
-38.232772
-38.232875
-38.232983
-38.233096
-38.233214
-38.233337
-38.233464
-38.233597
-38.233735
-38.233878
-38.234026
-38.234179
-38.234337
-38.2345
-38.234668
-38.23484
-38.235016
-38.235197
-38.235382
-38.235571
-38.235764
-38.23596
-38.23616
-38.236362
-38.236568
-38.236777
-38.236988
-38.237202
-38.237418
-38.237636
-38.237856
-38.238078
-38.238302
-38.238527
-38.238755
-38.238983
-38.239214
-38.239446
-38.239679
-38.239914
-38.24015
-38.240388
-38.240627
-38.240868
-38.241111
-38.241355
-38.241601
-38.24185
-38.2421
-38.242352
-38.242607
-38.242864
-38.243123
-38.243385
-38.24365
-38.243918
-38.244188
-38.244462
-38.244739
-38.24502
-38.245304
-38.245591
-38.245883
-38.246178
-38.246477
-38.24678
-38.247087
-38.247398
-38.247712
-38.248031
-38.248353
-38.248678
-38.249007
-38.249339
-38.249673
-38.25001
-38.250348
-38.250688
-38.251029
-38.25137
-38.251712
-38.252052
-38.252391
-38.252728
-38.253063
-38.253394
-38.253721
-38.254043
-38.25436
-38.254671
-38.254975
-38.255273
-38.255563
-38.255846
-38.256121
-38.256389
-38.256648
-38.2569
-38.257144
-38.257381
-38.257611
-38.257835
-38.258052
-38.258264
-38.258471
-38.258674
-38.258873
-38.259068
-38.259261
-38.259452
-38.259641
-38.259829
-38.260016
-38.260203
-38.260391
-38.260579
-38.260769
-38.26096
-38.261153
-38.261348
-38.261546
-38.261746
-38.261949
-38.262154
-38.262363
-38.262575
-38.26279
-38.263009
-38.263231
-38.263457
-38.263687
-38.263919
-38.264156
-38.264396
-38.264639
-38.264885
-38.265135
-38.265388
-38.265645
-38.265905
-38.266168
-38.266434
-38.266704
-38.266977
-38.267253
-38.267532
-38.267814
-38.268099
-38.268387
-38.268678
-38.268972
-38.269269
-38.269568
-38.269871
-38.270176
-38.270483
-38.270794
-38.271107
-38.271422
-38.271741
-38.272061
-38.272384
-38.272709
-38.273035
-38.273363
-38.273693
-38.274023
-38.274354
-38.274685
-38.275015
-38.275345
-38.275674
-38.276
-38.276323
-38.276643
-38.276958
-38.277268
-38.277572
-38.277868
-38.278156
-38.278434
-38.278702
-38.278957
-38.2792
-38.279429
-38.279643
-38.27984
-38.28002
-38.280181
-38.280322
-38.280444
-38.280543
-38.280622
-38.280679
-38.280713
-38.280725
-38.280716
-38.280685
-38.280634
-38.280562
-38.280473
-38.280366
-38.280244
-38.280108
-38.27996
-38.279803
-38.279639
-38.27947
-38.2793
-38.279131
-38.278966
-38.278809
-38.278661
-38.278526
-38.278406
-38.278305
-38.278225
-38.278168
-38.278137
-38.278134
-38.27816
-38.278218
-38.278309
-38.278436
-38.278599
-38.278802
-38.279044
-38.279328
-38.279655
-38.280027
-38.280445
-38.280911
-38.281425
-38.281991
-38.28261
-38.283284
-38.284015
-38.284808
-38.285659
-38.286576
-38.28756
-38.288615
-38.289742
-38.290946
-38.292228
-38.293593
-38.295044
-38.296583
-38.298215
-38.299942
-38.301768
-38.303695
-38.305727
-38.307865
-38.310112
-38.31247
-38.31494
-38.317523
-38.32022
-38.323032
-38.325957
-38.328994
-38.332141
-38.335396
-38.338752
-38.342206
-38.345753
-38.349387
-38.3531
-38.356882
-38.360725
-38.364618
-38.36855
-38.372509
-38.376482
-38.380457
-38.384419
-38.388354
-38.392249
-38.396088
-38.399858
-38.403543
-38.40713
-38.410604
-38.413954
-38.417167
-38.420231
-38.423134
-38.425866
-38.428417
-38.430779
-38.432944
-38.434904
-38.436652
-38.438183
-38.439491
-38.440572
-38.441421
-38.442034
-38.442408
-38.442541
-38.44243
-38.442072
-38.441467
-38.440613
-38.439509
-38.438153
-38.436544
-38.434683
-38.432568
-38.430199
-38.427582
-38.424712
-38.421593
-38.418229
-38.414624
-38.410784
-38.406716
-38.40243
-38.397936
-38.393247
-38.388381
-38.383355
-38.37819
-38.372912
-38.36755
-38.362134
-38.356702
-38.351292
-38.345946
-38.34071
-38.335633
-38.330765
-38.326157
-38.32186
-38.317926
-38.314404
-38.311339
-38.308774
-38.306743
-38.305277
-38.304408
-38.304183
)
;

boundaryField
{
    leftWall
    {
        type            calculated;
        value           nonuniform List<scalar> 
40
(
0
-17.468825
-31.88287
-37.58562
-37.601048
-37.618727
-37.636001
-37.653329
-37.670822
-37.688225
-37.705688
-37.723162
-37.740651
-37.758153
-37.775665
-37.793183
-37.810706
-37.828233
-37.84576
-37.863288
-37.880815
-37.898339
-37.915861
-37.93338
-37.950895
-37.968406
-37.985914
-38.003418
-38.02092
-38.038418
-38.055915
-38.073409
-38.090901
-38.108393
-38.125886
-38.143381
-38.16088
-38.178383
-38.195891
-38.213402
)
;
    }
    rightWall
    {
        type            calculated;
        value           nonuniform List<scalar> 
40
(
352.43399
233.43113
70.073191
-11.25401
-33.070483
-36.715718
-37.343635
-37.65682
-37.638407
-37.65142
-37.701674
-37.702415
-37.679215
-37.676987
-37.69703
-37.726885
-37.760054
-37.793801
-37.826806
-37.858541
-37.888854
-37.917762
-37.945358
-37.971764
-37.997105
-38.0215
-38.045058
-38.067873
-38.090027
-38.111591
-38.132626
-38.153181
-38.173299
-38.193016
-38.212362
-38.23136
-38.25003
-38.268386
-38.286437
-38.304183
)
;
    }
    lowerWall
    {
        type            calculated;
        value           nonuniform List<scalar> 
480
(
8.7255792
8.8163982
8.7976518
8.7758564
8.7526593
8.7188388
8.6636816
8.587579
8.5287042
8.5117837
8.5317955
8.5764899
8.6358837
8.6997395
8.7576582
8.8036756
8.8377858
8.8618003
8.8786761
8.8923453
8.9064978
8.9222076
8.9396531
8.9583063
8.97705
8.9949734
9.0119273
9.028608
9.0451417
9.0600978
9.0717687
9.0797495
9.0847277
9.0884883
9.0934518
9.1013555
9.1130296
9.1288666
9.1489994
9.1734665
9.2021405
9.2343423
9.2683898
9.3015698
9.3314356
9.3567467
9.3759525
9.3884232
9.3950808
9.3980084
9.3995145
9.4015506
9.4057041
9.4129361
9.4234025
9.4363386
9.4497226
9.4610232
9.4685953
9.4718414
9.4708415
9.4664682
9.4601909
9.453234
9.4465662
9.4410137
9.4371127
9.434987
9.434246
9.4341173
9.4339522
9.4335037
9.4325692
9.431056
9.429014
9.4265979
9.4239612
9.4212085
9.418393
9.4154568
9.4123069
9.4088519
9.4049758
9.4005166
9.3952469
9.3890121
9.3817685
9.3734218
9.3637902
9.3526657
9.3398525
9.3251777
9.3085121
9.2898099
9.2691952
9.247174
9.224937
9.2043255
9.1861893
9.1696562
9.1543048
9.1400354
9.1269183
9.1149472
9.1039917
9.0937416
9.0837344
9.0735013
9.0625176
9.0502881
9.0364295
9.0207272
9.0031814
8.9839438
8.9632974
8.9416322
8.9193821
8.8969639
8.8747599
8.8531095
8.8322028
8.8121016
8.7928162
8.7742406
8.7561403
8.7381405
8.7198131
8.7006151
8.680042
8.6576267
8.632787
8.6050742
8.5742964
8.5404282
8.5036094
8.4641808
8.4227846
8.3803071
8.3376407
8.2955929
8.2549755
8.2164676
8.1804633
8.1470509
8.1160137
8.0870151
8.0593164
8.0323201
8.0054688
7.9782445
7.9502442
7.9211968
7.8909737
7.8595383
7.8269415
7.7932951
7.7587286
7.723318
7.6870467
7.6498682
7.611803
7.5729697
7.53352
7.4935883
7.453328
7.4128906
7.3723557
7.3316793
7.2906751
7.2490145
7.2062532
7.161904
7.1155588
7.0669955
7.0161875
6.9632359
6.908324
6.8517454
6.7939941
6.7357292
6.6775597
6.6202197
6.5645184
6.5107575
6.4601969
6.41289
6.367449
6.3346203
6.3248437
6.3280014
6.3346931
6.3451313
6.3540066
6.3524014
6.3415408
6.3242085
6.2971617
6.2561808
6.1988126
6.124252
6.0337212
5.9302457
5.8176033
5.6995962
5.579875
5.4619093
5.348832
5.2431322
5.1463729
5.0591291
4.9811496
4.91163
4.8496386
4.7943843
4.7449437
4.7009169
4.6629077
4.6287036
4.5967581
4.5744774
4.5640565
4.5564947
4.5455257
4.5311831
4.5126571
4.4870918
4.4522638
4.4069828
4.350726
4.2837353
4.2069847
4.1219729
4.0305558
3.9348178
3.8367977
3.7382113
3.6403401
3.5440785
3.4500614
3.3587921
3.2707067
3.1862311
3.1057508
3.0297254
2.9584204
2.8918624
2.8300383
2.77284
2.7199899
2.6709959
2.6251098
2.5813277
2.5383927
2.494943
2.4503453
2.4056689
2.3628209
2.3231595
2.2878946
2.2545303
2.2129027
2.1641174
2.1321683
2.1198697
2.1151711
2.1189423
2.1238851
2.1169044
2.1019765
2.0819295
2.0525317
2.0124962
1.963397
1.9047889
1.83649
1.7591641
1.6759404
1.5903745
1.5047481
1.4216574
1.3438255
1.2731741
1.2122067
1.1629643
1.1196004
1.074274
1.0384574
1.0266037
1.0255441
1.0264318
1.0314787
1.0434749
1.0724645
1.1161019
1.1401672
1.1364221
1.1249098
1.1060669
1.0733206
1.0270328
0.96839531
0.89808048
0.81798357
0.73078243
0.63910195
0.54523805
0.45082142
0.35659118
0.26340919
0.17148951
0.079881056
-0.012174594
-0.10480954
-0.19783062
-0.29075388
-0.38284919
-0.47322722
-0.56095261
-0.64515895
-0.72514117
-0.80026413
-0.8703565
-0.93522375
-0.99482369
-1.0491856
-1.0984378
-1.1427816
-1.1824973
-1.2179733
-1.2496953
-1.277879
-1.3033711
-1.3263087
-1.3461387
-1.3631673
-1.3785577
-1.3932787
-1.4080763
-1.4235831
-1.4404196
-1.4589968
-1.4796265
-1.5026273
-1.528622
-1.558651
-1.5940114
-1.6336674
-1.6696182
-1.6903927
-1.6899993
-1.6727246
-1.6614243
-1.6988085
-1.8085872
-1.9033664
-1.9221219
-1.9442693
-1.9993017
-2.0452481
-2.0739264
-2.0931787
-2.1050618
-2.110438
-2.1112585
-2.1089687
-2.1041622
-2.0976449
-2.0909005
-2.0848355
-2.0775847
-2.0650671
-2.046877
-2.0327758
-2.0365808
-2.0522122
-2.0442571
-1.9841382
-1.8969215
-1.8862143
-2.0068325
-2.1111393
-2.0507199
-1.8847313
-1.6885294
-1.6191107
-1.8541647
-2.1543202
-2.1732278
-1.9887253
-1.7350341
-1.4426337
-1.3252878
-1.667111
-2.1920693
-2.3724524
-2.1828744
-1.7884241
-1.2953861
-0.96020086
-1.1923691
-2.0250303
-2.7772612
-2.8588096
-2.5325209
-1.878471
-1.1929162
-0.88824389
-1.3448834
-2.5959523
-3.6503728
-3.6723527
-3.6013361
-3.4191635
-2.764365
-2.220036
-2.1360852
-2.5242324
-3.4929569
-4.5041137
-4.6231301
-4.3755205
-4.4169556
-4.400897
-3.8875902
-3.3420011
-3.2294786
-3.3975129
-3.864558
-4.4920035
-4.7179189
-4.6947739
-4.6631838
-4.3558626
-3.9087077
-3.757848
-3.8596996
-4.1001069
-4.4275572
-4.5561865
-4.4965882
-4.4263058
-4.3344139
-4.2557511
-4.2560291
-4.2899989
-4.3112436
-4.3145075
-4.2913268
-4.2492321
-4.2387574
-4.3508649
-4.6323286
-4.9784239
-5.1622808
-5.1096377
-5.019837
-5.0024847
-4.9872509
-4.9064628
-4.7990136
-4.7194817
-4.6481519
-4.5898502
-4.5559347
-4.4799188
-4.339363
-4.2056758
-4.1632061
-4.2922262
-4.5251742
-4.3727177
-3.6495651
-2.5317697
-0.87709491
2.2910462
17.273436
73.442526
183.24685
304.08629
353.43884
)
;
    }
    atmosphere
    {
        type            calculated;
        value           nonuniform List<scalar> 
480
(
-38.222162
-38.222154
-38.22214
-38.222124
-38.222108
-38.22209
-38.222069
-38.222046
-38.22202
-38.22199
-38.221957
-38.221924
-38.221893
-38.221869
-38.22186
-38.221877
-38.221935
-38.222052
-38.22225
-38.222547
-38.22295
-38.223451
-38.224012
-38.224578
-38.225105
-38.225571
-38.225948
-38.226221
-38.226386
-38.226458
-38.226464
-38.226424
-38.22628
-38.225985
-38.22557
-38.225187
-38.224936
-38.224848
-38.224886
-38.224978
-38.225077
-38.22516
-38.225228
-38.225295
-38.225374
-38.225472
-38.225589
-38.225725
-38.225876
-38.226042
-38.226222
-38.226415
-38.22662
-38.226835
-38.227061
-38.227297
-38.22754
-38.227792
-38.228051
-38.228316
-38.228587
-38.228862
-38.229143
-38.229427
-38.229715
-38.230006
-38.230299
-38.230593
-38.23089
-38.231186
-38.231484
-38.231781
-38.232078
-38.232374
-38.232668
-38.232961
-38.233251
-38.233539
-38.233824
-38.234106
-38.234382
-38.234657
-38.234926
-38.23519
-38.235449
-38.235703
-38.23595
-38.236191
-38.236426
-38.236654
-38.236875
-38.237089
-38.237295
-38.237493
-38.237684
-38.237866
-38.238041
-38.238207
-38.238365
-38.238516
-38.238658
-38.238793
-38.238921
-38.23904
-38.239153
-38.23926
-38.239359
-38.239453
-38.239541
-38.239624
-38.239702
-38.239776
-38.239845
-38.239912
-38.239975
-38.240035
-38.240094
-38.240151
-38.240207
-38.240262
-38.240317
-38.240371
-38.240427
-38.240483
-38.24054
-38.240599
-38.24066
-38.240723
-38.240788
-38.240857
-38.240928
-38.241003
-38.241081
-38.241163
-38.241249
-38.241339
-38.241433
-38.241532
-38.241635
-38.241743
-38.241856
-38.241974
-38.242097
-38.242225
-38.242357
-38.242495
-38.242638
-38.242786
-38.24294
-38.243097
-38.24326
-38.243428
-38.2436
-38.243776
-38.243957
-38.244142
-38.244331
-38.244524
-38.24472
-38.24492
-38.245122
-38.245328
-38.245537
-38.245748
-38.245962
-38.246178
-38.246396
-38.246616
-38.246838
-38.247062
-38.247287
-38.247515
-38.247743
-38.247974
-38.248206
-38.248439
-38.248674
-38.24891
-38.249148
-38.249387
-38.249628
-38.249871
-38.250115
-38.250361
-38.25061
-38.25086
-38.251112
-38.251367
-38.251624
-38.251883
-38.252145
-38.25241
-38.252678
-38.252948
-38.253222
-38.253499
-38.25378
-38.254064
-38.254351
-38.254643
-38.254938
-38.255237
-38.25554
-38.255847
-38.256158
-38.256472
-38.256791
-38.257113
-38.257438
-38.257767
-38.258099
-38.258433
-38.25877
-38.259108
-38.259448
-38.259789
-38.260131
-38.260472
-38.260812
-38.261151
-38.261488
-38.261823
-38.262154
-38.262481
-38.262803
-38.26312
-38.263431
-38.263735
-38.264033
-38.264323
-38.264606
-38.264881
-38.265149
-38.265408
-38.26566
-38.265904
-38.266141
-38.266371
-38.266595
-38.266812
-38.267024
-38.267231
-38.267434
-38.267633
-38.267829
-38.268021
-38.268212
-38.268401
-38.268589
-38.268776
-38.268963
-38.269151
-38.269339
-38.269529
-38.26972
-38.269913
-38.270108
-38.270306
-38.270506
-38.270709
-38.270914
-38.271123
-38.271335
-38.27155
-38.271769
-38.271991
-38.272217
-38.272447
-38.272679
-38.272916
-38.273156
-38.273399
-38.273645
-38.273895
-38.274148
-38.274405
-38.274665
-38.274928
-38.275194
-38.275464
-38.275737
-38.276013
-38.276292
-38.276574
-38.276859
-38.277147
-38.277438
-38.277732
-38.278029
-38.278328
-38.278631
-38.278936
-38.279243
-38.279554
-38.279867
-38.280182
-38.280501
-38.280821
-38.281144
-38.281469
-38.281795
-38.282123
-38.282453
-38.282783
-38.283114
-38.283445
-38.283775
-38.284105
-38.284434
-38.28476
-38.285083
-38.285403
-38.285718
-38.286028
-38.286332
-38.286628
-38.286916
-38.287194
-38.287462
-38.287718
-38.287961
-38.288189
-38.288403
-38.2886
-38.28878
-38.288941
-38.289082
-38.289204
-38.289304
-38.289382
-38.289439
-38.289473
-38.289485
-38.289476
-38.289445
-38.289394
-38.289322
-38.289233
-38.289126
-38.289004
-38.288868
-38.28872
-38.288563
-38.288399
-38.28823
-38.28806
-38.287891
-38.287726
-38.287569
-38.287421
-38.287286
-38.287166
-38.287065
-38.286985
-38.286928
-38.286897
-38.286894
-38.28692
-38.286978
-38.287069
-38.287196
-38.287359
-38.287562
-38.287804
-38.288088
-38.288415
-38.288787
-38.289205
-38.289671
-38.290185
-38.290751
-38.29137
-38.292044
-38.292775
-38.293568
-38.294419
-38.295336
-38.29632
-38.297375
-38.298502
-38.299706
-38.300989
-38.302353
-38.303804
-38.305343
-38.306975
-38.308702
-38.310528
-38.312455
-38.314487
-38.316625
-38.318872
-38.32123
-38.3237
-38.326283
-38.32898
-38.331792
-38.334717
-38.337754
-38.340901
-38.344156
-38.347512
-38.350966
-38.354513
-38.358147
-38.36186
-38.365642
-38.369485
-38.373378
-38.37731
-38.381269
-38.385242
-38.389217
-38.393179
-38.397114
-38.401009
-38.404848
-38.408618
-38.412303
-38.41589
-38.419364
-38.422714
-38.425927
-38.428991
-38.431894
-38.434626
-38.437177
-38.439539
-38.441704
-38.443664
-38.445412
-38.446943
-38.448251
-38.449332
-38.450181
-38.450794
-38.451168
-38.451301
-38.45119
-38.450832
-38.450227
-38.449373
-38.448269
-38.446913
-38.445304
-38.443443
-38.441328
-38.438959
-38.436342
-38.433472
-38.430353
-38.426989
-38.423384
-38.419544
-38.415476
-38.41119
-38.406696
-38.402007
-38.397141
-38.392115
-38.38695
-38.381672
-38.37631
-38.370894
-38.365462
-38.360052
-38.354706
-38.34947
-38.344393
-38.339525
-38.334917
-38.33062
-38.326686
-38.323164
-38.3201
-38.317534
-38.315503
-38.314037
-38.313168
-38.312943
)
;
    }
    defaultFaces
    {
        type            empty;
    }
}


// ************************************************************************* //
