iteration,$U_x$,$U_y$,$U_z$,$p$,$k$,$\omega$
1,0.0166879834485,0.0726676239655,0.222100403571,0.198645571029,1.0,0.997113001174
2,0.00982976631969,0.0302041753221,0.108679729822,0.194356385224,0.300232513366,0.337628838459
3,0.00761915278122,0.0187043692,0.064920488412,0.0969694425656,0.12997467426,0.139420124616
4,0.00592739594993,0.0148969549171,0.0479790820166,0.0843681409661,0.0704879537083,0.068199471811
5,0.00430794201393,0.0117072754819,0.0404031085065,0.0794972575397,0.0439972045915,0.0394478204638
6,0.00330632788447,0.0102595362588,0.0366899033227,0.0734360262221,0.0298990548753,0.0256219332898
7,0.00301320119793,0.00977413901492,0.032175032441,0.0649036623135,0.0214254000724,0.0179680042881
8,0.0029367010818,0.00943124737344,0.0274642657772,0.056154654559,0.0160249085004,0.0132624265674
9,0.00274335101319,0.00909989632407,0.024018248375,0.0491738530981,0.0123483031724,0.0101631842183
10,0.00248326035708,0.00885707489331,0.022093483217,0.0441853987491,0.00974945544527,0.00801256386454
11,0.00225825468752,0.00877479907708,0.0207228984968,0.0409023502357,0.00787845019272,0.00646038765459
12,0.00212615031234,0.0088232933044,0.0192959809195,0.0388223288768,0.0064953671058,0.00530767359482
13,0.00205953620852,0.00890848991632,0.0179208275475,0.037281561932,0.00546405864317,0.00443511172996
14,0.00199252505715,0.00899500771595,0.0167769452475,0.0359744699462,0.00468735512602,0.00375932046479
15,0.00191582833725,0.00908219203176,0.0159581949894,0.0347674221243,0.00409333526387,0.00322745678107
16,0.00183751906222,0.00918714710326,0.0153491952047,0.0336748133396,0.0036380840884,0.00280372441951
17,0.00177654455744,0.00928777055524,0.0147651406048,0.0327197406113,0.00327935776885,0.00246040530567
18,0.00172664471298,0.00934708152417,0.0141606513604,0.0319553247518,0.00299077836323,0.00217815419929
19,0.0016835188781,0.00936419753586,0.013572736406,0.0313049866637,0.00276295200739,0.00194370297573
20,0.00164423699485,0.00935566113693,0.0130488279518,0.0305827729377,0.00257351387955,0.00174417911432
21,0.00160880624898,0.00935781937252,0.0125728323087,0.0299442457823,0.00241997792105,0.00157407259124
22,0.00157931356069,0.00937921620954,0.0121220045597,0.0295607680385,0.00229690437477,0.00142934155479
23,0.0015568997726,0.00941505557328,0.0116971049871,0.0292484476626,0.0021933970248,0.00130329341647
24,0.00153799182367,0.00944159973953,0.0113120243071,0.0291589319082,0.00210129243054,0.0011930766384
25,0.00152305933265,0.00944927098364,0.0109726032627,0.0291199857346,0.0020280251016,0.00109740086993
26,0.00150900267328,0.00946248593339,0.0106709480603,0.0290763128123,0.00196755195822,0.00101378557574
27,0.00149637950499,0.00948185512184,0.0104083772842,0.0290237028675,0.0019100049219,0.000941056014851
28,0.00148440368676,0.00952633638434,0.0101731348195,0.0290224778609,0.00186470803328,0.000877449293632
29,0.00147122125466,0.00958136552364,0.00999104607718,0.0290891247119,0.001829867689,0.00082178558888
30,0.00145522205732,0.00964863706365,0.00985195481995,0.0291273954649,0.0018006335642,0.000772274490899
31,0.0014386535499,0.00968796172749,0.00976259232833,0.0289652497373,0.00178000806683,0.000727932488999
32,0.00142085958491,0.00971838393947,0.00972676008373,0.0288924220175,0.00175808603774,0.000687716229775
33,0.00140303555477,0.009729924296,0.00969974313379,0.0288673137987,0.0017479636079,0.00065208627611
34,0.00138428452183,0.00973663582639,0.00967600110362,0.0288100770791,0.00173764279936,0.000619965917105
35,0.00136540395296,0.00973089666665,0.00964058779523,0.0286828718924,0.00173194769078,0.000590021220775
36,0.00134734653524,0.00972441132232,0.00958661053971,0.0285928115718,0.00173370379331,0.000562456314563
37,0.00133327289752,0.00972485343251,0.00951842817017,0.0284746558241,0.00173880062375,0.000536047209289
38,0.00132134855834,0.00975348710533,0.00942152853145,0.0283719792016,0.00174680125465,0.000511155194918
39,0.00131117013661,0.00981953097025,0.0093249297533,0.0283855835397,0.00175255439413,0.000487685172406
40,0.00130122885511,0.00990934551765,0.00924077587685,0.0285690786146,0.00176328212869,0.000467061498084
41,0.00129117737877,0.0100282114325,0.00916296709243,0.028805247329,0.00177841029911,0.000448134685925
42,0.00128453436709,0.0101835646063,0.00908134193099,0.0290138675144,0.00179339969089,0.00043180046416
43,0.00128005048886,0.0103503199934,0.0090007239658,0.0290114970052,0.00181815418503,0.000417318629258
44,0.00127440980701,0.0105126745987,0.00894259792952,0.0287792395276,0.00184210313218,0.000403830265756
45,0.00126665421697,0.0106275174916,0.00889275957154,0.0288560174585,0.00186673979659,0.000391318049555
46,0.00125805952021,0.0106880268872,0.0088509020327,0.0289693887155,0.00189178692568,0.000379594210351
47,0.00124918147084,0.010759295815,0.00881630934886,0.0289479163931,0.00191170053757,0.00036814571407
48,0.00124358460965,0.0108195178044,0.00879501086536,0.0288194027931,0.00193503080568,0.000357706839538
49,0.00124085817586,0.010856117279,0.00878155655818,0.0285606919374,0.00196461727562,0.000348076670514
50,0.0012377516853,0.0108632553692,0.0087966792272,0.0281263902681,0.00199139360545,0.000338792444769
51,0.00123125815762,0.0108656213618,0.00883902946216,0.0278233851973,0.00201862343778,0.000330470533999
52,0.00122207523993,0.0108731918611,0.00889489807761,0.0274632971267,0.00205037728269,0.000323221809043
53,0.00121403295675,0.0108721010525,0.00895188192241,0.0273871869861,0.00207440535169,0.000315681359101
54,0.00120510046466,0.0108365547507,0.00900385892717,0.0274040767087,0.00209010764823,0.000308023709353
55,0.00119829425884,0.0107928223078,0.00902634492324,0.0273119236493,0.00210564075962,0.000300207411728
56,0.00118938713359,0.010763673118,0.00905158171935,0.0271360575919,0.0021195973237,0.000292562139617
57,0.00117904712202,0.0107708849465,0.00908458664815,0.0268680047908,0.00213862569331,0.000285341320239
58,0.00116792161832,0.0108223504848,0.00912918953825,0.0265898913967,0.00215019201879,0.000278326334588
59,0.00115887549623,0.0108682122951,0.0091820186311,0.0262740625709,0.00215805164256,0.000272410618573
60,0.00115131336913,0.0108627307575,0.00922111283725,0.0259437618893,0.00216344004944,0.000266360407858
61,0.00114612256692,0.0108287261017,0.00924150770274,0.0257721043104,0.00216312221454,0.000261173234109
62,0.00114068355196,0.010769837654,0.00924087933022,0.0256665881244,0.00215738615146,0.000255768452549
63,0.00113564490604,0.0106740080327,0.00923059896145,0.0255658781995,0.00215502005814,0.00025126016239
64,0.00113149992527,0.010555512836,0.0092110118751,0.0254225899998,0.00214583297491,0.000247217299333
65,0.00112793704737,0.0104224177316,0.00917425994576,0.0252007637827,0.00213707972355,0.000243161143564
66,0.00112511903216,0.0102687018599,0.00913988101719,0.0249769920415,0.00213611956269,0.000238842433205
67,0.00112221580617,0.0101067689263,0.00910889373268,0.0248289094303,0.00213121411407,0.000235209325767
68,0.00111905032373,0.00994773743579,0.00908677734997,0.0247225460297,0.00212490847936,0.000231974358408
69,0.00111532681213,0.00980341501837,0.0090553298592,0.0245071112322,0.00212053493925,0.00022887198669
70,0.0011109383157,0.00968603086148,0.00901658147681,0.0242331265031,0.00212103021982,0.000226276255477
71,0.00110657221125,0.00959453258608,0.00897144343897,0.0239198006289,0.00212051066894,0.000223521867496
72,0.00110345141973,0.009528531357,0.00891865903901,0.0236460936844,0.00212527277193,0.000221135801787
73,0.00110071226333,0.00947135968592,0.008862812872,0.0234483501011,0.00213323807021,0.000218921351767
74,0.0010985746672,0.00942436609639,0.00879683660028,0.0233394174376,0.00214647423294,0.000216640699845
75,0.00109605651872,0.00938063432538,0.00872295381879,0.0231959872556,0.00216263380839,0.000214192121816
76,0.00109322418846,0.00933465343693,0.00863589099879,0.0229886133064,0.00217842978173,0.000212140944602
77,0.00108990941555,0.00928046341028,0.00854087932537,0.0227762406797,0.00219249979138,0.000210231700862
78,0.00108494293625,0.00923598077124,0.00843617900751,0.0225367211175,0.0022061414977,0.000207816839671
79,0.00107919405267,0.00920230378117,0.00833083755646,0.0222825995987,0.00222129676753,0.000206048019775
80,0.00107343044413,0.00917548626881,0.00822561996328,0.0220690658566,0.00223817527738,0.000203980980213
81,0.00106851715643,0.00914948936429,0.00813391962596,0.0219215941095,0.00225629117797,0.00020237937445
82,0.00106400861281,0.00912597045174,0.00806149296917,0.02186378322,0.00227278609453,0.000200502468221
83,0.00106111353412,0.00910345681779,0.0080049077306,0.0218298104316,0.0022919124792,0.000199368765315
84,0.00105821858228,0.00907917494428,0.007956687229,0.0218313648252,0.00231261862884,0.000198000731168
85,0.00105637086096,0.00904990102649,0.00790643994022,0.0218788706358,0.00233301858964,0.000196995156748
86,0.00105580812132,0.00901648775479,0.00786543881257,0.0220293693527,0.00235113787737,0.000196330583128
87,0.00105555622175,0.00897290092736,0.007836302695,0.0221777207134,0.00236706459331,0.000195607635107
88,0.00105532745303,0.00891054630572,0.00781181981284,0.0224112282253,0.00237769934095,0.000194576164359
89,0.00105466256634,0.00882594602947,0.00779333498482,0.0227083286145,0.00238792890066,0.000193715665149
90,0.001053060584,0.00871851102746,0.00776994732588,0.022981772029,0.00239445105622,0.000192382559599
91,0.00105139905861,0.00859681644151,0.00774679019832,0.0231667944957,0.00239378726375,0.000190732213628
92,0.00104761675529,0.00846875035716,0.00772092433043,0.0233030033024,0.00238820866931,0.000189032596195
93,0.00104283823873,0.00834602810991,0.00768449863968,0.0233153210013,0.00238013041493,0.000187527329684
94,0.0010376618955,0.00823222026224,0.0076450997692,0.0232716221474,0.00237158417813,0.000185972912534
95,0.00103268552328,0.00811620682407,0.0076018724398,0.0232832488988,0.00236309097222,0.000184364147778
96,0.00102855246822,0.00801081516914,0.00756095182268,0.0234146838077,0.00235413506499,0.000183323807288
97,0.00102435102827,0.00791747267801,0.0075182317344,0.0235484371219,0.00234307272083,0.00018237431514
98,0.00101916386434,0.00784384574641,0.00747716262796,0.0236931114995,0.00233004712793,0.000181531855956
99,0.00101385487222,0.0077895322012,0.0074350584176,0.0237550011075,0.00231282825243,0.000180539805373
100,0.00100951838334,0.00774458949775,0.0073825152335,0.023729389427,0.00229588672519,0.000179292592668
101,0.00100545140175,0.00771034960415,0.00733002947549,0.0236590813435,0.00227468949425,0.000178127194978
102,0.00100135577649,0.00767855113761,0.0072720920592,0.0236025321442,0.00225223360211,0.000176938114075
103,0.000997822726543,0.00765457195122,0.00720842202073,0.0235903002586,0.00222733057093,0.000175659730522
104,0.000994659813288,0.00764313886987,0.00714325997148,0.0235446098504,0.00220491488025,0.000174486781057
105,0.000992447564577,0.00763602883864,0.00707577289753,0.0235609837539,0.00218127846048,0.000172861307751
106,0.000990617455473,0.00762949886485,0.00700452968263,0.0235662342927,0.00216036490731,0.000171432360445
107,0.000989089852121,0.00762442714029,0.00693298934476,0.0235285860567,0.00214525780882,0.000170792408129
108,0.000988929680344,0.00761909194027,0.00686120974302,0.0234461621048,0.00213660900417,0.000170065091563
109,0.000989375047784,0.00761019360114,0.00679420203111,0.0232936596818,0.00213127772848,0.000169079823363
110,0.000989660503892,0.00760145629325,0.00673703765377,0.0232162383586,0.00212384195486,0.000168019705997
111,0.000989356997555,0.00758874584268,0.00668863653193,0.0231439284998,0.00211552745563,0.000166500272793
112,0.00098883237282,0.00756854091865,0.00664830297301,0.023015867645,0.00210954008606,0.000164693588689
113,0.000987103572545,0.00754634188257,0.00661768338579,0.0229261780454,0.00210387169159,0.000163294246133
114,0.000985321290516,0.00751510496401,0.00659241995749,0.0229106762211,0.00209513259749,0.000161829927406
115,0.000982934924895,0.00747832586862,0.00656617514488,0.0229559943993,0.00208400859246,0.000160473237651
116,0.000979198059566,0.00743180254566,0.00653775057105,0.0229502087396,0.0020723300441,0.000159185785936
117,0.00097429281029,0.00737544625729,0.00650013830961,0.0228501600083,0.00205598643564,0.000157831656432
118,0.000968842566494,0.00731637278643,0.00646020372538,0.022680162715,0.00203685163883,0.000156257161143
119,0.0009634247891,0.00725357397409,0.00642119463054,0.0225037014956,0.00201399604929,0.000154878939325
120,0.00095690224412,0.00719559268669,0.00638249198154,0.0223339916273,0.00198887179459,0.000153647099252
121,0.000950389646903,0.00714908461537,0.00635122675207,0.0221629357144,0.00196207142617,0.000152281580188
122,0.000944747696332,0.00712045560173,0.00632278517621,0.021941873996,0.00193656026827,0.000150867447934
123,0.000940048571248,0.00710295025938,0.00630172811109,0.0216326721381,0.00191210033847,0.00014973107805
124,0.000936257762913,0.00709356988278,0.0062861211784,0.021342467062,0.00188926369329,0.000148504960432
125,0.000933881273163,0.00708947523775,0.00627176077775,0.0211184729514,0.00186897607172,0.00014762257262
126,0.000932547069447,0.00709167586436,0.00626070391039,0.0209677273181,0.00185230192711,0.000146683314036
127,0.000932061909469,0.00709217649609,0.0062525542548,0.0208455964223,0.00183661303981,0.000146114906867
128,0.000930354283899,0.00709379331898,0.0062444214423,0.0207925207579,0.0018200504922,0.000145622361944
129,0.000927117092995,0.00709131343782,0.00623125616152,0.0207740960264,0.00180719734728,0.00014520039577
130,0.000922073274815,0.00709000628233,0.00621555629833,0.0207346285867,0.0017967010721,0.000144834057381
131,0.00091586231274,0.00709176862092,0.00619981560437,0.0206555910208,0.00178661486754,0.000144240215755
132,0.000909490333245,0.00709177786626,0.0061809550853,0.0205602022998,0.00177628159214,0.000143486253716
133,0.000903043584192,0.00709403422857,0.00616697545244,0.0204315012132,0.00176684623346,0.000142693883907
134,0.000895671056655,0.00710007897736,0.00615105590802,0.0202946538857,0.00175540355854,0.000141840926985
135,0.000888082949097,0.00710313994387,0.00612005196614,0.0201813812115,0.00174372064749,0.000140869689241
136,0.000880357605032,0.0070986963273,0.00607553045445,0.0200763502761,0.00173083708675,0.00013943313879
137,0.000872634160482,0.00708632575967,0.00602307351064,0.019988538288,0.00171984223551,0.0001381822242
138,0.000864399001472,0.00705169445206,0.00596557691026,0.0198764078399,0.00170741783142,0.000137164921803
139,0.000855108183163,0.00699884286482,0.00591077951613,0.0197020040328,0.0016946641895,0.000135964769498
140,0.000845865623735,0.00692797137923,0.00585137742256,0.019499886271,0.00168380468475,0.000134997457205
141,0.000836668193572,0.00685066612801,0.00579028308812,0.0192801574001,0.00167267830021,0.000133844808246
142,0.000829051780458,0.00676898483987,0.00572825163946,0.0190446065421,0.0016614286036,0.000132768078821
143,0.000821404947226,0.00668487391587,0.00567768622162,0.018871128228,0.00164947416876,0.000131627242402
144,0.000814383231765,0.00659330828471,0.00562974317184,0.0187905759204,0.00164002772907,0.000130620579149
145,0.000809322553644,0.00649355757629,0.00557616396086,0.0187492143241,0.00163074239534,0.000129996491294
146,0.000805687578506,0.00638766968569,0.00552451675118,0.0186956780036,0.0016213914807,0.000129920713077
147,0.000802994074235,0.00628706227083,0.00547105922821,0.01862762477,0.00161149678411,0.000129943680072
148,0.000800436817489,0.00618835866106,0.00541613606056,0.018543841087,0.00160634310859,0.000130271279953
149,0.000798123103792,0.00608684606042,0.00536715315308,0.0184985231917,0.00160150442949,0.000130271764483
150,0.00079558121569,0.0059985155229,0.00532231942653,0.018495206539,0.00159660160786,0.000130550521339
151,0.000793330015181,0.00591202708279,0.0052835185339,0.0184473530029,0.00159222873499,0.000130904816827
152,0.000791101476724,0.00583071898445,0.0052555509587,0.018378043771,0.0015871988331,0.000131746538414
153,0.000788955302162,0.00575220115257,0.0052400829359,0.0182643871306,0.00158538952749,0.000133099576648
154,0.000787494814691,0.00567429283192,0.00523218767584,0.0181206548731,0.0015831710229,0.000133976360729
155,0.000786383334962,0.00559877547255,0.0052300580119,0.0179699428409,0.0015818103521,0.000134628476185
156,0.000785269800565,0.00552367310281,0.00522943175287,0.0178052697361,0.0015791792114,0.00013555293582
157,0.000783848786511,0.00545961354081,0.00522641391176,0.017655579704,0.00157710931148,0.000135921643638
158,0.000781676540905,0.00540873400073,0.00522111790648,0.0175488000912,0.00157482980403,0.00013634955503
159,0.000779614385452,0.00537691801751,0.00521763044173,0.0175091835265,0.00157448948633,0.000137229873533
160,0.000777493443216,0.00536561711964,0.00521303036687,0.0174356545938,0.00157585357137,0.000137341306715
161,0.000775069312551,0.00536940488157,0.00520675360072,0.0173461397875,0.00157714281385,0.000136995929277
162,0.000772026336236,0.00538142146015,0.00519486738348,0.0172707263148,0.00157894070293,0.000136972245922
163,0.0007686034373,0.00539468886866,0.00518323381228,0.0171749273859,0.0015829523321,0.000137294942816
164,0.000765543193444,0.0054061478175,0.00516747310254,0.0170434880797,0.00158828930832,0.000137716248009
165,0.00076222918426,0.00541411330011,0.00514334174798,0.0169304397362,0.00159225858401,0.000138433487091
166,0.000759456671108,0.00541362549957,0.00510749353331,0.0168091095781,0.00159397302284,0.000138638449911
167,0.000756826249562,0.00541425105684,0.00507078700244,0.0167020131774,0.00159321887022,0.000138451169047
168,0.000754595424813,0.00541804442784,0.00503542799123,0.0166049661327,0.00159236104015,0.000138401151432
169,0.000752494806601,0.00542563289433,0.00500124190321,0.0165121063126,0.00158970503723,0.000137464771933
170,0.000750894308867,0.00542882295136,0.00496701415469,0.0164315490979,0.0015883533036,0.000136961953754
171,0.000750089098299,0.00542972697054,0.00492738287056,0.0164086238072,0.00158736891008,0.000136520150063
172,0.00074973599318,0.00542704238666,0.00488802603212,0.0163680695536,0.00158659419636,0.000135950535424
173,0.000749014694777,0.00541610467516,0.00484910552803,0.0163009861443,0.00158576188476,0.000135739221584
174,0.000747856525317,0.00539998260539,0.00480842218966,0.016224380677,0.00158512832245,0.000135762458886
175,0.000746013758351,0.00538160694265,0.00476351771628,0.0161382439929,0.00158636163608,0.000136100896766
176,0.00074368413216,0.00536392809927,0.00471447125225,0.0160636307442,0.00159014616805,0.000136619773243
177,0.000740835003224,0.00534950253719,0.00466015267693,0.0160009697833,0.00159315015683,0.000136684411426
178,0.000737543028339,0.00533630652176,0.00460245737499,0.0159319599284,0.00159892561916,0.000136887679131
179,0.000733964545941,0.00532587582007,0.00454415529987,0.0158634094472,0.00160648439826,0.000136630852314
180,0.000730371046651,0.00531959637865,0.00448786586359,0.0158176891044,0.00161441835545,0.000136661057827
181,0.000727076455081,0.00531571915949,0.00443463695666,0.0158102152121,0.00162152559289,0.000136700567071
182,0.000724808464757,0.00531734919803,0.00439106041578,0.0158253692442,0.00163060945173,0.000136888094321
183,0.000722887799129,0.00532430211755,0.00435837806154,0.0158662754883,0.00164538320918,0.000137112873092
184,0.000721555038078,0.00534130938417,0.00434270480669,0.0159172602106,0.00166114943254,0.000137635127625
185,0.000720929610919,0.00535797232793,0.00434113946204,0.0159564436553,0.00167877205308,0.00013788575127
186,0.000720968008221,0.00537312136465,0.004355638689,0.0160011451718,0.00169344137273,0.000138313560179
187,0.000721724658655,0.00538775258123,0.00438295034439,0.0161227659832,0.00170877732957,0.000139209684169
188,0.000723772982398,0.00540959467369,0.00442354870795,0.016282517589,0.00172394945176,0.000139959437741
189,0.000726047754584,0.00543165913925,0.00447381283057,0.0164443934508,0.00173708586032,0.000140523229915
190,0.000728469915123,0.00545623451445,0.00452822266104,0.0166389475903,0.00174919404555,0.000141117771895
191,0.00073047098287,0.00547282718697,0.00457863702956,0.0167718763283,0.00175825968831,0.000141194264257
192,0.00073216274522,0.00548463568013,0.00461824753135,0.0169018505761,0.001766058081,0.000140932320257
193,0.00073321712869,0.00548185502382,0.00464204768439,0.0169635985007,0.00177416124277,0.000141007057444
194,0.000734094013332,0.00547030996555,0.00465037625095,0.0170537011726,0.00177835410434,0.000140999230873
195,0.000734623110046,0.00543894737724,0.00464171686907,0.0171226589543,0.00177750651111,0.000140487749996
196,0.000734286124336,0.00539565783236,0.00461429881986,0.0171546318425,0.00177539940397,0.000140080527379
197,0.000733556188237,0.00533740671593,0.00457033944291,0.0171620561272,0.00177171349348,0.000139761327232
198,0.000732850860172,0.00527356462759,0.00451426994312,0.017086460609,0.00176417793208,0.000139108916025
199,0.000731190121656,0.00521464064502,0.00445432188676,0.0169600649365,0.00175623169415,0.000137988566115
200,0.000728641209013,0.00516345394706,0.00439522535766,0.0167871904415,0.00174603544591,0.000137475047519
201,0.000725730517634,0.00512511189973,0.00433693147897,0.0166810899838,0.00173499057386,0.000137385907864
202,0.000722206820923,0.00509631937928,0.00427745000281,0.0165862284532,0.00172192861669,0.0001366388095
203,0.000719562939816,0.00507656981742,0.00422096723317,0.0165839071348,0.00170822497166,0.000135883026452
204,0.000716874909047,0.00506511931054,0.00417617698733,0.0166027609154,0.00169546150774,0.000135191529067
205,0.000714802539581,0.00506145177847,0.00414099577047,0.0166998338256,0.00168578782532,0.000135015292335
206,0.000713290310124,0.0050713189336,0.00411693813878,0.0168058487473,0.00167801022149,0.000134806503206
207,0.000712548641816,0.00507946488007,0.00410079828981,0.0168551251755,0.00166911277999,0.000134249604985
208,0.000713299661495,0.00507972656098,0.0040857838861,0.0168555794293,0.00166111618563,0.000133501789448
209,0.000714569188833,0.00507524122517,0.00407710082004,0.0168441051426,0.00165572157508,0.000132929279898
210,0.000716949221441,0.00507597192271,0.00407241997828,0.0168122516903,0.00165267045335,0.000132547114585
211,0.000720039986342,0.00508134222736,0.0040772647463,0.0168323661338,0.00165025687114,0.000131933401099
212,0.000723326037383,0.00509399253384,0.00408979933348,0.0168825439619,0.00165048184969,0.000131384869834
213,0.000726867794064,0.00511121751034,0.00410428314374,0.0169250382858,0.00165310426146,0.000131300138518
214,0.000731626821893,0.0051296249123,0.00411612653145,0.0169736024573,0.00165562646445,0.000131123299269
215,0.000735906069058,0.00514983389998,0.00412643819992,0.017027549466,0.00165714255535,0.000130814720414
216,0.000740513095304,0.0051773816267,0.00413353255701,0.0170493593451,0.0016604134653,0.000130614066263
217,0.000745813423666,0.0052040685623,0.00413726252431,0.0170516355709,0.00166221625201,0.000130439758681
218,0.000750859587975,0.00523043848098,0.00413565173851,0.0170473294399,0.00166899034532,0.00013050310099
219,0.00075511007291,0.00525238518052,0.00413485956445,0.0170850414389,0.0016754128177,0.00013035629584
220,0.00075943107606,0.00528025595239,0.00413663913673,0.0170899630678,0.00167931053031,0.000130354576403
221,0.000763778397433,0.00531376327491,0.00414018316486,0.0171242965239,0.00168470073965,0.00013054778794
222,0.000768072913439,0.00535312142254,0.00413589734269,0.0171686798354,0.00169219523658,0.000131124092996
223,0.000772101238934,0.00540244325485,0.00413305992176,0.0171812001848,0.00169663879037,0.000131462741075
224,0.000775130822246,0.0054496210379,0.00413426582492,0.0171540964861,0.00170149836293,0.000131939146555
225,0.000777620344604,0.0055041750752,0.00414136684409,0.0171150610435,0.00170594021655,0.000131922264567
226,0.000779732090545,0.00555444163642,0.00415570342337,0.0171144927386,0.00170941925467,0.000132274326987
227,0.000782787385787,0.00560285598853,0.00418062814354,0.0171775660767,0.00171263627266,0.000133190019825
228,0.000786450248228,0.0056445455946,0.00421259067269,0.0172719514566,0.00171414004484,0.000133550309813
229,0.000791109509866,0.0056615546006,0.00424248819741,0.0173314639525,0.00171279106206,0.000134147574953
230,0.000796022625926,0.00565442269996,0.00426557951089,0.0173776779024,0.00171405543407,0.00013548181444
231,0.000801502017311,0.00563184514264,0.00428425983437,0.0174295335453,0.00171146731138,0.000136079080609
232,0.000806784205294,0.00559574351903,0.00429745047301,0.0174653962534,0.00170996445096,0.000136954181231
233,0.000812029780328,0.00555492545083,0.00430749557158,0.0174873867031,0.00170864590434,0.000138233121717
234,0.000816019134657,0.0055221639386,0.00431734199482,0.0174995566797,0.00170310448692,0.00013936231315
235,0.000818473176318,0.00549373043268,0.00432255388744,0.017464722735,0.00169674156091,0.000140736207463
236,0.000819344530248,0.00546674811832,0.00432354196557,0.0174632670339,0.00169497815925,0.000142077436205
237,0.00081970710656,0.00544248744123,0.0043208167575,0.0175288120487,0.00168923794723,0.000143064094516
238,0.000819296922661,0.00542375328133,0.00431726384856,0.017560151395,0.00168909336563,0.000143832724703
239,0.00081808518276,0.00541659835657,0.00431232972593,0.017577717873,0.0016860014917,0.000144562128605
240,0.000817010878763,0.0054205461816,0.00430767940718,0.017613551963,0.00168615651249,0.000145171971823
241,0.00081641794516,0.0054300539777,0.00430186265798,0.0176446854846,0.00168209161423,0.000145170054859
242,0.00081495469427,0.00544516792918,0.00429517860407,0.0176682995111,0.00167804632642,0.000145779319632
243,0.00081280225054,0.00546348346117,0.00428818186518,0.0177048212046,0.00167686753041,0.000147262431527
244,0.000810290296114,0.00548701015883,0.00428242722101,0.0177129270981,0.0016719820102,0.000147853566952
245,0.000807263858333,0.00550870811617,0.00427175234239,0.01766160196,0.00166447736735,0.000148230658866
246,0.000803586569865,0.005531928006,0.00426572346662,0.0176509463982,0.00165627507046,0.000148531989056
247,0.000801471622874,0.00555770038961,0.00426869564708,0.0176647857257,0.00164834754351,0.000148669414506
248,0.000800331244493,0.00558299423999,0.00427843594354,0.0176873259753,0.00164429387513,0.000148127561937
249,0.000802139260378,0.00561484875878,0.00429782575557,0.0176734500226,0.0016406564494,0.00014823142949
250,0.000805578094194,0.00565494504761,0.00432706749902,0.0176556668105,0.00163890179239,0.000148281909473
251,0.00080917041118,0.00571102421618,0.00436733662883,0.0176906517359,0.00163424224818,0.00014754704646
252,0.000812204628806,0.0057637778911,0.00441937253241,0.0177577757058,0.001630613761,0.000147222248135
253,0.000815655512955,0.00581314024465,0.00447304533966,0.0178619272366,0.00163015822497,0.000146492986641
254,0.000818799441901,0.00584996378225,0.00452781026489,0.0179604626909,0.00163500531389,0.000146623064769
255,0.000820811739058,0.00587542634921,0.00458269629718,0.0180708824997,0.00163957721625,0.000147553594317
256,0.000821683425191,0.00588993760327,0.00463802629047,0.0182015773717,0.00164424912982,0.000148016649358
257,0.000822411588471,0.00589395997979,0.00468381755667,0.0183394998567,0.00165272651651,0.000148364991447
258,0.000823095992189,0.00588195012511,0.00472799971838,0.0185334286605,0.00166208256938,0.000149012598755
259,0.000823220141832,0.00585778927962,0.00476179053449,0.0187221873115,0.00167599298391,0.000150378035135
260,0.00082416346148,0.00581758085069,0.00478271751151,0.0188960293353,0.00169238164292,0.000151619470319
261,0.000825439760832,0.00577053081753,0.0047880624074,0.0189918088444,0.00170405314629,0.000152262759604
262,0.000827294508153,0.00570745635158,0.00479272608495,0.0190446395295,0.00171744343639,0.000152762745645
263,0.000831215217117,0.00564252057741,0.00479247671199,0.0190656088958,0.00173201936448,0.000153536831774
264,0.000835594107614,0.00558938559852,0.00479606259222,0.0190549197316,0.00174232189821,0.00015360707822
265,0.000840675809682,0.00554738161043,0.00480778941456,0.0189646030161,0.00175106842863,0.000153794968173
266,0.0008471713922,0.00551974697712,0.0048244397729,0.0188850067757,0.00176232039459,0.000154328301379
267,0.000853734054852,0.00551011587351,0.00485500011796,0.0188709875859,0.00177741567695,0.000155014473666
268,0.000858513674047,0.00551208784965,0.00489178709408,0.0188370367222,0.00178478135831,0.000155056735422
269,0.000861388206232,0.0055287408575,0.00493574903916,0.0188377642574,0.00178743264502,0.000155297826812
270,0.000862640446314,0.00555694546916,0.00498536583912,0.0188504783999,0.00179346437017,0.000155777238135
271,0.000861795377314,0.00559284161042,0.00503558811699,0.0188464722087,0.00179459192142,0.00015608387247
272,0.000859233838465,0.00563371400817,0.00508581370412,0.0187891667347,0.00179104278258,0.000156049258368
273,0.000855042714708,0.00566775984986,0.00513325507485,0.0187093805918,0.0017908263295,0.000156090786661
274,0.000850753440525,0.00569952584211,0.00518073280381,0.0186917286528,0.00178497269508,0.000156283985543
275,0.000846529973905,0.00573576854868,0.00523011073045,0.0186570981094,0.00178214431681,0.000156136899243
276,0.000842828821913,0.00576803822253,0.00527325210856,0.0185721208414,0.0017811149601,0.000156085293003
277,0.000840404943881,0.00579838299083,0.00531560642159,0.0184887361107,0.00177766295288,0.000156002123259
278,0.000839327043254,0.00582932190545,0.00536255131978,0.0184348910075,0.00178085432601,0.000155894850004
279,0.000840017016,0.00586917778869,0.00541067012671,0.0184103947819,0.00178720684533,0.000155127305758
280,0.000843491910213,0.00592023186774,0.00545864270875,0.0184553090807,0.00179262603782,0.000154036863334
281,0.000849254959363,0.00598361380363,0.00550911074851,0.0185425536483,0.00179932318488,0.000153082321708
282,0.000857251257146,0.00605663756576,0.0055606622803,0.0186662658465,0.00181153263566,0.000152520935552
283,0.000867335254274,0.00614185620368,0.00561138015812,0.0187802754584,0.00182520040568,0.000152196087137
284,0.000879074855758,0.00623097435915,0.00565433732166,0.0188829262398,0.00184100480126,0.00015264495669
285,0.000890808388153,0.00631512824803,0.00568737249019,0.0189961426444,0.00186518318319,0.00015438510623
286,0.000902829547346,0.00639355980534,0.00571499855206,0.0192842256137,0.00189477469688,0.000156756737063
287,0.000916583003081,0.00646958701654,0.00574048594271,0.0196897865935,0.00192125527343,0.000158579874909
288,0.000932102044845,0.0065464141254,0.00576569409236,0.0201450667222,0.00194791672041,0.000160225113349
289,0.000948837657216,0.00662644122735,0.00579215601246,0.0205721842357,0.00198331765058,0.000161911469714
290,0.000965009707371,0.00670972636724,0.00582460727984,0.020971646153,0.00201357108401,0.000163520660597
291,0.000980213973855,0.00679734141289,0.00586831388345,0.0214153392184,0.00204561166155,0.000164956758986
292,0.000997361519968,0.00688594647597,0.00591745353795,0.0219030132953,0.00206844186117,0.000166609081388
293,0.00101319203361,0.00696969977365,0.00596901413945,0.0223919619404,0.00209062517071,0.000167693125282
294,0.00102915635928,0.00705377114628,0.00602947431778,0.0227550467929,0.00212337563423,0.000168338995307
295,0.00104559705113,0.00713088222514,0.00609512262141,0.02302355498,0.00215716553028,0.000168995668058
296,0.0010615358213,0.00720786800661,0.00617278987772,0.0231800877434,0.00219196417767,0.000169453788557
297,0.00107815374926,0.00728465434031,0.00626440386534,0.0232288810721,0.00223032337423,0.00017075604866
298,0.00109415341652,0.00737403417544,0.00637396561323,0.023177792426,0.0022706683912,0.000171755236202
299,0.00110895879491,0.00747024625479,0.00650047938118,0.0232015212053,0.00231087024975,0.000173240796517
300,0.00112230632667,0.00757129102156,0.00664162921284,0.0232788443811,0.00234541201622,0.000174759194112
301,0.00113560959811,0.00768085372313,0.00679014700055,0.0234714383097,0.00237675091237,0.000174858514811
302,0.00114739467463,0.00779621311113,0.00693850066521,0.0237207703952,0.00240208520848,0.000174637451197
303,0.0011576635603,0.00791004482466,0.00707133799546,0.023931891983,0.00241688940496,0.000173984737567
304,0.00116716920011,0.00800943910065,0.00718422911427,0.0240902054325,0.00242221013934,0.00017263714137
305,0.00117306770429,0.00809358210183,0.00727102624469,0.0241207534878,0.00242176531993,0.000171844093953
306,0.00117636177813,0.00816298281341,0.00732134699329,0.0239673086902,0.00241911136662,0.000170932151285
307,0.00117830373035,0.00822567538733,0.00733806971698,0.0237245566357,0.00241025599638,0.00017006897141
308,0.0011790456208,0.0082790662164,0.00732312188573,0.0233745763449,0.00239840387804,0.000170028018582
309,0.00117817990442,0.0083261995112,0.0072891530159,0.0230143686542,0.0023840809584,0.00017021222237
310,0.00117674421736,0.00838044749819,0.00724345921208,0.0226638746005,0.0023686750835,0.000170353747109
311,0.001175182707,0.00844923594879,0.00719391014342,0.0223520546424,0.00235011832952,0.00017032590245
312,0.00117289712382,0.00852702649468,0.0071397942553,0.0220655668865,0.00233038418163,0.000169493811074
313,0.00116952267332,0.00862556913839,0.00708558776101,0.0217853441926,0.00231253414214,0.000167431996546
314,0.00116588467203,0.00873283365647,0.00703504039906,0.0215357010312,0.00229547178536,0.00016615918097
315,0.0011610542322,0.00884656399894,0.00699214750586,0.0213636151733,0.00227696513038,0.000164739842793
316,0.00115571445208,0.00895418043579,0.00696772316911,0.0211557801903,0.00225478414741,0.000163189349968
317,0.00114931394868,0.00904736803967,0.00695666790691,0.0209779419664,0.00223257672843,0.000161899750872
318,0.00114227914253,0.00910930803086,0.00694332019076,0.0208056250069,0.00221074171461,0.000160834293872
319,0.00113494882753,0.00913292148336,0.0069321161424,0.0206604341226,0.00218828353646,0.000159100616733
320,0.00112776324698,0.00911159565184,0.00691412030317,0.0205303247414,0.00216668415336,0.000157418980153
321,0.00111970461424,0.0090569757917,0.00689571812959,0.0204692343867,0.00214961377868,0.000155899313948
322,0.00111136333797,0.00896867035384,0.00687830888131,0.0204845021416,0.00213481950178,0.00015469225826
323,0.00110210898389,0.00885874164965,0.00686415785839,0.020525366005,0.00212220231841,0.000153672446344
324,0.00109357409654,0.00875111405471,0.00684919164026,0.0206152875314,0.00210855073947,0.000153150336143
325,0.00108601841313,0.00864395120056,0.00684152352809,0.0207016282705,0.00209525466446,0.000152489313162
326,0.0010804368207,0.00855292364449,0.00684118206437,0.0207835973655,0.00208482694739,0.000151745630562
327,0.00107659969947,0.00847570623444,0.00684957986734,0.0208150568954,0.00208176675537,0.000151466712183
328,0.00107381374397,0.00842010236326,0.00687176893533,0.0207003516912,0.00208251472753,0.000151215359842
329,0.00107328496927,0.00838739984756,0.00690225759093,0.0205602853955,0.0020813308941,0.000150755290731
330,0.00107488268864,0.0083771001622,0.0069405106977,0.0204476723082,0.00207486507461,0.000150660452877
331,0.00107768720209,0.00836941443816,0.00698606026908,0.0203323677841,0.00207075494517,0.000151278719414
332,0.00108055047217,0.00837455973852,0.00703946268007,0.0202688172062,0.00207079701611,0.000151589296724
333,0.00108322742578,0.00838369355237,0.00709594679793,0.0202089978845,0.00207305927448,0.000151709991137
334,0.00108608972318,0.00839058812068,0.0071475432239,0.0202349664161,0.00208237806862,0.000151795498389
335,0.00108777623903,0.00839403144559,0.00718165863313,0.0203078279588,0.00209244006781,0.00015164331049
336,0.00108853397942,0.00839506796865,0.00720107079869,0.0203303615636,0.00210278462424,0.000151481580265
337,0.00108859106505,0.00839029381946,0.00719325712746,0.0203631493942,0.00211772249714,0.000151549321039
338,0.00108832716007,0.00838454506757,0.00715891492872,0.0203590837878,0.00212571382927,0.000151336712066
339,0.00108672573931,0.00836898981452,0.00709912744294,0.020297399918,0.00213132251159,0.000151410893504
340,0.00108407547877,0.00834253850696,0.00703364062792,0.0202616165014,0.00214117798924,0.000151438465052
341,0.00108215330658,0.00830756122611,0.0069598293553,0.0203057702676,0.00215001514297,0.00015091134466
342,0.00108245244755,0.00827183691575,0.0068864313021,0.0203194737884,0.00216163626635,0.000150767559441
343,0.00108306438097,0.00823183085005,0.00681655094515,0.020331684514,0.0021727878534,0.000150668632752
344,0.00108404872241,0.00818298790288,0.00675095114466,0.0203229120168,0.00218599570228,0.000150702627378
345,0.0010860311086,0.00812897977917,0.00668633737713,0.0203119312931,0.00219937796387,0.000151138597847
346,0.00108964601644,0.00807651198736,0.00663622501556,0.0201874623477,0.00221145205957,0.000151155764419
347,0.00109375684288,0.00802896193527,0.00659831191268,0.0200339122746,0.00222595758576,0.000150898939048
348,0.00109820794608,0.00798174701452,0.00657115227834,0.0199369010697,0.00224243192847,0.000150624173498
349,0.0011019577387,0.00793867254187,0.00655920409298,0.0198810964008,0.00225546507356,0.000150320784245
350,0.00110342101602,0.00790209624651,0.00656220621643,0.0197517383076,0.0022657537839,0.000149792066031
351,0.00110316061657,0.00786653695289,0.00657620374494,0.0196329847198,0.00227515396911,0.000149009298461
352,0.00110026002984,0.00783487399846,0.00660219822194,0.0195597324493,0.00228462634412,0.000148189774681
353,0.00109545426385,0.00780828509193,0.00663981108332,0.0195851849883,0.00229146771239,0.000147383518261
354,0.00108961894245,0.00778924771967,0.00668319565498,0.0196685955881,0.00229752528066,0.000146553555062
355,0.00108376202099,0.00777883218467,0.0067254662324,0.0196897481311,0.00230201521573,0.000145755216352
356,0.00107754614612,0.00777025801107,0.00676022737469,0.0196543247789,0.00230641021842,0.000145678483298
357,0.00107084932311,0.00776640296811,0.00677860213767,0.0195849376338,0.00231108545998,0.000145557997666
358,0.00106497773464,0.00777322984193,0.00677595953145,0.0194963343253,0.00231802448348,0.000145400059166
359,0.00106043330002,0.00778637644705,0.00675672029515,0.019381096685,0.00232767647046,0.000145200288095
360,0.00105655020069,0.00780224904331,0.00672620956462,0.0192850317487,0.00233458948662,0.000145202403713
361,0.0010528413957,0.00782247472867,0.00668824327957,0.0191674026358,0.00233944536128,0.000144840682777
362,0.0010490283751,0.00785108440744,0.00664206651235,0.0190893571209,0.00234039176158,0.000144430599527
363,0.00104466396192,0.00788466493835,0.0065958795709,0.0189952647584,0.00234133155907,0.000144215085152
364,0.00103959170082,0.0079193277951,0.0065527929816,0.0189330015246,0.00234206786436,0.000143615262412
365,0.00103344315152,0.00795445930754,0.00651993477651,0.0188698558014,0.00234200371243,0.00014358355473
366,0.0010254088333,0.00798331505008,0.00649856207004,0.0188365409672,0.00233344558317,0.000143457149223
367,0.00101659453406,0.00801227841475,0.00650065966922,0.0188571534997,0.0023249509663,0.000143734652746
368,0.00100694048638,0.00802995440091,0.00652200724324,0.0188787491206,0.00231836420295,0.000143747249521
369,0.000998042616493,0.00803406560404,0.00655271496898,0.0188646895771,0.00231371027891,0.000143628624485
370,0.00098970479624,0.00801668147472,0.00658864669408,0.0189044377753,0.00230510174759,0.000143677828968
371,0.000982237120035,0.00798264218174,0.00662183680176,0.0189772701517,0.00229679433132,0.000143359972642
372,0.00097589929891,0.00793873583801,0.0066476030524,0.0190716395176,0.00228922469205,0.000143289620255
373,0.000969974270571,0.00788875823852,0.00666233645995,0.0191885121443,0.00228330647884,0.000143064750293
374,0.000965187328683,0.00783672003028,0.00666518114023,0.0192711652186,0.00228037627914,0.000142949969858
375,0.000961414687485,0.00777940400255,0.0066512646069,0.0193250037688,0.00227870014005,0.000142757535466
376,0.000958297367199,0.00773397595474,0.00662881841557,0.0193326718721,0.00227641564842,0.000141984665892
377,0.000955528585826,0.00769814360176,0.00660484072954,0.019333030791,0.00227534262528,0.000141788048073
378,0.000953751930649,0.00768787962271,0.00658350560555,0.0193211139003,0.00227372848417,0.000141654122146
379,0.000953577975967,0.00770532731633,0.00657160256408,0.0193137356143,0.00227158539264,0.000141545598012
380,0.000955142878682,0.00775303425454,0.0065656348616,0.0192935949572,0.00227099421382,0.000141495364804
381,0.000957876300316,0.00782196081772,0.00656245656721,0.0192973053355,0.00227085930942,0.00014126505309
382,0.000962215574169,0.00790726087758,0.0065679961704,0.0193230697744,0.0022710058561,0.000141080763592
383,0.000967207662539,0.00800650351882,0.00658329079494,0.0193370945815,0.00227158620271,0.000140951849599
384,0.000972185612465,0.00810847058974,0.0065998775639,0.0193378116307,0.00226941072339,0.000140728074507
385,0.000976777218741,0.00820632991164,0.00661279166874,0.0193473450679,0.00226405125118,0.00014038454314
386,0.000979636580074,0.00829049519871,0.00662194792338,0.019295447934,0.00225730874367,0.000139814315665
387,0.000980420474153,0.0083658996301,0.00663135561568,0.0192749346482,0.0022470473938,0.000139232385174
388,0.000980281010733,0.0084254765983,0.00663797601932,0.0192566971584,0.0022374002499,0.000138335598888
389,0.000979130984161,0.00846528710059,0.0066440017252,0.0192418370542,0.00222879237282,0.000137878326227
390,0.000977539270743,0.00848616325696,0.00665059339011,0.019238303641,0.00221872455009,0.000137216918925
391,0.000975911933827,0.00848747024371,0.00665807511874,0.0192967075138,0.00220784318519,0.000136554879503
392,0.000974002933038,0.00847828573795,0.00666426360444,0.0193567775744,0.00219541482285,0.000135879617329
393,0.00097252250397,0.0084510903526,0.00665730455576,0.0194430171851,0.0021821211796,0.000135502985086
394,0.000972457416693,0.00841286755571,0.00664550409275,0.0196067293679,0.00216800118896,0.000135657429339
395,0.000972758917427,0.00836069305772,0.00662446264202,0.0197622314263,0.00215099928672,0.000136351006067
396,0.00097244214223,0.00830417881467,0.00660093705043,0.0199297677856,0.00213050181788,0.000136923693217
397,0.000972184071452,0.00824742383365,0.0065786676829,0.0201103299996,0.00210967279502,0.000137508761829
398,0.000973022135492,0.00819539463736,0.00656576824137,0.0202398268496,0.00208687563228,0.000138228653914
399,0.000974080038906,0.00816661154753,0.00655401626291,0.0202492344054,0.00206659833672,0.000138630174506
400,0.00097513457014,0.0081550382611,0.00654501179519,0.0201675029404,0.00204898496592,0.000139278339539
401,0.000975946097945,0.00815009848047,0.0065354293957,0.0200284282177,0.00203418167051,0.000140006755176
402,0.000975101323081,0.0081461494442,0.00651835009091,0.0198745733056,0.00201938047713,0.000140364981397
403,0.000971969570814,0.00813595973613,0.00649825173873,0.0197822732796,0.0020093335353,0.000140740805161
404,0.000967905007075,0.00811935716589,0.00646710617527,0.0197486482471,0.00200043579564,0.000140741778038
405,0.000963237756063,0.00808314913585,0.00642409301732,0.0196804562188,0.00199407510061,0.000140336187444
406,0.000958624808999,0.00803758718807,0.00637358178707,0.0196150982398,0.00198381669116,0.000139857878868
407,0.000953774212935,0.0079897942506,0.00631651237059,0.0195629479856,0.00197193805177,0.000139378300227
408,0.000949783568878,0.00793681738471,0.00625794339188,0.0194648064444,0.00195789821967,0.000139231189297
409,0.000945910639593,0.00788569641121,0.0062060452655,0.0194335509118,0.00194275591523,0.000139005989399
410,0.000942008380953,0.00783069547963,0.00616047313475,0.0194701619025,0.00192835161635,0.000138872319549
411,0.000938690279833,0.00777996417633,0.00612447905948,0.0195094704327,0.00191372388728,0.000138968194648
412,0.000936707681936,0.00772917769282,0.00609993814598,0.0196081624857,0.00189887128167,0.000138775696219
413,0.000935209907074,0.00767669406703,0.00608872540841,0.0197368626552,0.00188408183,0.000139023623746
414,0.000933610375938,0.00761713720089,0.00609134090391,0.0198841399283,0.00186878444006,0.000139678102682
415,0.000931643434862,0.00753758479014,0.00608936635839,0.0200237888598,0.00185378912866,0.000140205903498
416,0.000928482457465,0.00743050960283,0.00608389659233,0.0201679389189,0.00184090684322,0.000141105998238
417,0.000924454301998,0.00729978710665,0.00607404272527,0.0203636703459,0.00182799527034,0.000141931097196
418,0.000919555155498,0.00715968153863,0.00606133658982,0.020613355813,0.00181399021064,0.000142576153983
419,0.000913225168474,0.00701176055343,0.00604576206506,0.0208707862577,0.0017989116229,0.000142937917739
420,0.000905454689108,0.00687166390639,0.0060260674301,0.0210227097623,0.00178202988524,0.000143416441933
421,0.000897318158333,0.00674556953295,0.00600763581159,0.0210853924474,0.00176528353125,0.000143671180843
422,0.00088929264204,0.00663857753009,0.00598878620713,0.0210509783823,0.00174793891231,0.000143635185005
423,0.000881316088208,0.00654880237123,0.00596775240068,0.0209614086275,0.00173042246522,0.00014407935144
424,0.000873222454117,0.00647754973641,0.00594442256887,0.0208334801067,0.00171470801689,0.000144232815532
425,0.000865638927704,0.00643086399585,0.00591257622724,0.0206890522925,0.00169862372273,0.000144187295175
426,0.000858667402363,0.006403928117,0.00588058001686,0.0205585718389,0.00168418986005,0.000143834742124
427,0.000852134962623,0.00640041464666,0.00584626586033,0.0204427503835,0.00167043674039,0.000143813174688
428,0.00084625614339,0.00641422318765,0.00580553925247,0.0202311717988,0.00166111807609,0.000143681846034
429,0.000840891390924,0.0064287869998,0.00575539561481,0.0199491267534,0.00165277371478,0.000143309152888
430,0.00083617326961,0.0064331447586,0.00570347197119,0.0196865166658,0.00164433379427,0.000142572253177
431,0.000830947684806,0.00643327773293,0.005647643558,0.0194787678425,0.00163768619443,0.000141561124003
432,0.000825851973814,0.0064196856996,0.00558806983066,0.019309359012,0.00163237012026,0.000140664702515
433,0.000820439461399,0.00638860696541,0.00552408592379,0.0191806253629,0.00162537514186,0.000139669480433
434,0.000814212272534,0.00634893189601,0.00546460838808,0.0190780345492,0.00161642709715,0.000138944763391
435,0.000806260942227,0.00629826122958,0.00540715932222,0.018967076618,0.00160770004398,0.000138536001472
436,0.000796642776449,0.00623696607506,0.00535462932449,0.0188177016095,0.00159881362472,0.000137933018369
437,0.000786104958769,0.00617091821561,0.00529919648072,0.0186478120673,0.00159163443555,0.000137156347118
438,0.000775847049252,0.00609573939228,0.00524354621381,0.0184607894177,0.00158560989076,0.000136649684239
439,0.000765782333034,0.00601897733676,0.00518256422659,0.018316645819,0.00158102969898,0.000136474303335
440,0.000757158074169,0.00595249603501,0.00511726356122,0.0182350135527,0.00157495711631,0.000136277535854
441,0.000749676233689,0.00589767570236,0.00505344014948,0.0182147636557,0.00157040483275,0.000135902409369
442,0.000742916773248,0.00585448932472,0.00499503299563,0.0182487214872,0.00156821421714,0.000135877869591
443,0.000737817464001,0.00582198258866,0.004942199796,0.0182682877317,0.00156667963119,0.000135807510029
444,0.00073449202122,0.00579909215576,0.00489321990821,0.018269244857,0.00156579828637,0.000135904415085
445,0.000732270662666,0.00578316667439,0.00485153033792,0.0182264027258,0.00156070585037,0.000136313129571
446,0.000730037602364,0.00576638974145,0.00481477861743,0.0181746622443,0.00155493299411,0.000136386750646
447,0.000728145520567,0.00575338362579,0.00478383504573,0.0181316496302,0.00154904818908,0.000135972158772
448,0.000725448735401,0.00574499664867,0.00476268256227,0.0181141025205,0.00154171666045,0.00013568372687
449,0.000722338220255,0.00573237749563,0.00474969703059,0.0180562832788,0.00153353644625,0.000135250351642
450,0.000719179366205,0.00572253554748,0.00474243160975,0.0180169910446,0.00152480897576,0.000134635190031
451,0.000716416961556,0.00571534513047,0.00473454692387,0.0180196152709,0.00151599464369,0.000133671836734
452,0.000713470258298,0.0057122152821,0.00472255531272,0.0180141937744,0.00150693743249,0.000132925974153
453,0.000710343260297,0.0057089509214,0.00470822852656,0.0180181857417,0.00149950381801,0.000132371833103
454,0.000707701040676,0.00571135634397,0.00469101352212,0.0180006938207,0.00149115103613,0.000132113361708
455,0.000705708747614,0.005716419647,0.00467020307765,0.0180102170898,0.00148341412202,0.000132707838611
456,0.000704445933503,0.00572131157713,0.00464416778625,0.0180724875161,0.00147605788924,0.000133258345693
457,0.000704576514267,0.00572497628834,0.00461423828614,0.01809967708,0.00147124267579,0.000133790697089
458,0.000706315338129,0.00572531808707,0.00458334910552,0.0181633924445,0.0014679725082,0.000134893921383
459,0.000709305632795,0.00572213546261,0.00454905577035,0.0182622983947,0.00146581456786,0.000135904158908
460,0.0007134772235,0.00572101513217,0.0045155324615,0.018352320778,0.00146808503412,0.000136974502986
461,0.000717343995939,0.00572274728725,0.00448366352977,0.0184647169373,0.00147279985692,0.000137738119876
462,0.000720573134542,0.0057311240723,0.0044518883307,0.0185890733336,0.00147766976062,0.000138250139417
463,0.000722752781243,0.00574691159947,0.00442036202462,0.0187057336907,0.00148324462134,0.000138292963433
464,0.000724724275746,0.00576220647977,0.00438933416789,0.0188165035862,0.00148906966632,0.000138133606376
465,0.000726514459856,0.00578310637655,0.00436513353371,0.0189098163858,0.00149490128816,0.000137902561704
466,0.000728071955511,0.00580887516752,0.00434407054648,0.019013830264,0.00150161681611,0.000137654313842
467,0.000730793925143,0.00583188948754,0.00433016965608,0.0191246099809,0.00150648745548,0.000137438212275
468,0.000733677150606,0.00585117920869,0.00431744106849,0.0192549910772,0.00151050004996,0.000136751051271
469,0.000735953902922,0.00586228509759,0.00430422793785,0.0193622191416,0.00151116695449,0.000136261028844
470,0.00073684987477,0.00586052855553,0.00429094131975,0.0194056122906,0.00150957076511,0.000135800648441
471,0.000736736764613,0.00585236352505,0.00427432020211,0.0194029426423,0.00150662665624,0.000135529132749
472,0.000735715900756,0.00583404970641,0.00424912951796,0.0193186444006,0.00150031341099,0.000135975103589
473,0.000733930913271,0.005803668695,0.00421969277582,0.0191890465631,0.0014910008051,0.000135683237773
474,0.000731534613736,0.00577089207842,0.00418763659522,0.0190827378042,0.00148117688822,0.000135101998004
475,0.000728261003706,0.00574638166479,0.00415489189496,0.0189813696585,0.0014715691468,0.000134029147033
476,0.000724805676265,0.00572425272835,0.00412934855423,0.0188545435139,0.00146231794526,0.000132938666681
477,0.000721163691663,0.00570256062225,0.00410769596725,0.0187196827331,0.00145639506982,0.000132054329927
478,0.000717895526861,0.00568841134905,0.00408583700596,0.0186244707511,0.00144951979651,0.000131161368516
479,0.000715224695444,0.00568646783274,0.00406593432404,0.0184455257898,0.00144251083428,0.000130619185085
480,0.000712878031894,0.00569436900185,0.00404792789379,0.0182365921495,0.00143610192935,0.000130186313223
481,0.000711008613257,0.0057051117582,0.00403041620551,0.0180665620918,0.00142896573937,0.000129505917936
482,0.000709632692758,0.0057150456905,0.00401497263603,0.0179577920083,0.0014243628895,0.000129454680493
483,0.000709357886068,0.00572339768729,0.00400039369013,0.0178642594521,0.00142143390948,0.000129474990461
484,0.000708993059444,0.00572792866179,0.00398817319949,0.0178010002819,0.0014206310826,0.000129551534439
485,0.00070907574456,0.00572496148267,0.00397192207952,0.0177152811471,0.00142169561243,0.000129358644534
486,0.000709184586605,0.00571917176209,0.0039506250741,0.0176033413855,0.00142209609144,0.000129540166879
487,0.000708861540471,0.00570517041469,0.00392360253078,0.0174888910361,0.00142481901905,0.000129683446941
488,0.000708846738474,0.00568080228992,0.00389697927594,0.017380568338,0.00142902713406,0.000129385664206
489,0.000708220824795,0.00564629721556,0.00386888303247,0.0173256217926,0.00143219508641,0.000129012401957
490,0.000706711656564,0.00560825215828,0.00384609037668,0.0173284625954,0.00143298210887,0.000128504542788
491,0.000704619603168,0.00556369935612,0.00382827661196,0.0173179613753,0.00143550395481,0.00012809409099
492,0.000702061043527,0.00552345707538,0.00381803296856,0.0173232634899,0.00144146282848,0.000127579399856
493,0.000700055224294,0.00548323316726,0.00381562755971,0.017301086883,0.00144908776425,0.000127194795605
494,0.000699343816392,0.00545081164166,0.00382511111702,0.0172967141912,0.00145780779627,0.000127130732587
495,0.000699514082849,0.00542665938212,0.00384394993962,0.017306923594,0.00146867412997,0.000127230402489
496,0.000700963424763,0.00541470391976,0.00387347078236,0.0173321728855,0.00148133246371,0.000127355875113
497,0.000703385888054,0.00540633723077,0.00391606272636,0.0173168756545,0.00149497617176,0.000127760963624
498,0.000706477493144,0.00540334859832,0.00396507782565,0.0173120099007,0.00150828895806,0.000128536281411
499,0.000709754380224,0.00539745737578,0.00401706304826,0.0172625308799,0.00152303635083,0.000129335010971
500,0.000713387665097,0.00539005140287,0.00406793341636,0.0172238311325,0.00153711593757,0.00012971247133
501,0.000716384025543,0.00538327288197,0.00411538279407,0.0171657168324,0.00154667605634,0.000129518993815
502,0.000719050067767,0.0053742771244,0.00415528937741,0.0170267049884,0.00155466777146,0.000129260209681
503,0.000720671698052,0.00536562367891,0.00418446682184,0.0168517131492,0.00156251168767,0.000128984645562
504,0.000721357266058,0.00535853133893,0.0041990468725,0.0166902687263,0.00156736453994,0.000129443155996
505,0.000721948431268,0.00535888018801,0.00420352814738,0.0165857766992,0.00157332308755,0.00012936673919
506,0.000722692118249,0.00536448273702,0.00419622008594,0.0165357143133,0.00157994980225,0.000129886608053
507,0.000724567826188,0.00538741605677,0.00418187631564,0.0164717935332,0.00158768473776,0.000131200517083
508,0.000727734985489,0.00543452625155,0.00416840202913,0.0164143650868,0.00159451019375,0.000131744439463
509,0.000732324759869,0.00549891164426,0.00415777540322,0.0163619477828,0.00160303673591,0.000132198305713
510,0.000737795456792,0.0055812128072,0.00415211403491,0.0163300992701,0.00161393865348,0.000132255285773
511,0.000743973275296,0.00567619397116,0.00415616986381,0.016357108864,0.00162612033871,0.000132716150796
512,0.000751163339759,0.00577951618293,0.00417272962384,0.0164410595914,0.0016415294246,0.000132905917273
513,0.000758340688413,0.00588873263614,0.00420007226926,0.0165389556577,0.00165427562921,0.000132721850292
514,0.000765186582103,0.00599271599163,0.00423584986271,0.0166872823603,0.00166511964438,0.000132845208842
515,0.000772045517826,0.00608722522116,0.00428134297604,0.0168723150296,0.0016745487972,0.000133395055107
516,0.000778785673191,0.00616815410355,0.00433600265619,0.0170842710749,0.00168707491976,0.000134756075484
517,0.000785030825108,0.00624444324199,0.00439887308199,0.0173069534568,0.0016985776652,0.000135824738511
518,0.000791188638744,0.00628865447641,0.00446219167645,0.0175129422335,0.00170493669334,0.000136646905487
519,0.000796922237635,0.00630769776832,0.00452099367013,0.0176719028077,0.0017114704371,0.000137743076837
520,0.000800995527113,0.00630948220242,0.00457826684485,0.0177959226667,0.00171377078759,0.000138487190718
521,0.000803599722522,0.00628989768348,0.00463169780026,0.0179082146973,0.00171293206246,0.000139496571171
522,0.000804347158131,0.00625352262352,0.00467240473063,0.0178972157331,0.001709712339,0.000140526949099
523,0.000803874627676,0.00621497534143,0.00471341381725,0.0178246281245,0.00170095446896,0.000140412111634
524,0.000801153181201,0.00617068526129,0.00475352081447,0.0176757203432,0.00168808459036,0.000140058982844
525,0.000797694659488,0.00612754485885,0.00479170397337,0.0174323328282,0.00167692078274,0.000140183754433
526,0.000793112717427,0.00609574379261,0.00482506289142,0.0171856913103,0.00166141524055,0.000140007098781
527,0.000787799287561,0.00607320881959,0.00484518055416,0.0169578651533,0.0016450726734,0.000139697463804
528,0.000782108926901,0.0060572142629,0.00485821062618,0.0167917534837,0.00162766936598,0.000139610868492
529,0.000777024424955,0.00605482924071,0.00486097114177,0.0166751177909,0.00161211952765,0.000139841600394
530,0.000771828430967,0.00607026062297,0.00485121733105,0.0165866992001,0.00159835761785,0.000139644503345
531,0.000766740638023,0.00609974075461,0.00483648081601,0.01653895421,0.00158901767423,0.000140035298604
532,0.000762137772221,0.00612866913612,0.00480911868568,0.016549353137,0.00157655707184,0.000139919852214
533,0.00075772524405,0.00616845704102,0.00477977344624,0.0166044343115,0.00156654810422,0.000139814139847
534,0.000753184902417,0.00621611586913,0.00474822817213,0.0166512182607,0.00156136145519,0.000139989240277
535,0.000748853748457,0.00626651873617,0.00472491953503,0.0166565674898,0.00155881112256,0.000139952228234
536,0.000743963323694,0.00632237319974,0.00470781091474,0.0166781548593,0.00155791645754,0.000139536382928
537,0.000738283967618,0.00636458454663,0.00469550207554,0.0167454931758,0.00155938736374,0.000139615084616
538,0.000732212662006,0.00638266012481,0.00468836521724,0.0168231045168,0.0015566068341,0.000139589980442
539,0.000727298998287,0.0063769735015,0.0046859528652,0.0168787379623,0.00155524973332,0.000140162754737
540,0.000723463394961,0.0063471641412,0.00468284516877,0.0169641336323,0.00155620770509,0.000140410279379
541,0.000720123501298,0.00628752259053,0.00467475277465,0.0170710564327,0.00155493046784,0.000140782401629
542,0.000717914867682,0.0062041135477,0.00466389531383,0.0171567662508,0.00155068100986,0.000141669241427
543,0.000716614365685,0.00609857232408,0.00465180590751,0.0172051497451,0.00154831436881,0.000142152209252
544,0.000715800065224,0.00598235965659,0.00464035366029,0.0172406802244,0.00154455312853,0.000142323256186
545,0.000715793811085,0.00586616048268,0.00463255513712,0.0173069131134,0.00154286498323,0.000142919392397
546,0.000715519686951,0.00576440152223,0.00462968241885,0.0174205271669,0.00154138145887,0.000142958541415
547,0.000715432366275,0.00567797201478,0.0046296185435,0.017513000608,0.00154113168319,0.000143477118141
548,0.000716041238485,0.00562018703863,0.004631230283,0.0176570363831,0.00154340771912,0.000144067512999
549,0.000716483691999,0.00559116129088,0.00463660100879,0.0177149977293,0.00154587560129,0.000144442024498
550,0.000716617649825,0.00559102085022,0.00464668015755,0.0177132091011,0.00154983112782,0.000144716715747
551,0.00071715976623,0.00562183440892,0.00466421715614,0.0176590566963,0.00155838908991,0.000144890110151
552,0.000718749595833,0.00568729978554,0.00469745906993,0.0175465504794,0.00157001018191,0.000145069550627
553,0.000721528594568,0.00577825545396,0.0047504240868,0.0174296094024,0.00158583648268,0.000145914378907
554,0.000725613761299,0.00589035517631,0.0048199703173,0.0173128639886,0.00160622816963,0.000147045421399
555,0.000730769529511,0.00602084534419,0.00489801633656,0.0172254592589,0.00162742708452,0.000147582848043
556,0.000737088865926,0.00616146255823,0.00498207475841,0.0171641623541,0.00164818693411,0.000148018266094
557,0.000743817653903,0.00630039317138,0.00506780122888,0.0171770357273,0.00166844442409,0.000147995695498
558,0.000751285058111,0.00642957897118,0.00515578873128,0.0172667179516,0.00169185508999,0.000148030182047
559,0.000758956079794,0.00654245444661,0.00523881870206,0.0173841076146,0.00171396445456,0.000147605397475
560,0.000766898424233,0.00663564128174,0.00531151174384,0.0174679266894,0.00173576084625,0.000146867472731
561,0.000774989588173,0.00671314074514,0.00537394617972,0.0175015326338,0.00175913347104,0.000146036843203
562,0.00078333420025,0.00678737521963,0.00542572235258,0.017497076732,0.00178488398822,0.000145557421181
563,0.000791577186326,0.00685199330689,0.00547103204978,0.017482709252,0.00181400202463,0.000145441051582
564,0.000799560636853,0.00691615807643,0.00551353053302,0.0175611938218,0.00184753969419,0.000145529825029
565,0.000808497732371,0.00698244123311,0.00556694405743,0.0176342474634,0.00188244818517,0.00014544207848
566,0.000816955439756,0.00705564423899,0.00562379045195,0.0177564183363,0.00191492361449,0.000144855317052
567,0.000825105511937,0.007129417709,0.00568677044147,0.0179117533775,0.00194973650915,0.000145533541937
568,0.000833635478423,0.00720023009059,0.00575423309984,0.0180520428939,0.00198567865179,0.000146031348664
569,0.000842089905141,0.00725343717992,0.00581479758593,0.0181910170749,0.00202262599056,0.000145995160287
570,0.000849628829464,0.00728287172691,0.00586590088597,0.0183153074439,0.00206118174189,0.000146031378388
571,0.000856499382601,0.00729500563893,0.00591021299242,0.018322758118,0.00209908442107,0.000145832159892
572,0.000862275742679,0.00729301491861,0.00593592380171,0.0182440717567,0.00213476570165,0.00014502537242
573,0.000867969637556,0.00727485613511,0.00594427790559,0.0181544271454,0.00216918553573,0.000143709962298
574,0.000872988136054,0.00725002754595,0.00594107764845,0.0180309924146,0.00219800051707,0.000142977369491
575,0.000877487916275,0.00721584788486,0.00592925377577,0.0179171442588,0.0022228681823,0.000142443650836
576,0.000881294908369,0.00716939321615,0.00590726012537,0.0178183039218,0.00224224002009,0.000141231433505
577,0.000883181517477,0.00711295745405,0.00587554587508,0.0177077461167,0.00225967938052,0.000139897223926
578,0.000883777909798,0.00703988669851,0.00583197312978,0.0176317524572,0.00227263475509,0.000138785886303
579,0.000882945351347,0.00695341796312,0.00577826234196,0.0175217939137,0.00228033537914,0.000137377904077
580,0.000881613827258,0.00685752772909,0.00571617195982,0.0173922580141,0.00228478065802,0.000135928368003
581,0.000879423886656,0.00675891204911,0.00565027186183,0.0172544846652,0.00228582680522,0.000134853464176
582,0.000877294077701,0.00666309054234,0.00558579325574,0.0171210552243,0.00228411596672,0.000133572490193
583,0.000875223599315,0.00657373334135,0.00552181092078,0.0170014773858,0.00228153174496,0.000132892565586
584,0.000872870406569,0.00648908877748,0.00546773138867,0.0169174478318,0.00227630184336,0.000132056302453
585,0.000870947561237,0.00642072806585,0.00542858891372,0.0167947016304,0.00227024657168,0.000131509267397
586,0.000869801361523,0.00637100065929,0.00539870230012,0.0166243836613,0.00226109043573,0.000130781663103
587,0.000869631575401,0.00633232045431,0.00537228343028,0.0165161279201,0.00225169105128,0.000130172844887
588,0.000869570995912,0.00631096232842,0.00535230563974,0.0165057297007,0.00224350171549,0.000130139218243
589,0.000869566203849,0.00630299092465,0.0053298403258,0.016569542817,0.00223508135601,0.000130298073639
590,0.000870044005507,0.00630484900959,0.00530701733587,0.0167184222889,0.00222620999983,0.000130721894765
591,0.000870896261882,0.00630436492281,0.0052810794474,0.016913704366,0.00221655526639,0.000130938024794
592,0.000871816635107,0.00630699648634,0.00525496728751,0.0171543842321,0.00220680620269,0.000130863185708
593,0.0008722940212,0.0063054913458,0.00522486305453,0.0174127333348,0.00219835382501,0.000130880804571
594,0.00087247445717,0.00630501382351,0.00518747186484,0.0176647163976,0.00218806280935,0.000130712501474
595,0.000872351163871,0.00630438539096,0.0051401709894,0.0178860041263,0.00217817641445,0.000130435337227
596,0.000871911274019,0.00630155965665,0.00508854606764,0.0179711218457,0.00216919256486,0.000130417137728
597,0.000871381724732,0.0063042248864,0.00503412633152,0.0179647231523,0.00215452542944,0.0001304615819
598,0.000871114778103,0.00630468588589,0.00497935339289,0.0179361503842,0.00214122424498,0.000131093628871
599,0.000870833160093,0.00631126766746,0.00492906381495,0.0179712145021,0.00212667254964,0.000131969412133
600,0.000871576413317,0.00631845923214,0.00488745252491,0.0179623070333,0.00211132420346,0.000132947351318
601,0.000872569128565,0.00632846240117,0.00485783406779,0.0179545727158,0.00209477304701,0.000133639252084
602,0.000873319034107,0.00634342244311,0.00483872799793,0.0179910241395,0.00207756805856,0.000134507901152
603,0.000873739351871,0.00636288056286,0.0048361457842,0.0180351286316,0.00206136257193,0.000135560150882
604,0.000874071429052,0.00638236775435,0.00485038819463,0.0181230561853,0.00204816983446,0.000137379019588
605,0.000874372306874,0.00639499084734,0.00488025025452,0.0182720169005,0.00203283253972,0.000138043003164
606,0.000874388180078,0.00640465031413,0.00492302278473,0.0184758489957,0.00201654847079,0.000139035627546
607,0.00087478153731,0.00641419950829,0.00497872685028,0.0186421848191,0.00199792842647,0.000140581765598
608,0.000876937359529,0.00641714763584,0.00504431610723,0.0188441901578,0.00198136540415,0.000141764452171
609,0.000881151753193,0.00641614860431,0.00511812082555,0.019086011039,0.00197027492846,0.000143306734087
610,0.000887454479093,0.00642383411829,0.0052051628483,0.0193430776307,0.00195727151418,0.00014503409299
611,0.000894621994256,0.00643346197619,0.0053054281286,0.0196334043539,0.00194493850261,0.000146578640525
612,0.000902239654773,0.00646072539927,0.00541962569409,0.0198949563529,0.00193578400156,0.000148856185665
613,0.00091116008432,0.00650540881979,0.00554146035153,0.0201350925228,0.00193151985793,0.000150445019872
614,0.000920502909143,0.00656534875671,0.00566003963394,0.0203194660887,0.00192986534818,0.000152335816655
615,0.000929843198047,0.0066418804433,0.00577242391644,0.0205119079525,0.00192820421147,0.000153804445325
616,0.000939830669407,0.00673718682585,0.00588221960928,0.0206802775459,0.00192548494506,0.000155019522341
617,0.000950665913553,0.00685232689504,0.00598044357293,0.0207367455913,0.00192267319359,0.000155796356236
618,0.000960835873039,0.00697279859776,0.00607414453455,0.0207328187066,0.0019132013032,0.000156512054307
619,0.000969983682465,0.00709856919829,0.00616010934164,0.0206483972652,0.0019085809609,0.00015713366313
620,0.000977273549306,0.00722906873675,0.00623626524743,0.0205773869986,0.00190385701862,0.00015722703087
621,0.000982520889238,0.00736606074246,0.00629472526237,0.0205706560495,0.00190321348964,0.000157601466832
622,0.000986045790167,0.00750976594127,0.00634374506272,0.0206278957578,0.00189902688335,0.000157688420372
623,0.000990508389499,0.00764976288693,0.00637932096096,0.0207201945901,0.00189325870501,0.000157076472713
624,0.00099522537479,0.00777834810999,0.00640968874337,0.0207884368488,0.00188787006428,0.000156691002732
625,0.00100002611981,0.00790023057316,0.00643772029621,0.0207643832867,0.00188079998263,0.000156217925231
626,0.00100356173586,0.00801223279243,0.00646608261533,0.0206880309525,0.00187168372179,0.000156250581357
627,0.00100630138174,0.00810854025043,0.00650628479474,0.0205925938476,0.00186290375163,0.00015631850805
628,0.00100954741584,0.00819417323084,0.00656511473364,0.0205841226194,0.00186259670672,0.000156687767852
629,0.00101277704344,0.00827373954596,0.00665054059669,0.0206063499068,0.00186569646502,0.000156786278855
630,0.00101795490829,0.00833662463852,0.00675336984053,0.0206855625443,0.00187283195621,0.000156253529257
631,0.00102432502695,0.00839023359062,0.00686641790725,0.0207736097559,0.001880545107,0.000155708550246
632,0.00103200211943,0.00842874954686,0.00699390883671,0.020910905716,0.00188941617503,0.000155154800856
633,0.0010400043381,0.00845255839287,0.00712456748142,0.0210686904121,0.00189527949654,0.000155380060178
634,0.00104847376227,0.00845240586986,0.00724641625128,0.0212213867988,0.00189800512802,0.000155363050734
635,0.00105607040102,0.00843483193138,0.00734462716482,0.0214559505778,0.00189951218968,0.000155153437879
636,0.00106282802869,0.00839647800004,0.00742555922868,0.0216094001901,0.00190265029532,0.000154508300151
637,0.00106795653581,0.00835128086632,0.00748458678551,0.0216729731186,0.00190581462746,0.000154147824769
638,0.001071610557,0.00830813853621,0.00751851615731,0.0216572441118,0.00190793366105,0.000153570328917
639,0.00107278863563,0.00826145999557,0.00753115060801,0.0215588782853,0.00190771592896,0.000153170038216
640,0.00107145199023,0.0082153582652,0.00753747518968,0.0214465953264,0.00190775831235,0.000152929601163
641,0.00106726462444,0.00817171700684,0.00753625215021,0.021319714448,0.0019069428475,0.000152625370994
642,0.00106237802531,0.00812355964637,0.00751996371052,0.021260634053,0.00190592522501,0.000152324285488
643,0.00105624681629,0.00808322993007,0.00749486519995,0.0211602764128,0.00190434575101,0.000151618746656
644,0.00104939900968,0.00805559534028,0.00745766004142,0.0209344762736,0.00190240810716,0.000151316224539
645,0.00104225629508,0.0080402987151,0.00741161826057,0.0206833216498,0.00189917589478,0.000150928245648
646,0.00103376074312,0.00803302133647,0.00736265902123,0.0204030490491,0.00189115930695,0.00015080702032
647,0.00102391475813,0.00802967324192,0.00731164738494,0.020132243642,0.0018838703055,0.000151134128682
648,0.00101357366804,0.00803593743131,0.00725981336228,0.0199486743946,0.00187555918246,0.000151353298333
649,0.00100338233568,0.0080348757012,0.00721000759632,0.019841874052,0.00186556718466,0.000150868372348
650,0.000993462731273,0.00803524344536,0.00716087858348,0.0197918108139,0.00185585750775,0.00015030706243
651,0.000983671041393,0.00803585334853,0.00711610270953,0.0197999048692,0.00184925932389,0.000149873172363
652,0.000974127761848,0.00802894340984,0.00707571032335,0.0198239007059,0.00184204779529,0.000149140157647
653,0.000964720797807,0.00801540484453,0.00703623696516,0.0198452798073,0.00183528473778,0.000148437839988
654,0.000955838236609,0.00798560557825,0.0070083125805,0.019915974257,0.00182709800775,0.000147603845055
655,0.000946158136597,0.00793089645067,0.00698244031537,0.0199887478512,0.00181792221016,0.000146671291283
656,0.000936165729991,0.00786380292444,0.0069619162658,0.0200664593656,0.00180745543668,0.000145379307433
657,0.000926483740742,0.0077897851966,0.00694520322507,0.0201425245957,0.00179571046118,0.000144559930204
658,0.00091752589926,0.00771182712896,0.00693671255183,0.0202439126487,0.00178459197432,0.000143858044849
659,0.000908456474512,0.00763872229504,0.00693712966498,0.0203347464897,0.00177504685624,0.000143517690426
660,0.000899555238907,0.00756371949053,0.00694243167954,0.020381235897,0.00176620974018,0.000143462411228
661,0.000891599818586,0.00747739050399,0.00694543863088,0.0203884467176,0.00175854460735,0.000143379348082
662,0.000885730433209,0.0073873129805,0.00694648820879,0.0203897320022,0.0017526133988,0.000143460446163
663,0.000880814612433,0.00729153051862,0.00693858095344,0.0204345133148,0.00175094638442,0.000143758201762
664,0.000876766623187,0.00719413408908,0.0069146043235,0.0204376099284,0.00175118377252,0.000144168904649
665,0.000872495334654,0.00710144681892,0.0068773352906,0.0204106379002,0.00175377515775,0.000144666964402
666,0.000867529571511,0.00701299677588,0.00682789086187,0.020325968531,0.00175837720236,0.000145007713356
667,0.000861668441196,0.00693227750018,0.00676379021504,0.0201524286934,0.00176391463172,0.000144915987592
668,0.00085491532414,0.00685906113089,0.00669503577086,0.0199858119415,0.00177351411691,0.000145223642881
669,0.000847557350091,0.00679410927153,0.00662152449939,0.0198168719945,0.00178308245673,0.000145618539359
670,0.000839082120637,0.00674107462044,0.00654387166735,0.0196340510068,0.00179635594916,0.000146199303913
671,0.000829602297575,0.00669726056031,0.00646283524318,0.019499550677,0.00180646669506,0.000146692206389
672,0.000819680402739,0.00666123627518,0.00637933470481,0.019364160588,0.00181495346646,0.000147197084444
673,0.000810163429022,0.00663127856561,0.00629544792055,0.0192203267962,0.00182149898386,0.000147940369544
674,0.000800968425273,0.00660584316946,0.00622030288118,0.0190203817442,0.00182679269621,0.000148547268712
675,0.000792151880042,0.00658290117135,0.00615113848183,0.0188428375145,0.00182878721886,0.000148909757696
676,0.000784595268104,0.00656370027993,0.00608934191989,0.0186766272474,0.00183091500435,0.000149013142383
677,0.00077862135423,0.00655004774626,0.00603337026126,0.0185603868629,0.0018332239434,0.000149649883067
678,0.000773814811893,0.00654794309652,0.0059846150449,0.0184867241621,0.00183448682139,0.000149541256911
679,0.00076998722264,0.00655242396497,0.0059451918189,0.0184681305971,0.00183526181066,0.000148975787659
680,0.000767057701003,0.00655260780513,0.00591628343545,0.0184609702571,0.00183617093045,0.000148256111689
681,0.000764955562318,0.00656064988478,0.00589349296098,0.0184607501203,0.00183511514378,0.00014690243225
682,0.000763087479296,0.00657276389381,0.00587537817031,0.0184203576866,0.00183219185608,0.000145452509562
683,0.000761326677088,0.00658247175201,0.00585586147453,0.0184194851332,0.00182997997569,0.000144332978425
684,0.000759815698758,0.00658490937676,0.00583248290589,0.0184211827464,0.00182866077814,0.000143878754216
685,0.000757773800086,0.00657603061372,0.00579867578041,0.0184857606696,0.00182526864234,0.00014346275332
686,0.000754987092647,0.00656885774386,0.00575729255233,0.0185819126658,0.00181973074577,0.000143298704397
687,0.000751426223568,0.00655939993483,0.00571128681333,0.01873522212,0.00181400140698,0.000143729388308
688,0.000748329159424,0.00654286333193,0.00566780321897,0.0188729406521,0.00180451955929,0.000144259984804
689,0.000745603442239,0.00651366117869,0.00562277368215,0.0190224963603,0.00179309463526,0.00014364134603
690,0.000744033745416,0.00647936835052,0.00557634113874,0.0191478161764,0.00177825646847,0.000143125033427
691,0.000743190545406,0.00642793502699,0.00553291753116,0.0191977079457,0.00176509820634,0.000143081820373
692,0.000742179539985,0.00637142696119,0.00549490163217,0.0191810427791,0.00175265770217,0.000142951492329
693,0.000741422422694,0.00631290964802,0.00545852154086,0.019106292486,0.00174368555664,0.000142379945634
694,0.00074101337551,0.00626279099829,0.00541984689401,0.0190418368862,0.00173520123679,0.000142330578966
695,0.000740664022787,0.00621484722484,0.00538395429453,0.0189122971567,0.00172762598354,0.00014232945085
696,0.000740066627311,0.00617008134815,0.00534357261845,0.018700773152,0.00172202508114,0.000142008772822
697,0.0007396321641,0.00613477473076,0.00530508425723,0.0184731934801,0.00171477299588,0.00014136907509
698,0.000739007534334,0.00610008621297,0.00526664661221,0.0183221100982,0.00170838584919,0.000140661809288
699,0.000738058870083,0.00606681131517,0.00522439324293,0.0182510426657,0.00170415440808,0.000140114984631
700,0.000736415710556,0.00603663876589,0.00518486232066,0.0182422892922,0.00169964848736,0.000139643767375
701,0.000734219503187,0.00601827023279,0.00514985223789,0.0182883130445,0.00169483800324,0.000139229941496
702,0.000731706819906,0.00601015751488,0.00512071723019,0.0183398934189,0.00168850794854,0.000138945295453
703,0.00072933040789,0.0060085116969,0.00509050009039,0.0183638472512,0.00168044358026,0.000138436806654
704,0.000726882114013,0.00601111567186,0.00505895303538,0.0184289569039,0.00167198247126,0.000138553123442
705,0.000724314815155,0.00601626069656,0.00502909066614,0.0184969260114,0.0016612197488,0.000138501729557
706,0.000722574942885,0.00601626886389,0.00499759669561,0.0186019661954,0.00164943196082,0.000138248098006
707,0.000721042370015,0.00601629300741,0.00497431910146,0.0187312024358,0.00163948998522,0.000138193808925
708,0.000718699265831,0.00602184487366,0.00495870502096,0.0188340362948,0.0016307182492,0.000137900927165
709,0.000716554672684,0.00602684400563,0.00493761550876,0.018913154719,0.00161976657329,0.000137827632784
710,0.00071419053898,0.00602588415046,0.00490801720209,0.018926123949,0.00160692223476,0.000137426829554
711,0.000711790010508,0.00600836817897,0.00486799603389,0.0189390225217,0.00159128060625,0.0001365604493
712,0.000709490659455,0.00598437433093,0.00482197072655,0.0189686278177,0.00157467246133,0.000135898197851
713,0.000707536803848,0.00594931338856,0.00477075275516,0.0189975639283,0.0015585779837,0.00013487239883
714,0.000704296078101,0.00590941240746,0.00471522100723,0.0189350829364,0.00154346508876,0.000133946441067
715,0.000700912543176,0.00586239255887,0.00466399200128,0.0188725884469,0.00152691938792,0.000133493382666
716,0.000697516271725,0.00581184569767,0.00461400067081,0.0188323932936,0.00151272394872,0.000133081232462
717,0.000694935115701,0.00574892179618,0.00455630240489,0.0187861104944,0.00149589697997,0.000132570602928
718,0.000692404815175,0.00568101021851,0.0044918748727,0.0187221038979,0.00147896301693,0.00013207620284
719,0.000691698007997,0.00561284689629,0.00442543455453,0.018661062396,0.00146427549124,0.000131656006381
720,0.000691614798538,0.0055523977727,0.00436449714294,0.0185672626705,0.00145168337496,0.000131334075332
721,0.000692496774647,0.00549625992887,0.00431225489341,0.0184535106717,0.00144442905557,0.000131520813076
722,0.00069406576598,0.00544718677485,0.00427389733377,0.0183025002453,0.00144328389334,0.000131613254436
723,0.000696347162575,0.00540747179052,0.00425512702782,0.0181780088332,0.00144227283961,0.000132054698683
724,0.000698853843174,0.00536547379842,0.00424428463252,0.0180896078697,0.00144377710038,0.000132577074767
725,0.000701137327062,0.00532648482077,0.00423985455401,0.0179756223956,0.00144798421971,0.000132963751891
726,0.000702971214001,0.00528030270936,0.00423362079849,0.0178049676798,0.00145113527319,0.000132742132947
727,0.000703885318854,0.00523391846146,0.00422920810175,0.0176752870557,0.00145539944238,0.000132619287416
728,0.000704240050369,0.00519309555257,0.00422698611737,0.0175564164241,0.00146177386836,0.000132577088938
729,0.000704149174465,0.00515546721901,0.00422205935264,0.0174794527575,0.00146909975877,0.000132514440034
730,0.000703500266258,0.0051281389076,0.00421928555674,0.0174369202778,0.00147777054903,0.000132810389484
731,0.000702891544619,0.00511215232648,0.0042196400261,0.0173721585737,0.00148400436655,0.000133160093175
732,0.000702190237399,0.00510535387012,0.00422724007095,0.0173606027661,0.00148527796221,0.000133261978922
733,0.000701070505013,0.00510490235259,0.00424181718902,0.0173491285767,0.00148781233044,0.000132822524973
734,0.000699240802601,0.00510637129422,0.00425745156161,0.0173428587018,0.00149116037024,0.000132636118556
735,0.000697278381781,0.00510956402224,0.00426917099724,0.0173364098256,0.00149473278225,0.000132534468571
736,0.000694615860876,0.00512525548601,0.00428257471291,0.0173096110768,0.00149581306724,0.000132057028459
737,0.000691899749063,0.00513823323811,0.00430040507356,0.0172707790254,0.00149418571037,0.000131406470433
738,0.000690170737241,0.00515170392422,0.00431329504678,0.0172499019201,0.00149047324714,0.000130670698956
739,0.000689167653839,0.00516955434804,0.00432713937196,0.0172262054896,0.00148606180396,0.000130063903664
740,0.00068807312733,0.00519073177023,0.00434215586584,0.0172123945623,0.00147854324651,0.000129510979978
741,0.000687479769229,0.00521541173206,0.00435590623827,0.017201686742,0.00147034994821,0.000128834921691
742,0.000687343452703,0.00525091972473,0.00436222570555,0.0172117839712,0.00146060814163,0.000128888640541
743,0.000686837367621,0.00528408963682,0.00436136419816,0.0172537571135,0.00145320909957,0.00012921021172
744,0.000685616129856,0.00531325288945,0.00435548676424,0.0173097537761,0.00144935954734,0.000129915490049
745,0.000683712031253,0.00533941751355,0.00434453991581,0.0173179862585,0.00144776542599,0.000130514709982
746,0.000681064958959,0.00535670166663,0.00432888149303,0.0173143971591,0.00144794981058,0.000130533788457
747,0.000677433534396,0.00536414568417,0.00431197082764,0.0173411355631,0.00145159064887,0.000130435636369
748,0.000672918301677,0.00535621552294,0.00429362653335,0.0173759361306,0.00145678304986,0.000130517941398
749,0.000667907339127,0.00533568585794,0.00427802869249,0.0173377002503,0.00146033729615,0.000130749119288
750,0.000662938855796,0.00530399295686,0.00426523277983,0.0173022805388,0.00146219718236,0.000129915095446
751,0.000658535117763,0.00526166405022,0.00425327448324,0.0172904220271,0.00146508314862,0.000129561225061
752,0.00065419635061,0.00521811267957,0.00424508373221,0.017261483224,0.00146847890578,0.000129456183241
753,0.000651007373973,0.00517819687065,0.0042392651484,0.017240717059,0.0014730253493,0.000129555071985
754,0.000648615569454,0.00514873686549,0.00423874882122,0.0171901896978,0.00147879071886,0.000129162516304
755,0.000647006927448,0.00513755226389,0.00424446970527,0.0171267551251,0.00148689529745,0.000129657423411
756,0.000646787188407,0.00514276067345,0.00425522457941,0.0170694998356,0.00149610033281,0.000130470561236
757,0.000647762373531,0.0051599625888,0.0042679785831,0.0170226578461,0.00150351691098,0.000131362275722
758,0.000649502460898,0.00518958063116,0.00428472170278,0.0169499338372,0.00151143638507,0.000132323721389
759,0.000651325396191,0.00523788836444,0.00431103040007,0.0168865150221,0.00152004504897,0.000133402510267
760,0.000652597170742,0.0052960780189,0.00434126676873,0.0169075128969,0.00152740101935,0.000134260293306
761,0.000653399930339,0.00535816164672,0.00437286146169,0.0169354251055,0.00153575025747,0.000134716325883
762,0.000653857596285,0.00542608038088,0.00440445379595,0.0169738786021,0.00154345778732,0.000134798243798
763,0.00065426075771,0.00549713660303,0.00443002516041,0.0170122321804,0.00155070702769,0.000134752892468
764,0.000655090474347,0.00556598068879,0.00444668598348,0.0170044970823,0.00155931025586,0.00013456233391
765,0.000656239436284,0.00563282273118,0.00445583191908,0.0169930505943,0.00156788631768,0.000134936225049
766,0.000657944204073,0.00569395235454,0.00445907892561,0.0170000259518,0.00157673904723,0.000135496391308
767,0.000660030901852,0.00574549991214,0.00445621817571,0.0170342056173,0.00158303169561,0.000135868994926
768,0.000662943067194,0.00577613701276,0.00444704720669,0.0170924565155,0.00158576073929,0.000135822538076
769,0.000665839898762,0.00579053204908,0.00442949129785,0.0171548838298,0.00158887446478,0.000135659304248
770,0.000669210132506,0.00578310070919,0.00440307172959,0.0172341594591,0.0015947193738,0.000135687662438
771,0.000672835576351,0.00575931875589,0.00437897667592,0.017295993723,0.00160468166619,0.000135635563487
772,0.000675487245705,0.00572322622433,0.00436225843385,0.0173166930155,0.00161439713684,0.000135227794541
773,0.000678469092147,0.00567634020648,0.00435206018557,0.0173085292436,0.00162592054313,0.000134812900322
774,0.000681623077035,0.00562500206291,0.00435324265753,0.0173542437657,0.00164364387296,0.000134562556502
775,0.000684475767918,0.0055779095151,0.00436525676653,0.0174305858059,0.00166127955578,0.000134296529279
776,0.000686698845645,0.00553330620812,0.00439154681339,0.0175298575916,0.00167976191196,0.000134116865886
777,0.000688916635299,0.0054976464052,0.00442727246645,0.0175697577451,0.00169641068958,0.000133834805729
778,0.000691053692575,0.0054745002005,0.00446960204867,0.0176136005631,0.00171023040411,0.000133904884014
779,0.000692839961217,0.00546104635893,0.00451876369089,0.0176794746826,0.0017214688338,0.000133389742214
780,0.000694186609844,0.00545456788474,0.00457280374956,0.0177414549008,0.00173535356565,0.000133232189269
781,0.000696126235182,0.00547044955703,0.00462704921889,0.0177859122994,0.00175017457439,0.000132814857777
782,0.000699089119363,0.00549826967693,0.00467977979888,0.0178026273929,0.00176175403099,0.000132201937095
783,0.000702284233453,0.00554210682606,0.00473596139606,0.0178420800378,0.00177660721776,0.000131941201635
784,0.000705142012023,0.00560019222381,0.00478878443431,0.0178808488971,0.00179021511175,0.000131487953567
785,0.000706919843588,0.00566423201475,0.00483864947543,0.0178827002773,0.00180108549994,0.000130910867149
786,0.000708734430155,0.00573557708567,0.00488169207584,0.0178227728008,0.00180830237321,0.000130661719209
787,0.000709728927926,0.0058129588543,0.00491981129177,0.0176987990379,0.00181520109687,0.000130408801877
788,0.000711481437942,0.00588902210674,0.00495291676937,0.0175508311944,0.00181665410713,0.000129912866389
789,0.00071316657571,0.00596511809205,0.00497812949837,0.0174013493829,0.00181394075357,0.000129151906315
790,0.000714514421631,0.0060402308825,0.00499431615012,0.0172184706005,0.00180875708093,0.000128420396696
791,0.000716035884427,0.00612016772446,0.00500512773412,0.0170642362304,0.00180769054605,0.000128193458009
792,0.000718408321729,0.00619712070843,0.00500835618293,0.0169644252369,0.00180874275371,0.000127864677211
793,0.000721200000775,0.00626667619329,0.00500950575247,0.0169789339171,0.00180899645557,0.000127634680629
794,0.000724556972164,0.0063256042403,0.00500742298728,0.0170674165249,0.0018087075544,0.000127628377765
795,0.000727908026621,0.00636805258676,0.00500826901748,0.017181267362,0.00180694724354,0.000127315892614
796,0.000731126932628,0.00638576958183,0.0050096089115,0.0172642006004,0.00180589789529,0.00012716154744
797,0.000733205141279,0.0063792052791,0.00501775928916,0.0173744662651,0.00180326283105,0.000127034967909
798,0.000735543521707,0.00635695993702,0.00502609464482,0.0174874219266,0.00180065436673,0.000127028933442
799,0.000737029061862,0.00632699650536,0.00503803129255,0.0176031407171,0.00179960006736,0.000127290893135
800,0.000738177237689,0.0062899086878,0.00505183187859,0.0177723197148,0.00180230417559,0.000127444535033
801,0.000738907498629,0.00623982222827,0.00507049803408,0.0179733430602,0.00180606959982,0.0001269529945
802,0.00073928633804,0.00617569749483,0.00508848572472,0.0181302774043,0.00181261792615,0.000126494416224
803,0.000740529921873,0.00610444879208,0.00510152990148,0.0182041873403,0.0018207551195,0.00012556256067
804,0.000742135386884,0.00603366747875,0.00511345611447,0.0182326016239,0.00183263463302,0.000124873854764
805,0.000743968794449,0.00597761171483,0.00511984966563,0.0182675505928,0.00184341347227,0.000124496326831
806,0.000746348308989,0.00592794797062,0.00512056687694,0.0182612030959,0.00185093014354,0.000124500763741
807,0.000748875803496,0.00588255917108,0.00511670333565,0.0181834885941,0.00186233691492,0.00012478248817
808,0.00075213402799,0.00585633413689,0.0051082765183,0.0181367193419,0.00187914511422,0.000125198560358
809,0.000757262601136,0.00584759892914,0.00510490047078,0.0181384259908,0.00190059047749,0.000125528859845
810,0.00076462098128,0.00585586879297,0.00511028464425,0.0181410213815,0.0019263902733,0.000126098815347
811,0.000772752150949,0.00588366768252,0.00512335407351,0.0181994328877,0.00195019976592,0.000126864255886
812,0.00078172712239,0.00591953648583,0.00514349236964,0.0182787733375,0.00197721032025,0.000127834199367
813,0.000791666276624,0.00596516172153,0.00516184566276,0.0183710431996,0.00200238356574,0.000128348724309
814,0.000800721064405,0.0060162402882,0.00517775130196,0.0184615164088,0.00202250478227,0.000129144400536
815,0.000809471434036,0.00607634390461,0.00518908138306,0.0185314272982,0.00203774563869,0.000130048631536
816,0.000816915219128,0.00613606724993,0.0051986630905,0.0186629564427,0.00205345235888,0.000131458903742
817,0.000823201856801,0.00619598590554,0.00520173112477,0.018752748209,0.00206539773458,0.000131936481202
818,0.000829074362489,0.00625224941214,0.00519253366463,0.0187619150429,0.00207382149102,0.00013268866336
819,0.000834989246913,0.0062968997206,0.0051743321072,0.0186799982451,0.00208220185254,0.000133637781067
820,0.000841515960138,0.00633292964611,0.00515870681999,0.0186531792591,0.00209171063928,0.000134624224385
821,0.000848019489372,0.00636684326517,0.00513688538259,0.0186241603105,0.00210024664909,0.000135328605495
822,0.000854356852441,0.00640297199487,0.00511412070826,0.0185683607213,0.00210945533584,0.000136487967842
823,0.000860822334468,0.00645179275832,0.0050997661343,0.0184721324894,0.002117537762,0.000137783493909
824,0.000867680328415,0.006511005585,0.00510014926775,0.0183541624318,0.00212566564187,0.00013892189346
825,0.00087494461689,0.00658741253668,0.00512055401072,0.018208571382,0.00213374925785,0.000140027299897
826,0.000880971918976,0.00667722934346,0.00515330895268,0.018138356803,0.00213786848082,0.0001408322093
827,0.000886195111374,0.00677696282357,0.00519517499261,0.0181063657445,0.00213930686891,0.00014209841033
828,0.000891096612032,0.00687387984642,0.00524288435065,0.0181049334641,0.00214101110601,0.000142953464765
829,0.000895470356796,0.00696671393333,0.00529035074484,0.018145991272,0.00214320664019,0.000143330927096
830,0.000899315742676,0.0070464346518,0.00533106143561,0.0181667344718,0.00214703845953,0.000143587212099
831,0.000903160087103,0.00711849275905,0.00537136615468,0.0181878933722,0.0021497298468,0.000144142181621
832,0.000907799616311,0.00718525743484,0.00541087301282,0.018227792506,0.00215386556387,0.000144509679244
833,0.000912566931704,0.00724288981203,0.00545049327246,0.0182705925311,0.00216153301669,0.000145044273803
834,0.000917676675909,0.00729330734912,0.00548966751146,0.0183345090732,0.00217531827713,0.000145724676835
835,0.000924247373564,0.00733808916595,0.00552945045671,0.0183897693855,0.00219425480269,0.000146710101203
836,0.000932180417911,0.00737853385021,0.00557570046876,0.0184556303597,0.00221532847177,0.00014751344244
837,0.000940636404701,0.00742214480778,0.00563133015214,0.0185144522418,0.00223835868118,0.000148412157382
838,0.000949084788725,0.00747191487486,0.005692242516,0.0185621648015,0.00226306385702,0.000149383116874
839,0.000957438270249,0.00752770919847,0.00575585711907,0.0185720780635,0.0022823525441,0.000150216782836
840,0.000965831934638,0.00758723342529,0.0058188027697,0.0186521107648,0.00229837057586,0.000150941829274
841,0.000973207571526,0.00764454937623,0.005878395209,0.0187479427071,0.00230851285894,0.000151571040347
842,0.00097974376401,0.00769383421571,0.00593009975616,0.0188661668927,0.0023129126208,0.000151943736732
843,0.000984494355094,0.00773658103057,0.0059791010799,0.0190095231878,0.0023158732417,0.000152121988109
844,0.000988242852666,0.00778118117285,0.00602656095011,0.0191149694933,0.00231637149642,0.000151782470686
845,0.000990422035814,0.00781930092154,0.00607192774627,0.0191805829217,0.00231351224687,0.000151903395901
846,0.000990921259781,0.00784765306071,0.0061113728005,0.0192470601585,0.00230538025996,0.000151527215867
847,0.000990605333462,0.00786214045078,0.00614878060466,0.0193113269182,0.00229578559249,0.00015070572341
848,0.000989274478766,0.00786612230962,0.00618177229511,0.0193175944593,0.002284389639,0.000150086970385
849,0.000986807772087,0.00785838910766,0.00620105227678,0.0192509581211,0.00227056616729,0.000149485503415
850,0.000983460750391,0.0078402583961,0.00620821596852,0.0191660713561,0.00226228224601,0.000148658448339
851,0.000979430518674,0.00782066428144,0.00620252026621,0.0190503373754,0.00225551106146,0.000147807923171
852,0.000976158455752,0.007799741462,0.00619034720931,0.0189809743197,0.00224635726906,0.000147135797524
853,0.000973840755227,0.00777515239276,0.0061732686859,0.0188824806682,0.00223457494288,0.00014623789136
854,0.000972547585645,0.00775985386969,0.0061682791997,0.0188583268064,0.0022269324784,0.000145457196256
855,0.000972779529895,0.00776527387012,0.00617412288751,0.0189042020444,0.0022228374498,0.00014468639673
856,0.000975106044477,0.00778719937083,0.00618671752655,0.0190260554781,0.00222421538075,0.000144603534694
857,0.000980065859669,0.00781525118035,0.00620222704065,0.0191696076708,0.00222893188157,0.000144466552838
858,0.000985533330789,0.00783312651235,0.00620780502459,0.0193617045877,0.00223408772898,0.000144586246084
859,0.000990821067796,0.00784025388438,0.0061972296932,0.0195907792317,0.00223361443873,0.000144324132165
860,0.00099492840318,0.00782986033748,0.00616810796329,0.0197808936065,0.00223228617081,0.000143771404124
861,0.000997532827232,0.0078071951663,0.00613568719087,0.0199557665364,0.00222847780728,0.00014335130363
862,0.000998856499025,0.00776795676412,0.00610346401952,0.0201028943012,0.00222273405719,0.000142803798449
863,0.000998456691324,0.00771279233916,0.00607993763251,0.0202292638666,0.00221756065712,0.00014270780882
864,0.000996409024436,0.00763339716808,0.00605408472098,0.0203716036935,0.00221231286096,0.000142640210967
865,0.000992673405281,0.00754374378115,0.00602853417325,0.0205725267204,0.00220915163996,0.00014293122547
866,0.000987956805086,0.00744782170723,0.00600998858616,0.0208571192279,0.00220764346171,0.000143910707913
867,0.000982922127122,0.00735548986275,0.0059965025489,0.0210624241055,0.00220443254719,0.000144571364893
868,0.000978221249888,0.00726271674004,0.00598754298287,0.0211373116217,0.00220364333287,0.000144284421376
869,0.00097325597672,0.00716904780553,0.00597759763328,0.0210844494701,0.00220423263581,0.000144127205367
870,0.000968641837346,0.00707619684807,0.00597416206621,0.0209876174057,0.00220558115737,0.000144311184016
871,0.000964341126133,0.00699088539307,0.00596924368767,0.0209075303609,0.00220674399369,0.000143943450129
872,0.000959785210747,0.00691649936121,0.0059622534947,0.0208305859501,0.0022122262915,0.000143387826604
873,0.000954750155943,0.00686081516989,0.00595039938428,0.0206668531815,0.00221848352099,0.000142944695306
874,0.000949766220625,0.00681719872469,0.0059407594685,0.0204860895438,0.00222910334499,0.000142203950119
875,0.000945341139991,0.00678538940446,0.00593295002298,0.0202746157004,0.00223857716112,0.00014156692396
876,0.000941650061662,0.00676969659336,0.00593012690275,0.0200245835455,0.00225162675911,0.000141428834606
877,0.000938696500313,0.00676911789252,0.0059312658403,0.0197418808856,0.00226220879199,0.000141242160927
878,0.000936447894745,0.00677454515516,0.0059324659071,0.0194597559003,0.00227124268033,0.000141347353466
879,0.000934851757075,0.00679293238133,0.00593417968164,0.0192518820888,0.00227985510909,0.000141388901366
880,0.000934078038757,0.00682637368389,0.0059373012223,0.0190961557674,0.00228204627422,0.000141515436544
881,0.000934338818875,0.0068745012624,0.00593801281659,0.0189988662705,0.00228260842882,0.000141402699205
882,0.000935842556393,0.00693801511092,0.00593786361671,0.0189493559149,0.00228281032679,0.000141312006306
883,0.000938435157647,0.00700825335773,0.00593446475989,0.0188945466653,0.00228000358464,0.000141293167812
884,0.000941709107862,0.00709595891195,0.00593731098377,0.0188333962927,0.00227610397767,0.000141342189238
885,0.000945012094714,0.00720436407853,0.00595024789912,0.0187587103558,0.00227222328008,0.00014111484007
886,0.000949522563881,0.00731996843755,0.00597206472942,0.0187570967151,0.00226927641175,0.000141165876389
887,0.000955125787561,0.00743805261969,0.00600170631915,0.0188129766208,0.00226299595498,0.000141024065004
888,0.000961013380083,0.00754991054031,0.00603692471666,0.0188651157842,0.00225055269851,0.000140818248575
889,0.000966822119724,0.00764796749689,0.00607374042441,0.0189061865578,0.00223775691512,0.000140756962699
890,0.000970785383149,0.00772068649812,0.00610545628633,0.0189434083968,0.00222580419492,0.000141132575097
891,0.000973580046275,0.00777044007785,0.00613419296434,0.019001669145,0.00221173520911,0.000141930710045
892,0.000976280420483,0.00779328433572,0.00616522538113,0.0190784431293,0.00219782780684,0.000142360390462
893,0.000978012397032,0.00779455235226,0.00618692943211,0.0191573324003,0.00218886702963,0.00014301477005
894,0.000978167538908,0.00777783430127,0.00619723370105,0.019270690087,0.00217697201746,0.000143740848629
895,0.000978731069049,0.00775053757201,0.00619530100871,0.0194210793774,0.00216273678428,0.00014444666914
896,0.000979357280012,0.00772086485889,0.00618125750875,0.0194908777708,0.00214694557218,0.000144771783199
897,0.000979764921926,0.00769776361596,0.00616228732016,0.019480255324,0.00213504538885,0.000145171672193
898,0.000980177591972,0.00768711919166,0.00614374000469,0.0194463880113,0.00212633289528,0.000145478232075
899,0.000980701934067,0.00769759048814,0.00614178961606,0.0193924804525,0.00212065392195,0.000145801659967
900,0.000981621404868,0.00773131542885,0.00614991874312,0.0193635808329,0.00211693257182,0.000145873437469
901,0.000983084647838,0.00778475722441,0.00617489178002,0.019349463711,0.00211625033281,0.00014628905144
902,0.000984136375403,0.00783836682755,0.00621182898153,0.0193608549397,0.00211870755231,0.000146802535608
903,0.000984805634011,0.00788574853859,0.00625880136959,0.0193873036521,0.00212202131817,0.000146790159125
904,0.000985485762656,0.00792904465292,0.0063116903385,0.0194487556791,0.00212959708522,0.000147020473425
905,0.000987006914473,0.00796482792602,0.00635891561699,0.0195200170152,0.00214144046313,0.00014768994808
906,0.000989371891363,0.00800015304375,0.00640580320675,0.0195934732893,0.00215451074952,0.000148169317567
907,0.00099291008311,0.00803402126183,0.00644610559892,0.0196582819677,0.00216917015532,0.000148468461532
908,0.000997381457287,0.00806887839097,0.00647817413595,0.019707699211,0.00218612225299,0.000148409744046
909,0.00100320972801,0.00810601239746,0.00650964408656,0.0197136245456,0.00220041240325,0.000148337287729
910,0.00100937213334,0.00813913180731,0.00653175920869,0.019719077648,0.00221176631819,0.000148021729624
911,0.00101446664874,0.00816466760431,0.00654680795113,0.0197181994757,0.00221621073628,0.000147282613165
912,0.0010196836273,0.0081921314088,0.0065581826723,0.0196963376898,0.00221587875256,0.0001467640939
913,0.00102440222276,0.00822932999047,0.00657187295365,0.0196704314742,0.00221596811383,0.000146833208482
914,0.00102726654039,0.00827077975384,0.00659611903741,0.019665679617,0.00221139416044,0.000146740892403
915,0.00102890857893,0.00830258009613,0.00663361690408,0.019709805959,0.00220077090862,0.000145295745592
916,0.00102885910259,0.00832911431479,0.00668340801365,0.0197637329253,0.00218815577218,0.00014407311702
917,0.00102807145154,0.00834740603558,0.00673511080405,0.0198289901868,0.00217566375725,0.000143099421817
918,0.00102631911714,0.00835297734041,0.0067837541272,0.0198309150999,0.00216504092752,0.000142142158433
919,0.00102349958209,0.00833188555614,0.00681852907688,0.0198220991547,0.00215810001795,0.000141488204735
920,0.00102030626037,0.00829842656249,0.00683947487179,0.0198012356197,0.00215399705866,0.00014070918175
921,0.00101706925792,0.00825778042019,0.00685335487138,0.0197710400157,0.00215065690676,0.000139941493481
922,0.00101320660383,0.00821105797978,0.00686178925184,0.0197336804315,0.00214649145268,0.000139338256896
923,0.00101075941807,0.00815710486357,0.00686179941043,0.0196795381254,0.00213963155785,0.000138798015727
924,0.00100864602483,0.00810267101606,0.00685275863978,0.0195990584417,0.00213726190068,0.000138523796904
925,0.0010054779852,0.00805147003319,0.00683861912437,0.0194582081184,0.00212937764911,0.000138655326844
926,0.00100113770108,0.00800514587133,0.00681641899183,0.0193521671468,0.00212763226721,0.000138659202348
927,0.000997468248773,0.00796877580126,0.00679451919178,0.0193282335246,0.00212522341178,0.00013871018117
928,0.000996563991659,0.00794635395489,0.00678000764571,0.0194229000297,0.00211916614459,0.000138411674545
929,0.00099924576579,0.00794203193891,0.00678263109422,0.019549858267,0.00211402868605,0.000138018863288
930,0.0010038037011,0.0079498136261,0.00679278286869,0.0197062123913,0.00210660731084,0.000137429557609
931,0.00100963625644,0.00796279726487,0.00681233066949,0.0198742422332,0.00209924506834,0.000136828022048
932,0.00101461392873,0.00796605967425,0.00682807877878,0.0200215224019,0.00209193793164,0.000136400332231
933,0.00101786043431,0.00794903748038,0.00683193240445,0.0201763370029,0.00208799285547,0.000136049853655
934,0.00101945905426,0.0079274792893,0.00682983452409,0.0203486739544,0.00208168486747,0.00013525863883
935,0.00101989696478,0.00789572979964,0.00682126262119,0.0205101778275,0.00207777201539,0.000134578220214
936,0.00101906501393,0.00784913892996,0.00680691471955,0.0206574256291,0.00207372238128,0.000134049225663
937,0.00101678161399,0.00779585279138,0.00678409856345,0.0207757296307,0.00207148935006,0.00013400024188
938,0.00101401261819,0.00774801627785,0.00675736574106,0.0208738655035,0.00206919297677,0.000134034203924
939,0.00101005832774,0.00769515961273,0.00673238764124,0.0208376587449,0.0020664393557,0.00013412748226
940,0.0010060573374,0.00764683663125,0.00671085645446,0.0207114207007,0.00206646517819,0.000134634286236
941,0.0010025781345,0.00761188083769,0.00669184138088,0.0205488439451,0.0020670812463,0.000135027945081
942,0.00100061302576,0.00759295087754,0.00667464622547,0.0203388968346,0.00206245432593,0.00013535956076
943,0.00100074838825,0.0075928748704,0.00666352366872,0.020115700191,0.00205998937375,0.000135859870622
944,0.00100169980843,0.00760641023239,0.00666275159657,0.0198484589936,0.00206033733526,0.00013697007356
945,0.00100287170235,0.0076350489792,0.00666687414952,0.0195387934093,0.00205874053776,0.000138108367046
946,0.00100323467883,0.00766832390764,0.00666872957295,0.0192632539906,0.00205532821078,0.000138661031636
947,0.001003497114,0.00770318995132,0.00667340061751,0.0190787151055,0.00205357989506,0.000139281302502
948,0.00100389638238,0.00773906523018,0.00666780112483,0.01892323658,0.00205070453137,0.000140476544109
949,0.00100443586944,0.00777056696509,0.00665015294984,0.0187995252679,0.00204883410671,0.000141382331544
950,0.00100468932408,0.00779501125282,0.00662278319852,0.0186757197556,0.00204712928323,0.000141672440382
951,0.0010048592634,0.00781743228807,0.00658653496027,0.0185260013572,0.00204398114706,0.000141575433834
952,0.00100525421081,0.00783709347661,0.00654686086897,0.0184302025398,0.00204095466683,0.000141361302951
953,0.00100559843769,0.00785120028428,0.00651268174025,0.0183871423744,0.00204126716312,0.000141520564969
954,0.00100607165052,0.00786605411974,0.00648133567515,0.0183737263137,0.00204171767778,0.0001412382647
955,0.00100722454123,0.00788600545137,0.00645382115976,0.0183862507671,0.00204368264636,0.000141368994839
956,0.00100927911609,0.00791573795131,0.00643630716788,0.0184875687298,0.00204533948233,0.000141604678696
957,0.00101226047667,0.00795370578308,0.00643180261528,0.0186904571603,0.00204626697009,0.00014233945822
958,0.00101658426949,0.00799087956065,0.00644151284808,0.0189513127569,0.00204474662283,0.000143477600951
959,0.00102184173574,0.00802451367195,0.00645205398338,0.0192643995823,0.00204086655276,0.000144868078913
960,0.00102810598218,0.0080465459146,0.00646019765552,0.0195723113924,0.00203916442317,0.000145954718796
961,0.00103368668344,0.00804971753283,0.00646981504415,0.0198283897531,0.00204051898566,0.00014699010071
962,0.00103835753021,0.00803281233085,0.00647449623121,0.0200173080332,0.00204142398266,0.000148064614294
963,0.0010410639852,0.00799896051646,0.00647309668907,0.020077799918,0.00203595842215,0.00014895803084
964,0.00104196431733,0.00794842634199,0.00645934808278,0.0201314200678,0.0020274269416,0.000149438432109
965,0.00104023515847,0.00790037155503,0.00644107853956,0.0201718823112,0.00201234343996,0.000149754689528
966,0.00103561280994,0.00785005288546,0.00641931358412,0.0201616594539,0.00199700630795,0.00015043137221
967,0.00102802632543,0.00781280311286,0.00639667590109,0.0200359399463,0.00197922885211,0.000150463738242
968,0.00101842292442,0.00778050939499,0.00636869888673,0.0198085486455,0.00196414976773,0.000150133485917
969,0.00100739964372,0.00775812648303,0.00634565755832,0.0196227165286,0.00194378507175,0.000148816142878
970,0.000995531185068,0.00774519770017,0.00633049387472,0.0195381276384,0.00191896147246,0.000147604769049
971,0.000983585053474,0.00773337758627,0.0063152539362,0.0194794444911,0.00189690806482,0.000146337934499
972,0.00097210755695,0.00771888990884,0.00630068869763,0.0193960858512,0.00187273571701,0.000145547437974
973,0.000960940809795,0.0076971582036,0.00627438158414,0.0193441125493,0.00185071407584,0.000145054439334
974,0.000950087363218,0.00767845170866,0.00623438740833,0.0193244602025,0.00183261898578,0.000144338219402
975,0.00094096711246,0.00765486444346,0.00618529919037,0.0192929911387,0.00181659196512,0.000143243709274
976,0.000932762376322,0.00762828188228,0.00613096835188,0.0192332303635,0.00180355644506,0.000142165252458
977,0.000926553623785,0.00760171822007,0.00608543481388,0.0191435682323,0.00179720719235,0.000141195034442
978,0.000923607723722,0.00757443986332,0.00604570787581,0.0190204392318,0.00179179383689,0.00014043787214
979,0.000922712541501,0.00754458106788,0.00600523283397,0.0188630488381,0.00178808038377,0.000139989893318
980,0.000922495157146,0.00751398290576,0.00595771494359,0.0187198737913,0.00178394472807,0.000139491569577
981,0.000922444626957,0.00749111382634,0.005899120825,0.0185809168492,0.00177898941897,0.000138761897363
982,0.0009210952376,0.00747295966736,0.0058361965667,0.018447789591,0.00177236238031,0.000138176362002
983,0.000918477672556,0.00745890255442,0.00577517344032,0.0183528833954,0.00176203142852,0.000137572919795
984,0.000915456754741,0.00744618066041,0.00571712255061,0.018278995631,0.00174956917587,0.000136939136402
985,0.000912153928004,0.00743389050465,0.00566014358215,0.0182330292562,0.00174046123955,0.000136298394911
986,0.000908278382477,0.00741839275774,0.00559796257463,0.0181831851674,0.00173097249629,0.000135675844765
987,0.000903167683123,0.00739384324031,0.00554289527847,0.0181069468238,0.00172035685887,0.000135116875054
988,0.000897032481333,0.00734830903764,0.00548799025631,0.0180545648931,0.00170879546598,0.000134562906766
989,0.000890554678405,0.00727563454409,0.00543141804147,0.0180356880134,0.00169915352478,0.000133865167988
990,0.000883250043559,0.00718134633105,0.00537192520957,0.018089295821,0.00168684581998,0.000132714183561
991,0.000875322509337,0.00707319876508,0.00531105121329,0.0181906665017,0.00167224072552,0.000131704135263
992,0.000866514662275,0.00694978605858,0.00524547880803,0.0182741638225,0.00165587511354,0.000131181697613
993,0.000856904654773,0.00682239818281,0.00517585680464,0.0183201822367,0.00164445634763,0.000130737327709
994,0.000847661860105,0.00669171343295,0.00510071555242,0.0183409690707,0.00163448907962,0.000130652200155
995,0.000838487352997,0.00655826414845,0.00502499171566,0.0183581248203,0.00162541581404,0.000130749823391
996,0.000830611096705,0.00643737519887,0.00495461869851,0.0184028226985,0.00161812724116,0.000131319470549
997,0.000824759888174,0.00633223282423,0.0048922928829,0.0184820689305,0.00160995764375,0.000131840296987
998,0.000821256966717,0.00624408301591,0.00484168208008,0.0185791545666,0.00160354844935,0.000133276916429
999,0.000819087677005,0.00617777352142,0.0047975669258,0.0186862950255,0.00160233428242,0.000134856158582
1000,0.000818347135205,0.00612870884725,0.00476084367697,0.0187633093852,0.00160126723025,0.00013614442435
