WARNING 7: VSPAERO Viewer Not Found. 
	Expected here: /home/dafoamuser/dafoam/packages/miniconda3/lib/python3.10/site-packages/openvsp/vspviewer
WARNING 7: VSPAERO Viewer Not Found. 
	Expected here: /home/dafoamuser/dafoam/packages/miniconda3/lib/python3.10/site-packages/openvsp/vspviewer
 
-------------------------------------------------------------------------------
|                               DAFoam v5.0.0                                 |
-------------------------------------------------------------------------------
 
/*---------------------------------------------------------------------------*\
| =========                 |                                                 |
| \\      /  F ield         | OpenFOAM: The Open Source CFD Toolbox           |
|  \\    /   O peration     | Version:  2506                                  |
|   \\  /    A nd           | Website:  www.openfoam.com                      |
|    \\/     M anipulation  |                                                 |
\*---------------------------------------------------------------------------*/
Build  : _615aae61d7-20250627 OPENFOAM=2506 version=v2506
Arch   : "LSB;label=32;scalar=64"
Exec   : decomposePar
Date   : Jul 28 2026
Time   : 05:03:42
Host   : ip-172-31-43-247
PID    : 267
I/O    : uncollated
Case   : /home/dafoamuser/mount/ladder-a1-naca0012
nProcs : 1
trapFpe: Floating point exception trapping enabled (FOAM_SIGFPE).
fileModificationChecking : Monitoring run-time modified files using timeStampMaster (fileModificationSkew 5, maxFileModificationPolls 20)
allowSystemOperations : Allowing user-supplied system call operations

// * * * * * * * * * * * * * * * * * * * * * * * * * * * * * * * * * * * * * //
Create time

Overriding DebugSwitches according to controlDict
    SolverPerformance 0;



Decomposing mesh

Create mesh

Calculating distribution of cells
Decomposition method scotch [2] (region region0)

Finished decomposition in 0.02 s

Calculating original mesh data

Distributing cells to processors

Distributing faces to processors

Distributing points to processors

Constructing processor meshes
Overriding DebugSwitches according to controlDict
    SolverPerformance 0;


Processor 0
    Number of cells = 2016
    Number of points = 4224
    Number of faces shared with processor 1 = 64
    Number of processor patches = 1
    Number of processor faces = 64
    Number of boundary faces = 4158
Overriding DebugSwitches according to controlDict
    SolverPerformance 0;


Processor 1
    Number of cells = 2016
    Number of points = 4224
    Number of faces shared with processor 0 = 64
    Number of processor patches = 1
    Number of processor faces = 64
    Number of boundary faces = 4158

Number of processor faces = 64
Max number of cells = 2016 (0% above average 2016)
Max number of processor patches = 1 (0% above average 1)
Max number of faces between processors = 64 (0% above average 64)

Time = 0

Processor 0: field transfer
Overriding DebugSwitches according to controlDict
    SolverPerformance 0;

Processor 1: field transfer
Overriding DebugSwitches according to controlDict
    SolverPerformance 0;


End

I/O    : uncollated
Case   : /home/dafoamuser/mount/ladder-a1-naca0012
nProcs : 2
Hosts  :
(
    (ip-172-31-43-247 2)
)
Pstream initialized with:
    node communication : off [type=host] (2 ranks, 1 nodes)
    topology controls  : none
    consensus exchange : 0 (tuning: 0)
    exchange algorithm : 0
    commsType          : nonBlocking
    polling iterations : 0
Initializing mesh and runtime for DASolver
Create time

Overriding DebugSwitches according to controlDict
    SolverPerformance 0;

Create mesh for time = 0
Replacing wallDist.method meshWave -> meshWaveFrozen
DAOption created. DASolver initialized.
[0] UPstream::init : could not attach buffer
[1] UPstream::init : could not attach buffer
I/O    : uncollated
Case   : /home/dafoamuser/mount/ladder-a1-naca0012
nProcs : 2
Hosts  :
(
    (ip-172-31-43-247 2)
)
Pstream initialized with:
    node communication : off [type=host] (2 ranks, 1 nodes)
    topology controls  : none
    consensus exchange : 0 (tuning: 0)
    exchange algorithm : 0
    commsType          : nonBlocking
    polling iterations : 0
Initializing mesh and runtime for DASolver
Create time

Overriding DebugSwitches according to controlDict
    SolverPerformance 0;

Create mesh for time = 0
Replacing wallDist.method meshWave -> meshWaveFrozen
DAOption created. DASolver initialized.
Initializing fields for DASimpleFoam
Create simpleControl.

SIMPLE: no convergence criteria found. Calculations will run for 1000 steps.

Reading field p

Reading field U

Reading/calculating face flux field phi

Creating source term. 
Selecting incompressible transport model Newtonian
Selecting turbulence model type RAS
Selecting RAS turbulence model SpalartAllmaras
Selecting patchDistMethod meshWaveFrozen
ft2 term: inactive
No MRF models present

Turbulence model is incompressible
Adjoint States: 
4
(
U volVectorState
nuTilda modelState
phi surfaceScalarState
p volScalarState
)
Global Cells: 4032
Global Faces: 16318
Global Xv: 25344
Undecomposed points: 8316
Global Adjoint States: 36478

SIMPLE: no convergence criteria found. Calculations will run for 1000 steps.

DACheckMesh Thresholds: 
maxNonOrth: 70
maxSkewness: 4
maxAspectRatio: 1000
maxIncorrectlyOrientedFaces: 0
    Adding all faces of patches: (wing) ...
    Found matching patch wing with 126 faces
    Adding all faces of patches: (wing) ...
    Found matching patch wing with 126 faces
Initializing fields for DASimpleFoam
Create simpleControl.

SIMPLE: no convergence criteria found. Calculations will run for 1000 steps.

Reading field p

Reading field U

Reading/calculating face flux field phi

Creating source term. 
Selecting incompressible transport model Newtonian
Selecting turbulence model type RAS
Selecting RAS turbulence model SpalartAllmaras
Selecting patchDistMethod meshWaveFrozen
ft2 term: inactive
No MRF models present

Turbulence model is incompressible
Adjoint States: 
4
(
U volVectorState
nuTilda modelState
phi surfaceScalarState
p volScalarState
)
Global Cells: 4032
Global Faces: 16318
Global Xv: 25344
Undecomposed points: 8316
Global Adjoint States: 36478

SIMPLE: no convergence criteria found. Calculations will run for 1000 steps.

DACheckMesh Thresholds: 
maxNonOrth: 70
maxSkewness: 4
maxAspectRatio: 1000
maxIncorrectlyOrientedFaces: 0
    Adding all faces of patches: (wing) ...
    Found matching patch wing with 126 faces
    Adding all faces of patches: (wing) ...
    Found matching patch wing with 126 faces
Init solver done! ElapsedClockTime 0.000000 s
Init solver done! ElapsedCpuTime 0.280000 s
initState: 
6
(
nuTilda 4.500000000000217e-05
phi 0
U1 0
U2 0
p 0
U0 10.00000000000015
)
Setting up primal boundary conditions based on pyOptions: 
Setting primal boundary conditions...
Setting U = (10 0 0) at inout
Setting primal boundary conditions...
Setting p = 0 at inout
Setting primal boundary conditions...
Setting nuTilda = 4.5e-05 at inout
Setting nut wall BC for wing. BCType=nutUSpaldingWallFunction
Reading OpenFOAM mesh information...
I/O    : uncollated
Case   : /home/dafoamuser/mount/ladder-a1-naca0012
nProcs : 2
Hosts  :
(
    (ip-172-31-43-247 2)
)
Pstream initialized with:
    node communication : off [type=host] (2 ranks, 1 nodes)
    topology controls  : none
    consensus exchange : 0 (tuning: 0)
    exchange algorithm : 0
    commsType          : nonBlocking
    polling iterations : 0
Reading the OpenFOAM mesh..
Overriding DebugSwitches according to controlDict
    SolverPerformance 0;

Checking if we need to compress the mesh files
Checking if we need to compress the mesh files
Finalising parallel run
I/O    : uncollated
DAFoam option dictionary: 
{
    solverName      DASimpleFoam;
    primalMinResTol 1e-08;
    primalFuncStdTol
    {
        stdTol          -1;
        slopeTol        -1;
        funcNames       1 ( CD );
        nStepsFrac      0.2;
    }
    primalBC
    {
        U0
        {
            variable        U;
            patches         1 ( inout );
            value           3 ( 10 0 0 );
        }
        p0
        {
            variable        p;
            patches         1 ( inout );
            value           1 ( 0 );
        }
        nuTilda0
        {
            variable        nuTilda;
            patches         1 ( inout );
            value           1 ( 4.5e-05 );
        }
        useWallFunction 1;
    }
    primalInitCondition
    {
    }
    normalizeStates
    {
        U               10;
        p               50;
        nuTilda         0.00045;
        phi             1;
    }
    function
    {
        CD
        {
            type            force;
            source          patchToFace;
            patches         1 ( wing );
            directionMode   parallelToFlow;
            patchVelocityInputName patchV;
            scale           0.2;
        }
        CL
        {
            type            force;
            source          patchToFace;
            patches         1 ( wing );
            directionMode   normalToFlow;
            patchVelocityInputName patchV;
            scale           0.2;
        }
    }
    inputInfo
    {
        aero_vol_coords
        {
            type            volCoord;
            components      2 ( solver function );
        }
        patchV
        {
            type            patchVelocity;
            patches         1 ( inout );
            flowAxis        x;
            normalAxis      y;
            components      2 ( solver function );
        }
    }
    outputInfo
    {
    }
    designSurfaces  1 ( wing );
    fvSource
    {
    }
    prepareCaseOnly 0;
    adjEqnSolMethod Krylov;
    dynamicMesh
    {
        active          0;
        mode            rotation;
        center          3 ( 0.25 0 0 );
        axis            z;
        omega           0.1;
        s               2;
        t0              0.35;
    }
    primalVarBounds
    {
        UMax            1000;
        UMin            -1000;
        pMax            50000;
        pMin            -50000;
        p_rghMax        50000;
        p_rghMin        -50000;
        eMax            55000;
        eMin            -220000;
        TMax            1000;
        TMin            100;
        hMax            200000;
        hMin            -200000;
        DMax            1e+16;
        DMin            -1e+16;
        rhoMax          5;
        rhoMin          0.2;
        nuTildaMax      1e+16;
        nuTildaMin      1e-16;
        kMax            1e+16;
        kMin            1e-16;
        omegaMax        1e+16;
        omegaMin        1e-16;
        epsilonMax      1e+16;
        epsilonMin      1e-16;
        ReThetatMax     1e+16;
        ReThetatMin     1e-16;
        gammaIntMax     1e+16;
        gammaIntMin     1e-16;
    }
    discipline      aero;
    adjPartDerivFDStep
    {
        State           1e-06;
    }
    transonicPCOption -1;
    unsteadyAdjoint
    {
        mode            None;
        PCMatPrecomputeInterval 100;
        PCMatUpdateInterval 1;
        reduceIO        1;
        additionalOutput 1 ( None );
        additionalOldTime 1 ( None );
        readZeroFields  1;
    }
    adjPCLag        10000;
    useAD
    {
        mode            reverse;
        dvName          None;
        seedIndex       -9999;
    }
    useConstrainHbyA 1;
    forceMeshWaveFrozen 1;
    useDdtCorr      0;
    regressionModel
    {
        active          0;
    }
    useMeanStates   0;
    solveLinearFunctionName None;
    printDAOptions  1;
    debug           0;
    writeJacobians  1 ( None );
    printInterval   100;
    printIntervalUnsteady 1;
    primalMinResTolDiff 100;
    adjUseColoring  1;
    adjEqnOption
    {
        globalPCIters   0;
        asmOverlap      1;
        localPCIters    1;
        jacMatReOrdering rcm;
        pcFillLevel     1;
        gmresMaxIters   1000;
        gmresRestart    1000;
        gmresRelTol     1e-06;
        gmresAbsTol     1e-14;
        gmresTolDiff    100;
        useNonZeroInitGuess 0;
        useMGSO         0;
        printInfo       1;
        fpMaxIters      1000;
        fpRelTol        1e-06;
        fpMinResTolDiff 100;
        fpPCUpwind      0;
        dynAdjustTol    0;
        KSPCalcEigen    0;
        KSPCalcSingularVal 0;
        readPCMat       0;
    }
    normalizeResiduals 11 ( URes pRes p_rghRes nuTildaRes phiRes TRes DRes kRes omegaRes epsilonRes alpha.waterRes );
    maxResConLv4JacPCMat
    {
        pRes            2;
        phiRes          1;
        URes            2;
        TRes            2;
        nuTildaRes      2;
        kRes            2;
        epsilonRes      2;
        omegaRes        2;
        p_rghRes        2;
        DRes            2;
        gammaIntRes     2;
        ReThetatRes     2;
        alpha.waterRes  2;
    }
    jacLowerBounds
    {
        dRdW            1e-30;
        dRdWPC          1e-30;
    }
    maxTractionBCIters 100;
    decomposeParDict
    {
        method          scotch;
        simpleCoeffs
        {
            n               3 ( 2 2 1 );
            delta           0.001;
        }
        kahipCoeffs
        {
            config          fast;
            imbalance       0.01;
        }
        preservePatches 1 ( None );
        singleProcessorFaceSets 1 ( None );
        args            1 ( None );
    }
    adjStateOrdering state;
    checkMeshThreshold
    {
        maxAspectRatio  1000;
        maxNonOrth      70;
        maxSkewness     4;
        maxIncorrectlyOrientedFaces 0;
    }
    writeDeformedFFDs 0;
    writeDeformedConstraints 0;
    writeAdjointFields 0;
    maxCorrectBCCalls 2;
    writeMinorIterations 0;
    primalMinIters  1;
    tensorflow
    {
        active          0;
    }
    wallDistanceMethod default;
    unsteadyCompOutput
    {
    }
}

pyDAFoam initialization done!
+----------------------------------------+
|          All IDWarp Options:           |
+----------------------------------------+
{'LdefFact': 1.0,
 'aExp': 3.0,
 'alpha': 0.25,
 'bExp': 5.0,
 'bucketSize': 8,
 'cornerAngle': 30.0,
 'errTol': 0.0005,
 'evalMode': 'fast',
 'fileType': 'OpenFOAM',
 'gridFile': '/home/dafoamuser/mount/ladder-a1-naca0012',
 'restartFile': None,
 'specifiedSurfaces': None,
 'symmTol': 1e-06,
 'symmetryPlanes': [[[0.0, 0.0, 0.0], [0.0, 0.0, 1.0]],
                    [[0.0, 0.0, 0.1], [0.0, 0.0, 1.0]]],
 'symmetrySurfaces': None,
 'useRotations': True,
 'zeroCornerRotations': True}
I/O    : uncollated
Case   : /home/dafoamuser/mount/ladder-a1-naca0012
nProcs : 2
Hosts  :
(
    (ip-172-31-43-247 2)
)
Pstream initialized with:
    node communication : off [type=host] (2 ranks, 1 nodes)
    topology controls  : none
    consensus exchange : 0 (tuning: 0)
    exchange algorithm : 0
    commsType          : nonBlocking
    polling iterations : 0
Reading the OpenFOAM mesh..
Overriding DebugSwitches according to controlDict
    SolverPerformance 0;

Checking if we need to compress the mesh files
Checking if we need to compress the mesh files
#------------------------------#
 Total Volume Nodes :      8448 
#------------------------------#
Finalising parallel run
I/O    : uncollated
+-------------------- Symmetry Planes -------------------+
|           Point                        Normal          |
| (  0.000   0.000   0.000)    (  0.000   0.000   1.000) |
| (  0.000   0.000   0.100)    (  0.000   0.000   1.000) |
+--------------------------------------------------------+
#--------------------------------#
 Unique Surface Nodes :       252 
#--------------------------------#
 Computing Denominator Estimate...
 Load Balancing...
 Finished Mesh Initialization.
OrderedDict([('inout', [0]), ('procBoundary0to1', [1]), ('symmetry1', [2]), ('symmetry2', [3]), ('wing', [4]), ('allSurfaces', [0, 1, 2, 3, 4]), ('allWalls', [4]), ('designSurfaces', [4])])
dRdWT Jacobian Free created!
/home/dafoamuser/dafoam/packages/miniconda3/lib/python3.10/site-packages/openmdao/core/component.py:140: OMDeprecationWarning:'scenario1.coupling.solver' <class DAFoamSolver>: It appears this component mixes distributed/non-distributed inputs and outputs, so it may break starting with OpenMDAO 3.25, where the convention used when passing data between distributed and non-distributed inputs and outputs within a matrix free component will change. See https://github.com/OpenMDAO/POEMs/blob/master/POEM_075.md for details.
/home/dafoamuser/dafoam/packages/miniconda3/lib/python3.10/site-packages/openmdao/core/component.py:140: OMDeprecationWarning:'scenario1.coupling.solver' <class DAFoamSolver>: It appears this component mixes distributed/non-distributed inputs and outputs, so it may break starting with OpenMDAO 3.25, where the convention used when passing data between distributed and non-distributed inputs and outputs within a matrix free component will change. See https://github.com/OpenMDAO/POEMs/blob/master/POEM_075.md for details.
/home/dafoamuser/dafoam/packages/miniconda3/lib/python3.10/site-packages/openmdao/core/component.py:140: OMDeprecationWarning:'scenario1.aero_post.functionals' <class DAFoamFunctions>: It appears this component mixes distributed/non-distributed inputs and outputs, so it may break starting with OpenMDAO 3.25, where the convention used when passing data between distributed and non-distributed inputs and outputs within a matrix free component will change. See https://github.com/OpenMDAO/POEMs/blob/master/POEM_075.md for details.
/home/dafoamuser/dafoam/packages/miniconda3/lib/python3.10/site-packages/openmdao/core/component.py:140: OMDeprecationWarning:'scenario1.aero_post.functionals' <class DAFoamFunctions>: It appears this component mixes distributed/non-distributed inputs and outputs, so it may break starting with OpenMDAO 3.25, where the convention used when passing data between distributed and non-distributed inputs and outputs within a matrix free component will change. See https://github.com/OpenMDAO/POEMs/blob/master/POEM_075.md for details.
/home/dafoamuser/dafoam/packages/miniconda3/lib/python3.10/site-packages/openmdao/core/problem.py:1011: DerivativesWarning:Inefficient choice of derivative mode.  You chose 'rev' for a problem with 10 design variables and 25 response variables (objectives and nonlinear constraints).
/home/dafoamuser/dafoam/packages/miniconda3/lib/python3.10/site-packages/openmdao/core/problem.py:1011: DerivativesWarning:Inefficient choice of derivative mode.  You chose 'rev' for a problem with 10 design variables and 25 response variables (objectives and nonlinear constraints).
DAInputVolCoord. 
Setting volume coordinates. 
DAInputPatchVelocity. 
Setting UMag = 10 AoA = 5.13918623195176 degs at 1(inout)
Checking mesh quality for time = 0
    Overall domain bounding box (-17.36955992934097 -18.580929029828 0) (18.72808974732804 18.580929008908 0.1)
    Mesh has 3 geometric (non-empty/wedge) directions (1 1 1)
    Mesh has 3 solution (non-empty) directions (1 1 1)
    Boundary openness (1.306540180385999e-19 -4.180928577235196e-19 5.672622979343512e-16) OK.
    Max cell openness = 2.647572244145361e-16 OK.
    Max aspect ratio = 97.87218721638284 OK.
    Minimum face area = 2.254099143164308e-06. Maximum face area = 4.224820321497278.  Face area magnitudes OK.
    Min volume = 2.254099144856892e-07. Max volume = 0.422482032106397.  Total volume = 105.2804018655528.  Cell volumes OK.
    Mesh non-orthogonality Max: 22.74891598092847 average: 2.547934581911865
    Non-orthogonality check OK.
    Face pyramids OK.
    Max skewness = 1.432464754647905 OK.
    Coupled point location match (average 0) OK.

Mesh OK.

Running Primal Solver 001
Previous solution time -1e+10 not found and nothing deleted.
No finite volume options present

Starting time loop

Time = 1

U0 initRes: 0.9999999999987094 finalRes: 0.08240773103290355 nIters: 7
U1 initRes: 1 finalRes: 0.08007995203822876 nIters: 7
U2 initRes: 0.9999999554390596 finalRes: 0.07268393220932351 nIters: 7
p initRes: 1 finalRes: 0.07187397990410722 nIters: 5
Time step continuity errors : sum local = 0.0005118255752470035
                                 global = -0.0002147973597912893
                             cumulative = -0.0002147973597912893
nuTilda initRes: 0.9999999999994288 finalRes: 0.07775220995390689 nIters: 7
Bounding nuTilda>1e-16
CD: 0.5134283813042979 final: 0.5134283813042979
CL: -0.04735005829205319 final: -0.04735005829205319
yPlus min: 48.427160900542 max: 83.46943413795927 mean: 78.5052645091826
ExecutionTime = 0.54 s  ClockTime = 0 s

Time = 100

U0 initRes: 0.0006511379032105874 finalRes: 4.821350669665884e-05 nIters: 6
U1 initRes: 0.0005602160955192194 finalRes: 5.513923276255421e-05 nIters: 5
U2 initRes: 0.001257053179405664 finalRes: 8.915904984469259e-05 nIters: 5
p initRes: 0.004572993158884976 finalRes: 0.0002985841256299898 nIters: 3
Time step continuity errors : sum local = 7.486274122170795e-06
                                 global = 2.955844809515611e-06
                             cumulative = -0.0002118415149817737
nuTilda initRes: 4.857441934071923e-05 finalRes: 4.159896838915736e-06 nIters: 2
Bounding nuTilda>1e-16
CD: 0.02195940525460195 final: 0.02195940525460195
CL: 0.4820488556561873 final: 0.4820488556561873
yPlus min: 14.76217836832865 max: 100.1804613092615 mean: 60.22718010574255
ExecutionTime = 1.04 s  ClockTime = 1 s

Time = 200

U0 initRes: 1.461712219358176e-05 finalRes: 1.174806869404198e-06 nIters: 6
U1 initRes: 1.200755024437199e-05 finalRes: 9.549773580137554e-07 nIters: 6
U2 initRes: 1.924826759307126e-05 finalRes: 1.695734256537362e-06 nIters: 5
p initRes: 1.708445654867035e-05 finalRes: 1.171929980820245e-06 nIters: 3
Time step continuity errors : sum local = 2.97930536082814e-08
                                 global = -4.564845611502323e-10
                             cumulative = -0.0002118419714663348
nuTilda initRes: 3.658825790524557e-07 finalRes: 3.58470881353768e-08 nIters: 4
Bounding nuTilda>1e-16
CD: 0.02094090710210191 final: 0.02094090710210191
CL: 0.498172600562674 final: 0.498172600562674
yPlus min: 14.26012555845825 max: 101.0569468598949 mean: 59.96225903599317
ExecutionTime = 1.56 s  ClockTime = 1 s

Time = 300

U0 initRes: 5.292272932750685e-07 finalRes: 4.213923210164576e-08 nIters: 6
U1 initRes: 4.64261735106737e-07 finalRes: 3.558179108521869e-08 nIters: 6
U2 initRes: 8.173396001410862e-07 finalRes: 6.111836559474882e-08 nIters: 5
p initRes: 9.932086205866696e-07 finalRes: 8.301870726667985e-08 nIters: 2
Time step continuity errors : sum local = 2.111694514612639e-09
                                 global = 5.005437607156939e-11
                             cumulative = -0.0002118419214119587
nuTilda initRes: 1.742450932730459e-08 finalRes: 1.465324231600644e-09 nIters: 4
Bounding nuTilda>1e-16
CD: 0.02091159378076924 final: 0.02091159378076924
CL: 0.4987468184647176 final: 0.4987468184647176
yPlus min: 14.24985836787034 max: 101.0842086106887 mean: 59.95703502496877
ExecutionTime = 2.07 s  ClockTime = 2 s

Time = 400

U0 initRes: 1.304874201737753e-08 finalRes: 9.648178152901668e-10 nIters: 6
U1 initRes: 1.050013925017425e-08 finalRes: 7.689918483276391e-10 nIters: 6
U2 initRes: 4.953544328305407e-08 finalRes: 4.792237090131385e-09 nIters: 5
p initRes: 3.250174177381142e-08 finalRes: 1.890504525044521e-09 nIters: 2
Time step continuity errors : sum local = 4.808840568242922e-11
                                 global = 3.215168439177059e-13
                             cumulative = -0.0002118419210904419
nuTilda initRes: 5.725655422898753e-10 finalRes: 4.273798481589864e-11 nIters: 4
Bounding nuTilda>1e-16
CD: 0.02091052898117485 final: 0.02091052898117485
CL: 0.4987649981000701 final: 0.4987649981000701
yPlus min: 14.24953306917098 max: 101.0851042561296 mean: 59.95687650896587
ExecutionTime = 2.57 s  ClockTime = 2 s

Time = 435
Minimal residual 9.646409714038222e-09 satisfied the prescribed tolerance 1e-08

CD: 0.0209105098587985 final: 0.0209105098587985
CL: 0.4987652667308054 final: 0.4987652667308054
End

Printing Primal Residual Statistics.
U Residual Norm2: (0.0002105327983258587 0.0002330165586608974 1.110205286501277e-12)
U Residual Mean: (1.5840547055946e-06 6.405153862492725e-07 8.466176891510717e-15)
U Residual Max: (5.405370757216588e-05 0.0001012390903269988 1.569068997107427e-13)
p Residual Norm2: 7.141263244826142e-05
p Residual Mean: 1.027564027778892e-07
p Residual Max: 3.259231539034248e-05
nuTilda Residual Norm2: 8.982893799957654e-08
nuTilda Residual Mean: 3.078842823559093e-10
nuTilda Residual Max: 1.687064342536775e-08
phi Residual Norm2: 3.229452109274434e-07
phi Residual Mean: 8.041198399928111e-10
phi Residual Max: 8.133465440628386e-08
Total Residual Norm2: 0.0003220569083518035
 
 
FDSWEEP step=2.0e-02 BASELINE_CD=2.091050985879850e-02
Computing d[CD]/d[aero_states]^T * psi 2.64 s
Computing d[CD]/d[aero_vol_coords]^T * psi 2.68 s
Computing d[CD]/d[patchV]^T * psi 2.85 s
Checking if Coloring file exists..
dRdWColoring_2.bin exists.
Moving time 435 to 0.0001
Driver total derivatives for iteration: 1
---------------------------------------------
Computing dRdWTPC 3.14 s
Initializing dRdWCon. 3.14 s
dRdWCon Created. 3.87 s
Reading Coloring dRdWColoring_2
Validating Coloring...
No Conflicting Colors Found!
Partial derivative matrix created. 3.9 s
dRdWTPC: 0 of 375, ExecutionTime: 3.91 s
dRdWTPC: 100 of 375, ExecutionTime: 4.62 s
dRdWTPC: 200 of 375, ExecutionTime: 5.34 s
dRdWTPC: 300 of 375, ExecutionTime: 6.06 s
dRdWTPC: 374 of 375, ExecutionTime: 6.58 s
Solver Type: gmres
GMRES Restart: 1000
ASM Overlap: 1
Global PC Iters: 0
Local PC Iters: 1
Mat ReOrdering: rcm
ILU PC Fill Level: 1
GMRES Max Iterations: 1000
GMRES Relative Tolerance: 1e-06
GMRES Absolute Tolerance: 1e-14
Solving Linear Equation... 6.39 s
Main iteration 0 KSP Residual norm 3.216467351428e-02 6.51 s. 
Main iteration 100 KSP Residual norm 1.160017526641e-05 8.97 s. 
Main iteration 164 KSP Residual norm 3.177553666748e-08 10.71 s 
**Completed**! Total iterations: 164. PetscConvergedReason: 2. 10.71 s
Residual tolerance satisfied, solution finished!
Computing d[aero_residuals]/d[aero_vol_coords]^T * psi 10.77 s
Computing d[aero_residuals]/d[patchV]^T * psi 11.08 s
FDSWEEP step=2.0e-02 ADJOINT idx=0 value=-1.134166189414765e-02
FDSWEEP step=2.0e-02 ADJOINT idx=1 value=-2.217954850367528e-02
FDSWEEP step=2.0e-02 ADJOINT idx=2 value=6.798534080782308e-03
FDSWEEP step=2.0e-02 ADJOINT idx=3 value=1.238018588499110e-02
FDSWEEP step=2.0e-02 ADJOINT idx=4 value=3.893834958886989e-02
FDSWEEP step=2.0e-02 ADJOINT idx=5 value=4.234249725549186e-02
FDSWEEP step=2.0e-02 ADJOINT idx=6 value=5.690764277189245e-03
FDSWEEP step=2.0e-02 ADJOINT idx=7 value=3.466797184914756e-03
/home/dafoamuser/dafoam/packages/miniconda3/lib/python3.10/site-packages/openmdao/core/problem.py:1011: DerivativesWarning:Inefficient choice of derivative mode.  You chose 'rev' for a problem with 10 design variables and 25 response variables (objectives and nonlinear constraints).
/home/dafoamuser/dafoam/packages/miniconda3/lib/python3.10/site-packages/openmdao/core/problem.py:1011: DerivativesWarning:Inefficient choice of derivative mode.  You chose 'rev' for a problem with 10 design variables and 25 response variables (objectives and nonlinear constraints).
DAInputVolCoord. 
Setting volume coordinates. 
DAInputPatchVelocity. 
Setting UMag = 10 AoA = 5.13918623195176 degs at 1(inout)
Checking mesh quality for time = 435
    Overall domain bounding box (-17.36616022808396 -18.57319625093978 0) (18.72496999473976 18.58192452653366 0.1)
    Mesh has 3 geometric (non-empty/wedge) directions (1 1 1)
    Mesh has 3 solution (non-empty) directions (1 1 1)
    Boundary openness (-5.22802147128223e-20 -2.091208588512892e-19 2.061481181599209e-17) OK.
    Max cell openness = 2.726541578221248e-16 OK.
    Max aspect ratio = 97.87219106752799 OK.
    Minimum face area = 2.254099228974494e-06. Maximum face area = 4.223301128828879.  Face area magnitudes OK.
    Min volume = 2.254099232224815e-07. Max volume = 0.4223301126852306.  Total volume = 105.2427728942292.  Cell volumes OK.
    Mesh non-orthogonality Max: 22.74906448542056 average: 2.607852193107679
    Non-orthogonality check OK.
    Face pyramids OK.
    Max skewness = 1.432465121302755 OK.
    Coupled point location match (average 0) OK.

Mesh OK.

Running Primal Solver 002
Previous solution time 435 found and deleted.
No finite volume options present

Starting time loop

Time = 1

U0 initRes: 0.0001582640768169843 finalRes: 1.204026928226407e-05 nIters: 7
U1 initRes: 0.0002244423433006504 finalRes: 1.665898383225221e-05 nIters: 7
U2 initRes: 0.9998119383317915 finalRes: 0.07504064403296386 nIters: 7
p initRes: 0.01103900109265997 finalRes: 0.0008127004625220382 nIters: 5
Time step continuity errors : sum local = 2.077379103510291e-05
                                 global = -1.851105494297171e-06
                             cumulative = -0.0002136930265847391
nuTilda initRes: 4.875669916128117e-05 finalRes: 3.470012189483617e-06 nIters: 3
Bounding nuTilda>1e-16
CD: 0.01240237413202602 final: 0.01240237413202602
CL: 0.5910514405042097 final: 0.5910514405042097
yPlus min: 14.74783123167284 max: 101.015222117123 mean: 59.92369490280785
ExecutionTime = 11.54 s  ClockTime = 11 s

Time = 100

U0 initRes: 2.092234912034717e-05 finalRes: 1.582437398126738e-06 nIters: 5
U1 initRes: 2.913847362365056e-05 finalRes: 1.997299958581816e-06 nIters: 5
U2 initRes: 5.755150785118406e-06 finalRes: 4.490740243896516e-07 nIters: 3
p initRes: 0.0005823416403209128 finalRes: 5.424482194576812e-05 nIters: 2
Time step continuity errors : sum local = 1.325859525875575e-06
                                 global = -9.439368971271854e-08
                             cumulative = -0.0002137874202744518
nuTilda initRes: 5.657357675335168e-07 finalRes: 3.556763489580237e-08 nIters: 4
Bounding nuTilda>1e-16
CD: 0.02074394226245448 final: 0.02074394226245448
CL: 0.5185430416001175 final: 0.5185430416001175
yPlus min: 15.2535420615661 max: 100.7854974377558 mean: 60.22837597175017
ExecutionTime = 12.05 s  ClockTime = 12 s

Time = 200

U0 initRes: 4.348302380915655e-07 finalRes: 3.365370554237179e-08 nIters: 6
U1 initRes: 4.133951688898181e-07 finalRes: 2.904074049844345e-08 nIters: 6
U2 initRes: 1.065247704538185e-07 finalRes: 7.651688047793908e-09 nIters: 5
p initRes: 1.199235022157636e-06 finalRes: 1.066947032261214e-07 nIters: 2
Time step continuity errors : sum local = 2.610658091430587e-09
                                 global = 1.178617022341619e-10
                             cumulative = -0.0002137873024127496
nuTilda initRes: 1.235126581226634e-08 finalRes: 1.000466397799067e-09 nIters: 4
Bounding nuTilda>1e-16
CD: 0.02073610107446806 final: 0.02073610107446806
CL: 0.5189660308543718 final: 0.5189660308543718
yPlus min: 15.24943712865437 max: 100.8053926102269 mean: 60.22616413332557
ExecutionTime = 12.56 s  ClockTime = 12 s

Time = 300

U0 initRes: 5.087500883536495e-09 finalRes: 4.511511346043744e-10 nIters: 5
U1 initRes: 4.534071098020673e-09 finalRes: 3.080531757185395e-10 nIters: 6
U2 initRes: 2.509868018421465e-09 finalRes: 1.70125171417884e-10 nIters: 4
p initRes: 2.169809945502279e-08 finalRes: 9.309738607934375e-10 nIters: 2
Time step continuity errors : sum local = 2.277978251262476e-11
                                 global = -4.974303200439896e-13
                             cumulative = -0.0002137873029101799
nuTilda initRes: 6.02673873882813e-10 finalRes: 4.84678737217137e-11 nIters: 3
Bounding nuTilda>1e-16
CD: 0.02073518753596846 final: 0.02073518753596846
CL: 0.518981869934948 final: 0.518981869934948
yPlus min: 15.24929091305656 max: 100.8060850396965 mean: 60.22604091980398
ExecutionTime = 13.07 s  ClockTime = 13 s

Time = 319
Minimal residual 9.811690946377202e-09 satisfied the prescribed tolerance 1e-08

CD: 0.02073518273617835 final: 0.02073518273617835
CL: 0.5189819448813573 final: 0.5189819448813573
End

Printing Primal Residual Statistics.
U Residual Norm2: (0.000174381515392627 0.0001923587973147057 5.060430735529385e-07)
U Residual Mean: (1.300291136420549e-06 5.324949278999023e-07 3.362793715559611e-09)
U Residual Max: (4.731496014187542e-05 9.185176077153301e-05 1.067633041579683e-07)
p Residual Norm2: 6.421855437470315e-05
p Residual Mean: 9.096878610503926e-08
p Residual Max: 3.424606994275035e-05
nuTilda Residual Norm2: 7.271026259246595e-08
nuTilda Residual Mean: 2.336436610347812e-10
nuTilda Residual Max: 1.388574079877422e-08
phi Residual Norm2: 2.863817368429956e-07
phi Residual Mean: 6.815348604576684e-10
phi Residual Max: 8.514124905054985e-08
Total Residual Norm2: 0.0002674606249933615
 
 
/home/dafoamuser/dafoam/packages/miniconda3/lib/python3.10/site-packages/openmdao/core/problem.py:1011: DerivativesWarning:Inefficient choice of derivative mode.  You chose 'rev' for a problem with 10 design variables and 25 response variables (objectives and nonlinear constraints).
/home/dafoamuser/dafoam/packages/miniconda3/lib/python3.10/site-packages/openmdao/core/problem.py:1011: DerivativesWarning:Inefficient choice of derivative mode.  You chose 'rev' for a problem with 10 design variables and 25 response variables (objectives and nonlinear constraints).
DAInputVolCoord. 
Setting volume coordinates. 
DAInputPatchVelocity. 
Setting UMag = 10 AoA = 5.13918623195176 degs at 1(inout)
Checking mesh quality for time = 319
    Overall domain bounding box (-17.36640951882124 -18.58200506341709 0) (18.72488148606874 18.57332051616359 0.1)
    Mesh has 3 geometric (non-empty/wedge) directions (1 1 1)
    Mesh has 3 solution (non-empty) directions (1 1 1)
    Boundary openness (-3.659603530072398e-19 -2.614002521480285e-20 5.156475314587625e-16) OK.
    Max cell openness = 2.625423238622281e-16 OK.
    Max aspect ratio = 97.87222859695858 OK.
    Minimum face area = 2.254098684068323e-06. Maximum face area = 4.223369848265611.  Face area magnitudes OK.
    Min volume = 2.254098690699066e-07. Max volume = 0.4223369846304433.  Total volume = 105.2430833210457.  Cell volumes OK.
    Mesh non-orthogonality Max: 22.74868028643158 average: 2.52710549709669
    Non-orthogonality check OK.
    Face pyramids OK.
    Max skewness = 1.432466382154395 OK.
    Coupled point location match (average 0) OK.

Mesh OK.

Running Primal Solver 003
Previous solution time 319 found and deleted.
No finite volume options present

Starting time loop

Time = 1

U0 initRes: 0.000316019338551976 finalRes: 2.398752149924076e-05 nIters: 7
U1 initRes: 0.0004129742371847154 finalRes: 3.054278632638005e-05 nIters: 7
U2 initRes: 0.003381738223180293 finalRes: 0.0002531343614152061 nIters: 7
p initRes: 0.02260815833239675 finalRes: 0.001992034167383974 nIters: 5
Time step continuity errors : sum local = 4.925209789548702e-05
                                 global = 3.888542200872686e-05
                             cumulative = -0.000174901880901453
nuTilda initRes: 9.810587385025488e-05 finalRes: 6.905633758735808e-06 nIters: 3
Bounding nuTilda>1e-16
CD: 0.05451426093595544 final: 0.05451426093595544
CL: 0.3306137502476146 final: 0.3306137502476146
yPlus min: 14.64430358523421 max: 100.9631382056332 mean: 60.29553881207048
ExecutionTime = 13.4 s  ClockTime = 13 s

Time = 100

U0 initRes: 3.816519335215744e-05 finalRes: 2.889910264273792e-06 nIters: 5
U1 initRes: 5.8754719315795e-05 finalRes: 3.979573060562065e-06 nIters: 5
U2 initRes: 1.112483369094196e-05 finalRes: 1.051290093460982e-06 nIters: 3
p initRes: 0.001037400868353063 finalRes: 8.345063183797674e-05 nIters: 2
Time step continuity errors : sum local = 2.208487046278834e-06
                                 global = 1.276544456371773e-07
                             cumulative = -0.0001747742264558158
nuTilda initRes: 1.539356815621711e-06 finalRes: 9.476605174885423e-08 nIters: 4
Bounding nuTilda>1e-16
CD: 0.02115108695238576 final: 0.02115108695238576
CL: 0.4785651797723889 final: 0.4785651797723889
yPlus min: 13.64689740337635 max: 101.3539986087835 mean: 59.61763861778793
ExecutionTime = 13.91 s  ClockTime = 14 s

Time = 200

U0 initRes: 8.360048061882649e-07 finalRes: 6.482612536409042e-08 nIters: 6
U1 initRes: 8.904121866991449e-07 finalRes: 6.279109217179999e-08 nIters: 6
U2 initRes: 2.17963918597753e-07 finalRes: 1.634416263243764e-08 nIters: 5
p initRes: 1.974670602818721e-06 finalRes: 1.542411699272638e-07 nIters: 2
Time step continuity errors : sum local = 4.076503360416549e-09
                                 global = -1.239470725150608e-10
                             cumulative = -0.0001747743504028884
nuTilda initRes: 3.165400693607365e-08 finalRes: 2.453932108064953e-09 nIters: 4
Bounding nuTilda>1e-16
CD: 0.02114063417773968 final: 0.02114063417773968
CL: 0.4776032614998765 final: 0.4776032614998765
yPlus min: 13.63389913446163 max: 101.3165974675342 mean: 59.62356075609984
ExecutionTime = 14.42 s  ClockTime = 14 s

Time = 300

U0 initRes: 1.013434257624728e-08 finalRes: 9.281729417325094e-10 nIters: 5
U1 initRes: 9.329111862147467e-09 finalRes: 6.364555589987619e-10 nIters: 6
U2 initRes: 4.454800013545244e-09 finalRes: 3.673053761260154e-10 nIters: 4
p initRes: 3.463473962894195e-08 finalRes: 1.607793746416487e-09 nIters: 2
Time step continuity errors : sum local = 4.249193448185739e-11
                                 global = -1.852523398211252e-12
                             cumulative = -0.0001747743522554118
nuTilda initRes: 1.109926959878086e-09 finalRes: 9.77091476345258e-11 nIters: 3
Bounding nuTilda>1e-16
CD: 0.02114218851330186 final: 0.02114218851330186
CL: 0.4775743758789742 final: 0.4775743758789742
yPlus min: 13.63299730744227 max: 101.315242259939 mean: 59.62379335557907
ExecutionTime = 14.94 s  ClockTime = 15 s

Time = 332
Minimal residual 9.806522661983189e-09 satisfied the prescribed tolerance 1e-08

CD: 0.02114219966862569 final: 0.02114219966862569
CL: 0.4775741454567577 final: 0.4775741454567577
End

Printing Primal Residual Statistics.
U Residual Norm2: (0.0002093808760282359 0.0002736252878525428 4.917355542439553e-07)
U Residual Mean: (1.522868506769468e-06 7.283556976615899e-07 3.591098910960393e-09)
U Residual Max: (6.420254430850036e-05 0.000124415595564642 8.605186012943159e-08)
p Residual Norm2: 8.158565930247896e-05
p Residual Mean: 1.101372004622848e-07
p Residual Max: 3.889680461997102e-05
nuTilda Residual Norm2: 6.080398869039375e-08
nuTilda Residual Mean: 2.154650586351562e-10
nuTilda Residual Max: 1.113008463526575e-08
phi Residual Norm2: 3.533897938065748e-07
phi Residual Mean: 8.451177817997686e-10
phi Residual Max: 9.737345216179614e-08
Total Residual Norm2: 0.0003540730709724834
 
 
FDSWEEP step=2.0e-02 FD idx=0 CD_plus=2.073518273617835e-02 CD_minus=2.114219966862569e-02 fd=-1.017542331118362e-02
/home/dafoamuser/dafoam/packages/miniconda3/lib/python3.10/site-packages/openmdao/core/problem.py:1011: DerivativesWarning:Inefficient choice of derivative mode.  You chose 'rev' for a problem with 10 design variables and 25 response variables (objectives and nonlinear constraints).
/home/dafoamuser/dafoam/packages/miniconda3/lib/python3.10/site-packages/openmdao/core/problem.py:1011: DerivativesWarning:Inefficient choice of derivative mode.  You chose 'rev' for a problem with 10 design variables and 25 response variables (objectives and nonlinear constraints).
DAInputVolCoord. 
Setting volume coordinates. 
DAInputPatchVelocity. 
Setting UMag = 10 AoA = 5.13918623195176 degs at 1(inout)
Checking mesh quality for time = 332
    Overall domain bounding box (-17.36641211368729 -18.57333970895647 0) (18.72488307552148 18.58199104229426 0.1)
    Mesh has 3 geometric (non-empty/wedge) directions (1 1 1)
    Mesh has 3 solution (non-empty) directions (1 1 1)
    Boundary openness (1.045600605249733e-19 -3.659602118374064e-19 -1.685093099317183e-16) OK.
    Max cell openness = 2.391074565666073e-16 OK.
    Max aspect ratio = 97.87222878158309 OK.
    Minimum face area = 2.254098669896977e-06. Maximum face area = 4.223356928940793.  Face area magnitudes OK.
    Min volume = 2.254098674111469e-07. Max volume = 0.422335692658922.  Total volume = 105.2431194668382.  Cell volumes OK.
    Mesh non-orthogonality Max: 22.74868233997806 average: 2.527099587261181
    Non-orthogonality check OK.
    Face pyramids OK.
    Max skewness = 1.432466416822529 OK.
    Coupled point location match (average 0) OK.

Mesh OK.

Running Primal Solver 004
Previous solution time 332 found and deleted.
No finite volume options present

Starting time loop

Time = 1

U0 initRes: 0.0003439574324382372 finalRes: 2.617507647907114e-05 nIters: 7
U1 initRes: 0.0005078103671157795 finalRes: 3.77462863923732e-05 nIters: 7
U2 initRes: 0.003214875645708644 finalRes: 0.000243359840839195 nIters: 7
p initRes: 0.02312742599156105 finalRes: 0.001502522971401028 nIters: 4
Time step continuity errors : sum local = 4.003758645299115e-05
                                 global = 5.190734219619412e-06
                             cumulative = -0.0001695836180357923
nuTilda initRes: 0.0001114914266576921 finalRes: 7.306546156776862e-06 nIters: 3
Bounding nuTilda>1e-16
CD: 0.04514284798418282 final: 0.04514284798418282
CL: 0.6566074351188993 final: 0.6566074351188993
yPlus min: 13.65350311201655 max: 100.9720502230838 mean: 59.67774321595157
ExecutionTime = 15.33 s  ClockTime = 15 s

Time = 100

U0 initRes: 5.491885281403095e-05 finalRes: 4.373779252239707e-06 nIters: 5
U1 initRes: 7.010307227113477e-05 finalRes: 4.90189909842514e-06 nIters: 5
U2 initRes: 1.865088572989673e-05 finalRes: 1.722454111926543e-06 nIters: 3
p initRes: 0.001320114267311679 finalRes: 0.0001155952794960554 nIters: 2
Time step continuity errors : sum local = 3.002358621585658e-06
                                 global = 2.760046068148683e-07
                             cumulative = -0.0001693076134289775
nuTilda initRes: 1.217201050021611e-06 finalRes: 7.766277916577671e-08 nIters: 4
Bounding nuTilda>1e-16
CD: 0.0206746979139269 final: 0.0206746979139269
CL: 0.5245142903211603 final: 0.5245142903211603
yPlus min: 14.79243861801191 max: 97.88750697397025 mean: 60.81248740673824
ExecutionTime = 15.84 s  ClockTime = 15 s

Time = 200

U0 initRes: 1.422117968906031e-06 finalRes: 1.119009427116215e-07 nIters: 6
U1 initRes: 1.207975260807541e-06 finalRes: 8.990395671680095e-08 nIters: 6
U2 initRes: 4.120852437718486e-07 finalRes: 3.868925994703572e-08 nIters: 4
p initRes: 2.476820618537991e-06 finalRes: 2.138959571135129e-07 nIters: 2
Time step continuity errors : sum local = 5.555271853483269e-09
                                 global = 3.423292881143552e-10
                             cumulative = -0.0001693072710996894
nuTilda initRes: 3.723106908201785e-08 finalRes: 2.966556851103207e-09 nIters: 4
Bounding nuTilda>1e-16
CD: 0.02065493183568461 final: 0.02065493183568461
CL: 0.5259546216823994 final: 0.5259546216823994
yPlus min: 14.74651655356426 max: 97.94893241723372 mean: 60.80544260653668
ExecutionTime = 16.36 s  ClockTime = 16 s

Time = 300

U0 initRes: 4.119577641330253e-08 finalRes: 3.007475005590727e-09 nIters: 6
U1 initRes: 2.855971995799316e-08 finalRes: 2.180114285708217e-09 nIters: 6
U2 initRes: 1.577020404664584e-08 finalRes: 1.197079793130127e-09 nIters: 4
p initRes: 7.329566999082231e-08 finalRes: 5.619237288547517e-09 nIters: 2
Time step continuity errors : sum local = 1.459492624292285e-10
                                 global = 5.925982089287667e-12
                             cumulative = -0.0001693072651737073
nuTilda initRes: 1.903091325189725e-09 finalRes: 1.20045778537098e-10 nIters: 4
Bounding nuTilda>1e-16
CD: 0.02065189127199109 final: 0.02065189127199109
CL: 0.526012856150277 final: 0.526012856150277
yPlus min: 14.74434582899892 max: 97.95151102547065 mean: 60.80516069163615
ExecutionTime = 16.88 s  ClockTime = 16 s

Time = 356
Minimal residual 9.798744353972538e-09 satisfied the prescribed tolerance 1e-08

CD: 0.02065181646143143 final: 0.02065181646143143
CL: 0.5260141172448947 final: 0.5260141172448947
End

Printing Primal Residual Statistics.
U Residual Norm2: (0.0003332982940724386 0.0004056932673900469 8.298033426056574e-07)
U Residual Mean: (2.707319538059088e-06 1.118696228983617e-06 6.087546746577746e-09)
U Residual Max: (7.748677217023214e-05 0.0001657916618569288 2.080370285072322e-07)
p Residual Norm2: 0.0001212555925478678
p Residual Mean: 1.703159375891979e-07
p Residual Max: 5.495569807352688e-05
nuTilda Residual Norm2: 1.043186016012266e-07
nuTilda Residual Mean: 3.778727646377142e-10
nuTilda Residual Max: 1.934539289444069e-08
phi Residual Norm2: 5.68655768823995e-07
phi Residual Mean: 1.449267236083652e-09
phi Residual Max: 1.463190759432808e-07
Total Residual Norm2: 0.0005388680001509515
 
 
/home/dafoamuser/dafoam/packages/miniconda3/lib/python3.10/site-packages/openmdao/core/problem.py:1011: DerivativesWarning:Inefficient choice of derivative mode.  You chose 'rev' for a problem with 10 design variables and 25 response variables (objectives and nonlinear constraints).
/home/dafoamuser/dafoam/packages/miniconda3/lib/python3.10/site-packages/openmdao/core/problem.py:1011: DerivativesWarning:Inefficient choice of derivative mode.  You chose 'rev' for a problem with 10 design variables and 25 response variables (objectives and nonlinear constraints).
DAInputVolCoord. 
Setting volume coordinates. 
DAInputPatchVelocity. 
Setting UMag = 10 AoA = 5.13918623195176 degs at 1(inout)
Checking mesh quality for time = 356
    Overall domain bounding box (-17.36616135259928 -18.58191053454252 0) (18.72497356136114 18.57321427196261 0.1)
    Mesh has 3 geometric (non-empty/wedge) directions (1 1 1)
    Mesh has 3 solution (non-empty) directions (1 1 1)
    Boundary openness (-3.1368123559067e-19 2.614010296588916e-20 8.93042107616687e-16) OK.
    Max cell openness = 2.371958226274142e-16 OK.
    Max aspect ratio = 97.87219028170968 OK.
    Minimum face area = 2.254099249206907e-06. Maximum face area = 4.223317467291946.  Face area magnitudes OK.
    Min volume = 2.254099250772601e-07. Max volume = 0.4223317465672752.  Total volume = 105.2427963823265.  Cell volumes OK.
    Mesh non-orthogonality Max: 22.74907094983408 average: 2.60810559753038
    Non-orthogonality check OK.
    Face pyramids OK.
    Max skewness = 1.432465133143119 OK.
    Coupled point location match (average 0) OK.

Mesh OK.

Running Primal Solver 005
Previous solution time 356 found and deleted.
No finite volume options present

Starting time loop

Time = 1

U0 initRes: 0.0004352103104191488 finalRes: 3.31906912189256e-05 nIters: 7
U1 initRes: 0.0005045088697606388 finalRes: 3.701635350953174e-05 nIters: 7
U2 initRes: 0.004790911949618082 finalRes: 0.0003652341401421929 nIters: 7
p initRes: 0.0272303182506595 finalRes: 0.001811819498528582 nIters: 5
Time step continuity errors : sum local = 4.784315817707195e-05
                                 global = -9.444419962134556e-06
                             cumulative = -0.0001787516851358418
nuTilda initRes: 0.000134377117290748 finalRes: 1.087882001732183e-05 nIters: 3
Bounding nuTilda>1e-16
CD: -0.02831619348354041 final: -0.02831619348354041
CL: 0.3455203055108114 final: 0.3455203055108114
yPlus min: 14.27977818740463 max: 98.64775341772489 mean: 60.66692274428292
ExecutionTime = 17.39 s  ClockTime = 17 s

Time = 100

U0 initRes: 7.541371651189055e-05 finalRes: 4.964881927686136e-06 nIters: 5
U1 initRes: 0.0001225746924318891 finalRes: 1.208492647200656e-05 nIters: 4
U2 initRes: 1.711308411563357e-05 finalRes: 1.102553307041149e-06 nIters: 4
p initRes: 0.001852508620426809 finalRes: 0.0001607097447758447 nIters: 2
Time step continuity errors : sum local = 4.00291449235212e-06
                                 global = 8.574073991859947e-08
                             cumulative = -0.0001786659443959232
nuTilda initRes: 3.395075680292824e-06 finalRes: 3.173437476729143e-07 nIters: 3
Bounding nuTilda>1e-16
CD: 0.02146882202134103 final: 0.02146882202134103
CL: 0.4716023854427736 final: 0.4716023854427736
yPlus min: 14.11467933644003 max: 104.062723742172 mean: 58.67662040253816
ExecutionTime = 17.9 s  ClockTime = 17 s

Time = 200

U0 initRes: 1.060426549626611e-06 finalRes: 7.906068877594094e-08 nIters: 6
U1 initRes: 1.132538367871269e-06 finalRes: 7.935665985812993e-08 nIters: 6
U2 initRes: 2.127438765236581e-06 finalRes: 1.544820619709224e-07 nIters: 2
p initRes: 3.470923297571473e-06 finalRes: 1.865361383648291e-07 nIters: 2
Time step continuity errors : sum local = 4.646146897160265e-09
                                 global = -3.368790366801907e-10
                             cumulative = -0.0001786662812749599
nuTilda initRes: 6.346289879565267e-08 finalRes: 4.448386870380089e-09 nIters: 4
Bounding nuTilda>1e-16
CD: 0.02147912410366728 final: 0.02147912410366728
CL: 0.4701923686899456 final: 0.4701923686899456
yPlus min: 14.11479900823966 max: 104.0081184603097 mean: 58.68996370867995
ExecutionTime = 18.42 s  ClockTime = 18 s

Time = 300

U0 initRes: 9.403547386869102e-09 finalRes: 6.522749877598022e-10 nIters: 5
U1 initRes: 1.218888535684094e-08 finalRes: 1.079453967161169e-09 nIters: 5
U2 initRes: 6.961678778713085e-08 finalRes: 2.906082895392665e-09 nIters: 2
p initRes: 7.18055406510423e-08 finalRes: 2.422179647142671e-09 nIters: 2
Time step continuity errors : sum local = 6.032842403783786e-11
                                 global = 4.31206041854149e-12
                             cumulative = -0.0001786662769628995
nuTilda initRes: 2.164594570185422e-09 finalRes: 1.786976770878369e-10 nIters: 3
Bounding nuTilda>1e-16
CD: 0.02148105321162798 final: 0.02148105321162798
CL: 0.47015450592444 final: 0.47015450592444
yPlus min: 14.11445420856643 max: 104.0063996091257 mean: 58.69044847408313
ExecutionTime = 18.93 s  ClockTime = 19 s

Time = 340
Minimal residual 9.797874209021626e-09 satisfied the prescribed tolerance 1e-08

CD: 0.02148106202906206 final: 0.02148106202906206
CL: 0.4701543887594621 final: 0.4701543887594621
End

Printing Primal Residual Statistics.
U Residual Norm2: (0.0003015716857580471 0.0001551372611280141 6.521320559881918e-07)
U Residual Mean: (1.687006674730484e-06 5.107506454686612e-07 3.315246510103628e-09)
U Residual Max: (0.0001094641647796379 7.330144580919296e-05 2.060535224731146e-07)
p Residual Norm2: 5.453869529214668e-05
p Residual Mean: 8.16671081061663e-08
p Residual Max: 2.561550732953373e-05
nuTilda Residual Norm2: 2.5050616066966e-08
nuTilda Residual Mean: 1.059637887500256e-10
nuTilda Residual Max: 6.936728072626016e-09
phi Residual Norm2: 2.567889838980586e-07
phi Residual Mean: 6.668416786719047e-10
phi Residual Max: 5.988388819330151e-08
Total Residual Norm2: 0.0003434938319238872
 
 
FDSWEEP step=2.0e-02 FD idx=1 CD_plus=2.065181646143143e-02 CD_minus=2.148106202906206e-02 fd=-2.073113919076556e-02
/home/dafoamuser/dafoam/packages/miniconda3/lib/python3.10/site-packages/openmdao/core/problem.py:1011: DerivativesWarning:Inefficient choice of derivative mode.  You chose 'rev' for a problem with 10 design variables and 25 response variables (objectives and nonlinear constraints).
/home/dafoamuser/dafoam/packages/miniconda3/lib/python3.10/site-packages/openmdao/core/problem.py:1011: DerivativesWarning:Inefficient choice of derivative mode.  You chose 'rev' for a problem with 10 design variables and 25 response variables (objectives and nonlinear constraints).
DAInputVolCoord. 
Setting volume coordinates. 
DAInputPatchVelocity. 
Setting UMag = 10 AoA = 5.13918623195176 degs at 1(inout)
Checking mesh quality for time = 340
    Overall domain bounding box (-17.36791321464524 -18.57508914509146 0) (18.72628272265824 18.58318838244995 0.1)
    Mesh has 3 geometric (non-empty/wedge) directions (1 1 1)
    Mesh has 3 solution (non-empty) directions (1 1 1)
    Boundary openness (-2.156197262835273e-19 8.624789051341093e-19 -1.153641262657988e-15) OK.
    Max cell openness = 2.612318554701065e-16 OK.
    Max aspect ratio = 97.87779925250537 OK.
    Minimum face area = 2.25402720116842e-06. Maximum face area = 4.224060064024549.  Face area magnitudes OK.
    Min volume = 2.254027207993991e-07. Max volume = 0.4224060062774931.  Total volume = 105.2604963249906.  Cell volumes OK.
    Mesh non-orthogonality Max: 22.76597714664508 average: 2.581389656439573
    Non-orthogonality check OK.
    Face pyramids OK.
    Max skewness = 1.432730737516779 OK.
    Coupled point location match (average 0) OK.

Mesh OK.

Running Primal Solver 006
Previous solution time 340 found and deleted.
No finite volume options present

Starting time loop

Time = 1

U0 initRes: 0.0002602265799994788 finalRes: 1.946130343910893e-05 nIters: 7
U1 initRes: 0.0003746235001244622 finalRes: 2.708717557047874e-05 nIters: 7
U2 initRes: 0.002569462561996606 finalRes: 0.0001874650120463989 nIters: 7
p initRes: 0.02179307586142669 finalRes: 0.001328506237367791 nIters: 4
Time step continuity errors : sum local = 3.342252727389992e-05
                                 global = 2.082135583650868e-06
                             cumulative = -0.0001765841413792486
nuTilda initRes: 9.915691420531171e-05 finalRes: 7.41578690226205e-06 nIters: 3
Bounding nuTilda>1e-16
CD: 0.04218106868641849 final: 0.04218106868641849
CL: 0.5542698116584752 final: 0.5542698116584752
yPlus min: 14.16921118111638 max: 103.6893624560781 mean: 58.76867406988353
ExecutionTime = 19.36 s  ClockTime = 19 s

Time = 100

U0 initRes: 5.560619382414014e-05 finalRes: 4.323414940725662e-06 nIters: 5
U1 initRes: 7.188182237860922e-05 finalRes: 4.819158313252385e-06 nIters: 5
U2 initRes: 3.107954822049217e-05 finalRes: 2.369977837213645e-06 nIters: 4
p initRes: 0.001177052854113397 finalRes: 0.0001166954179718492 nIters: 2
Time step continuity errors : sum local = 2.923012340506669e-06
                                 global = 6.146044998347241e-07
                             cumulative = -0.0001759695368794139
nuTilda initRes: 1.831600593791416e-06 finalRes: 1.253007420823293e-07 nIters: 4
Bounding nuTilda>1e-16
CD: 0.02112247582536347 final: 0.02112247582536347
CL: 0.5213797300094344 final: 0.5213797300094344
yPlus min: 14.38683102249251 max: 101.1328858638442 mean: 59.95013978593866
ExecutionTime = 19.87 s  ClockTime = 19 s

Time = 200

U0 initRes: 1.410566085232326e-06 finalRes: 1.090801881850186e-07 nIters: 6
U1 initRes: 1.269382416719128e-06 finalRes: 9.366308727973154e-08 nIters: 6
U2 initRes: 7.044006038123575e-07 finalRes: 6.548052358583388e-08 nIters: 4
p initRes: 2.775110714148529e-06 finalRes: 2.293641159904461e-07 nIters: 2
Time step continuity errors : sum local = 5.751419757623862e-09
                                 global = 4.707955520900239e-10
                             cumulative = -0.0001759690660838618
nuTilda initRes: 5.142719748548618e-08 finalRes: 3.950619744461646e-09 nIters: 4
Bounding nuTilda>1e-16
CD: 0.02106961067560345 final: 0.02106961067560345
CL: 0.5228486302856925 final: 0.5228486302856925
yPlus min: 14.35736744740739 max: 101.201599496005 mean: 59.93831613390569
ExecutionTime = 20.38 s  ClockTime = 20 s

Time = 300

U0 initRes: 3.42159017988896e-08 finalRes: 2.363030184669561e-09 nIters: 6
U1 initRes: 2.550339774557314e-08 finalRes: 1.86416483272991e-09 nIters: 6
U2 initRes: 2.224593479489673e-08 finalRes: 1.544387194887806e-09 nIters: 4
p initRes: 8.120589611174751e-08 finalRes: 4.947994900982986e-09 nIters: 2
Time step continuity errors : sum local = 1.240798779203593e-10
                                 global = 3.433015424243286e-12
                             cumulative = -0.0001759690626508464
nuTilda initRes: 2.276837173160506e-09 finalRes: 2.274441576267011e-10 nIters: 3
Bounding nuTilda>1e-16
CD: 0.0210665885404424 final: 0.0210665885404424
CL: 0.5229050684181838 final: 0.5229050684181838
yPlus min: 14.35625644280382 max: 101.2041267003794 mean: 59.9378888375002
ExecutionTime = 20.9 s  ClockTime = 20 s

Time = 358
Minimal residual 9.792433342168349e-09 satisfied the prescribed tolerance 1e-08

CD: 0.02106652608656729 final: 0.02106652608656729
CL: 0.522905994122426 final: 0.522905994122426
End

Printing Primal Residual Statistics.
U Residual Norm2: (0.0002965268061549707 0.0002909557981143083 1.474720784008136e-07)
U Residual Mean: (2.067924007454914e-06 8.465143248710044e-07 1.00473017746568e-09)
U Residual Max: (7.86784758020076e-05 0.0001260832768821274 3.352196269639451e-08)
p Residual Norm2: 9.121197236614824e-05
p Residual Mean: 1.330646871054155e-07
p Residual Max: 4.070785939018301e-05
nuTilda Residual Norm2: 9.144609265278583e-08
nuTilda Residual Mean: 3.211485824859736e-10
nuTilda Residual Max: 1.688455900687016e-08
phi Residual Norm2: 4.041994032328884e-07
phi Residual Mean: 1.018654092040436e-09
phi Residual Max: 1.022968091425673e-07
Total Residual Norm2: 0.0004253272159353126
 
 
/home/dafoamuser/dafoam/packages/miniconda3/lib/python3.10/site-packages/openmdao/core/problem.py:1011: DerivativesWarning:Inefficient choice of derivative mode.  You chose 'rev' for a problem with 10 design variables and 25 response variables (objectives and nonlinear constraints).
/home/dafoamuser/dafoam/packages/miniconda3/lib/python3.10/site-packages/openmdao/core/problem.py:1011: DerivativesWarning:Inefficient choice of derivative mode.  You chose 'rev' for a problem with 10 design variables and 25 response variables (objectives and nonlinear constraints).
DAInputVolCoord. 
Setting volume coordinates. 
DAInputPatchVelocity. 
Setting UMag = 10 AoA = 5.13918623195176 degs at 1(inout)
Checking mesh quality for time = 358
    Overall domain bounding box (-17.36779672375344 -18.58319980079064 0) (18.72637668554222 18.57509527606947 0.1)
    Mesh has 3 geometric (non-empty/wedge) directions (1 1 1)
    Mesh has 3 solution (non-empty) directions (1 1 1)
    Boundary openness (-2.090870130474723e-19 2.090870130474723e-19 -1.144402790795582e-15) OK.
    Max cell openness = 2.41585403176507e-16 OK.
    Max aspect ratio = 97.87595636231694 OK.
    Minimum face area = 2.254167471242791e-06. Maximum face area = 4.224068332602546.  Face area magnitudes OK.
    Min volume = 2.254167565824065e-07. Max volume = 0.4224068331727689.  Total volume = 105.2598693435146.  Cell volumes OK.
    Mesh non-orthogonality Max: 22.76454189930394 average: 2.538346997320122
    Non-orthogonality check OK.
    Face pyramids OK.
    Max skewness = 1.432715741773352 OK.
    Coupled point location match (average 0) OK.

Mesh OK.

Running Primal Solver 007
Previous solution time 358 found and deleted.
No finite volume options present

Starting time loop

Time = 1

U0 initRes: 0.0001723466057406234 finalRes: 1.227760791669788e-05 nIters: 7
U1 initRes: 0.0002490440765459582 finalRes: 1.740573147813284e-05 nIters: 7
U2 initRes: 0.01516052844354257 finalRes: 0.001488847325284318 nIters: 6
p initRes: 0.01878604869050778 finalRes: 0.001201290282843361 nIters: 5
Time step continuity errors : sum local = 3.043354306769602e-05
                                 global = 8.656687403489158e-06
                             cumulative = -0.0001673123752473572
nuTilda initRes: 0.0001028605344085453 finalRes: 6.938263138787565e-06 nIters: 4
Bounding nuTilda>1e-16
CD: 0.05001389839987542 final: 0.05001389839987542
CL: 0.5151594027723168 final: 0.5151594027723168
yPlus min: 14.25340539753626 max: 101.3605625716913 mean: 60.00453308215771
ExecutionTime = 21.42 s  ClockTime = 21 s

Time = 100

U0 initRes: 2.073009888196934e-05 finalRes: 1.56053298614122e-06 nIters: 6
U1 initRes: 2.256137152215482e-05 finalRes: 2.218028837662095e-06 nIters: 5
U2 initRes: 2.464894219701799e-05 finalRes: 2.251955407801518e-06 nIters: 3
p initRes: 0.0002072833219029748 finalRes: 2.007872026607341e-05 nIters: 2
Time step continuity errors : sum local = 5.192433959410157e-07
                                 global = 2.038850139435304e-08
                             cumulative = -0.0001672919867459628
nuTilda initRes: 1.221839421151786e-06 finalRes: 7.452746891467495e-08 nIters: 4
Bounding nuTilda>1e-16
CD: 0.02073876482137909 final: 0.02073876482137909
CL: 0.4750481698921343 final: 0.4750481698921343
yPlus min: 14.13015178318189 max: 101.0080505034855 mean: 59.9409557082784
ExecutionTime = 21.93 s  ClockTime = 22 s

Time = 200

U0 initRes: 9.342421004184299e-07 finalRes: 7.478291229345779e-08 nIters: 6
U1 initRes: 8.790762945486003e-07 finalRes: 6.57635810698005e-08 nIters: 6
U2 initRes: 6.247909223481439e-07 finalRes: 5.055081519546567e-08 nIters: 4
p initRes: 1.987603984121859e-06 finalRes: 1.540767150238081e-07 nIters: 2
Time step continuity errors : sum local = 3.978529422598885e-09
                                 global = -1.632219139299416e-10
                             cumulative = -0.0001672921499678768
nuTilda initRes: 2.920378744753044e-08 finalRes: 2.412137142832034e-09 nIters: 4
Bounding nuTilda>1e-16
CD: 0.02077509188589855 final: 0.02077509188589855
CL: 0.4740876512388128 final: 0.4740876512388128
yPlus min: 14.14379383427351 max: 100.9650175939955 mean: 59.94718865272554
ExecutionTime = 22.44 s  ClockTime = 22 s

Time = 300

U0 initRes: 1.609762008424072e-08 finalRes: 1.277134290308782e-09 nIters: 6
U1 initRes: 1.751968149120479e-08 finalRes: 1.251712403314656e-09 nIters: 6
U2 initRes: 1.430392298251733e-08 finalRes: 9.444438626953851e-10 nIters: 4
p initRes: 3.79305747770742e-08 finalRes: 2.863915124577575e-09 nIters: 2
Time step continuity errors : sum local = 7.394898319479867e-11
                                 global = -6.216988139347767e-12
                             cumulative = -0.0001672921561848649
nuTilda initRes: 8.026145798991521e-10 finalRes: 4.950086448292681e-11 nIters: 4
Bounding nuTilda>1e-16
CD: 0.02077686101425089 final: 0.02077686101425089
CL: 0.4740554552395593 final: 0.4740554552395593
yPlus min: 14.14425972194531 max: 100.9634902926778 mean: 59.94743903176721
ExecutionTime = 22.95 s  ClockTime = 23 s

Time = 340
Minimal residual 9.951048889390646e-09 satisfied the prescribed tolerance 1e-08

CD: 0.02077688468562558 final: 0.02077688468562558
CL: 0.4740549660922219 final: 0.4740549660922219
End

Printing Primal Residual Statistics.
U Residual Norm2: (0.0003271471196408893 0.0003371068605011707 1.639060888997019e-07)
U Residual Mean: (2.365917216447368e-06 9.633477283909687e-07 1.162675984779879e-09)
U Residual Max: (7.750702843623003e-05 0.0001436151142115705 3.454935727945951e-08)
p Residual Norm2: 0.0001038439935974811
p Residual Mean: 1.506948529297705e-07
p Residual Max: 4.62903460594723e-05
nuTilda Residual Norm2: 1.103690767774177e-07
nuTilda Residual Mean: 3.917586290253068e-10
nuTilda Residual Max: 2.041005664242932e-08
phi Residual Norm2: 4.63635017257193e-07
phi Residual Mean: 1.182268994232367e-09
phi Residual Max: 1.163504139055059e-07
Total Residual Norm2: 0.0004810926130138854
 
 
FDSWEEP step=2.0e-02 FD idx=2 CD_plus=2.106652608656729e-02 CD_minus=2.077688468562558e-02 fd=7.241035023542765e-03
/home/dafoamuser/dafoam/packages/miniconda3/lib/python3.10/site-packages/openmdao/core/problem.py:1011: DerivativesWarning:Inefficient choice of derivative mode.  You chose 'rev' for a problem with 10 design variables and 25 response variables (objectives and nonlinear constraints).
/home/dafoamuser/dafoam/packages/miniconda3/lib/python3.10/site-packages/openmdao/core/problem.py:1011: DerivativesWarning:Inefficient choice of derivative mode.  You chose 'rev' for a problem with 10 design variables and 25 response variables (objectives and nonlinear constraints).
DAInputVolCoord. 
Setting volume coordinates. 
DAInputPatchVelocity. 
Setting UMag = 10 AoA = 5.13918623195176 degs at 1(inout)
Checking mesh quality for time = 340
    Overall domain bounding box (-17.36780604888621 -18.57512197078929 0) (18.7263859971372 18.58319238628815 0.1)
    Mesh has 3 geometric (non-empty/wedge) directions (1 1 1)
    Mesh has 3 solution (non-empty) directions (1 1 1)
    Boundary openness (0 -4.181735893495926e-19 4.797234092982632e-16) OK.
    Max cell openness = 2.595355337146949e-16 OK.
    Max aspect ratio = 97.87595028285713 OK.
    Minimum face area = 2.254167324975216e-06. Maximum face area = 4.224074407381112.  Face area magnitudes OK.
    Min volume = 2.254167464670154e-07. Max volume = 0.4224074405763901.  Total volume = 105.2599786641074.  Cell volumes OK.
    Mesh non-orthogonality Max: 22.76457036695525 average: 2.538271432275509
    Non-orthogonality check OK.
    Face pyramids OK.
    Max skewness = 1.432716243883807 OK.
    Coupled point location match (average 0) OK.

Mesh OK.

Running Primal Solver 008
Previous solution time 340 found and deleted.
No finite volume options present

Starting time loop

Time = 1

U0 initRes: 0.0001871308597517099 finalRes: 1.353698114492786e-05 nIters: 7
U1 initRes: 0.0002738848106048052 finalRes: 1.953429746610691e-05 nIters: 7
U2 initRes: 0.01547191256171652 finalRes: 0.001506108789124875 nIters: 6
p initRes: 0.01903947500925984 finalRes: 0.001022033536201215 nIters: 4
Time step continuity errors : sum local = 2.669910376000139e-05
                                 global = -1.668623176716223e-07
                             cumulative = -0.0001674590185025365
nuTilda initRes: 0.0001042482562886791 finalRes: 1.019514425260464e-05 nIters: 3
Bounding nuTilda>1e-16
CD: 0.02240512086001775 final: 0.02240512086001775
CL: 0.467380651537221 final: 0.467380651537221
yPlus min: 14.22482476478482 max: 100.7130805286589 mean: 59.94390818164909
ExecutionTime = 23.38 s  ClockTime = 23 s

Time = 100

U0 initRes: 2.215441715406552e-05 finalRes: 1.663060474593882e-06 nIters: 6
U1 initRes: 2.309855358818951e-05 finalRes: 1.532522460305294e-06 nIters: 6
U2 initRes: 1.167878190806738e-05 finalRes: 7.994476643799328e-07 nIters: 4
p initRes: 0.0002074708176597945 finalRes: 2.061197687923666e-05 nIters: 2
Time step continuity errors : sum local = 5.411117302141847e-07
                                 global = 1.115500741872643e-08
                             cumulative = -0.0001674478634951178
nuTilda initRes: 1.081470235957057e-06 finalRes: 6.611419245207648e-08 nIters: 4
Bounding nuTilda>1e-16
CD: 0.02125132645117895 final: 0.02125132645117895
CL: 0.5223228764047566 final: 0.5223228764047566
yPlus min: 14.24841427102657 max: 100.5184207360695 mean: 60.04191064257468
ExecutionTime = 23.89 s  ClockTime = 23 s

Time = 200

U0 initRes: 9.376728911498448e-07 finalRes: 7.327030751159498e-08 nIters: 6
U1 initRes: 8.229659922148695e-07 finalRes: 6.187733791406216e-08 nIters: 6
U2 initRes: 2.444292466313863e-07 finalRes: 1.698930764893564e-08 nIters: 5
p initRes: 1.830038469508234e-06 finalRes: 1.48102988562982e-07 nIters: 2
Time step continuity errors : sum local = 3.890361753908202e-09
                                 global = 2.017309774420103e-10
                             cumulative = -0.0001674476617641404
nuTilda initRes: 3.117038487833452e-08 finalRes: 2.420469301425382e-09 nIters: 4
Bounding nuTilda>1e-16
CD: 0.02120003117659872 final: 0.02120003117659872
CL: 0.5233278910407998 final: 0.5233278910407998
yPlus min: 14.23139431337203 max: 100.5631805250754 mean: 60.03537777021221
ExecutionTime = 24.4 s  ClockTime = 24 s

Time = 300

U0 initRes: 2.057319457815482e-08 finalRes: 1.572125591383395e-09 nIters: 6
U1 initRes: 1.963600560309985e-08 finalRes: 1.450545855499173e-09 nIters: 6
U2 initRes: 6.022044226523639e-09 finalRes: 5.870326638694458e-10 nIters: 4
p initRes: 4.192975482385382e-08 finalRes: 3.407006619891781e-09 nIters: 2
Time step continuity errors : sum local = 8.949835604856906e-11
                                 global = 5.833653533902767e-12
                             cumulative = -0.0001674476559304868
nuTilda initRes: 1.162801566670878e-09 finalRes: 7.165175903549709e-11 nIters: 4
Bounding nuTilda>1e-16
CD: 0.02119805597598024 final: 0.02119805597598024
CL: 0.5233648714190504 final: 0.5233648714190504
yPlus min: 14.23076833653283 max: 100.5647974300492 mean: 60.03510850474823
ExecutionTime = 24.93 s  ClockTime = 25 s

Time = 341
Minimal residual 9.998392227484699e-09 satisfied the prescribed tolerance 1e-08

CD: 0.02119802116375202 final: 0.02119802116375202
CL: 0.5233654796333235 final: 0.5233654796333235
End

Printing Primal Residual Statistics.
U Residual Norm2: (0.0003634049275362765 0.0003962504601116353 1.452685876909912e-07)
U Residual Mean: (2.699528708073893e-06 1.112964143038027e-06 9.986821249054272e-10)
U Residual Max: (9.096113171835896e-05 0.0001685404986346839 3.48127745843308e-08)
p Residual Norm2: 0.0001215121845464539
p Residual Mean: 1.749134534169528e-07
p Residual Max: 5.455158005616683e-05
nuTilda Residual Norm2: 1.233064940326781e-07
nuTilda Residual Mean: 4.366883062908582e-10
nuTilda Residual Max: 2.274605593317913e-08
phi Residual Norm2: 5.444167258940142e-07
phi Residual Mean: 1.374525267019488e-09
phi Residual Max: 1.367624003492086e-07
Total Residual Norm2: 0.0005512196587446842
 
 
/home/dafoamuser/dafoam/packages/miniconda3/lib/python3.10/site-packages/openmdao/core/problem.py:1011: DerivativesWarning:Inefficient choice of derivative mode.  You chose 'rev' for a problem with 10 design variables and 25 response variables (objectives and nonlinear constraints).
/home/dafoamuser/dafoam/packages/miniconda3/lib/python3.10/site-packages/openmdao/core/problem.py:1011: DerivativesWarning:Inefficient choice of derivative mode.  You chose 'rev' for a problem with 10 design variables and 25 response variables (objectives and nonlinear constraints).
DAInputVolCoord. 
Setting volume coordinates. 
DAInputPatchVelocity. 
Setting UMag = 10 AoA = 5.13918623195176 degs at 1(inout)
Checking mesh quality for time = 341
    Overall domain bounding box (-17.36792064227558 -18.58318131656409 0) (18.72629507771354 18.5751168039217 0.1)
    Mesh has 3 geometric (non-empty/wedge) directions (1 1 1)
    Mesh has 3 solution (non-empty) directions (1 1 1)
    Boundary openness (-3.136283482174043e-19 -3.136283482174043e-19 -1.9260156688829e-16) OK.
    Max cell openness = 2.764838415611131e-16 OK.
    Max aspect ratio = 97.87779036923091 OK.
    Minimum face area = 2.254027248515802e-06. Maximum face area = 4.224064062539016.  Face area magnitudes OK.
    Min volume = 2.254027273663491e-07. Max volume = 0.4224064061980629.  Total volume = 105.2606135185593.  Cell volumes OK.
    Mesh non-orthogonality Max: 22.7660883315288 average: 2.581328905963136
    Non-orthogonality check OK.
    Face pyramids OK.
    Max skewness = 1.432731004075932 OK.
    Coupled point location match (average 0) OK.

Mesh OK.

Running Primal Solver 009
Previous solution time 341 found and deleted.
No finite volume options present

Starting time loop

Time = 1

U0 initRes: 0.0002288290628567985 finalRes: 1.668194508773247e-05 nIters: 7
U1 initRes: 0.0002984353337450541 finalRes: 2.113913015374139e-05 nIters: 7
U2 initRes: 0.01250681137550178 finalRes: 0.001209132004534992 nIters: 6
p initRes: 0.02088528762831423 finalRes: 0.001242415883648676 nIters: 5
Time step continuity errors : sum local = 3.307587291251591e-05
                                 global = 5.664490197458931e-06
                             cumulative = -0.0001617831657330279
nuTilda initRes: 0.0001204007879810271 finalRes: 7.601685886712916e-06 nIters: 4
Bounding nuTilda>1e-16
CD: 0.009128993733996876 final: 0.009128993733996876
CL: 0.5411138938502859 final: 0.5411138938502859
yPlus min: 14.20016740242932 max: 100.9151248253857 mean: 60.01056265395969
ExecutionTime = 25.36 s  ClockTime = 25 s

Time = 100

U0 initRes: 2.00772066981316e-05 finalRes: 1.4783830197354e-06 nIters: 6
U1 initRes: 2.267208570105314e-05 finalRes: 2.168678389599129e-06 nIters: 5
U2 initRes: 1.578849653854174e-05 finalRes: 1.341552132534749e-06 nIters: 3
p initRes: 0.000233344186914849 finalRes: 1.947574824270288e-05 nIters: 2
Time step continuity errors : sum local = 4.801071224347014e-07
                                 global = -5.948030998834936e-08
                             cumulative = -0.0001618426460430162
nuTilda initRes: 1.13159748574196e-06 finalRes: 6.965367962786354e-08 nIters: 4
Bounding nuTilda>1e-16
CD: 0.02063717264070977 final: 0.02063717264070977
CL: 0.4755091771485261 final: 0.4755091771485261
yPlus min: 14.2550685939156 max: 101.6297104298391 mean: 59.81347096659471
ExecutionTime = 25.87 s  ClockTime = 25 s

Time = 200

U0 initRes: 8.6401785154804e-07 finalRes: 6.795958432982689e-08 nIters: 6
U1 initRes: 8.141769018566033e-07 finalRes: 5.975438836547683e-08 nIters: 6
U2 initRes: 3.077332485071819e-07 finalRes: 2.939662877676242e-08 nIters: 4
p initRes: 2.086939902548101e-06 finalRes: 1.447939538637696e-07 nIters: 2
Time step continuity errors : sum local = 3.567195018666623e-09
                                 global = -2.265174696510938e-10
                             cumulative = -0.0001618428725604859
nuTilda initRes: 2.963043341887271e-08 finalRes: 2.373794442309166e-09 nIters: 4
Bounding nuTilda>1e-16
CD: 0.02067839409103096 final: 0.02067839409103096
CL: 0.4745632159085239 final: 0.4745632159085239
yPlus min: 14.27039773078183 max: 101.5876011785101 mean: 59.81992199189792
ExecutionTime = 26.39 s  ClockTime = 26 s

Time = 300

U0 initRes: 1.45418006971365e-08 finalRes: 1.126872918164046e-09 nIters: 6
U1 initRes: 1.594512420593469e-08 finalRes: 1.158305676817347e-09 nIters: 6
U2 initRes: 6.479539815269973e-09 finalRes: 5.019814636068648e-10 nIters: 4
p initRes: 3.990586949490165e-08 finalRes: 2.782220394178267e-09 nIters: 2
Time step continuity errors : sum local = 6.854162326742865e-11
                                 global = -1.016702041884794e-12
                             cumulative = -0.000161842873577188
nuTilda initRes: 9.613456467944339e-10 finalRes: 9.039603503306301e-11 nIters: 3
Bounding nuTilda>1e-16
CD: 0.02068003383792842 final: 0.02068003383792842
CL: 0.4745311017408058 final: 0.4745311017408058
yPlus min: 14.27093612324738 max: 101.5861270711454 mean: 59.82016138408308
ExecutionTime = 26.91 s  ClockTime = 27 s

Time = 340
Minimal residual 9.874676617070839e-09 satisfied the prescribed tolerance 1e-08

CD: 0.0206800554565334 final: 0.0206800554565334
CL: 0.4745306335626465 final: 0.4745306335626465
End

Printing Primal Residual Statistics.
U Residual Norm2: (0.0003325413934008118 0.0003337608961866693 1.289908216367263e-07)
U Residual Mean: (2.356751079255627e-06 9.639213363805921e-07 8.905742689483091e-10)
U Residual Max: (8.315235118061537e-05 0.0001424302963641821 3.13885907152191e-08)
p Residual Norm2: 0.0001026456668121822
p Residual Mean: 1.500635912820965e-07
p Residual Max: 4.566941329266159e-05
nuTilda Residual Norm2: 1.046760614196781e-07
nuTilda Residual Mean: 3.767770354878557e-10
nuTilda Residual Max: 1.909132335016817e-08
phi Residual Norm2: 4.550396125457855e-07
phi Residual Mean: 1.160805272055907e-09
phi Residual Max: 1.145996146930315e-07
Total Residual Norm2: 0.0004821996284946293
 
 
FDSWEEP step=2.0e-02 FD idx=3 CD_plus=2.119802116375202e-02 CD_minus=2.068005545653340e-02 fd=1.294914268046539e-02
/home/dafoamuser/dafoam/packages/miniconda3/lib/python3.10/site-packages/openmdao/core/problem.py:1011: DerivativesWarning:Inefficient choice of derivative mode.  You chose 'rev' for a problem with 10 design variables and 25 response variables (objectives and nonlinear constraints).
/home/dafoamuser/dafoam/packages/miniconda3/lib/python3.10/site-packages/openmdao/core/problem.py:1011: DerivativesWarning:Inefficient choice of derivative mode.  You chose 'rev' for a problem with 10 design variables and 25 response variables (objectives and nonlinear constraints).
DAInputVolCoord. 
Setting volume coordinates. 
DAInputPatchVelocity. 
Setting UMag = 10 AoA = 5.13918623195176 degs at 1(inout)
Checking mesh quality for time = 340
    Overall domain bounding box (-17.36717245461128 -18.57397369526442 0) (18.72531605000293 18.58256140165954 0.1)
    Mesh has 3 geometric (non-empty/wedge) directions (1 1 1)
    Mesh has 3 solution (non-empty) directions (1 1 1)
    Boundary openness (4.574182204495047e-20 2.091054722054878e-19 -7.866635404613053e-16) OK.
    Max cell openness = 2.569508106413092e-16 OK.
    Max aspect ratio = 98.20627750275327 OK.
    Minimum face area = 2.243938248778627e-06. Maximum face area = 4.223692251271961.  Face area magnitudes OK.
    Min volume = 2.243938277969032e-07. Max volume = 0.4223692250416494.  Total volume = 105.2505493859545.  Cell volumes OK.
    Mesh non-orthogonality Max: 23.04847829513594 average: 2.588200318603258
    Non-orthogonality check OK.
    Face pyramids OK.
    Max skewness = 1.44374639808161 OK.
    Coupled point location match (average 0) OK.

Mesh OK.

Running Primal Solver 010
Previous solution time 340 found and deleted.
No finite volume options present

Starting time loop

Time = 1

U0 initRes: 0.0001624305242839045 finalRes: 1.120493271572102e-05 nIters: 7
U1 initRes: 0.0002388705765936013 finalRes: 2.314161238493318e-05 nIters: 6
U2 initRes: 0.01127330410203368 finalRes: 0.0009050166655006943 nIters: 6
p initRes: 0.01891538554812481 finalRes: 0.001440700277329073 nIters: 4
Time step continuity errors : sum local = 3.59244074720323e-05
                                 global = 2.238991319834804e-06
                             cumulative = -0.0001596038822573531
nuTilda initRes: 0.0001237067842794182 finalRes: 1.161049907857566e-05 nIters: 3
Bounding nuTilda>1e-16
CD: 0.02033893140621723 final: 0.02033893140621723
CL: 0.3891876890131363 final: 0.3891876890131363
yPlus min: 14.32544591454139 max: 101.3663971805023 mean: 59.80902469749186
ExecutionTime = 27.33 s  ClockTime = 27 s

Time = 100

U0 initRes: 3.649957583649232e-05 finalRes: 2.928669661142307e-06 nIters: 6
U1 initRes: 3.694259267334374e-05 finalRes: 2.777705171448191e-06 nIters: 6
U2 initRes: 2.148450769190479e-05 finalRes: 1.647232651940408e-06 nIters: 4
p initRes: 0.000185438861709136 finalRes: 1.532678047699817e-05 nIters: 2
Time step continuity errors : sum local = 3.983990377818322e-07
                                 global = -2.68506709379458e-08
                             cumulative = -0.0001596307329282911
nuTilda initRes: 2.160770036650946e-06 finalRes: 2.098625140107004e-07 nIters: 3
Bounding nuTilda>1e-16
CD: 0.02187024945886178 final: 0.02187024945886178
CL: 0.5603334047863114 final: 0.5603334047863114
yPlus min: 14.11066213275449 max: 102.0328296399177 mean: 59.78023177596541
ExecutionTime = 27.84 s  ClockTime = 27 s

Time = 200

U0 initRes: 1.55375772964545e-06 finalRes: 1.201668057147232e-07 nIters: 6
U1 initRes: 1.389536798174804e-06 finalRes: 1.025314689446717e-07 nIters: 6
U2 initRes: 5.857279302307362e-07 finalRes: 4.350343509262238e-08 nIters: 5
p initRes: 3.139147381648489e-06 finalRes: 2.389088225582253e-07 nIters: 2
Time step continuity errors : sum local = 6.218065453103059e-09
                                 global = 3.566803002637375e-10
                             cumulative = -0.0001596303762479908
nuTilda initRes: 6.01127135271565e-08 finalRes: 4.481375753035998e-09 nIters: 4
Bounding nuTilda>1e-16
CD: 0.02178019979774275 final: 0.02178019979774275
CL: 0.5621711849575175 final: 0.5621711849575175
yPlus min: 14.11726676695267 max: 102.112403780278 mean: 59.76822345978593
ExecutionTime = 28.36 s  ClockTime = 28 s

Time = 300

U0 initRes: 3.147130295181673e-08 finalRes: 2.263114844337282e-09 nIters: 6
U1 initRes: 2.917050853905359e-08 finalRes: 2.140839141875532e-09 nIters: 6
U2 initRes: 1.669270841965838e-08 finalRes: 1.510372427356809e-09 nIters: 4
p initRes: 8.364663099135288e-08 finalRes: 5.177460334381766e-09 nIters: 2
Time step continuity errors : sum local = 1.347619388621264e-10
                                 global = 5.627210842720743e-12
                             cumulative = -0.00015963037062078
nuTilda initRes: 2.099302842779791e-09 finalRes: 1.284109568358953e-10 nIters: 4
Bounding nuTilda>1e-16
CD: 0.02177665025806217 final: 0.02177665025806217
CL: 0.5622329681723047 final: 0.5622329681723047
yPlus min: 14.11805105241498 max: 102.1152541025115 mean: 59.76788238394865
ExecutionTime = 28.87 s  ClockTime = 28 s

Time = 359
Minimal residual 9.974273294585105e-09 satisfied the prescribed tolerance 1e-08

CD: 0.02177658595005603 final: 0.02177658595005603
CL: 0.5622340141900612 final: 0.5622340141900612
End

Printing Primal Residual Statistics.
U Residual Norm2: (0.0004021485637895701 0.0003161279422639567 5.016616556756741e-08)
U Residual Mean: (2.477521468586621e-06 9.721368087196871e-07 4.44093037148859e-10)
U Residual Max: (0.0001317889164056396 0.0001407027830282459 4.73832237088611e-09)
p Residual Norm2: 0.0001003500637518039
p Residual Mean: 1.498496785801076e-07
p Residual Max: 4.359482261080161e-05
nuTilda Residual Norm2: 1.075782777024839e-07
nuTilda Residual Mean: 3.84411627224977e-10
nuTilda Residual Max: 2.019639014973162e-08
phi Residual Norm2: 4.397659905477701e-07
phi Residual Mean: 1.117820235337324e-09
phi Residual Max: 1.078502257552571e-07
Total Residual Norm2: 0.0005212779354786706
 
 
/home/dafoamuser/dafoam/packages/miniconda3/lib/python3.10/site-packages/openmdao/core/problem.py:1011: DerivativesWarning:Inefficient choice of derivative mode.  You chose 'rev' for a problem with 10 design variables and 25 response variables (objectives and nonlinear constraints).
/home/dafoamuser/dafoam/packages/miniconda3/lib/python3.10/site-packages/openmdao/core/problem.py:1011: DerivativesWarning:Inefficient choice of derivative mode.  You chose 'rev' for a problem with 10 design variables and 25 response variables (objectives and nonlinear constraints).
DAInputVolCoord. 
Setting volume coordinates. 
DAInputPatchVelocity. 
Setting UMag = 10 AoA = 5.13918623195176 degs at 1(inout)
Checking mesh quality for time = 359
    Overall domain bounding box (-17.36696823614989 -18.58256421454304 0) (18.72552176883802 18.57398892170946 0.1)
    Mesh has 3 geometric (non-empty/wedge) directions (1 1 1)
    Mesh has 3 solution (non-empty) directions (1 1 1)
    Boundary openness (-5.946459551566314e-19 2.875211211746349e-19 -1.32607103177189e-16) OK.
    Max cell openness = 2.536808316686099e-16 OK.
    Max aspect ratio = 97.93405410397972 OK.
    Minimum face area = 2.263857126743282e-06. Maximum face area = 4.223692099021202.  Face area magnitudes OK.
    Min volume = 2.26385743393743e-07. Max volume = 0.4223692098862094.  Total volume = 105.2501296914665.  Cell volumes OK.
    Mesh non-orthogonality Max: 23.06514184502588 average: 2.559028441160668
    Non-orthogonality check OK.
    Face pyramids OK.
    Max skewness = 1.441634227304288 OK.
    Coupled point location match (average 0) OK.

Mesh OK.

Running Primal Solver 011
Previous solution time 359 found and deleted.
No finite volume options present

Starting time loop

Time = 1

U0 initRes: 0.0001490344175345898 finalRes: 1.349955562374927e-05 nIters: 6
U1 initRes: 0.0002392446820430246 finalRes: 2.121710513073293e-05 nIters: 6
U2 initRes: 0.01750188719315591 finalRes: 0.001181996712720487 nIters: 6
p initRes: 0.02145465593840241 finalRes: 0.002047456940922092 nIters: 4
Time step continuity errors : sum local = 5.407214541644322e-05
                                 global = 5.94942701839236e-06
                             cumulative = -0.0001536809436023876
nuTilda initRes: 0.0001964358874493027 finalRes: 1.30501693645109e-05 nIters: 4
Bounding nuTilda>1e-16
CD: 0.05665979257045407 final: 0.05665979257045407
CL: 0.7253587353665698 final: 0.7253587353665698
yPlus min: 14.14857979912263 max: 102.2096269044965 mean: 59.8763437710274
ExecutionTime = 29.4 s  ClockTime = 29 s

Time = 100

U0 initRes: 5.82973823054032e-05 finalRes: 4.773033276527646e-06 nIters: 6
U1 initRes: 5.594954081232462e-05 finalRes: 4.388207432524827e-06 nIters: 6
U2 initRes: 1.84360038416068e-05 finalRes: 1.27293174480362e-06 nIters: 5
p initRes: 0.0001217214669697783 finalRes: 1.114337919305422e-05 nIters: 2
Time step continuity errors : sum local = 2.787142070955884e-07
                                 global = 2.032372975097759e-08
                             cumulative = -0.0001536606198726366
nuTilda initRes: 3.399035346272328e-06 finalRes: 3.029760125954741e-07 nIters: 3
Bounding nuTilda>1e-16
CD: 0.02006913021976679 final: 0.02006913021976679
CL: 0.4382842622952311 final: 0.4382842622952311
yPlus min: 14.74372774118865 max: 100.1741612327795 mean: 60.06813353745545
ExecutionTime = 29.91 s  ClockTime = 30 s

Time = 200

U0 initRes: 2.802508081753489e-06 finalRes: 2.221986670575534e-07 nIters: 6
U1 initRes: 2.431136622944277e-06 finalRes: 1.85662525780658e-07 nIters: 6
U2 initRes: 6.935938193511228e-07 finalRes: 5.948811140266966e-08 nIters: 5
p initRes: 4.516072529000451e-06 finalRes: 4.066971739154395e-07 nIters: 2
Time step continuity errors : sum local = 1.014680432654493e-08
                                 global = 6.969797167110617e-11
                             cumulative = -0.0001536605501746649
nuTilda initRes: 9.146655572056788e-08 finalRes: 7.02788098388528e-09 nIters: 4
Bounding nuTilda>1e-16
CD: 0.02017567788906331 final: 0.02017567788906331
CL: 0.4353018487851764 final: 0.4353018487851764
yPlus min: 14.84328901682644 max: 100.042285351688 mean: 60.08741027092639
ExecutionTime = 30.43 s  ClockTime = 30 s

Time = 300

U0 initRes: 7.170151170907526e-08 finalRes: 5.545098223316814e-09 nIters: 6
U1 initRes: 6.179420755583446e-08 finalRes: 4.736446411637166e-09 nIters: 6
U2 initRes: 2.147087726031631e-08 finalRes: 1.616515728465061e-09 nIters: 5
p initRes: 1.265967763925011e-07 finalRes: 1.083452503997011e-08 nIters: 2
Time step continuity errors : sum local = 2.702871157863455e-10
                                 global = -3.216291432643861e-12
                             cumulative = -0.0001536605533909564
nuTilda initRes: 3.438780809849064e-09 finalRes: 2.1499849756474e-10 nIters: 4
Bounding nuTilda>1e-16
CD: 0.02018050391429658 final: 0.02018050391429658
CL: 0.4351908956074173 final: 0.4351908956074173
yPlus min: 14.84789243833825 max: 100.0373554624632 mean: 60.08844067097579
ExecutionTime = 30.94 s  ClockTime = 31 s

Time = 378
Minimal residual 9.647824222294185e-09 satisfied the prescribed tolerance 1e-08

CD: 0.02018062623718688 final: 0.02018062623718688
CL: 0.4351883263825632 final: 0.4351883263825632
End

Printing Primal Residual Statistics.
U Residual Norm2: (0.0002669986317007678 0.0003132967078853402 5.254766914228228e-08)
U Residual Mean: (2.110883738115786e-06 8.432568453311988e-07 4.735824120790008e-10)
U Residual Max: (7.143028233258519e-05 0.0001336641307716491 5.264136549101923e-09)
p Residual Norm2: 9.689865803376453e-05
p Residual Mean: 1.372209028331184e-07
p Residual Max: 4.430584422959134e-05
nuTilda Residual Norm2: 1.189938956799977e-07
nuTilda Residual Mean: 4.050213514332982e-10
nuTilda Residual Max: 2.235273553100955e-08
phi Residual Norm2: 4.47311949594923e-07
phi Residual Mean: 1.118821198181297e-09
phi Residual Max: 1.166423222040891e-07
Total Residual Norm2: 0.0004228861116653085
 
 
FDSWEEP step=2.0e-02 FD idx=4 CD_plus=2.177658595005603e-02 CD_minus=2.018062623718688e-02 fd=3.989899282172875e-02
/home/dafoamuser/dafoam/packages/miniconda3/lib/python3.10/site-packages/openmdao/core/problem.py:1011: DerivativesWarning:Inefficient choice of derivative mode.  You chose 'rev' for a problem with 10 design variables and 25 response variables (objectives and nonlinear constraints).
/home/dafoamuser/dafoam/packages/miniconda3/lib/python3.10/site-packages/openmdao/core/problem.py:1011: DerivativesWarning:Inefficient choice of derivative mode.  You chose 'rev' for a problem with 10 design variables and 25 response variables (objectives and nonlinear constraints).
DAInputVolCoord. 
Setting volume coordinates. 
DAInputPatchVelocity. 
Setting UMag = 10 AoA = 5.13918623195176 degs at 1(inout)
Checking mesh quality for time = 378
    Overall domain bounding box (-17.36700083125898 -18.57407437965883 0) (18.72555935264561 18.58255150400074 0.1)
    Mesh has 3 geometric (non-empty/wedge) directions (1 1 1)
    Mesh has 3 solution (non-empty) directions (1 1 1)
    Boundary openness (2.74450912345279e-19 4.443490961780709e-19 1.033815513273406e-15) OK.
    Max cell openness = 2.615995959755371e-16 OK.
    Max aspect ratio = 97.93411101903516 OK.
    Minimum face area = 2.263856739952725e-06. Maximum face area = 4.223715073878744.  Face area magnitudes OK.
    Min volume = 2.263857124842287e-07. Max volume = 0.4223715072903918.  Total volume = 105.2505503080787.  Cell volumes OK.
    Mesh non-orthogonality Max: 23.06518900258639 average: 2.558823705106158
    Non-orthogonality check OK.
    Face pyramids OK.
    Max skewness = 1.441635710007349 OK.
    Coupled point location match (average 0) OK.

Mesh OK.

Running Primal Solver 012
Previous solution time 378 found and deleted.
No finite volume options present

Starting time loop

Time = 1

U0 initRes: 0.0001540401642029542 finalRes: 1.393270462312833e-05 nIters: 6
U1 initRes: 0.0002473503216163976 finalRes: 2.199636010104275e-05 nIters: 6
U2 initRes: 0.01421524216591244 finalRes: 0.001030958236659274 nIters: 6
p initRes: 0.02192693853942046 finalRes: 0.001346330504431723 nIters: 4
Time step continuity errors : sum local = 3.411766135170157e-05
                                 global = -3.467922143799265e-06
                             cumulative = -0.0001571284755347556
nuTilda initRes: 0.000189863739224054 finalRes: 1.156461766741697e-05 nIters: 4
Bounding nuTilda>1e-16
CD: 0.004156246269825968 final: 0.004156246269825968
CL: 0.2602619827465202 final: 0.2602619827465202
yPlus min: 14.10896672780875 max: 99.91609541808771 mean: 60.08869729990254
ExecutionTime = 31.56 s  ClockTime = 31 s

Time = 100

U0 initRes: 5.054711079361648e-05 finalRes: 4.1225980407884e-06 nIters: 6
U1 initRes: 5.050625148767645e-05 finalRes: 3.916000450547235e-06 nIters: 6
U2 initRes: 1.781855696622669e-05 finalRes: 1.720950688199989e-06 nIters: 4
p initRes: 0.0001159282502805069 finalRes: 7.517801686211954e-06 nIters: 3
Time step continuity errors : sum local = 2.005236604725648e-07
                                 global = -8.44516130916016e-08
                             cumulative = -0.0001572129271478472
nuTilda initRes: 2.921863120703083e-06 finalRes: 2.714825648833055e-07 nIters: 3
Bounding nuTilda>1e-16
CD: 0.02196389855307863 final: 0.02196389855307863
CL: 0.5520574178020435 final: 0.5520574178020435
yPlus min: 14.04168014493542 max: 101.6577663718832 mean: 59.80986030712403
ExecutionTime = 32.08 s  ClockTime = 32 s

Time = 200

U0 initRes: 2.239838746435022e-06 finalRes: 1.754509579403137e-07 nIters: 6
U1 initRes: 2.010697103112679e-06 finalRes: 1.508323030671408e-07 nIters: 6
U2 initRes: 6.52518850976347e-07 finalRes: 4.451539882481661e-08 nIters: 5
p initRes: 3.578229567957634e-06 finalRes: 2.999408615886715e-07 nIters: 2
Time step continuity errors : sum local = 8.019953306748217e-09
                                 global = 3.686481577128579e-10
                             cumulative = -0.0001572125584996895
nuTilda initRes: 8.640709269299448e-08 finalRes: 6.448348705619382e-09 nIters: 4
Bounding nuTilda>1e-16
CD: 0.02184030236271747 final: 0.02184030236271747
CL: 0.5546798522821983 final: 0.5546798522821983
yPlus min: 14.03493832802978 max: 101.7714304108145 mean: 59.79294842215996
ExecutionTime = 32.59 s  ClockTime = 32 s

Time = 300

U0 initRes: 5.635031635005422e-08 finalRes: 4.029973293029195e-09 nIters: 6
U1 initRes: 4.258946852296143e-08 finalRes: 3.328046274223619e-09 nIters: 6
U2 initRes: 2.507218876569272e-08 finalRes: 2.237491535687293e-09 nIters: 4
p initRes: 1.122068317248014e-07 finalRes: 7.932789183315725e-09 nIters: 2
Time step continuity errors : sum local = 2.121296515932425e-10
                                 global = 9.304608856376071e-12
                             cumulative = -0.0001572125491950806
nuTilda initRes: 3.57258613019764e-09 finalRes: 2.196434026464293e-10 nIters: 4
Bounding nuTilda>1e-16
CD: 0.02183517940115085 final: 0.02183517940115085
CL: 0.5547728557414787 final: 0.5547728557414787
yPlus min: 14.03443301188608 max: 101.7756386950265 mean: 59.79230427178311
ExecutionTime = 33.11 s  ClockTime = 33 s

Time = 366
Minimal residual 9.987722102558852e-09 satisfied the prescribed tolerance 1e-08

CD: 0.02183506360491549 final: 0.02183506360491549
CL: 0.5547746760289359 final: 0.5547746760289359
End

Printing Primal Residual Statistics.
U Residual Norm2: (0.0003450646600363931 0.0003894565241584708 7.697895419223952e-08)
U Residual Mean: (2.551464629712242e-06 1.05219468296289e-06 6.838025927278907e-10)
U Residual Max: (9.137224424193846e-05 0.0001695243217909592 8.14480937513098e-09)
p Residual Norm2: 0.0001171921441319451
p Residual Mean: 1.671262388227987e-07
p Residual Max: 5.351212967088387e-05
nuTilda Residual Norm2: 1.266877794397494e-07
nuTilda Residual Mean: 4.539767033936841e-10
nuTilda Residual Max: 2.342721688318155e-08
phi Residual Norm2: 5.205543853395597e-07
phi Residual Mean: 1.287510937482276e-09
phi Residual Max: 1.345890687706665e-07
Total Residual Norm2: 0.0005333669425585847
 
 
/home/dafoamuser/dafoam/packages/miniconda3/lib/python3.10/site-packages/openmdao/core/problem.py:1011: DerivativesWarning:Inefficient choice of derivative mode.  You chose 'rev' for a problem with 10 design variables and 25 response variables (objectives and nonlinear constraints).
/home/dafoamuser/dafoam/packages/miniconda3/lib/python3.10/site-packages/openmdao/core/problem.py:1011: DerivativesWarning:Inefficient choice of derivative mode.  You chose 'rev' for a problem with 10 design variables and 25 response variables (objectives and nonlinear constraints).
DAInputVolCoord. 
Setting volume coordinates. 
DAInputPatchVelocity. 
Setting UMag = 10 AoA = 5.13918623195176 degs at 1(inout)
Checking mesh quality for time = 366
    Overall domain bounding box (-17.36721033232508 -18.58254852216228 0) (18.72534974617865 18.57406022389646 0.1)
    Mesh has 3 geometric (non-empty/wedge) directions (1 1 1)
    Mesh has 3 solution (non-empty) directions (1 1 1)
    Boundary openness (5.881066861929642e-20 -1.829665245933666e-19 1.198690439733231e-16) OK.
    Max cell openness = 2.46305646469188e-16 OK.
    Max aspect ratio = 98.2062933778498 OK.
    Minimum face area = 2.243938553789238e-06. Maximum face area = 4.223702981266723.  Face area magnitudes OK.
    Min volume = 2.243938613537301e-07. Max volume = 0.4223702981232115.  Total volume = 105.2509807289006.  Cell volumes OK.
    Mesh non-orthogonality Max: 23.04882290266506 average: 2.588016573607384
    Non-orthogonality check OK.
    Face pyramids OK.
    Max skewness = 1.443747116625723 OK.
    Coupled point location match (average 0) OK.

Mesh OK.

Running Primal Solver 013
Previous solution time 366 found and deleted.
No finite volume options present

Starting time loop

Time = 1

U0 initRes: 0.000176696386945927 finalRes: 1.637528270790621e-05 nIters: 6
U1 initRes: 0.0002666999749237429 finalRes: 2.381305521496391e-05 nIters: 6
U2 initRes: 0.01447769351026061 finalRes: 0.0009821732602277897 nIters: 6
p initRes: 0.02207305373146029 finalRes: 0.00172699756325293 nIters: 4
Time step continuity errors : sum local = 4.691841930612127e-05
                                 global = -9.248515353213492e-06
                             cumulative = -0.0001664610645482941
nuTilda initRes: 0.0001975441157968859 finalRes: 1.233593551078648e-05 nIters: 4
Bounding nuTilda>1e-16
CD: 0.04326962087577624 final: 0.04326962087577624
CL: 0.7414137291957151 final: 0.7414137291957151
yPlus min: 14.11500866208191 max: 101.9198614004424 mean: 59.79644855584717
ExecutionTime = 33.66 s  ClockTime = 33 s

Time = 100

U0 initRes: 5.038597116722546e-05 finalRes: 4.094368429150043e-06 nIters: 6
U1 initRes: 4.848000581113025e-05 finalRes: 3.740961619727722e-06 nIters: 6
U2 initRes: 1.438335820240353e-05 finalRes: 1.01175370380084e-06 nIters: 5
p initRes: 0.0001296939865145356 finalRes: 1.277098955237906e-05 nIters: 2
Time step continuity errors : sum local = 3.0973531019302e-07
                                 global = -2.85926455642772e-08
                             cumulative = -0.0001664896571938584
nuTilda initRes: 2.94518682132323e-06 finalRes: 2.621826326279394e-07 nIters: 3
Bounding nuTilda>1e-16
CD: 0.0200074595837023 final: 0.0200074595837023
CL: 0.4438438956224643 final: 0.4438438956224643
yPlus min: 14.71226259444376 max: 100.4365245597819 mean: 60.03401628780708
ExecutionTime = 34.19 s  ClockTime = 34 s

Time = 200

U0 initRes: 2.333807155168242e-06 finalRes: 1.857302961843034e-07 nIters: 6
U1 initRes: 2.071336940033273e-06 finalRes: 1.577138679431606e-07 nIters: 6
U2 initRes: 9.628256993084259e-07 finalRes: 7.34966573304994e-08 nIters: 4
p initRes: 4.749186452114835e-06 finalRes: 3.762325031156819e-07 nIters: 2
Time step continuity errors : sum local = 9.104004482815283e-09
                                 global = -1.88359858492554e-10
                             cumulative = -0.0001664898455537169
nuTilda initRes: 7.570478725009918e-08 finalRes: 5.994709993997687e-09 nIters: 4
Bounding nuTilda>1e-16
CD: 0.02009820762417035 final: 0.02009820762417035
CL: 0.4413029522907487 final: 0.4413029522907487
yPlus min: 14.79423326560078 max: 100.3231794910884 mean: 60.05071485073059
ExecutionTime = 34.7 s  ClockTime = 34 s

Time = 300

U0 initRes: 5.655109789260938e-08 finalRes: 4.360783189995349e-09 nIters: 6
U1 initRes: 5.177163217856068e-08 finalRes: 3.810073353640536e-09 nIters: 6
U2 initRes: 5.341572721641649e-08 finalRes: 3.333430575936027e-09 nIters: 3
p initRes: 1.810993597164197e-07 finalRes: 9.733912608134267e-09 nIters: 2
Time step continuity errors : sum local = 2.355209961714246e-10
                                 global = -4.191458479458276e-13
                             cumulative = -0.0001664898459728628
nuTilda initRes: 2.766656102392644e-09 finalRes: 1.727410717633872e-10 nIters: 4
Bounding nuTilda>1e-16
CD: 0.02010238182976443 final: 0.02010238182976443
CL: 0.4412130598078622 final: 0.4412130598078622
yPlus min: 14.79792913222145 max: 100.3191063194044 mean: 60.05157908254029
ExecutionTime = 35.21 s  ClockTime = 35 s

Time = 385
Minimal residual 9.801335184277254e-09 satisfied the prescribed tolerance 1e-08

CD: 0.02010248070341573 final: 0.02010248070341573
CL: 0.4412111018731557 final: 0.4412111018731557
End

Printing Primal Residual Statistics.
U Residual Norm2: (0.0001673709175298118 0.0001687778856166361 4.595389301166888e-08)
U Residual Mean: (1.179915470870068e-06 4.732625127829007e-07 3.919364736366612e-10)
U Residual Max: (3.834111066680634e-05 7.55476485210238e-05 6.885296333535224e-09)
p Residual Norm2: 5.53803879921128e-05
p Residual Mean: 8.069310220445347e-08
p Residual Max: 2.608426762039088e-05
nuTilda Residual Norm2: 7.129201853303306e-08
nuTilda Residual Mean: 2.327007909298345e-10
nuTilda Residual Max: 1.366638620796821e-08
phi Residual Norm2: 2.470012935332587e-07
phi Residual Mean: 6.004496699993125e-10
phi Residual Max: 6.630919721473942e-08
Total Residual Norm2: 0.0002440615788814403
 
 
FDSWEEP step=2.0e-02 FD idx=5 CD_plus=2.183506360491549e-02 CD_minus=2.010248070341573e-02 fd=4.331457253749400e-02
/home/dafoamuser/dafoam/packages/miniconda3/lib/python3.10/site-packages/openmdao/core/problem.py:1011: DerivativesWarning:Inefficient choice of derivative mode.  You chose 'rev' for a problem with 10 design variables and 25 response variables (objectives and nonlinear constraints).
/home/dafoamuser/dafoam/packages/miniconda3/lib/python3.10/site-packages/openmdao/core/problem.py:1011: DerivativesWarning:Inefficient choice of derivative mode.  You chose 'rev' for a problem with 10 design variables and 25 response variables (objectives and nonlinear constraints).
DAInputVolCoord. 
Setting volume coordinates. 
DAInputPatchVelocity. 
Setting UMag = 10 AoA = 5.13918623195176 degs at 1(inout)
Checking mesh quality for time = 385
    Overall domain bounding box (-17.35734725720424 -18.56893311880507 0) (18.71699576823461 18.56892660930001 0.1)
    Mesh has 3 geometric (non-empty/wedge) directions (1 1 1)
    Mesh has 3 solution (non-empty) directions (1 1 1)
    Boundary openness (1.111984142461737e-19 -4.44793656984695e-19 5.081904297322919e-16) OK.
    Max cell openness = 2.44716890369993e-16 OK.
    Max aspect ratio = 97.87220776222901 OK.
    Minimum face area = 2.254098669773378e-06. Maximum face area = 4.21916661556756.  Face area magnitudes OK.
    Min volume = 2.254098673416254e-07. Max volume = 0.4219166611260805.  Total volume = 105.1449095339017.  Cell volumes OK.
    Mesh non-orthogonality Max: 22.74869549680062 average: 2.569518710610287
    Non-orthogonality check OK.
    Face pyramids OK.
    Max skewness = 1.432465350883841 OK.
    Coupled point location match (average 0) OK.

Mesh OK.

Running Primal Solver 014
Previous solution time 385 found and deleted.
No finite volume options present

Starting time loop

Time = 1

U0 initRes: 0.0002711949693743916 finalRes: 1.978321541569647e-05 nIters: 7
U1 initRes: 0.0002733505991608344 finalRes: 2.687032369635869e-05 nIters: 6
U2 initRes: 0.01119873521116524 finalRes: 0.001016536351742282 nIters: 6
p initRes: 0.0271342450299932 finalRes: 0.001865194544873777 nIters: 4
Time step continuity errors : sum local = 4.545403512233998e-05
                                 global = 2.061161584301176e-06
                             cumulative = -0.0001644286843885616
nuTilda initRes: 0.000112791665858627 finalRes: 7.606542003674821e-06 nIters: 4
Bounding nuTilda>1e-16
CD: -0.01575383529982524 final: -0.01575383529982524
CL: 0.3314029420120783 final: 0.3314029420120783
yPlus min: 15.42623996054358 max: 96.88903215342768 mean: 59.91563734385529
ExecutionTime = 35.86 s  ClockTime = 35 s

Time = 100

U0 initRes: 8.63014218330195e-05 finalRes: 7.767548023702931e-06 nIters: 4
U1 initRes: 0.0001352043983495914 finalRes: 1.325562173872025e-05 nIters: 4
U2 initRes: 0.0001494580463008627 finalRes: 5.331463581203277e-06 nIters: 2
p initRes: 0.002267970744502734 finalRes: 0.0001971733215886259 nIters: 2
Time step continuity errors : sum local = 4.845024589587814e-06
                                 global = -2.333907142322407e-08
                             cumulative = -0.0001644520234599848
nuTilda initRes: 1.789786000198142e-06 finalRes: 1.065273843279425e-07 nIters: 3
Bounding nuTilda>1e-16
CD: 0.02148114435560944 final: 0.02148114435560944
CL: 0.4867775381463246 final: 0.4867775381463246
yPlus min: 14.4972599721661 max: 100.3870180697584 mean: 58.33844686568813
ExecutionTime = 36.37 s  ClockTime = 36 s

Time = 200

U0 initRes: 3.040435058006727e-07 finalRes: 2.055842413796315e-08 nIters: 6
U1 initRes: 3.784481106148631e-07 finalRes: 2.584154651476234e-08 nIters: 6
U2 initRes: 9.014996780315639e-07 finalRes: 7.654834412262325e-08 nIters: 2
p initRes: 1.875851188538859e-06 finalRes: 1.090099487131411e-07 nIters: 2
Time step continuity errors : sum local = 2.666959715071002e-09
                                 global = 8.452737762940338e-11
                             cumulative = -0.0001644519389326071
nuTilda initRes: 2.793614849709876e-08 finalRes: 1.717150113902331e-09 nIters: 4
Bounding nuTilda>1e-16
CD: 0.02137696864384649 final: 0.02137696864384649
CL: 0.4869741925366626 final: 0.4869741925366626
yPlus min: 14.50750222318739 max: 100.4073343666927 mean: 58.3299025167108
ExecutionTime = 36.88 s  ClockTime = 36 s

Time = 300

U0 initRes: 7.219757168242237e-09 finalRes: 6.260340254752989e-10 nIters: 6
U1 initRes: 9.251640507368944e-09 finalRes: 6.496195177353625e-10 nIters: 6
U2 initRes: 1.634230348789056e-08 finalRes: 8.892002768921762e-10 nIters: 2
p initRes: 2.542708842541473e-08 finalRes: 1.639335163219564e-09 nIters: 2
Time step continuity errors : sum local = 4.01070939898409e-11
                                 global = -7.046713148792475e-13
                             cumulative = -0.0001644519396372785
nuTilda initRes: 6.627225176666778e-10 finalRes: 3.718949775836493e-11 nIters: 3
Bounding nuTilda>1e-16
CD: 0.02137649142470585 final: 0.02137649142470585
CL: 0.4869808998122382 final: 0.4869808998122382
yPlus min: 14.50729659508958 max: 100.4077840048139 mean: 58.32967372323604
ExecutionTime = 37.39 s  ClockTime = 37 s

Time = 321
Minimal residual 9.982120836265736e-09 satisfied the prescribed tolerance 1e-08

CD: 0.02137649793876502 final: 0.02137649793876502
CL: 0.4869807207084235 final: 0.4869807207084235
End

Printing Primal Residual Statistics.
U Residual Norm2: (0.0004463033728172147 0.0003855888958613526 3.581640988666427e-07)
U Residual Mean: (3.398157003316869e-06 1.057058853160086e-06 2.667773453268076e-09)
U Residual Max: (9.404869842910557e-05 0.0001719947722449433 5.218331059815394e-08)
p Residual Norm2: 0.0001041046835752738
p Residual Mean: 1.599474471889885e-07
p Residual Max: 4.881928740850255e-05
nuTilda Residual Norm2: 1.316050467349254e-07
nuTilda Residual Mean: 4.893422767654096e-10
nuTilda Residual Max: 2.378186534443957e-08
phi Residual Norm2: 5.062318973608352e-07
phi Residual Mean: 1.395308348990257e-09
phi Residual Max: 1.273206682181355e-07
Total Residual Norm2: 0.0005989187626164758
 
 
/home/dafoamuser/dafoam/packages/miniconda3/lib/python3.10/site-packages/openmdao/core/problem.py:1011: DerivativesWarning:Inefficient choice of derivative mode.  You chose 'rev' for a problem with 10 design variables and 25 response variables (objectives and nonlinear constraints).
/home/dafoamuser/dafoam/packages/miniconda3/lib/python3.10/site-packages/openmdao/core/problem.py:1011: DerivativesWarning:Inefficient choice of derivative mode.  You chose 'rev' for a problem with 10 design variables and 25 response variables (objectives and nonlinear constraints).
DAInputVolCoord. 
Setting volume coordinates. 
DAInputPatchVelocity. 
Setting UMag = 10 AoA = 5.13918623195176 degs at 1(inout)
Checking mesh quality for time = 321
    Overall domain bounding box (-17.36183404875511 -18.5729234741177 0) (18.72028087567947 18.572923981875 0.1)
    Mesh has 3 geometric (non-empty/wedge) directions (1 1 1)
    Mesh has 3 solution (non-empty) directions (1 1 1)
    Boundary openness (2.092263640526721e-19 1.83073068546088e-19 -1.578893410683721e-15) OK.
    Max cell openness = 2.645251813151348e-16 OK.
    Max aspect ratio = 97.87221464829072 OK.
    Minimum face area = 2.254098508930721e-06. Maximum face area = 4.221051342165856.  Face area magnitudes OK.
    Min volume = 2.254098514373653e-07. Max volume = 0.4221051339997387.  Total volume = 105.1894277351019.  Cell volumes OK.
    Mesh non-orthogonality Max: 22.74861993225418 average: 2.602965436712156
    Non-orthogonality check OK.
    Face pyramids OK.
    Max skewness = 1.432465555909161 OK.
    Coupled point location match (average 0) OK.

Mesh OK.

Running Primal Solver 015
Previous solution time 321 found and deleted.
No finite volume options present

Starting time loop

Time = 1

U0 initRes: 0.0004079786250307761 finalRes: 3.134260179170501e-05 nIters: 7
U1 initRes: 0.0003251003853742517 finalRes: 2.347338878415723e-05 nIters: 7
U2 initRes: 0.007204735984541458 finalRes: 0.0005487003089229621 nIters: 7
p initRes: 0.03421534987539714 finalRes: 0.002175943662835054 nIters: 5
Time step continuity errors : sum local = 5.432254169302176e-05
                                 global = 5.221548040057796e-06
                             cumulative = -0.0001592303915972207
nuTilda initRes: 5.363481306369867e-05 finalRes: 5.078048314637425e-06 nIters: 4
Bounding nuTilda>1e-16
CD: 0.1128158561217501 final: 0.1128158561217501
CL: 0.5330326342082186 final: 0.5330326342082186
yPlus min: 12.58936888255039 max: 105.3811512809326 mean: 58.80650989217916
ExecutionTime = 37.71 s  ClockTime = 37 s

Time = 100

U0 initRes: 0.0002118728686486208 finalRes: 2.114366799734288e-05 nIters: 4
U1 initRes: 0.0003067359229909274 finalRes: 2.970893311360118e-05 nIters: 4
U2 initRes: 3.644764512298639e-05 finalRes: 3.218238289946129e-06 nIters: 3
p initRes: 0.003961559366261662 finalRes: 0.0002438313859528672 nIters: 3
Time step continuity errors : sum local = 6.47835041119405e-06
                                 global = 4.048265622428076e-06
                             cumulative = -0.0001551821259747926
nuTilda initRes: 1.09026352832292e-06 finalRes: 7.897939493669335e-08 nIters: 4
Bounding nuTilda>1e-16
CD: 0.02141243897609358 final: 0.02141243897609358
CL: 0.5034669184571233 final: 0.5034669184571233
yPlus min: 13.60613567413464 max: 104.7903424073043 mean: 60.332323239929
ExecutionTime = 38.23 s  ClockTime = 38 s

Time = 200

U0 initRes: 1.19916620867126e-06 finalRes: 9.37730740372514e-08 nIters: 6
U1 initRes: 1.079703064943982e-06 finalRes: 8.294507721126822e-08 nIters: 6
U2 initRes: 3.325870205876774e-07 finalRes: 2.31057773827167e-08 nIters: 5
p initRes: 2.170569043252505e-06 finalRes: 2.109096143886352e-07 nIters: 2
Time step continuity errors : sum local = 5.592149811829931e-09
                                 global = 7.832910500350645e-10
                             cumulative = -0.0001551813426837426
nuTilda initRes: 3.311969897168777e-08 finalRes: 2.647320802476698e-09 nIters: 4
Bounding nuTilda>1e-16
CD: 0.02120734067821761 final: 0.02120734067821761
CL: 0.5042879754955583 final: 0.5042879754955583
yPlus min: 13.56354121847422 max: 104.837168497711 mean: 60.32658180121732
ExecutionTime = 38.74 s  ClockTime = 38 s

Time = 300

U0 initRes: 4.945420620254655e-08 finalRes: 3.793703090191225e-09 nIters: 6
U1 initRes: 3.729977984952585e-08 finalRes: 2.916777452249173e-09 nIters: 6
U2 initRes: 1.573997814925647e-08 finalRes: 1.030573329063079e-09 nIters: 5
p initRes: 6.826830147245009e-08 finalRes: 5.985378516954124e-09 nIters: 2
Time step continuity errors : sum local = 1.587058685919236e-10
                                 global = 2.755382618594637e-12
                             cumulative = -0.00015518133992836
nuTilda initRes: 1.627175033112196e-09 finalRes: 1.2267577501068e-10 nIters: 4
Bounding nuTilda>1e-16
CD: 0.02120481135327307 final: 0.02120481135327307
CL: 0.5043427328099148 final: 0.5043427328099148
yPlus min: 13.56130526744717 max: 104.8393534430692 mean: 60.32642960842907
ExecutionTime = 39.25 s  ClockTime = 39 s

Time = 358
Minimal residual 9.767229524219613e-09 satisfied the prescribed tolerance 1e-08

CD: 0.02120472141306081 final: 0.02120472141306081
CL: 0.5043444460594108 final: 0.5043444460594108
End

Printing Primal Residual Statistics.
U Residual Norm2: (0.0003871888053581908 0.0004327163665882136 8.75345683172496e-07)
U Residual Mean: (3.429419097068928e-06 1.333255571044462e-06 5.3662475202622e-09)
U Residual Max: (7.757847834000131e-05 0.0001265987802980817 2.299825072965185e-07)
p Residual Norm2: 0.0001193479187510386
p Residual Mean: 1.751240486490211e-07
p Residual Max: 4.688785934568301e-05
nuTilda Residual Norm2: 1.059026523149978e-07
nuTilda Residual Mean: 4.126783336442575e-10
nuTilda Residual Max: 1.871480970888188e-08
phi Residual Norm2: 6.924909491640765e-07
phi Residual Mean: 1.903560926148404e-09
phi Residual Max: 1.570228246074866e-07
Total Residual Norm2: 0.0005927932250012344
 
 
FDSWEEP step=2.0e-02 FD idx=6 CD_plus=2.137649793876502e-02 CD_minus=2.120472141306081e-02 fd=4.294413142605195e-03
/home/dafoamuser/dafoam/packages/miniconda3/lib/python3.10/site-packages/openmdao/core/problem.py:1011: DerivativesWarning:Inefficient choice of derivative mode.  You chose 'rev' for a problem with 10 design variables and 25 response variables (objectives and nonlinear constraints).
/home/dafoamuser/dafoam/packages/miniconda3/lib/python3.10/site-packages/openmdao/core/problem.py:1011: DerivativesWarning:Inefficient choice of derivative mode.  You chose 'rev' for a problem with 10 design variables and 25 response variables (objectives and nonlinear constraints).
DAInputVolCoord. 
Setting volume coordinates. 
DAInputPatchVelocity. 
Setting UMag = 10 AoA = 5.13918623195176 degs at 1(inout)
Checking mesh quality for time = 358
    Overall domain bounding box (-17.36886082195381 -18.58006985790221 0) (18.72714199843913 18.58009917887443 0.1)
    Mesh has 3 geometric (non-empty/wedge) directions (1 1 1)
    Mesh has 3 solution (non-empty) directions (1 1 1)
    Boundary openness (-4.181302641315052e-19 6.271953961972578e-19 1.211849969719476e-16) OK.
    Max cell openness = 2.941504440017489e-16 OK.
    Max aspect ratio = 116.5129788280958 OK.
    Minimum face area = 1.804553480066471e-06. Maximum face area = 4.224451138657335.  Face area magnitudes OK.
    Min volume = 1.804553688779899e-07. Max volume = 0.422445113844818.  Total volume = 105.2709429304188.  Cell volumes OK.
    Mesh non-orthogonality Max: 23.33233837051579 average: 2.593582403290854
    Non-orthogonality check OK.
    Face pyramids OK.
    Max skewness = 1.471216970833435 OK.
    Coupled point location match (average 0) OK.

Mesh OK.

Running Primal Solver 016
Previous solution time 358 found and deleted.
No finite volume options present

Starting time loop

Time = 1

U0 initRes: 0.0001915522792598565 finalRes: 1.429752710651536e-05 nIters: 7
U1 initRes: 0.0001652757132478831 finalRes: 1.187060949595746e-05 nIters: 7
U2 initRes: 0.002783424151093176 finalRes: 0.0002016870784778134 nIters: 7
p initRes: 0.01827060074886905 finalRes: 0.001127074987432962 nIters: 5
Time step continuity errors : sum local = 2.993683359562172e-05
                                 global = -6.198409521056636e-06
                             cumulative = -0.0001613797494494166
nuTilda initRes: 4.47044834393592e-05 finalRes: 3.924593583000634e-06 nIters: 4
Bounding nuTilda>1e-16
CD: -0.01687949537848826 final: -0.01687949537848826
CL: 0.4783478957157146 final: 0.4783478957157146
yPlus min: 14.42493546994115 max: 101.7248626978113 mean: 60.1208515192547
ExecutionTime = 39.77 s  ClockTime = 39 s

Time = 100

U0 initRes: 8.966901906152449e-05 finalRes: 8.551107999081207e-06 nIters: 4
U1 initRes: 0.0001181312190903939 finalRes: 1.124324592881676e-05 nIters: 4
U2 initRes: 0.0004355195495138715 finalRes: 3.763445980379591e-05 nIters: 3
p initRes: 0.002041221560134721 finalRes: 0.0001900762703423534 nIters: 2
Time step continuity errors : sum local = 4.821157951571339e-06
                                 global = 1.264695470408341e-08
                             cumulative = -0.0001613671024947125
nuTilda initRes: 3.3353209854515e-07 finalRes: 2.533463327288346e-08 nIters: 4
Bounding nuTilda>1e-16
CD: 0.02107367814519952 final: 0.02107367814519952
CL: 0.5119327483622732 final: 0.5119327483622732
yPlus min: 14.16315308093222 max: 101.3715603796132 mean: 59.77286327814425
ExecutionTime = 40.29 s  ClockTime = 40 s

Time = 200

U0 initRes: 3.242155417076607e-07 finalRes: 2.547907647432868e-08 nIters: 6
U1 initRes: 3.415383664891564e-07 finalRes: 2.604330107978974e-08 nIters: 6
U2 initRes: 2.116067469627996e-07 finalRes: 1.490126275819523e-08 nIters: 4
p initRes: 9.610425465605124e-07 finalRes: 5.602999774947257e-08 nIters: 3
Time step continuity errors : sum local = 1.419173813418484e-09
                                 global = 1.372137295240692e-11
                             cumulative = -0.0001613670887733396
nuTilda initRes: 9.602129730382791e-09 finalRes: 8.632614984564993e-10 nIters: 4
Bounding nuTilda>1e-16
CD: 0.02098243595942592 final: 0.02098243595942592
CL: 0.512008327870518 final: 0.512008327870518
yPlus min: 14.15936668674693 max: 101.3868845602896 mean: 59.76795394801257
ExecutionTime = 40.8 s  ClockTime = 40 s

Time = 300

U0 initRes: 6.863993254959647e-09 finalRes: 4.98599168268146e-10 nIters: 6
U1 initRes: 5.622884939490012e-09 finalRes: 4.13148863811591e-10 nIters: 6
U2 initRes: 4.894356602683276e-09 finalRes: 3.483128480204465e-10 nIters: 4
p initRes: 1.303114050133476e-08 finalRes: 9.525826638034574e-10 nIters: 2
Time step continuity errors : sum local = 2.412813832277661e-11
                                 global = 1.964846738514862e-12
                             cumulative = -0.0001613670868084928
nuTilda initRes: 3.403938563221644e-10 finalRes: 2.324125686795751e-11 nIters: 4
Bounding nuTilda>1e-16
CD: 0.0209818048712809 final: 0.0209818048712809
CL: 0.5120193806368779 final: 0.5120193806368779
yPlus min: 14.15926706037519 max: 101.3874157693785 mean: 59.76786565447062
ExecutionTime = 41.32 s  ClockTime = 41 s

Time = 308
Minimal residual 9.755568957034616e-09 satisfied the prescribed tolerance 1e-08

CD: 0.02098180105126245 final: 0.02098180105126245
CL: 0.5120194308531241 final: 0.5120194308531241
End

Printing Primal Residual Statistics.
U Residual Norm2: (0.0004538798382019609 0.00037941529773572 9.072047059618578e-09)
U Residual Mean: (3.030019872104198e-06 1.134888829456779e-06 5.414158926353961e-11)
U Residual Max: (0.000141963656687949 0.0001586253511050018 1.35658215577269e-09)
p Residual Norm2: 0.0001142909951485389
p Residual Mean: 1.729270156035323e-07
p Residual Max: 5.060288225712904e-05
nuTilda Residual Norm2: 1.328073362680366e-07
nuTilda Residual Mean: 4.685633358840788e-10
nuTilda Residual Max: 2.502135936631077e-08
phi Residual Norm2: 5.302724540279058e-07
phi Residual Mean: 1.392181193702841e-09
phi Residual Max: 1.288823545412316e-07
Total Residual Norm2: 0.000602516062991795
 
 
/home/dafoamuser/dafoam/packages/miniconda3/lib/python3.10/site-packages/openmdao/core/problem.py:1011: DerivativesWarning:Inefficient choice of derivative mode.  You chose 'rev' for a problem with 10 design variables and 25 response variables (objectives and nonlinear constraints).
/home/dafoamuser/dafoam/packages/miniconda3/lib/python3.10/site-packages/openmdao/core/problem.py:1011: DerivativesWarning:Inefficient choice of derivative mode.  You chose 'rev' for a problem with 10 design variables and 25 response variables (objectives and nonlinear constraints).
DAInputVolCoord. 
Setting volume coordinates. 
DAInputPatchVelocity. 
Setting UMag = 10 AoA = 5.13918623195176 degs at 1(inout)
Checking mesh quality for time = 308
    Overall domain bounding box (-17.36871611061454 -18.58010821798943 0) (18.72731386841083 18.58007872781986 0.1)
    Mesh has 3 geometric (non-empty/wedge) directions (1 1 1)
    Mesh has 3 solution (non-empty) directions (1 1 1)
    Boundary openness (-3.201313949434587e-19 8.623947782150317e-19 -4.000796352094665e-16) OK.
    Max cell openness = 2.613941305381738e-16 OK.
    Max aspect ratio = 92.37415473221908 OK.
    Minimum face area = 2.571860445208907e-06. Maximum face area = 4.224453463870645.  Face area magnitudes OK.
    Min volume = 2.571861695209085e-07. Max volume = 0.4224453463293208.  Total volume = 105.2708034756253.  Cell volumes OK.
    Mesh non-orthogonality Max: 23.15844913821851 average: 2.512114803023392
    Non-orthogonality check OK.
    Face pyramids OK.
    Max skewness = 1.351277411083041 OK.
    Coupled point location match (average 0) OK.

Mesh OK.

Running Primal Solver 017
Previous solution time 308 found and deleted.
No finite volume options present

Starting time loop

Time = 1

U0 initRes: 3.181138104735165e-05 finalRes: 2.614865106807121e-06 nIters: 6
U1 initRes: 1.78660910269792e-05 finalRes: 1.202116687708697e-06 nIters: 6
U2 initRes: 0.03697289715854021 finalRes: 0.002477201580017711 nIters: 6
p initRes: 0.007849146948380221 finalRes: 0.0007842167216869706 nIters: 4
Time step continuity errors : sum local = 1.997159096661125e-05
                                 global = 1.577311310826361e-06
                             cumulative = -0.0001597897754976665
nuTilda initRes: 5.070447285443354e-05 finalRes: 3.812676037298159e-06 nIters: 4
Bounding nuTilda>1e-16
CD: 0.02179385099228517 final: 0.02179385099228517
CL: 0.509255873810035 final: 0.509255873810035
yPlus min: 14.1570678641629 max: 101.3825297327766 mean: 59.94217198347389
ExecutionTime = 41.58 s  ClockTime = 41 s

Time = 100

U0 initRes: 1.31143522765706e-05 finalRes: 1.078000322928455e-06 nIters: 6
U1 initRes: 1.353100454993021e-05 finalRes: 1.046969367464011e-06 nIters: 6
U2 initRes: 6.25363250309242e-05 finalRes: 2.827617748739826e-06 nIters: 2
p initRes: 3.537169687853446e-05 finalRes: 2.556566319507212e-06 nIters: 3
Time step continuity errors : sum local = 6.540847633718986e-08
                                 global = -4.162565433824275e-08
                             cumulative = -0.0001598314011520047
nuTilda initRes: 7.973817063410749e-07 finalRes: 6.728008422510745e-08 nIters: 3
Bounding nuTilda>1e-16
CD: 0.02081189277617139 final: 0.02081189277617139
CL: 0.4856009758318241 final: 0.4856009758318241
yPlus min: 12.95490752676436 max: 100.7982850479558 mean: 60.11953394755506
ExecutionTime = 42.09 s  ClockTime = 42 s

Time = 200

U0 initRes: 6.47634129678653e-07 finalRes: 5.214818181670266e-08 nIters: 6
U1 initRes: 6.182557824446856e-07 finalRes: 4.715891798191502e-08 nIters: 6
U2 initRes: 1.784831238243672e-07 finalRes: 1.386942516722963e-08 nIters: 4
p initRes: 1.281127307237863e-06 finalRes: 1.126045755110453e-07 nIters: 2
Time step continuity errors : sum local = 2.878934192972777e-09
                                 global = -1.450044160190379e-10
                             cumulative = -0.0001598315461564208
nuTilda initRes: 2.096721757283877e-08 finalRes: 1.633611638454751e-09 nIters: 4
Bounding nuTilda>1e-16
CD: 0.02083952906595282 final: 0.02083952906595282
CL: 0.4848857565540479 final: 0.4848857565540479
yPlus min: 12.95557734602247 max: 100.7674615084843 mean: 60.12363405835279
ExecutionTime = 42.61 s  ClockTime = 42 s

Time = 300

U0 initRes: 1.316685291179535e-08 finalRes: 1.061766722574753e-09 nIters: 6
U1 initRes: 1.51732018147054e-08 finalRes: 1.060136324456113e-09 nIters: 6
U2 initRes: 2.495315022701838e-08 finalRes: 1.48466293024535e-09 nIters: 2
p initRes: 3.563391976490797e-08 finalRes: 2.467492765805711e-09 nIters: 2
Time step continuity errors : sum local = 6.308429621597973e-11
                                 global = -4.383883173958739e-12
                             cumulative = -0.0001598315505403039
nuTilda initRes: 5.367431883171344e-10 finalRes: 3.546992794075525e-11 nIters: 4
Bounding nuTilda>1e-16
CD: 0.02084082779231157 final: 0.02084082779231157
CL: 0.4848616706306594 final: 0.4848616706306594
yPlus min: 12.95576210159724 max: 100.7663551799614 mean: 60.12383641034521
ExecutionTime = 43.12 s  ClockTime = 43 s

Time = 338
Minimal residual 9.8701756939149e-09 satisfied the prescribed tolerance 1e-08

CD: 0.02084084792568062 final: 0.02084084792568062
CL: 0.4848613077195794 final: 0.4848613077195794
End

Printing Primal Residual Statistics.
U Residual Norm2: (0.0003421118171043329 0.0002733806864177508 1.287833864133323e-08)
U Residual Mean: (2.23568010014797e-06 9.183322258051485e-07 6.823871483851938e-11)
U Residual Max: (8.28048141556792e-05 0.000114997897981084 2.68566110567897e-09)
p Residual Norm2: 9.335741438740519e-05
p Residual Mean: 1.407734002047126e-07
p Residual Max: 3.76139109669787e-05
nuTilda Residual Norm2: 9.960474540556145e-08
nuTilda Residual Mean: 3.505878414771474e-10
nuTilda Residual Max: 1.911658652516876e-08
phi Residual Norm2: 4.071584480443201e-07
phi Residual Mean: 1.043915000353792e-09
phi Residual Max: 9.33268907954169e-08
Total Residual Norm2: 0.0004477647572048625
 
 
FDSWEEP step=2.0e-02 FD idx=7 CD_plus=2.098180105126245e-02 CD_minus=2.084084792568062e-02 fd=3.523828139545722e-03
FDSWEEP step=2.0e-02 SUMMARY an_mag=6.460294387919781e-02 fd_mag=6.521022486827142e-02 abs_err=2.792550032700432e-03 rel_err=4.282380621047620e-02 rel_err_pct=4.282381
FDSWEEP step=2.0e-02 DONE
Finalising parallel run
Finalising parallel run
