/*--------------------------------*- C++ -*----------------------------------*\
| =========                 |                                                 |
| \\      /  F ield         | OpenFOAM: The Open Source CFD Toolbox           |
|  \\    /   O peration     | Version:  2606                                  |
|   \\  /    A nd           | Website:  www.openfoam.com                      |
|    \\/     M anipulation  |                                                 |
\*---------------------------------------------------------------------------*/
FoamFile
{
    version     2.0;
    format      ascii;
    arch        "LSB;label=32;scalar=64";
    class       volScalarField;
    location    "3600";
    object      omega;
}
// * * * * * * * * * * * * * * * * * * * * * * * * * * * * * * * * * * * * * //

dimensions      [0 0 -1 0 0 0 0];

internalField   nonuniform List<scalar> 
51626
(
2.63002e+06
2.62929e+06
2.62909e+06
2.62897e+06
2.6289e+06
2.62885e+06
2.62882e+06
2.6288e+06
2.62879e+06
2.62877e+06
2.62877e+06
2.62876e+06
2.62876e+06
2.62875e+06
2.62875e+06
2.62875e+06
2.62874e+06
2.62874e+06
2.62874e+06
2.62874e+06
2.62873e+06
2.62873e+06
2.62873e+06
2.62873e+06
2.62873e+06
2.62873e+06
2.62872e+06
2.62872e+06
2.62872e+06
2.62872e+06
2.62872e+06
2.62872e+06
2.62871e+06
2.62871e+06
2.62871e+06
2.62871e+06
2.62871e+06
2.62871e+06
2.62871e+06
2.62871e+06
2.6287e+06
2.6287e+06
2.6287e+06
2.6287e+06
2.6287e+06
2.6287e+06
2.6287e+06
2.6287e+06
2.6287e+06
2.62869e+06
2.62869e+06
2.62869e+06
2.62869e+06
2.62869e+06
2.62869e+06
2.62869e+06
2.62869e+06
2.62869e+06
2.62869e+06
2.62869e+06
2.62869e+06
2.62869e+06
2.62869e+06
2.62868e+06
2.62868e+06
2.62868e+06
2.62868e+06
2.62868e+06
2.62868e+06
2.62868e+06
2.62868e+06
2.62868e+06
2.62868e+06
2.62868e+06
2.62868e+06
2.62868e+06
2.62868e+06
2.62868e+06
2.62868e+06
2.62868e+06
2.62868e+06
2.62868e+06
2.62868e+06
2.62868e+06
2.62868e+06
2.62868e+06
2.62867e+06
2.62867e+06
2.62867e+06
2.62867e+06
2.62867e+06
2.62867e+06
2.62867e+06
2.62867e+06
2.62867e+06
2.62867e+06
2.62867e+06
2.62867e+06
2.62867e+06
2.62867e+06
2.62867e+06
2.62867e+06
2.62867e+06
2.62867e+06
2.62867e+06
2.62867e+06
2.62867e+06
2.62867e+06
2.62867e+06
2.62867e+06
2.62867e+06
2.62867e+06
2.62867e+06
2.62867e+06
2.62866e+06
2.62866e+06
2.62866e+06
2.62866e+06
2.62866e+06
2.62866e+06
2.62866e+06
2.62866e+06
2.62866e+06
2.62866e+06
2.62866e+06
2.62866e+06
2.62866e+06
2.62866e+06
2.62866e+06
2.62866e+06
2.62866e+06
2.62866e+06
2.62866e+06
2.62866e+06
2.62866e+06
2.62866e+06
2.62866e+06
2.62866e+06
2.62866e+06
2.62866e+06
2.62866e+06
2.62865e+06
2.62865e+06
2.62865e+06
2.62865e+06
2.62865e+06
2.62865e+06
2.62865e+06
2.62865e+06
2.62865e+06
2.62865e+06
2.62865e+06
2.62865e+06
2.62865e+06
2.62865e+06
2.62865e+06
2.62865e+06
2.62865e+06
2.62865e+06
2.62865e+06
2.62865e+06
2.62865e+06
2.62865e+06
2.62865e+06
2.62864e+06
2.62864e+06
2.62864e+06
2.62864e+06
2.62864e+06
2.62864e+06
2.62864e+06
2.62864e+06
2.62864e+06
2.62864e+06
2.62864e+06
2.62864e+06
2.62864e+06
2.62864e+06
2.62864e+06
2.62864e+06
2.62864e+06
2.62863e+06
2.62863e+06
2.62863e+06
2.62863e+06
2.62863e+06
2.62863e+06
2.62863e+06
2.62863e+06
2.62863e+06
2.62863e+06
2.62863e+06
2.62863e+06
2.62863e+06
2.62862e+06
2.62862e+06
2.62862e+06
2.62862e+06
2.62862e+06
2.62862e+06
2.62862e+06
2.62862e+06
2.62862e+06
2.62862e+06
2.62862e+06
2.62861e+06
2.62861e+06
2.62861e+06
2.62861e+06
2.62861e+06
2.62861e+06
2.62861e+06
2.62861e+06
2.6286e+06
2.6286e+06
2.6286e+06
2.6286e+06
2.6286e+06
2.6286e+06
2.6286e+06
2.62859e+06
2.62859e+06
2.62859e+06
2.62859e+06
2.62859e+06
2.62859e+06
2.62858e+06
2.62858e+06
2.62858e+06
2.62858e+06
2.62858e+06
2.62857e+06
2.62857e+06
2.62857e+06
2.62857e+06
2.62856e+06
2.62856e+06
2.62856e+06
2.62924e+06
2.63129e+06
2.63403e+06
2.63678e+06
2.63953e+06
2.64228e+06
2.64504e+06
2.64781e+06
2.65058e+06
2.65335e+06
2.65613e+06
2.65892e+06
2.66171e+06
2.6645e+06
2.6673e+06
2.67022e+06
2.67345e+06
2.67708e+06
2.68111e+06
2.68553e+06
2.69034e+06
2.69554e+06
2.7011e+06
2.70701e+06
2.71324e+06
2.71978e+06
2.72659e+06
2.73365e+06
2.74093e+06
2.74842e+06
2.75607e+06
2.76386e+06
2.77175e+06
2.77969e+06
2.78766e+06
2.79563e+06
2.80355e+06
2.81138e+06
2.81909e+06
2.82666e+06
2.83403e+06
2.84117e+06
2.84807e+06
2.85468e+06
2.86097e+06
2.86694e+06
2.87254e+06
2.87775e+06
2.88257e+06
2.88697e+06
2.89094e+06
2.89451e+06
2.89774e+06
2.90089e+06
2.90402e+06
2.90716e+06
2.9103e+06
2.91345e+06
2.91661e+06
2.91977e+06
2.92294e+06
2.92611e+06
2.92929e+06
2.93247e+06
2.93566e+06
2.93885e+06
2.94205e+06
2.94526e+06
2.94847e+06
2.95169e+06
2.95491e+06
2.95814e+06
2.96137e+06
2.96461e+06
2.96786e+06
2.97111e+06
2.97437e+06
2.97763e+06
2.9809e+06
2.98417e+06
2.98746e+06
2.99074e+06
2.99404e+06
2.99734e+06
3.00064e+06
3.00395e+06
3.00727e+06
3.0106e+06
3.01393e+06
3.01727e+06
3.02061e+06
3.02397e+06
3.02733e+06
3.0307e+06
3.03407e+06
3.03745e+06
3.04085e+06
3.04425e+06
3.04765e+06
3.05106e+06
3.05448e+06
3.0613e+06
3.11385e+06
3.17883e+06
3.27151e+06
3.39286e+06
3.53368e+06
3.6876e+06
3.8495e+06
4.01036e+06
4.16057e+06
4.29944e+06
4.42405e+06
4.52248e+06
4.59006e+06
4.63713e+06
4.66383e+06
4.66039e+06
4.63297e+06
4.60449e+06
4.55672e+06
4.44537e+06
4.33613e+06
4.29842e+06
4.26596e+06
4.23157e+06
4.20349e+06
4.18343e+06
4.15768e+06
4.1443e+06
4.15751e+06
4.164e+06
4.15433e+06
4.13055e+06
4.10721e+06
4.09322e+06
4.08529e+06
4.07689e+06
4.06743e+06
4.05939e+06
4.05378e+06
4.04968e+06
4.04622e+06
4.04345e+06
4.04202e+06
4.04201e+06
4.04289e+06
4.04426e+06
4.04607e+06
4.0482e+06
4.05064e+06
4.0534e+06
4.05646e+06
4.05971e+06
4.06306e+06
4.06656e+06
4.07029e+06
4.07428e+06
4.07846e+06
4.0828e+06
4.08698e+06
4.09067e+06
4.09404e+06
4.09761e+06
4.10139e+06
4.10493e+06
4.10803e+06
4.11101e+06
4.11421e+06
4.11746e+06
4.12033e+06
4.12279e+06
4.1253e+06
4.128e+06
4.1306e+06
4.13279e+06
4.13472e+06
4.13679e+06
4.13899e+06
4.14084e+06
4.14219e+06
4.14344e+06
4.14497e+06
4.14654e+06
4.14767e+06
4.14838e+06
4.14902e+06
4.14968e+06
4.15029e+06
4.15077e+06
4.15111e+06
4.15132e+06
4.15141e+06
4.15139e+06
4.15126e+06
4.15101e+06
4.15065e+06
4.15023e+06
4.14985e+06
4.14949e+06
4.14897e+06
4.14827e+06
4.14774e+06
4.14766e+06
4.14788e+06
4.14815e+06
4.14853e+06
4.14924e+06
4.15039e+06
4.15212e+06
4.15462e+06
4.159e+06
4.16686e+06
4.17801e+06
4.18984e+06
4.20495e+06
4.25446e+06
4.38805e+06
4.58152e+06
4.9886e+06
5.49092e+06
5.90478e+06
6.22827e+06
6.43586e+06
6.51376e+06
6.51709e+06
6.41718e+06
6.25344e+06
6.15122e+06
6.05364e+06
5.89723e+06
5.69262e+06
5.49134e+06
5.31483e+06
5.14514e+06
4.969e+06
4.79348e+06
4.62644e+06
4.46896e+06
4.32179e+06
4.18488e+06
4.05831e+06
3.9426e+06
3.83882e+06
3.74724e+06
3.66829e+06
3.59888e+06
3.53619e+06
3.48152e+06
3.43539e+06
3.39493e+06
3.35865e+06
3.32685e+06
3.29934e+06
3.27588e+06
3.25556e+06
3.23714e+06
3.22035e+06
3.20511e+06
3.19146e+06
3.17933e+06
3.16822e+06
3.15778e+06
3.14746e+06
3.1373e+06
3.1276e+06
3.11799e+06
3.10813e+06
3.09846e+06
3.08933e+06
3.08103e+06
3.07394e+06
3.06847e+06
3.06464e+06
3.06232e+06
3.06128e+06
3.06089e+06
3.06056e+06
3.06021e+06
3.05998e+06
3.05954e+06
3.05878e+06
3.05874e+06
3.05875e+06
3.05877e+06
3.05879e+06
3.05881e+06
3.05882e+06
3.05883e+06
3.05884e+06
3.05886e+06
3.05887e+06
3.05887e+06
3.05889e+06
3.05889e+06
3.05889e+06
3.05889e+06
3.05889e+06
3.05889e+06
3.05889e+06
3.05889e+06
3.05888e+06
3.05888e+06
3.05888e+06
3.05889e+06
3.05889e+06
3.05887e+06
3.05887e+06
3.05886e+06
3.05886e+06
3.05886e+06
3.05886e+06
3.05886e+06
3.05886e+06
3.05884e+06
3.05883e+06
3.05881e+06
3.05879e+06
3.05878e+06
3.05876e+06
3.05874e+06
3.05873e+06
3.05871e+06
3.05869e+06
3.05867e+06
3.05866e+06
3.05864e+06
3.05862e+06
3.05861e+06
3.05859e+06
3.05858e+06
3.05856e+06
3.05855e+06
3.05853e+06
3.05852e+06
3.05851e+06
3.05849e+06
3.05848e+06
3.05847e+06
3.05846e+06
3.05845e+06
3.05847e+06
3.05847e+06
3.05844e+06
3.05844e+06
3.05843e+06
3.05842e+06
3.05842e+06
3.05842e+06
3.05844e+06
3.05843e+06
3.05844e+06
3.05842e+06
3.05843e+06
3.05845e+06
3.05843e+06
3.05843e+06
3.05845e+06
3.05845e+06
3.05843e+06
3.05844e+06
3.05845e+06
3.05846e+06
3.05844e+06
3.05843e+06
3.05847e+06
3.05845e+06
3.05846e+06
3.05845e+06
3.05849e+06
3.05845e+06
3.05843e+06
3.05844e+06
3.05845e+06
3.05821e+06
3.0569e+06
3.05371e+06
3.04849e+06
3.04137e+06
3.03258e+06
3.02258e+06
3.01165e+06
3.00025e+06
2.98854e+06
672913
488848
484063
481932
479324
477371
475970
474940
474163
473567
473105
472741
472450
472211
472012
471842
471695
471564
471446
471339
471240
471148
471062
470980
470903
470830
470761
470694
470631
470570
470512
470455
470400
470346
470294
470243
470194
470145
470098
470052
470008
469965
469924
469884
469846
469808
469771
469736
469701
469668
469635
469604
469574
469545
469517
469489
469463
469437
469412
469388
469365
469342
469320
469298
469278
469257
469238
469219
469201
469183
469165
469148
469132
469116
469100
469084
469069
469055
469041
469027
469013
469000
468986
468973
468961
468948
468936
468924
468912
468900
468888
468876
468864
468852
468840
468828
468816
468804
468792
468780
468769
468757
468745
468734
468722
468710
468699
468687
468676
468664
468653
468641
468630
468618
468607
468595
468584
468572
468560
468549
468537
468526
468514
468502
468491
468479
468467
468456
468444
468432
468420
468408
468397
468385
468373
468361
468348
468336
468324
468312
468299
468287
468274
468262
468249
468236
468223
468210
468197
468184
468171
468157
468144
468130
468116
468102
468088
468074
468060
468045
468030
468015
468000
467985
467969
467954
467938
467922
467905
467889
467872
467855
467837
467820
467802
467783
467765
467746
467727
467707
467688
467667
467647
467626
467604
467583
467560
467538
467515
467491
467467
467443
467417
467392
467366
467339
467311
467283
467255
467225
467196
467165
467134
467101
467069
467035
467000
466965
466929
466892
466854
466815
466775
466734
466692
466649
466605
466559
466513
466465
466416
466366
466314
466261
466207
466151
466093
466034
465974
465912
465848
465782
465715
465646
465574
465502
465426
465342
465463
465871
466386
466942
467506
468065
468622
469178
469733
470286
470835
471384
471930
472476
473020
473583
474193
474862
475592
476381
477229
478135
479097
480111
481173
482281
483429
484615
485833
487080
488351
489641
490942
492251
493559
494863
496154
497427
498677
499901
501088
502233
503333
504380
505371
506302
507169
507966
508695
509348
509926
510428
510873
511293
511703
512105
512498
512883
513259
513626
513983
514331
514669
514997
515314
515621
515917
516202
516476
516739
516990
517230
517459
517676
517882
518077
518262
518438
518604
518762
518914
519060
519204
519346
519491
519642
519803
519979
520177
520403
520666
520973
521333
521756
522248
522816
523458
524174
524951
525746
526523
528459
536799
547961
563667
584376
608593
635353
663900
692883
720809
747625
772960
794961
812727
827803
840410
848916
853592
858020
860836
852728
838479
831057
828864
826849
824504
823482
821553
818353
821408
828413
834295
835639
832935
829026
827437
826992
826276
824886
823388
822256
821356
820340
819208
818315
817854
817683
817639
817677
817763
817891
818090
818388
818741
819078
819415
819854
820466
821302
822334
823347
824082
824489
825071
825878
826643
827040
827255
827778
828476
828962
828979
828990
829382
829893
830006
829717
829748
830192
830493
829966
829138
829111
829559
829612
828732
827625
826793
826143
825492
824795
824022
823154
822071
820660
819180
818046
817098
815568
813227
810942
809312
807630
805025
801567
797852
793971
789739
785090
779985
774717
768918
761441
752324
744391
745099
762419
790570
860074
946976
1.0183e+06
1.07408e+06
1.10979e+06
1.12321e+06
1.12384e+06
1.10667e+06
1.07847e+06
1.06081e+06
1.04398e+06
1.01706e+06
981815
947119
916709
887490
857162
826950
798198
771104
745792
722258
700514
680665
662901
647280
633846
622049
611464
602332
594651
587958
582007
576886
572543
568930
565882
563053
560463
558306
556483
554819
553331
551902
550489
549153
547851
546472
545055
543659
542266
540870
539994
539504
539014
539343
540443
541103
541428
542193
542441
541397
541908
542585
542967
543387
543746
544140
544028
544276
544867
544899
544637
544770
544719
544488
544282
544064
543800
543511
543209
542911
542654
542488
542435
542155
541765
541211
540824
540496
540377
540257
540154
539736
539347
538375
537744
537008
536292
535568
534849
534132
533422
532721
532031
531354
530694
530052
529431
528832
528257
527708
527188
526695
526235
525805
525413
525049
524729
524470
524519
525331
525105
523729
523507
523734
523300
523345
523914
523471
523402
524020
524224
524735
524091
524707
525924
524464
524819
526009
526251
525130
525144
526388
527349
524887
526890
526453
527495
525965
528168
528582
526941
526014
526182
526472
526607
526424
525901
525056
523920
522584
521406
519909
523108
414560
223186
205518
208407
207462
205723
204212
202992
202002
201190
200519
199961
199492
199095
198755
198462
198205
197979
197777
197595
197430
197280
197141
197013
196894
196783
196679
196580
196488
196400
196317
196237
196160
196087
196015
195946
195879
195814
195752
195691
195632
195575
195521
195468
195417
195367
195318
195271
195225
195181
195138
195096
195056
195018
194980
194944
194909
194874
194841
194809
194778
194748
194718
194690
194662
194635
194609
194584
194559
194535
194512
194489
194467
194446
194425
194405
194385
194365
194346
194328
194310
194292
194275
194258
194241
194225
194209
194193
194178
194163
194148
194132
194117
194102
194087
194073
194058
194044
194029
194015
194001
193987
193973
193959
193945
193932
193918
193905
193891
193878
193864
193851
193838
193825
193811
193798
193785
193772
193759
193746
193733
193720
193706
193693
193680
193667
193654
193641
193628
193615
193602
193589
193576
193563
193549
193536
193523
193509
193496
193483
193469
193456
193442
193428
193414
193401
193387
193372
193358
193344
193330
193315
193300
193286
193271
193256
193241
193225
193210
193194
193178
193162
193146
193129
193113
193096
193079
193062
193044
193026
193008
192990
192972
192953
192934
192914
192894
192874
192854
192833
192812
192791
192769
192746
192724
192700
192677
192653
192628
192603
192577
192551
192525
192497
192469
192441
192412
192382
192352
192320
192289
192256
192223
192188
192153
192118
192081
192043
192005
191965
191924
191883
191840
191796
191752
191706
191658
191610
191560
191509
191456
191402
191347
191290
191232
191172
191110
191046
190981
190914
190845
190774
190702
190627
190550
190471
190390
190300
190307
190469
190672
190876
191090
191304
191516
191726
191934
192144
192354
192562
192767
192969
193168
193372
193588
193821
194070
194336
194618
194916
195229
195555
195894
196243
196602
196969
197343
197721
198103
198486
198867
199246
199620
199985
200341
200685
201015
201330
201625
201901
202154
202383
202586
202762
202908
203022
203106
203155
203170
203150
203100
203032
202947
202846
202730
202597
202446
202277
202089
201882
201653
201403
201131
200835
200514
200168
199795
199395
198965
198506
198015
197492
196934
196342
195714
195049
194346
193604
192823
192002
191142
190244
189309
188340
187341
186317
185278
184233
183199
182192
181238
180364
179605
178993
178570
178352
178371
178537
178952
179850
182040
185676
190687
197557
205906
215545
226360
238080
250352
263167
276435
289655
302443
314953
327156
338620
349034
358601
367846
375649
379654
380090
380947
383164
384977
386327
387748
387846
387454
389939
395103
400119
402372
401717
400311
399734
399682
399281
398386
397368
396475
395591
394540
393411
392442
391712
391145
390677
390271
389901
389571
389307
389115
388950
388775
388625
388558
388616
388875
389330
389751
389908
389944
390144
390495
390709
390670
390627
390818
391082
391065
390808
390672
390796
390866
390581
390187
390137
390323
390123
389375
388726
388687
388835
388440
387543
386601
385809
385097
384396
383668
382899
382024
380896
379554
378325
377377
376289
374547
372426
370617
369072
367068
364212
360764
357112
353105
348573
343377
337586
330736
321313
308333
293183
278729
266427
268107
292971
323383
347404
366292
378191
382658
382903
377100
367515
361466
355713
346588
334610
322815
312468
302534
292233
281988
272263
263133
254645
246800
239604
233101
227364
222417
218257
214682
211579
209034
207003
205321
203919
202838
202055
201542
201208
200874
200588
200507
200547
200580
200619
200628
200616
200611
200553
200410
200238
200049
199802
199577
199675
199935
200258
201134
202301
203037
203576
204202
204123
203576
204472
205037
205400
205742
206090
206380
206524
206838
207086
206949
206837
206798
206616
206310
205938
205542
205105
204652
204192
203741
203338
203024
202804
202561
202171
201300
200766
200282
200003
199920
199871
199288
199032
197676
196899
196006
195122
194241
193361
192487
191619
190759
189911
189075
188254
187450
186665
185900
185157
184437
183742
183072
182431
181817
181234
180676
180148
179651
179330
179559
180475
178969
178171
178325
177128
176703
177384
177261
176729
176802
177103
177414
177009
176807
177913
178981
178223
177361
180106
180304
180496
181728
181932
179865
182546
181717
182735
181209
184212
183238
181617
181376
181762
182263
182737
183092
183367
183491
183582
183500
183390
183668
184268
233201
142252
120635
122784
123844
123364
122523
121692
120931
120251
119647
119113
118643
118230
117867
117547
117263
117010
116784
116580
116396
116229
116076
115936
115806
115686
115575
115470
115372
115280
115193
115110
115031
114956
114883
114813
114745
114681
114619
114559
114501
114445
114392
114339
114289
114239
114192
114146
114101
114058
114017
113976
113937
113899
113863
113827
113793
113760
113727
113696
113666
113636
113607
113579
113552
113526
113500
113475
113451
113428
113405
113383
113361
113340
113320
113300
113281
113262
113243
113225
113208
113191
113174
113158
113142
113126
113110
113095
113081
113066
113052
113038
113024
113010
112997
112984
112971
112958
112945
112932
112920
112908
112896
112884
112872
112860
112848
112837
112825
112814
112803
112792
112781
112770
112759
112748
112737
112726
112716
112705
112694
112684
112673
112663
112652
112642
112631
112621
112611
112600
112590
112579
112569
112559
112548
112538
112528
112517
112507
112496
112486
112476
112465
112454
112444
112433
112422
112412
112401
112390
112379
112368
112357
112346
112335
112323
112312
112300
112289
112277
112265
112253
112241
112229
112216
112204
112191
112178
112165
112152
112139
112125
112111
112097
112083
112069
112055
112040
112025
112010
111994
111978
111962
111946
111929
111912
111895
111877
111859
111841
111822
111803
111784
111764
111744
111723
111702
111680
111658
111636
111613
111589
111565
111540
111515
111489
111462
111435
111407
111378
111349
111319
111288
111257
111224
111191
111157
111122
111086
111049
111011
110972
110932
110891
110849
110805
110761
110715
110668
110619
110570
110518
110466
110411
110356
110298
110241
110173
110169
110289
110445
110592
110739
110888
111037
111184
111331
111480
111630
111779
111927
112072
112216
112360
112511
112671
112838
113014
113197
113388
113586
113790
114000
114214
114433
114654
114877
115102
115326
115550
115772
115990
116203
116412
116614
116807
116991
117165
117325
117475
117615
117741
117851
117943
118018
118072
118107
118120
118111
118080
118030
117965
117887
117796
117690
117571
117436
117285
117118
116933
116729
116505
116261
115995
115706
115392
115053
114687
114292
113866
113408
112916
112387
111821
111213
110563
109866
109122
108325
107475
106566
105598
104566
103467
102301
101064
99756.8
98381.3
96942
95447.6
93913.2
92361.7
90827.6
89355.8
88010
86851.7
85981
85338.4
85127.3
85238.8
85620.2
87412.2
89731.8
93059.9
97358.4
102536
108606
115495
123107
131408
140305
149609
159168
168821
178367
187754
196894
205298
212964
222107
231807
236463
238641
241462
244307
246301
248679
250470
249599
249225
251596
256007
259852
261248
260692
260058
260006
259973
259520
258753
257977
257255
256420
255412
254389
253504
252765
252134
251578
251068
250587
250151
249785
249470
249158
248840
248549
248305
248196
248319
248564
248675
248592
248550
248690
248851
248815
248640
248607
248757
248808
248595
248326
248272
248340
248191
247784
247527
247615
247649
247194
246483
246167
246278
246225
245715
244983
244287
243665
243083
242508
241936
241345
240598
239606
238567
237781
237128
236086
234544
233045
231904
230728
228998
226692
224147
221361
218213
214681
210841
206546
200644
191554
179298
164925
144527
128204
139394
155142
166198
174987
180292
182256
182364
179626
175078
172159
169384
165074
159402
153817
148918
144228
139390
134618
130142
126004
122230
118818
115766
113100
110856
109036
107606
106464
105581
104982
104600
104365
104260
104306
104476
104743
105030
105242
105480
105835
106183
106457
106695
106884
107054
107197
107260
107263
107265
107253
107216
107271
107566
107911
108371
109187
109918
110234
110502
110731
110438
110303
111208
111428
111595
111711
111889
112046
112256
112529
112530
112313
112325
112241
112053
111827
111501
111159
110797
110428
110056
109688
109343
109056
108878
108814
108623
107857
107444
107029
106770
106778
106841
106404
106425
105329
104795
104167
103541
102923
102305
101692
101082
100479
99882.2
99293.4
98713.5
98143.6
97584.4
97036.9
96501.6
95979
95470
94974.8
94494.3
94027.9
93577
93137.4
92705.2
92265.7
91838.9
91713.1
92835.1
91892.1
91134.5
91143.9
89727.5
89646.4
90105.1
90223.4
89539.4
89338.1
89655.4
89442.5
89091.3
88919.3
89467.4
89967.2
88885.3
88863.3
89696.5
91928.7
92086.5
91866.4
92721.3
91919.6
92173.5
92831.5
92225.7
92578.4
93197
93589.9
93004.4
93133.8
93469.8
93851.4
94237.9
94547.3
94861.9
95045.9
95331.7
95361.9
95661.2
95834.3
97397.4
129869
96172
81134.7
80952.6
82365.5
82871.6
82813.5
82540.5
82183.4
81801.9
81418.6
81046.4
80695.6
80371.9
80075.1
79803.7
79556.1
79331
79126.5
78940.6
78770.7
78614.9
78471.8
78339.9
78217.8
78104.3
77998.4
77899.4
77806.5
77718.6
77635.3
77556.1
77481.3
77409.5
77340.3
77274
77210.9
77150.7
77093
77037.7
76984.6
76933.4
76884.3
76836.3
76789.7
76744.8
76701.8
76660.3
76620.4
76581.8
76544.5
76508.2
76473.2
76439.2
76406.3
76374.4
76343.6
76313.7
76284.7
76256.5
76229.1
76202.5
76176.6
76151.5
76127
76103.2
76080.1
76057.6
76035.7
76014.4
75993.7
75973.7
75954.1
75935.1
75916.6
75898.6
75881
75863.9
75847.2
75830.9
75815
75799.4
75784.2
75769.4
75755
75740.8
75727
75713.4
75700.1
75687.1
75674.4
75662.1
75650.1
75638.5
75627.1
75615.9
75604.9
75594
75583.3
75572.8
75562.4
75552.2
75542.1
75532.2
75522.3
75512.6
75503.1
75493.6
75484.2
75475
75465.8
75456.7
75447.8
75438.9
75430.1
75421.3
75412.7
75404
75395.5
75387
75378.6
75370.2
75361.8
75353.5
75345.3
75337
75328.8
75320.7
75312.5
75304.4
75296.3
75288.3
75280.2
75272.2
75264.2
75256.2
75248.2
75240.2
75232.3
75224.3
75216.3
75208.3
75200.3
75192.3
75184.2
75176.2
75168.1
75160
75151.9
75143.7
75135.5
75127.3
75119
75110.7
75102.3
75093.9
75085.4
75076.8
75068.2
75059.5
75050.8
75042
75033.1
75024.1
75015.1
75005.9
74996.7
74987.4
74977.9
74968.4
74958.7
74948.9
74939
74929
74918.9
74908.6
74898.2
74887.6
74876.8
74865.9
74854.8
74843.6
74832.1
74820.5
74808.7
74796.7
74784.4
74772
74759.3
74746.4
74733.2
74719.8
74706.1
74692.2
74678
74663.5
74648.6
74633.5
74618.1
74602.3
74586.1
74569.7
74552.8
74535.6
74517.9
74499.9
74481.4
74462.5
74443.2
74423.3
74403
74382.2
74360.9
74339.1
74316.7
74293.7
74270.1
74246
74221.2
74195.8
74169.6
74142.9
74115.3
74087.1
74058.1
74028.3
73997.7
73966.2
73933.9
73900.7
73866.6
73831.4
73795.4
73758.1
73720.3
73680.2
73641.5
73593.2
73595.7
73699.2
73837.6
73970.2
74098.9
74228
74357.4
74486.6
74615.3
74743.6
74872
75000.1
75127.2
75253.2
75377.8
75503.2
75633.1
75768.4
75909
76054.8
76205.4
76360.9
76520.9
76684.8
76852.2
77022.6
77195.3
77369.7
77545.4
77721.6
77897.9
78073.2
78246.8
78417.8
78587.2
78754.3
78917.4
79074.9
79226.1
79370.4
79506.2
79633.9
79755.5
79868.3
79970.6
80061.3
80139.7
80204.5
80256.4
80293.2
80315.8
80322.8
80316.3
80299.6
80273.6
80237.8
80191.8
80135.2
80067.3
79987.4
79895
79789.3
79669.6
79534.9
79384.5
79217.4
79032.5
78828.8
78605.2
78360.2
78092.6
77800.9
77483.5
77138.6
76764.4
76358.9
75919.7
75444.6
74930.8
74375.5
73775.5
73127.5
72427.8
71672.2
70856.5
69976
69025.8
68001
66896.4
65707.3
64430.2
63062.8
61606.3
60067.2
58459.7
56810.3
55160.9
53574.2
52145.4
50885.4
50012
49344.2
49262.9
50445
51901.6
53962
56720.7
60045.6
63966.3
68441.8
73450.5
78962.7
84894
91164.4
97754.5
104509
111213
117922
124745
131051
136387
143572
153502
160127
163780
167136
170532
173151
176151
179019
179018
178038
178735
181863
185834
188407
189011
188932
189125
189448
189484
189172
188738
188315
187800
187095
186279
185498
184807
184202
183662
183166
182692
182246
181853
181514
181186
180845
180502
180163
179899
179830
179934
180008
179915
179796
179821
179929
179918
179749
179636
179704
179776
179642
179388
179265
179304
179238
178920
178623
178627
178729
178489
177909
177510
177529
177592
177347
176848
176301
175790
175315
174861
174429
174018
173524
172820
172003
171360
170929
170312
169258
168107
167252
166547
165554
164118
162398
160484
158325
155944
153454
150900
147528
141784
133070
121943
103334
78501.4
80064.6
90117.4
96137.7
100927
103601
104552
104585
103026
100425
98708.1
97074.5
94634.1
91417.8
88260.9
85507.9
82902.8
80258.9
77713.5
75401.8
73345.8
71550
69996.8
68674.5
67593.4
66767.7
66180.9
65786
65533.4
65429.4
65458.9
65564
65730.2
65958.9
66259.3
66600.2
66960.5
67284.9
67540.2
67829.8
68184.1
68479.1
68695.4
68880.4
69030.7
69173.9
69285.5
69330.2
69351.4
69395.5
69446.8
69512.7
69685.7
70022.4
70369.3
70817.4
71442.7
71845.2
71936.2
72047.9
72111.6
71891.4
72006.9
72735.2
72796.2
72872.3
72893.3
73010.1
73148.5
73407.8
73641.3
73578.8
73423.8
73533.3
73473.7
73362
73246
73019.9
72786.5
72542.2
72293.8
72040.4
71782
71528.8
71314.6
71217
71275.7
71219.4
70626.5
70341
70023.8
69827.2
69888.5
70008.9
69717.4
69869.5
69063.4
68729.8
68318
67906.5
67501.7
67095
66691.9
66290
65891.6
65496.3
65105.3
64719
64338.2
63963.1
63594.3
63232.1
62876.7
62528.4
62187.4
61854.1
61527.9
61209
60894.5
60578
60243.9
59877.7
59699.7
60589.8
59996.2
59444.2
59347.3
57996.3
58234.6
58621.1
58709.1
58109
58074.9
58191.6
58102.8
57862.9
57636.2
58015.4
57810.8
57313.1
57493.2
57592.3
58873.6
58937.5
58426.1
59219.2
59555.8
58207.5
59784.9
58367.2
59729.9
58658.1
60080.6
60345.2
60583.9
60821.2
61075
61340.8
61550
61784.2
61911.7
62163
62179.2
62531.6
62612.8
64648
79120.1
67086.5
58603.5
57353.8
58169.6
58935.1
59343.3
59497.2
59500.4
59415.9
59272.2
59093.4
58898.9
58700.4
58503.6
58312.2
58129.6
57957.5
57796.7
57646.9
57507.3
57377.2
57256
57142.7
57036.8
56937.4
56844.1
56756.3
56673.4
56594.4
56519.2
56447.7
56380.1
56315.1
56253
56194
56138
56084.8
56034
55985.4
55938.9
55894.1
55851
55809.4
55769.6
55731.5
55695
55660.1
55626.4
55593.8
55562.4
55531.9
55502.3
55473.7
55446
55419.1
55393
55367.8
55343.2
55319.4
55296.2
55273.7
55251.8
55230.5
55209.7
55189.5
55169.8
55150.7
55132
55113.9
55096.3
55079.1
55062.4
55046.2
55030.3
55014.9
54999.9
54985.2
54970.9
54956.9
54943.3
54929.9
54916.9
54904.2
54891.8
54879.6
54867.8
54856.1
54844.7
54833.6
54823
54812.9
54803
54793.5
54784.1
54775
54766
54757.2
54748.5
54739.9
54731.5
54723.2
54715
54707
54699.1
54691.2
54683.5
54675.9
54668.3
54660.9
54653.5
54646.2
54639
54631.9
54624.9
54617.9
54611
54604.1
54597.3
54590.6
54583.9
54577.2
54570.6
54564.1
54557.6
54551.1
54544.6
54538.2
54531.8
54525.5
54519.1
54512.8
54506.6
54500.3
54494.1
54487.8
54481.6
54475.5
54469.3
54463.1
54456.9
54450.8
54444.6
54438.5
54432.3
54426.1
54420
54413.8
54407.6
54401.4
54395.2
54388.9
54382.7
54376.4
54370.1
54363.7
54357.4
54351
54344.5
54338
54331.5
54325
54318.4
54311.7
54305
54298.2
54291.4
54284.5
54277.6
54270.6
54263.5
54256.3
54249.1
54241.8
54234.4
54226.9
54219.3
54211.7
54203.9
54196
54188
54179.9
54171.7
54163.3
54154.9
54146.3
54137.5
54128.7
54119.6
54110.4
54101.1
54091.6
54081.9
54072.1
54062
54051.8
54041.4
54030.7
54019.9
54008.8
53997.5
53986
53974.2
53962.2
53949.9
53937.3
53924.5
53911.4
53897.9
53884.2
53870.1
53855.8
53841
53825.9
53810.5
53794.7
53778.4
53761.8
53744.8
53727.3
53709.4
53691
53672.2
53652.8
53633
53612.6
53591.7
53570.2
53548.2
53525.5
53502.2
53478.3
53453.7
53428.4
53402.6
53375.3
53349.1
53314.4
53324.8
53417.6
53539.3
53661.2
53779.9
53897.7
54015.6
54133.5
54251.5
54368.7
54485.8
54602.6
54718.9
54834.8
54949.8
55065.7
55185
55308.3
55435.7
55567
55702
55840.6
55982.7
56127.8
56275.6
56425.8
56577.9
56731.5
56886.2
57041.6
57197.3
57352.6
57507
57659.7
57811.3
57961.4
58109
58253
58392.8
58528.1
58657.5
58780.8
58898.3
59009.4
59113.3
59209.2
59296.3
59373.9
59442.3
59499.9
59547.6
59583.9
59610.7
59630.3
59643.1
59649
59647.3
59637.9
59620.2
59593.8
59558
59512.5
59456.4
59389.3
59310.4
59219
59114.1
58995.1
58860.9
58710.5
58542.9
58356.7
58150.7
57923.5
57673.5
57399
57098.2
56769
56409
56015.9
55586.7
55118.6
54608
54051.1
53443.7
52780.9
52057.8
51268.6
50406.9
49466.1
48439.1
47319.4
46101.2
44781.6
43361.4
41851.5
40271.6
38668.8
37106.7
35629.6
34397.7
33471.9
33155
33867.5
34945.9
36372.2
38315.3
40625
43326.1
46384.4
49798.1
53544.7
57554.2
61785
66266.3
70895.9
75499.3
80142.6
85004.8
89518.2
93170.3
98253.7
106084
112492
116761
120383
123989
126992
130318
133763
134759
134156
134204
136289
139778
142790
144293
144922
145518
146198
146689
146862
146846
146775
146606
146248
145730
145167
144627
144134
143684
143267
142862
142469
142113
141800
141501
141189
140861
140515
140201
140032
140035
140066
139983
139850
139815
139876
139877
139744
139616
139631
139695
139621
139419
139282
139290
139264
139036
138765
138716
138813
138702
138273
137890
137834
137912
137813
137496
137090
136682
136297
135933
135595
135294
134956
134457
133829
133304
132985
132606
131893
131032
130375
129922
129356
128489
127366
126076
124620
122992
121342
119824
117995
114502
108468
100268
85046
58493
52332.2
58841.9
62563.3
65409.9
66819.9
67284
67280.1
66283.8
64615.4
63467.3
62377.1
60841
58822.2
56863.7
55192.5
53657.8
52155.7
50779.8
49605.9
48630.5
47835.1
47189.3
46678.1
46308.5
46086.5
45989.9
45978.3
46039
46189
46396.9
46622
46876.8
47167
47492.3
47822.6
48143.2
48419.6
48648.5
48911.9
49206.1
49428.6
49586.3
49723.3
49840
49955.5
50043.3
50083.8
50123.3
50197.8
50294.3
50424.2
50649.8
50984.3
51313.8
51715.3
52179.8
52398.5
52400
52445.8
52462
52344.5
52566.9
53130.7
53131.8
53171.3
53162.6
53260.6
53399.1
53667.9
53866.7
53801.2
53708.2
53860.4
53825.7
53773
53725
53571.8
53416.5
53254.3
53088
52915.2
52733.3
52548.9
52394.8
52349.9
52457
52462.1
52002
51803
51561.9
51418.5
51497.5
51629.5
51424.9
51611.6
51006.4
50793.3
50510.4
50228.5
49951
49671.3
49393.6
49115.7
48839.6
48564.7
48292.1
48021.8
47754.5
47490.4
47229.7
46972.7
46719.4
46470.1
46224.9
45983.7
45746.5
45512.7
45280
45042.2
44786.8
44499.1
44358.5
44980.2
44572.1
44185.1
44011.4
42742
43249.2
43596.7
43607.3
43105
43171.1
43208.5
43134
42974.9
42796.8
43028.3
42781.9
42524.3
42641.6
42634
43207.5
43224
42941
43413.6
43925
42514.3
43778.1
42751.7
43860.7
42755
43833.6
44643.5
44896
45062.6
45236.4
45423.4
45567
45737.2
45823.2
46022
46030.4
46345.9
46430.2
48560.2
53245.5
48723.8
44183.5
42900.6
43166.2
43758.1
44242.4
44570.2
44778.6
44890.8
44928.7
44912.9
44860.1
44781.7
44686.1
44580.5
44470.5
44360
44251.3
44145.6
44043.8
43946.2
43853
43764.2
43679.6
43599.1
43522.6
43449.8
43380.4
43314
43250.5
43190.2
43132.8
43078.3
43026.8
42978.2
42932.1
42888.3
42846.6
42806.7
42768.4
42731.6
42696.2
42662.8
42631.2
42601.1
42572.3
42544.6
42518
42492.3
42467.4
42443.3
42419.9
42397.3
42375.3
42354
42333.3
42313.2
42293.7
42274.7
42256.2
42238.3
42220.8
42203.7
42187.1
42170.9
42155.1
42139.7
42124.8
42110.2
42095.9
42082.1
42068.6
42055.4
42042.6
42030.1
42017.9
42006
41994.4
41983
41971.9
41961.1
41950.5
41940.1
41930
41920.1
41910.3
41900.8
41891.5
41882.4
41873.6
41865.2
41857
41849
41841.2
41833.6
41826.1
41818.7
41811.5
41804.4
41797.4
41790.5
41783.7
41777.1
41770.5
41764
41757.6
41751.3
41745
41738.9
41732.8
41726.8
41720.8
41715
41709.1
41703.4
41697.7
41692.1
41686.5
41681
41675.5
41670
41664.6
41659.3
41653.9
41648.7
41643.4
41638.2
41633
41627.8
41622.7
41617.6
41612.5
41607.5
41602.4
41597.4
41592.4
41587.4
41582.5
41577.5
41572.6
41567.7
41562.8
41557.8
41552.9
41548
41543.2
41538.3
41533.4
41528.5
41523.6
41518.7
41513.7
41508.8
41503.9
41498.9
41493.9
41489
41483.9
41478.9
41473.9
41468.8
41463.7
41458.6
41453.4
41448.2
41443
41437.7
41432.4
41427.1
41421.7
41416.3
41410.8
41405.2
41399.7
41394
41388.3
41382.5
41376.7
41370.8
41364.8
41358.8
41352.7
41346.5
41340.2
41333.8
41327.4
41320.8
41314.2
41307.4
41300.6
41293.6
41286.5
41279.3
41272
41264.6
41257
41249.3
41241.4
41233.4
41225.3
41217
41208.5
41199.9
41191.1
41182.1
41172.9
41163.5
41153.9
41144.1
41134.1
41123.9
41113.5
41102.8
41091.8
41080.6
41069.2
41057.5
41045.4
41033.1
41020.5
41007.6
40994.4
40980.8
40966.9
40952.6
40938
40923
40907.6
40891.8
40875.5
40858.9
40841.7
40824.1
40806.1
40787.2
40769
40743.4
40758.2
40841.8
40948.8
41058.9
41167.4
41274.9
41382.2
41489.6
41597.2
41704.6
41811.7
41918.6
42025.5
42132.1
42238.4
42345.5
42455.4
42568.6
42685
42804.7
42927.4
43053.1
43181.6
43312.7
43446.1
43581.6
43718.8
43857.4
43997.2
44137.8
44278.9
44420.1
44560.9
44700.9
44839.6
44977
45112.8
45246.2
45376.8
45504.3
45627.6
45746.6
45861.1
45970.6
46074.9
46173.4
46265.6
46350.8
46429.4
46500
46563.4
46618.3
46666.3
46709.1
46747
46779.9
46807.3
46829
46844.6
46853.7
46856
46850.9
46838.1
46816.9
46786.9
46747.4
46697.8
46637.5
46565.6
46481.3
46383.7
46272
46145
46001.5
45840.3
45660
45459.1
45235.8
44988.2
44714.3
44411.6
44077.5
43709.1
43303
42855.2
42361.6
41817.2
41216.5
40553.2
39820.1
39009.3
38112.5
37120.9
36027
34824.6
33515.3
32105
30626.9
29120.9
27642.8
26300.4
25345.7
24774.8
25192.1
26026.5
27063.1
28496.4
30181.2
32132.8
34319.4
36741.9
39381.4
42179.3
45107.5
48204.7
51408.5
54586
57790.4
61201.3
64418.5
66959.1
70499.5
76262.6
81455.9
85395.2
88785.3
92197.4
95193.4
98481.3
102057
103757
103765
103751
105207
108117
111136
113183
114424
115453
116472
117334
117921
118293
118556
118705
118670
118453
118134
117783
117437
117110
116796
116483
116169
115875
115612
115361
115096
114809
114492
114181
113970
113907
113901
113825
113699
113637
113662
113666
113565
113447
113433
113481
113443
113292
113166
113155
113145
112984
112758
112685
112760
112715
112410
112080
111985
112044
112017
111824
111534
111217
110908
110613
110343
110113
109873
109515
109037
108612
108361
108114
107629
106993
106487
106179
105861
105354
104650
103808
102850
101750
100647
99772.9
98915.9
96946.5
92871.7
86946.7
74804.7
49365.5
37769.5
41168
43713.1
45495
46244.4
46463.8
46451.6
45773.8
44629.2
43798.9
43019.2
42004.2
40683.2
39437.4
38427
37555.7
36757.4
36088
35577.1
35201.3
34930.8
34736.3
34610.1
34562.6
34598.3
34695.8
34826.3
34997.1
35224.6
35473
35716.2
35977
36259.9
36558.5
36846.4
37114.7
37344.1
37543.9
37772.3
38010
38178.4
38297.2
38403.4
38499
38595.9
38670.6
38713.7
38768.2
38862
38985.3
39148.6
39391.3
39706.1
40009.2
40357.9
40704.5
40820.4
40787.1
40805.3
40812.4
40770
41027.5
41466.6
41445.3
41469.5
41453.6
41544.3
41679.9
41936.8
42106.2
42051.7
42001
42165.9
42147.9
42131.3
42121.2
42015.8
41911
41801.3
41687.4
41566.3
41434.8
41298.6
41187.6
41173.5
41293
41324.1
40959.5
40817.8
40631.9
40527.3
40607.9
40733.9
40579.5
40763.3
40295.9
40155.8
39951.7
39749.7
39550.4
39348.8
39148.1
38946.7
38745.8
38545.3
38345.8
38147.5
37950.7
37755.6
37562.4
37371.3
37182.3
36995.5
36811.1
36628.9
36448.8
36270.2
36091.2
35906
35705.8
35483.3
35385.5
35782.5
35495.1
35224.9
34989.6
33870.7
34510.5
34821.4
34763.8
34344.9
34471.6
34469.9
34390.3
34285.4
34161.8
34280.6
34039.1
33930.4
34007.5
33937.8
34275.7
34283.9
34105.5
34425.5
34737.2
33635.4
34501.2
33884.3
34541.2
33787.6
34539.8
35469.1
35708.1
35830
35954.4
36091.2
36194.1
36320.8
36381.1
36538
36545.9
36812.9
36918
38979.2
38774.3
36909.9
34400.3
33359.2
33337.4
33701
34105.8
34445.2
34706.6
34894.6
35028.4
35114.2
35158.7
35170.2
35156.9
35125.7
35082
35029.6
34971.7
34910.3
34847.4
34784
34721
34658.9
34598.2
34539.2
34481.9
34426.7
34373.4
34322.4
34273.6
34227
34182.4
34141
34102.2
34065.5
34030.7
33997.5
33965.8
33935.4
33906.2
33878.1
33851
33825.1
33800.5
33777
33754.5
33732.8
33711.9
33691.7
33672.1
33653.1
33634.7
33616.8
33599.4
33582.5
33566.1
33550.1
33534.5
33519.4
33504.6
33490.3
33476.2
33462.6
33449.2
33436.2
33423.4
33411
33398.9
33387
33375.5
33364.2
33353.2
33342.5
33332
33321.8
33311.8
33302
33292.4
33283.1
33273.9
33265
33256.2
33247.7
33239.3
33231.1
33223
33215.1
33207.4
33199.8
33192.3
33185.1
33178
33171.1
33164.3
33157.8
33151.3
33144.9
33138.7
33132.6
33126.5
33120.6
33114.7
33109
33103.3
33097.7
33092.2
33086.7
33081.4
33076.1
33070.8
33065.7
33060.6
33055.5
33050.5
33045.6
33040.7
33035.9
33031.1
33026.4
33021.7
33017.1
33012.5
33007.9
33003.4
32998.9
32994.4
32990
32985.6
32981.2
32976.9
32972.6
32968.3
32964.1
32959.8
32955.6
32951.4
32947.2
32943.1
32939
32934.8
32930.7
32926.6
32922.6
32918.5
32914.4
32910.4
32906.3
32902.3
32898.3
32894.2
32890.2
32886.2
32882.1
32878.1
32874.1
32870
32866
32861.9
32857.8
32853.8
32849.7
32845.6
32841.5
32837.3
32833.2
32829
32824.8
32820.6
32816.3
32812.1
32807.8
32803.4
32799.1
32794.7
32790.2
32785.8
32781.3
32776.7
32772.1
32767.5
32762.8
32758.1
32753.3
32748.4
32743.5
32738.6
32733.6
32728.5
32723.3
32718.1
32712.8
32707.4
32702
32696.5
32690.9
32685.2
32679.4
32673.5
32667.5
32661.4
32655.2
32648.9
32642.5
32635.9
32629.3
32622.5
32615.6
32608.5
32601.3
32594
32586.5
32578.8
32571
32563
32554.8
32546.5
32538
32529.2
32520.3
32511.2
32501.8
32492.3
32482.5
32472.4
32462.2
32451.6
32440.8
32429.8
32418.4
32406.8
32394.8
32382.6
32370
32357.1
32343.6
32330.8
32311.5
32327
32400.3
32492.4
32588.1
32683.4
32778
32872.4
32966.8
33061.4
33155.9
33250.4
33344.8
33439.2
33533.6
33627.7
33722.7
33820
33920
34022.8
34128.2
34236.2
34346.7
34459.6
34574.7
34691.7
34810.6
34931
35052.8
35175.7
35299.4
35423.8
35548.4
35672.9
35797.1
35920.4
36042.8
36164
36283.6
36401.2
36516.6
36629
36738.4
36844.3
36946.3
37044.4
37138.2
37227.3
37311.2
37390.1
37463.1
37530.6
37591.9
37647.9
37700.1
37748.8
37793.8
37834.9
37871.8
37904.2
37931.9
37954.4
37971.5
37982.7
37987.8
37986.2
37977.5
37961.2
37936.8
37903.5
37860.9
37808.2
37744.6
37669.2
37581.2
37479.6
37363.1
37230.6
37080.6
36911.7
36722
36509.5
36272.1
36007.3
35712.2
35383.5
35017.2
34609.1
34154.1
33646.2
33078.6
32443.2
31731
30932.2
30036.8
29034.5
27920.6
26692.2
25371.4
23981
22579.1
21236.1
20280.6
19531.2
19728.8
20368.6
21127.4
22195.8
23443.9
24877.6
26467
28211.5
30094.1
32065.8
34104
36244.3
38449.1
40620.5
42795.2
45126.4
47351
49072.2
51460.1
55587.2
59551.2
62825.6
65745.8
68630
71252
74162.6
77472.3
79463.9
79981.8
80149.7
81264.9
83611.9
86374.7
88636.4
90291.4
91685.2
92997.1
94157.8
95086.6
95800.7
96377
96826.1
97097.1
97178.2
97121.2
96987.2
96820.2
96641.7
96454.8
96253.7
96039.5
95829
95635.1
95446.6
95242.5
95012.6
94746.3
94466.8
94250.6
94152.3
94117.5
94046.5
93934.9
93864.3
93866.2
93867
93793.6
93695
93668.7
93701.4
93684.1
93577.6
93473.9
93454.7
93451
93339.6
93162.3
93085.6
93136.7
93127.3
92918.1
92653
92547
92581.2
92588.4
92481.1
92285.5
92051.5
91811
91577.5
91364.2
91188.1
91016.6
90763.1
90406.7
90072.3
89874.8
89712
89388.7
88932.8
88555.4
88349.2
88187.2
87925.9
87530
87030.4
86454.5
85771.8
85089.3
84674.2
84497
83672.5
81154.3
77103.8
67732.3
44255.9
29220.2
29456.5
31223.7
32339.3
32719.2
32815.9
32815.6
32354.5
31561.5
30948.6
30390.9
29740.3
28911.5
28177.2
27647.2
27252.6
26940.6
26734.3
26631.8
26602.3
26617.5
26657.7
26724.2
26830.9
26981.1
27156.3
27338.3
27544
27785.6
28028.4
28257.7
28498.9
28753.9
29013
29254.1
29473.4
29662.4
29834.8
30028.3
30217.2
30344.6
30435.7
30520.5
30600.9
30683.9
30750
30796.9
30862.2
30967.2
31104.6
31282.9
31524.6
31812.4
32084.3
32380.4
32636.6
32689.6
32643.3
32649.4
32659.5
32668.6
32928.8
33270.3
33240.9
33258.3
33243.4
33329.5
33457.6
33692.7
33836.4
33795.7
33773.4
33936.8
33930
33935.9
33948.2
33876.4
33807
33733.6
33656.2
33571.4
33476.5
33376.7
33298.6
33303
33418.9
33460.8
33171.1
33071.3
32928.8
32854
32928.6
33041.6
32919.6
33085
32723.7
32633
32483.4
32337.1
32192
32044.8
31897.7
31749.6
31601.4
31452.9
31304.8
31157
31009.9
30863.7
30718.3
30574.1
30430.9
30288.9
30148.1
30008.5
29869.9
29731.6
29592.1
29446.2
29288.7
29120.1
29059.3
29256.4
29072.6
28892.3
28600.1
27699.4
28364.9
28635.9
28522
28178.3
28342.6
28317
28231.3
28166
28089.6
28118.3
27903.7
27892.2
27938.1
27834.9
28033.6
28044.5
27943.6
28129.2
28226.7
27487.5
28151.6
27718
28022.8
27598.7
28184.7
29019.5
29232.6
29324.7
29414.9
29516
29590.7
29685.5
29728.6
29851.7
29861.9
30082.6
30206.9
32132
29921.5
29021.4
27535.2
26721.3
26551
26730.5
27026.3
27320.1
27571.6
27776.1
27939.3
28065.1
28156.9
28219.8
28260.6
28282.5
28288.6
28282.4
28266.6
28243.5
28215.3
28183.3
28148.9
28112.9
28076
28038.8
28001.5
27964.5
27928.5
27894
27860.8
27828.8
27797.8
27768.5
27740.6
27714.1
27688.8
27664.5
27641.2
27618.8
27597.1
27576.2
27555.9
27536.1
27517
27498.5
27480.8
27463.6
27447
27430.9
27415.3
27400.2
27385.4
27371.1
27357.1
27343.4
27330.1
27317.1
27304.5
27292.1
27280.1
27268.3
27256.8
27245.6
27234.6
27223.8
27213.3
27203
27192.9
27183
27173.4
27164
27154.7
27145.7
27136.9
27128.3
27119.9
27111.6
27103.5
27095.6
27087.8
27080.2
27072.8
27065.5
27058.3
27051.3
27044.4
27037.6
27031
27024.4
27018
27011.7
27005.5
26999.5
26993.6
26987.8
26982.1
26976.6
26971.1
26965.7
26960.4
26955.2
26950
26945
26940
26935.1
26930.2
26925.5
26920.7
26916.1
26911.5
26907
26902.5
26898.1
26893.7
26889.4
26885.1
26880.9
26876.8
26872.6
26868.5
26864.5
26860.5
26856.5
26852.6
26848.7
26844.8
26841
26837.2
26833.4
26829.6
26825.9
26822.2
26818.5
26814.9
26811.2
26807.6
26804.1
26800.5
26796.9
26793.4
26789.9
26786.4
26782.9
26779.5
26776
26772.6
26769.1
26765.7
26762.3
26758.9
26755.5
26752.1
26748.7
26745.3
26742
26738.6
26735.2
26731.8
26728.4
26725.1
26721.7
26718.3
26714.9
26711.5
26708.1
26704.6
26701.2
26697.8
26694.3
26690.8
26687.3
26683.8
26680.3
26676.7
26673.2
26669.6
26665.9
26662.3
26658.6
26654.9
26651.2
26647.5
26643.7
26639.8
26636
26632.1
26628.1
26624.2
26620.1
26616.1
26612
26607.8
26603.6
26599.3
26595
26590.6
26586.1
26581.6
26577.1
26572.4
26567.7
26562.9
26558.1
26553.1
26548.1
26543
26537.8
26532.5
26527.1
26521.6
26516
26510.3
26504.5
26498.5
26492.5
26486.3
26480
26473.6
26467
26460.3
26453.5
26446.4
26439.3
26432
26424.5
26416.8
26408.9
26400.9
26392.7
26384.2
26375.6
26366.7
26357.6
26348.3
26338.5
26329.4
26314.7
26329.4
26392
26469.5
26550.3
26631.4
26712.1
26792.6
26873.1
26953.8
27034.6
27115.3
27196
27276.7
27357.5
27438.2
27519.7
27603
27688.6
27776.5
27866.6
27958.9
28053.3
28149.8
28248.1
28348.2
28449.8
28552.7
28656.9
28762.1
28868.1
28974.7
29081.7
29188.8
29295.8
29402.3
29508
29612.9
29716.6
29818.8
29919.5
30018
30114.3
30207.9
30298.5
30386
30470.2
30550.9
30627.7
30700.6
30769
30833.3
30892.7
30948.2
31000.9
31051
31098.5
31143.1
31184.7
31223
31257.8
31288.8
31315.8
31338.5
31356.6
31369.7
31377.6
31379.8
31375.9
31365.4
31347.8
31322.6
31289.2
31247
31195.2
31132.9
31059.4
30973.6
30874.4
30760.6
30630.8
30483.4
30316.5
30128.2
29916
29677.1
29408.3
29105.8
28765.1
28380.9
27946.8
27455.1
26897.1
26262.4
25539.9
24717.1
23784.8
22734
21576.9
20324.4
19031.1
17741.6
16802.8
15928.6
15950.5
16423.8
16971.8
17763.6
18688.3
19744.1
20902.9
22162
23506.1
24894.4
26307.6
27774
29271.4
30729.1
32170.3
33713.5
35193.2
36310.1
37845.5
40641.1
43520.1
46064.4
48426.8
50729.2
52863.3
55261.1
57975.5
59809.5
60595.2
60998.2
61939.9
63734.7
65997.4
68096.8
69847
71409
72902.4
74284.2
75485.9
76498.9
77373.2
78120.3
78699.5
79089
79319.9
79440.5
79492.5
79500.8
79474.7
79415.7
79329.1
79230
79130.8
79025.9
78900.8
78746.3
78551.8
78330.3
78141.5
78037.5
77990.3
77927.6
77836.5
77771.9
77763.2
77763.1
77713
77638.9
77613
77636.1
77632.4
77563.5
77487.6
77470.1
77471.4
77398.6
77268.5
77201.8
77236
77244
77107.9
76910.4
76813.1
76828.6
76849.2
76799.6
76680.5
76520.7
76345.5
76169.5
76007.2
75876.4
75757.5
75584.2
75329.6
75079.4
74930.1
74825.3
74619.2
74309.8
74045.4
73917.6
73859.1
73765.6
73597.1
73362.6
73085.4
72743.9
72415.4
72352.7
72659.4
72721.2
71522.8
69080.4
62273
41172.5
24001.4
21295.7
22377.3
23050.6
23233.6
23279.7
23302.8
23003.9
22470.3
22029
21655.6
21286.9
20835.6
20491.3
20319.6
20264.2
20276.2
20356.6
20488.1
20643.5
20802
20954.8
21110
21282.5
21474
21669.6
21859.9
22064.6
22291.2
22508.9
22711.6
22923.3
23142.9
23359.5
23555.9
23731.9
23886.2
24033.2
24193.8
24341.4
24437.2
24508.2
24577.1
24645.9
24718
24778.2
24828.6
24900.8
25010.7
25153.2
25334.3
25564.2
25820.8
26058.7
26304.4
26489.9
26503.8
26455.8
26458.3
26475.3
26518.2
26763.7
27027
26996.4
27011.7
27001.1
27082.9
27199.8
27408
27529.1
27502
27498.3
27652.3
27652.9
27672.3
27697.5
27650.2
27606.3
27559.1
27508
27450
27383
27311.9
27259.8
27274.6
27378
27422.3
27194.8
27127.1
27020.3
26968.8
27033.1
27129.1
27029.1
27167.2
26893.5
26837.8
26728.2
26622.9
26517.9
26410.8
26303.4
26194.9
26085.8
25976.2
25866.4
25756.5
25646.7
25537.2
25428
25319.2
25210.8
25103
24995.7
24888.8
24782.2
24675.2
24566.5
24451.8
24329.1
24205.4
24174.6
24231.3
24103.7
23997
23663.8
22979.6
23630
23858.5
23698.1
23426.5
23611.3
23569.2
23481.1
23446.1
23407.7
23359.1
23188
23238.8
23256.5
23143.9
23253.9
23269.4
23224.7
23282.2
23252.7
22811.4
23342.6
23051.1
23138
22899.4
23421.9
24057.9
24238.5
24309.6
24375.1
24449.4
24503.5
24573.8
24604.8
24700.2
24713.8
24892.2
25028.8
26778.6
24080.9
23529.9
22570.9
21931.3
21689.7
21728.6
21907.2
22129.4
22346.5
22541.1
22705.3
22841.8
22952.8
23041
23109.6
23161.1
23197.9
23222.3
23236.4
23242.2
23241.2
23235
23224.7
23211.3
23195.5
23177.9
23159
23139.3
23119
23098.8
23078.8
23059
23039.6
23020.1
23001.2
22982.8
22965.1
22947.9
22931.3
22915.1
22899.3
22884
22869.1
22854.4
22840
22826
22812.4
22799.2
22786.3
22773.8
22761.6
22749.7
22738.1
22726.7
22715.6
22704.8
22694.1
22683.7
22673.5
22663.5
22653.8
22644.2
22634.8
22625.6
22616.6
22607.8
22599.1
22590.6
22582.2
22574
22566
22558.1
22550.4
22542.8
22535.4
22528.1
22521
22514
22507.1
22500.4
22493.8
22487.3
22480.9
22474.7
22468.5
22462.5
22456.5
22450.7
22444.9
22439.3
22433.7
22428.2
22422.8
22417.5
22412.4
22407.3
22402.3
22397.3
22392.5
22387.8
22383.1
22378.5
22373.9
22369.4
22365
22360.7
22356.4
22352.1
22348
22343.8
22339.8
22335.8
22331.8
22327.9
22324
22320.2
22316.4
22312.7
22309
22305.3
22301.7
22298.1
22294.6
22291.1
22287.6
22284.2
22280.8
22277.4
22274
22270.7
22267.4
22264.2
22260.9
22257.7
22254.5
22251.3
22248.2
22245
22241.9
22238.8
22235.7
22232.7
22229.6
22226.6
22223.6
22220.6
22217.6
22214.7
22211.7
22208.8
22205.9
22202.9
22200
22197.1
22194.2
22191.4
22188.5
22185.6
22182.7
22179.9
22177
22174.1
22171.3
22168.4
22165.6
22162.7
22159.8
22156.9
22154.1
22151.2
22148.3
22145.4
22142.5
22139.6
22136.7
22133.7
22130.8
22127.8
22124.8
22121.8
22118.8
22115.8
22112.8
22109.7
22106.6
22103.5
22100.4
22097.3
22094.1
22090.9
22087.7
22084.4
22081.1
22077.8
22074.4
22071.1
22067.6
22064.2
22060.7
22057.1
22053.5
22049.9
22046.2
22042.4
22038.7
22034.8
22030.9
22026.9
22022.9
22018.8
22014.7
22010.5
22006.2
22001.8
21997.4
21992.9
21988.2
21983.6
21978.8
21973.9
21969
21963.9
21958.7
21953.5
21948.1
21942.6
21937
21931.2
21925.4
21919.4
21913.2
21907
21900.6
21894
21887.2
21880.2
21873.7
21862.5
21875.8
21928.5
21992.9
22060.2
22128.1
22195.9
22263.5
22331.2
22399
22466.9
22534.8
22602.8
22670.7
22738.8
22806.7
22875.4
22945.6
23017.8
23091.8
23167.7
23245.5
23325.1
23406.4
23489.3
23573.7
23659.5
23746.4
23834.4
23923.3
24013
24103.3
24194
24284.8
24375.7
24466.2
24556.3
24645.8
24734.3
24821.7
24908
24992.6
25075.6
25156.6
25235.1
25311.3
25385
25455.8
25523.6
25588.5
25649.9
25708.1
25762.5
25814
25863.4
25910.9
25956.6
26000.2
26041.6
26080.6
26117.1
26150.8
26181.7
26209.3
26233.7
26254.3
26271.2
26283.8
26291.9
26295.2
26293.3
26285.7
26272.1
26251.9
26224.5
26189.4
26145.8
26093.1
26030.3
25956.4
25870.5
25771.1
25657
25526.4
25377.4
25207.7
25014.6
24795
24545
24259.9
23934.1
23560.6
23131
22635.3
22061.8
21397
20628.6
19743.3
18744.9
17634.9
16461.3
15250.8
14336.5
13383.7
13263.5
13594.4
13981.9
14564.2
15249
16028.7
16877.4
17790.3
18754
19734.9
20716
21718.8
22730.3
23699.7
24640.9
25641.4
26598.1
27295.5
28246.7
30066.5
32042
33880
35653.6
37423.2
39090.3
40973.3
43085
44618.3
45454.8
45981.3
46802.2
48170.3
49875.1
51560.4
53104.7
54586.8
56066
57489.3
58793.1
59971.5
61050.7
62026.4
62857.3
63516.3
64019.5
64399.2
64686.4
64902.2
65059.6
65166.1
65230.6
65266.5
65284.7
65284
65255.9
65194.2
65089.5
64948.3
64815.5
64736.3
64699
64654.7
64591.3
64545.6
64541.2
64547
64519.5
64472.5
64457.7
64480.2
64488.2
64450.9
64404.6
64397.6
64406.9
64364.7
64277
64229.4
64256.8
64274.6
64191.5
64054.8
63979.9
63988.2
64013.7
64000.4
63938.9
63841.6
63725.3
63602.6
63487.3
63396.5
63319.6
63207.8
63035
62859.1
62755.3
62694
62571.2
62374.6
62205.8
62141.7
62151.7
62167.5
62156.1
62115.4
62061.7
61983.8
61939.7
62147.2
62781.4
63484.2
63394.5
62373.4
57919
39486.7
20956.1
15772.3
16182.4
16560.1
16647.8
16679.6
16725.2
16547.3
16207.3
15909.2
15692.3
15538.4
15365
15297.1
15365.2
15521
15719.5
15951.1
16194.6
16429.9
16644.8
16838.5
17023
17211.8
17405.5
17592.6
17769.9
17956.4
18155.4
18341.5
18514.1
18693.8
18877.5
19054.5
19211.5
19351.3
19476.8
19600.8
19732.3
19846.6
19918.7
19975.1
20032.3
20092
20155.2
20211.1
20264
20339.6
20449.6
20590.5
20765.7
20977.6
21202.4
21406.3
21606.7
21739.1
21730.4
21686.4
21689.7
21713.8
21775.5
21997.6
22200.3
22172
22187.8
22182.5
22259.8
22363.1
22542.9
22644.5
22629.4
22636.6
22777
22782.1
22808.1
22839.7
22810.3
22784.5
22755.8
22723.5
22685.1
22639.3
22590.7
22558.3
22577.9
22664.1
22705.9
22530.1
22486.8
22409
22375.4
22427.1
22504
22419.9
22524.6
22325
22293.5
22213.4
22138.5
22062.9
21985.6
21907.7
21828.5
21748.7
21668.1
21587
21505.6
21423.9
21342.2
21260.4
21178.6
21096.8
21015.1
20933.4
20851.8
20770
20687.5
20602.9
20513.1
20418.4
20330.8
20322.4
20334.1
20181.6
20137.9
19795.5
19303.2
19901.5
20088.7
19889.7
19689.3
19879.9
19824.7
19741.5
19728.5
19717.9
19656.2
19490.4
19572.7
19592.2
19463.2
19514.5
19532.3
19525.5
19532
19427
19162.9
19573.4
19456.6
19394.3
19274.3
19712.9
20160.2
20306.9
20362.9
20410.5
20464.8
20503.7
20555.4
20577.9
20651.2
20668.1
20810.3
20952.4
22512.5
19914.2
19543.4
18877.1
18366.2
18098.5
18040.3
18115.6
18257
18420
18582.4
18731.5
18863.9
18979.1
19077.1
19158.4
19225.4
19279.8
19323.1
19356.8
19382.4
19400.9
19413.6
19421.4
19425.2
19425.8
19423.8
19419.6
19413.6
19406.1
19397.3
19387.8
19377.8
19367.4
19356.6
19345.5
19334.4
19323.4
19312.5
19301.7
19291
19280.5
19270.1
19259.8
19249.6
19239.5
19229.5
19219.7
19210
19200.6
19191.3
19182.1
19173.2
19164.3
19155.7
19147.1
19138.8
19130.5
19122.4
19114.4
19106.5
19098.8
19091.2
19083.7
19076.3
19069
19061.9
19054.9
19047.9
19041.1
19034.4
19027.8
19021.3
19014.9
19008.6
19002.4
18996.3
18990.4
18984.5
18978.7
18973
18967.4
18961.9
18956.5
18951.1
18945.8
18940.7
18935.6
18930.5
18925.6
18920.7
18915.9
18911.1
18906.4
18901.8
18897.3
18892.8
18888.4
18884.1
18879.8
18875.6
18871.4
18867.4
18863.3
18859.4
18855.4
18851.6
18847.8
18844
18840.3
18836.6
18833
18829.4
18825.9
18822.4
18819
18815.5
18812.2
18808.9
18805.6
18802.3
18799.1
18795.9
18792.8
18789.6
18786.5
18783.5
18780.4
18777.4
18774.5
18771.5
18768.6
18765.7
18762.8
18759.9
18757.1
18754.3
18751.5
18748.7
18746
18743.3
18740.6
18737.9
18735.2
18732.5
18729.9
18727.3
18724.7
18722.1
18719.5
18716.9
18714.4
18711.8
18709.3
18706.8
18704.3
18701.7
18699.3
18696.8
18694.3
18691.8
18689.4
18686.9
18684.5
18682
18679.6
18677.1
18674.7
18672.2
18669.8
18667.4
18664.9
18662.5
18660
18657.6
18655.1
18652.7
18650.2
18647.8
18645.3
18642.8
18640.3
18637.9
18635.3
18632.8
18630.3
18627.8
18625.2
18622.7
18620.1
18617.5
18614.9
18612.3
18609.7
18607
18604.4
18601.7
18599
18596.2
18593.5
18590.7
18587.9
18585
18582.2
18579.3
18576.3
18573.4
18570.4
18567.3
18564.2
18561.1
18558
18554.8
18551.5
18548.2
18544.9
18541.5
18538
18534.5
18531
18527.4
18523.7
18520
18516.1
18512.3
18508.3
18504.3
18500.2
18496
18491.8
18487.4
18483
18478.5
18473.8
18469.1
18464.3
18459.2
18454.7
18446.1
18457.8
18501.9
18555.2
18610.9
18667.1
18723.6
18780
18836.4
18892.9
18949.5
19006.1
19062.9
19119.6
19176.4
19233.2
19290.6
19349.3
19409.6
19471.5
19535
19600.1
19666.8
19734.9
19804.4
19875.1
19947.1
20020.1
20094
20168.7
20244.1
20320.1
20396.5
20473.1
20549.8
20626.4
20702.6
20778.4
20853.4
20927.7
21001
21073.1
21143.9
21213.3
21280.7
21346.3
21409.8
21471.2
21530.2
21587
21640.9
21692.4
21741
21787.4
21832.2
21875.7
21917.9
21958.6
21997.8
22035.3
22071
22104.7
22136.4
22165.8
22192.9
22217.3
22239
22257.6
22273.1
22285
22293.2
22297.3
22297.1
22292
22281.8
22265.9
22243.9
22215.2
22179.1
22134.9
22081.8
22018.8
21944.7
21858.4
21758.2
21642.5
21508.9
21354.8
21177.1
20971.9
20734.2
20457.7
20135
19756.3
19310.5
18783.3
18160.7
17426.2
16576.6
15605.7
14552.6
13431.6
12545.4
11552.1
11315.9
11525
11789.6
12212.8
12719
13296.2
13920.8
14586.5
15281.5
15978.4
16662.4
17349.4
18031.8
18673.5
19282.4
19922
20527.5
20946.8
21518.1
22675.5
23981.3
25240
26493
27774.6
29002.7
30398.8
32001
33237.5
33993.6
34512
35202.5
36258.9
37530.4
38812.8
40058
41307.5
42581.7
43841.4
45041.2
46200.4
47319.6
48376.2
49330
50157.2
50859.4
51449.5
51942.4
52351.9
52690.8
52967.7
53192
53373.8
53522.7
53640.5
53723.6
53768.4
53767.1
53722.5
53668
53641
53637.9
53627.1
53601.5
53587.3
53602.1
53624.4
53622.3
53605.3
53610.3
53642.4
53665.1
53655.9
53639.4
53650.1
53672.3
53657
53606.6
53583
53614
53641.1
53596.9
53511
53464.9
53477.7
53508.1
53518.1
53497.7
53450.2
53384.5
53309.7
53237.6
53183.5
53142
53077.9
52969.6
52856.4
52795.2
52769.6
52706.3
52593.6
52501.6
52490.3
52547.2
52631.4
52721.4
52813.2
52917.1
53029.9
53199.5
53607
54450.3
55574
56351
56603.5
54442.4
38755.6
19373.5
12164.2
11924.3
12102.6
12146.4
12176.8
12237.2
12146.2
11946.6
11765.1
11672.5
11670.2
11683.7
11790.2
11997.9
12265.4
12553.2
12847.7
13129.3
13384.5
13608.3
13804.8
13987.4
14167.4
14344.6
14510.6
14666
14827.8
14995.9
15150.5
15294.1
15443.5
15594.4
15736.8
15861.1
15971.8
16073.7
16177.5
16284.3
16372.6
16427.4
16473.2
16521.6
16574
16630.3
16682.8
16736.8
16812.9
16919.8
17054.4
17218.6
17409.7
17604.2
17776
17937.7
18031.6
18011.3
17973.8
17979.7
18009.3
18078.9
18274.3
18431.4
18406.9
18424.7
18424.4
18496.6
18585.4
18737.5
18822.5
18817.4
18830.1
18955
18962.5
18990.7
19024.6
19008
18994.7
18979
18960.1
18936
18906.1
18875
18857.4
18878.1
18945.3
18981.3
18849.1
18824.2
18769.6
18749.6
18788
18844.4
18773.9
18839.9
18704.8
18689.6
18631.5
18578.9
18525.2
18470
18414
18356.8
18298.7
18239.9
18180.4
18120.5
18060.1
17999.4
17938.5
17877.2
17815.8
17754.2
17692.3
17630.2
17567.7
17504.2
17438.6
17368.7
17296.6
17237.1
17243.3
17227.9
17096.1
17060
16752.1
16404.2
16922.4
17074.4
16882.1
16713.5
16897.9
16852.6
16759.5
16761.7
16769.9
16748.6
16550.6
16643.2
16710.9
16572
16550.8
16565.9
16582.1
16597.3
16444
16291.6
16618
16594.1
16477.9
16444.4
16747.3
17056.4
17171.3
17215.8
17250.6
17290
17317.9
17355.6
17372
17427.9
17447.4
17559.8
17701.7
19072.8
16832.1
16542.5
16048.5
15635.3
15368.6
15250.9
15246.8
15313.7
15417.6
15536.6
15657.1
15771.8
15877.8
15973.3
16057.4
16130.7
16193.9
16247.9
16293.5
16331.6
16363.1
16388.8
16409.4
16425.8
16438.4
16447.9
16454.7
16459.3
16461.8
16462.6
16461.9
16460.2
16457.6
16454.1
16449.9
16445.3
16440.3
16434.9
16429.4
16423.7
16417.8
16411.8
16405.8
16399.6
16393.4
16387
16380.6
16374.2
16367.9
16361.5
16355.2
16348.9
16342.6
16336.4
16330.2
16324.1
16318
16312
16306
16300.1
16294.2
16288.4
16282.6
16276.9
16271.3
16265.7
16260.1
16254.7
16249.2
16243.9
16238.6
16233.3
16228.1
16223
16218
16213
16208.1
16203.2
16198.4
16193.7
16189
16184.4
16179.8
16175.3
16170.9
16166.5
16162.1
16157.9
16153.6
16149.4
16145.3
16141.2
16137.2
16133.2
16129.2
16125.3
16121.5
16117.7
16113.9
16110.2
16106.6
16103
16099.4
16095.9
16092.4
16089
16085.6
16082.3
16079
16075.7
16072.5
16069.3
16066.2
16063.1
16060
16056.9
16053.9
16051
16048
16045.1
16042.2
16039.4
16036.6
16033.8
16031
16028.3
16025.6
16022.9
16020.2
16017.6
16015
16012.4
16009.8
16007.3
16004.8
16002.3
15999.8
15997.3
15994.9
15992.4
15990
15987.6
15985.3
15982.9
15980.6
15978.2
15975.9
15973.6
15971.4
15969.1
15966.8
15964.6
15962.4
15960.2
15958
15955.8
15953.6
15951.4
15949.3
15947.1
15945
15942.8
15940.7
15938.6
15936.5
15934.4
15932.2
15930.2
15928.1
15926
15923.9
15921.8
15919.7
15917.6
15915.6
15913.5
15911.4
15909.3
15907.3
15905.2
15903.1
15901
15898.9
15896.9
15894.8
15892.7
15890.6
15888.5
15886.4
15884.3
15882.1
15880
15877.9
15875.8
15873.6
15871.4
15869.3
15867.1
15864.9
15862.7
15860.5
15858.2
15856
15853.7
15851.4
15849.1
15846.8
15844.5
15842.1
15839.7
15837.3
15834.8
15832.4
15829.9
15827.4
15824.8
15822.3
15819.6
15817
15814.3
15811.6
15808.9
15806.1
15803.2
15800.4
15797.5
15794.5
15791.5
15788.4
15785.3
15782.1
15778.9
15775.6
15772.3
15768.8
15765.3
15762.2
15755.7
15765.9
15802.5
15846.5
15892.3
15938.8
15985.5
16032.2
16079
16125.8
16172.8
16219.9
16267
16314.1
16361.3
16408.5
16456.2
16505.1
16555.3
16606.9
16659.8
16714.1
16769.8
16826.7
16884.8
16943.9
17004.2
17065.3
17127.3
17190
17253.3
17317.1
17381.4
17445.8
17510.4
17575
17639.4
17703.4
17766.9
17829.7
17892
17953.2
18013.4
18072.6
18130.2
18186.4
18241
18293.9
18344.9
18394.1
18441.2
18486.4
18529.3
18570.4
18610.5
18649.7
18688
18725.3
18761.5
18796.6
18830.5
18863.1
18894.2
18923.8
18951.8
18977.9
19002.2
19024.3
19044.3
19061.8
19076.7
19088.8
19097.8
19103.5
19105.6
19103.7
19097.5
19086.6
19070.4
19048.5
19020.3
18985
18941.8
18889.7
18827.6
18754
18667.3
18565.3
18445.6
18304.7
18138.6
17941.9
17707.8
17427.6
17090.5
16682.6
16188.7
15590.4
14878.4
14040.3
13105
12076.8
11221.7
10217.9
9887.08
9991.55
10160.6
10462.3
10834.5
11262.1
11723.4
12211.1
12715
13212.5
13691.3
14162.5
14622.3
15044.6
15434.3
15837.3
16212.1
16451.4
16782.1
17508
18352.8
19185.5
20033.9
20920.7
21783.1
22770.1
23927
24860.9
25472.7
25914.5
26463
27258
28208
29176.1
30143.6
31139.7
32170.1
33209.5
34229.6
35233.7
36229.1
37197.8
38114.6
38966.9
39741.2
40432.9
41045.9
41588.3
42066.8
42484.8
42847.3
43160.9
43434
43669.6
43866
44021.3
44127.6
44185.9
44222.1
44266.3
44318.3
44357.3
44380.7
44409.5
44457
44506.9
44536.3
44553
44585.3
44636.4
44679.7
44698.8
44712.5
44745.9
44786.5
44797.5
44781
44783.7
44826.6
44866.4
44853.5
44809.4
44793.4
44819.4
44858.9
44886.8
44896.2
44887
44863.2
44830.3
44797.3
44777.1
44767.2
44741.7
44684.1
44622.5
44599.9
44605.6
44586.9
44535.6
44503.2
44534.9
44625.8
44752.5
44904.3
45079.8
45287.1
45528.1
45846
46391.9
47357.5
48722.4
50106.1
51442.3
51460
38680.7
18827.4
9930.18
9032.78
9065.78
9088.23
9120.4
9188.73
9157.2
9054.82
8961.98
8959.11
9054.73
9182.44
9387.49
9664.78
9979.54
10297.9
10605.3
10885.2
11130
11339.3
11520.6
11686.7
11846.9
12000.4
12141.5
12273.2
12409.1
12547.8
12674
12791.9
12914.5
13036.9
13150.6
13248.7
13336.3
13418.9
13505.3
13592
13660.7
13703
13741
13782.7
13829.3
13880
13929.7
13983.8
14058.4
14159.8
14285.5
14435.9
14605.7
14772.5
14915.5
15045
15112
15087
15056.8
15065.7
15098.9
15168.8
15338
15461.1
15441.1
15461.3
15465.1
15532
15606.4
15733
15803.8
15806.4
15821.4
15930.4
15939
15966.5
15999.9
15992.7
15988.1
15981.4
15972
15958.4
15940.6
15922.8
15916.1
15935.8
15984.3
16011.7
15917.1
15906
15869.8
15860.3
15885.9
15919.9
15864.4
15884.5
15809.2
15804.6
15762.9
15726.9
15689.4
15650.7
15611.1
15570.4
15528.8
15486.4
15443.3
15399.6
15355.4
15310.8
15265.8
15220.4
15174.6
15128.5
15082
15035.1
14987.7
14939.1
14888.6
14834.5
14780.7
14742.5
14757.1
14714
14653.1
14585.1
14337
14076.1
14513.6
14638.7
14494
14321.3
14490
14489
14385.6
14398.1
14417.7
14404.9
14215.4
14305.7
14382.2
14261.8
14203
14212.4
14241.3
14256.3
14060
14014.2
14267.7
14260.3
14161.3
14155.2
14349
14557.4
14644.6
14679.9
14705.3
14733.7
14753.5
14780.7
14792.9
14835.3
14856.4
14944.8
15082.1
16273.7
14435.6
14207.3
13824.1
13485.5
13235.3
13087.4
13029
13036.6
13086.4
13160.7
13246.6
13336.1
13424.2
13508.3
13586.3
13657.5
13721.8
13779.2
13830.1
13874.8
13913.9
13947.7
13976.9
14001.8
14023.1
14041.1
14056.3
14068.9
14079.4
14087.7
14094.3
14099.4
14103.4
14106.1
14107.9
14108.8
14109.1
14108.7
14107.8
14106.5
14104.8
14102.8
14100.5
14098
14095.2
14092.1
14088.9
14085.5
14081.9
14078.3
14074.6
14070.7
14066.9
14062.9
14058.9
14054.9
14050.8
14046.7
14042.6
14038.4
14034.3
14030.1
14026
14021.8
14017.7
14013.5
14009.4
14005.2
14001.1
13997
13992.9
13988.8
13984.8
13980.8
13976.8
13972.8
13968.9
13965
13961.1
13957.3
13953.5
13949.7
13945.9
13942.2
13938.5
13934.9
13931.3
13927.7
13924.1
13920.6
13917.1
13913.6
13910.1
13906.7
13903.3
13900
13896.6
13893.4
13890.1
13886.9
13883.7
13880.5
13877.4
13874.3
13871.3
13868.3
13865.3
13862.4
13859.4
13856.6
13853.7
13850.9
13848.1
13845.3
13842.6
13839.9
13837.2
13834.6
13831.9
13829.3
13826.8
13824.2
13821.7
13819.2
13816.8
13814.3
13811.9
13809.5
13807.1
13804.8
13802.4
13800.1
13797.8
13795.5
13793.3
13791
13788.8
13786.6
13784.4
13782.3
13780.1
13778
13775.9
13773.8
13771.7
13769.6
13767.5
13765.5
13763.5
13761.5
13759.5
13757.5
13755.5
13753.6
13751.6
13749.7
13747.8
13745.8
13743.9
13742
13740.2
13738.3
13736.4
13734.6
13732.7
13730.9
13729.1
13727.2
13725.4
13723.6
13721.8
13720
13718.2
13716.4
13714.6
13712.9
13711.1
13709.3
13707.6
13705.8
13704
13702.3
13700.5
13698.8
13697
13695.3
13693.5
13691.8
13690.1
13688.3
13686.6
13684.8
13683.1
13681.3
13679.6
13677.8
13676.1
13674.3
13672.6
13670.8
13669
13667.3
13665.5
13663.7
13661.9
13660.1
13658.3
13656.5
13654.7
13652.9
13651
13649.2
13647.3
13645.4
13643.5
13641.6
13639.7
13637.8
13635.8
13633.8
13631.9
13629.9
13627.8
13625.8
13623.7
13621.6
13619.5
13617.4
13615.2
13613.1
13610.8
13608.6
13606.3
13604
13601.6
13599.2
13597.1
13592.3
13601.1
13631.5
13667.7
13705.4
13743.6
13782.1
13820.6
13859.3
13898
13936.9
13975.8
14014.9
14053.9
14093.1
14132.2
14171.8
14212.4
14254.1
14297
14341.1
14386.3
14432.7
14480.2
14528.8
14578.3
14628.7
14679.9
14731.8
14784.4
14837.6
14891.3
14945.4
14999.6
15054.1
15108.6
15162.9
15217.1
15270.8
15324.1
15376.9
15428.9
15480.2
15530.6
15579.9
15628.1
15675
15720.5
15764.6
15807.3
15848.2
15887.8
15925.5
15961.9
15997.6
16032.7
16067.2
16101.2
16134.4
16166.9
16198.7
16229.6
16259.6
16288.6
16316.5
16343.3
16368.8
16393
16415.7
16436.9
16456.3
16473.9
16489.5
16502.9
16513.9
16522.3
16527.8
16530.2
16529.1
16524.1
16514.9
16500.9
16481.4
16455.9
16423.5
16383
16333.3
16272.7
16199.2
16110.1
16002.2
15870.7
15710
15512.3
15267.6
14962.7
14582
14106.1
13520.8
12808.4
11987.3
11053.1
10232.6
9242.19
8835.09
8848.99
8942.2
9150.39
9420.84
9736.73
10077.6
10435.8
10802
11158.1
11493.2
11815.4
12123.1
12397.6
12641.7
12889.1
13113
13236.7
13415.7
13864.7
14403.6
14942.3
15500.6
16095.4
16680.4
17354.9
18160.1
18830
19286.5
19625.4
20034.3
20611.4
21299
22003.8
22718.6
23474.1
24277.7
25107.2
25942.1
26768
27597.3
28422.2
29221.4
29982.1
30698.6
31365.4
31985.7
32566
33102.5
33591.3
34031.8
34430.1
34792.8
35120.7
35410.7
35660.1
35860.8
36013.4
36138.1
36259
36376.6
36475.6
36555.6
36634.7
36723.5
36809.9
36876.6
36931.1
36995.9
37073.7
37143.5
37193.1
37237.9
37297.3
37360.4
37398.7
37414.6
37444.7
37505.2
37562.2
37577.6
37569.1
37582.3
37626.5
37679.9
37725
37758
37778.9
37789.4
37792.4
37794.4
37805.4
37824.4
37831.6
37814.8
37795.5
37806.8
37840.7
37857.6
37852.5
37865.4
37931.4
38048.4
38202.3
38390
38614.4
38883.7
39203.5
39614.5
40245.5
41270.2
42743
44488
46655
48575.7
39020
19170.1
8630.92
7091.49
6987.41
6995.63
7028.61
7100.14
7107.96
7070.44
7041.21
7098.68
7252.98
7445.28
7699.83
8004.5
8329.84
8646.83
8941.6
9200.89
9421.59
9606.92
9765.9
9910.2
10047.2
10175.8
10292.7
10401.7
10513.8
10626.5
10728.5
10824.4
10924.1
11022.8
11113.3
11190.8
11260.5
11327.5
11399.2
11469.8
11524
11557.2
11589.7
11626.4
11668.2
11714.4
11761.6
11814.9
11886.7
11981.4
12096.7
12232.3
12381.7
12523.9
12641.6
12745.4
12794.1
12768.6
12745.4
12757.2
12791.9
12857.7
13002.7
13100.8
13085.3
13107.9
13115
13176.5
13237.7
13341.4
13399.6
13408
13423.9
13517
13525.9
13551.3
13582.3
13582.3
13583.5
13583.1
13580.5
13574.6
13566
13558.4
13559.5
13577.4
13608.9
13624.3
13563.5
13562.4
13540.8
13539.4
13554.4
13561.7
13528.5
13516.2
13473.3
13475.6
13446.4
13422.9
13397.7
13371.5
13344.3
13316.1
13287
13257.2
13226.6
13195.5
13163.8
13131.6
13098.9
13065.8
13032.2
12998.2
12963.8
12928.9
12893.3
12856.7
12818.2
12777
12737.7
12715.7
12736.7
12692.2
12676.2
12601.5
12385.7
12183.1
12566.8
12679.7
12555.2
12403.7
12552.4
12563
12471.6
12489.7
12513.9
12478.6
12332.7
12414.9
12463.5
12361.5
12312.4
12317.7
12351.3
12339.5
12157.7
12158.6
12340.6
12342.4
12260.5
12267.9
12391.5
12528
12591.8
12619.4
12638
12658.3
12672.1
12691.4
12700.5
12732.5
12754.3
12823.9
12953.5
13979.7
12531.7
12337.2
12028.2
11747.9
11522.2
11365.2
11275.5
11241.3
11248.2
11282.8
11334.9
11396.8
11463.3
11530.8
11597
11660.3
11719.7
11775
11825.7
11872
11913.9
11951.6
11985.4
12015.5
12042.3
12066
12086.9
12105.3
12121.5
12135.6
12147.9
12158.4
12167.6
12175.4
12182.1
12187.7
12192.3
12196.2
12199.4
12201.9
12203.9
12205.4
12206.4
12207
12207.3
12207.2
12206.8
12206.1
12205.1
12204
12202.6
12201.1
12199.3
12197.5
12195.5
12193.4
12191.2
12188.9
12186.5
12184
12181.4
12178.8
12176.2
12173.5
12170.7
12167.9
12165
12162.2
12159.2
12156.3
12153.4
12150.4
12147.4
12144.4
12141.4
12138.4
12135.4
12132.4
12129.4
12126.5
12123.5
12120.5
12117.5
12114.5
12111.6
12108.6
12105.7
12102.7
12099.8
12096.9
12094
12091.1
12088.2
12085.4
12082.5
12079.7
12076.8
12074
12071.2
12068.5
12065.7
12063
12060.3
12057.7
12055
12052.4
12049.8
12047.2
12044.7
12042.1
12039.6
12037.1
12034.7
12032.2
12029.8
12027.4
12025.1
12022.7
12020.4
12018.1
12015.8
12013.6
12011.3
12009.1
12006.9
12004.7
12002.6
12000.4
11998.3
11996.2
11994.1
11992
11990
11987.9
11985.9
11983.9
11981.9
11980
11978
11976.1
11974.2
11972.3
11970.4
11968.5
11966.6
11964.8
11962.9
11961.1
11959.3
11957.5
11955.7
11954
11952.2
11950.5
11948.8
11947
11945.3
11943.6
11942
11940.3
11938.6
11937
11935.3
11933.7
11932.1
11930.5
11928.9
11927.3
11925.7
11924.1
11922.5
11921
11919.4
11917.8
11916.3
11914.8
11913.2
11911.7
11910.2
11908.7
11907.2
11905.7
11904.2
11902.7
11901.2
11899.8
11898.3
11896.8
11895.4
11893.9
11892.5
11891
11889.6
11888.2
11886.7
11885.3
11883.9
11882.5
11881.1
11879.6
11878.2
11876.8
11875.4
11874
11872.6
11871.2
11869.8
11868.4
11867
11865.6
11864.1
11862.7
11861.3
11859.9
11858.5
11857.1
11855.7
11854.3
11852.8
11851.4
11850
11848.5
11847.1
11845.7
11844.2
11842.8
11841.3
11839.8
11838.3
11836.9
11835.4
11833.9
11832.3
11830.8
11829.3
11827.6
11826.4
11822.8
11830.4
11855.5
11885.3
11916.3
11947.7
11979.4
12011.2
12043.1
12075.1
12107.2
12139.3
12171.6
12204
12236.4
12268.8
12301.6
12335.3
12370
12405.7
12442.4
12480.1
12518.9
12558.6
12599.2
12640.7
12683
12726
12769.7
12813.9
12858.7
12903.9
12949.5
12995.3
13041.3
13087.4
13133.5
13179.4
13225.1
13270.4
13315.3
13359.7
13403.5
13446.6
13488.9
13530.2
13570.6
13610
13648.2
13685.3
13721.1
13755.7
13789
13821.3
13853.1
13884.6
13915.8
13946.6
13977.1
14007.2
14036.8
14065.9
14094.6
14122.6
14150.1
14176.9
14203
14228.3
14252.7
14276.3
14298.8
14320.2
14340.5
14359.4
14376.9
14392.9
14407.1
14419.5
14429.7
14437.5
14442.8
14445
14443.9
14438.9
14429.6
14415.1
14394.4
14366.5
14329.8
14282.4
14221.4
14143.2
14043
13914.1
13747.6
13531.1
13249.6
12883.1
12414.2
11820.5
11110.2
10270.7
9489.68
8531.82
8065.37
8000.55
8032.1
8167.2
8359.49
8590.75
8841.76
9104.2
9369.71
9623.51
9856.31
10073.9
10275.9
10449.1
10595
10738.7
10862.8
10911.8
10994
11264.4
11602.6
11944.2
12303.5
12693.2
13080.3
13530.8
14078.3
14542.1
14863.3
15103.7
15391.3
15795.3
16278.1
16775
17282.1
17826.3
18418.1
19042.3
19684.6
20337.5
21006.2
21685.1
22353.9
22996.5
23613.6
24204
24766.8
25302.7
25810.4
26286.4
26728.3
27145.7
27540.6
27909.4
28247.2
28549.6
28810.6
29030.3
29223.7
29408.9
29585.5
29740.7
29874.2
30001.4
30131.9
30256.8
30362.5
30455.6
30554.8
30662.3
30761.5
30842.7
30918.3
31004.2
31091.8
31157.9
31205
31262.7
31343.7
31420.8
31463.7
31487.2
31527.6
31591.9
31662.3
31725.6
31779.9
31826
31865.1
31898.7
31931.3
31970.6
32016
32052
32069.1
32084.8
32125.7
32185.1
32231.9
32263
32311.1
32404.3
32541.9
32714.4
32922.9
33173.6
33476.3
33838.9
34300.3
34973.1
36011.2
37501.8
39406.7
42111.8
45564.9
39436.3
20321.2
8050.24
5809.9
5548.67
5540.89
5571.84
5643.02
5675.99
5680.94
5695.97
5792.32
5979.7
6205.74
6480.9
6789.49
7106.16
7406.01
7676.42
7907.57
8099.79
8258.71
8393.9
8515.68
8629.77
8735.35
8830.46
8919.41
9010.67
9101.5
9183.49
9261.16
9341.97
9421.32
9493.53
9555.09
9610.97
9665.18
9724.73
9782.82
9826.46
9853.31
9881.69
9914.48
9952.51
9995.08
10040
10091.8
10160
10247.5
10352
10472.7
10603.3
10724.3
10820.5
10903.9
10940.7
10917.2
10900.3
10914.4
10949.3
11008.5
11131.9
11211.8
11200.6
11225.3
11234.8
11291.2
11340.8
11424.5
11471.2
11483
11500.3
11577.7
11586.8
11609.3
11636.5
11642.3
11647.6
11651.6
11653.8
11653.8
11652.1
11652.1
11658.9
11675.2
11692.6
11690.6
11662.5
11668.3
11658
11663.2
11672
11662.9
11644.4
11639.6
11606.9
11613.9
11593.7
11579.2
11562.7
11545.5
11527.3
11508.2
11488.3
11467.6
11446.3
11424.4
11401.9
11379
11355.5
11331.6
11307.2
11282.3
11257
11231.2
11204.7
11177.2
11148
11116.9
11089.1
11079.4
11103.4
11057.2
11047.3
10991.4
10787.5
10634.1
10991.1
11083.7
10954.4
10845.7
10973.8
10966.6
10888.2
10907.8
10931.9
10886.1
10773.7
10844.7
10874.6
10789.5
10748
10750.5
10783.4
10759.5
10618
10620.7
10751.4
10757
10691.5
10703.7
10782.3
10868.7
10913.4
10934.4
10948
10962.2
10971.7
10985.1
10991.8
11015.9
11037.5
11092.6
11212.6
12089.8
10958
10796.7
10541.1
10307.2
10109.5
9958.41
9855.87
9797.14
9774.06
9778
9801.26
9837.57
9882.15
9931.54
9983.11
10035
10085.9
10134.9
10181.6
10225.5
10266.5
10304.5
10339.5
10371.6
10401
10427.7
10452.1
10474.1
10494.1
10512.1
10528.3
10542.8
10555.8
10567.5
10578
10587.3
10595.5
10602.9
10609.4
10615.1
10620.2
10624.6
10628.5
10631.9
10634.8
10637.3
10639.4
10641.1
10642.4
10643.4
10644.2
10644.7
10644.9
10645
10644.8
10644.5
10643.9
10643.3
10642.5
10641.5
10640.4
10639.3
10638
10636.6
10635.1
10633.6
10632
10630.2
10628.5
10626.6
10624.8
10622.8
10620.8
10618.8
10616.8
10614.7
10612.6
10610.4
10608.3
10606.1
10603.9
10601.6
10599.4
10597.1
10594.9
10592.6
10590.3
10588
10585.6
10583.3
10581
10578.7
10576.3
10574
10571.6
10569.3
10567
10564.6
10562.3
10560
10557.7
10555.4
10553.1
10550.8
10548.6
10546.3
10544.1
10541.9
10539.7
10537.5
10535.3
10533.1
10531
10528.9
10526.8
10524.7
10522.6
10520.5
10518.5
10516.4
10514.4
10512.4
10510.5
10508.5
10506.6
10504.6
10502.7
10500.8
10498.9
10497.1
10495.2
10493.4
10491.5
10489.7
10487.9
10486.1
10484.4
10482.6
10480.9
10479.1
10477.4
10475.7
10474
10472.4
10470.7
10469.1
10467.4
10465.8
10464.2
10462.6
10461
10459.4
10457.9
10456.3
10454.8
10453.2
10451.7
10450.2
10448.7
10447.2
10445.8
10444.3
10442.9
10441.4
10440
10438.6
10437.1
10435.7
10434.3
10433
10431.6
10430.2
10428.8
10427.5
10426.2
10424.8
10423.5
10422.2
10420.9
10419.6
10418.3
10417
10415.7
10414.4
10413.2
10411.9
10410.7
10409.4
10408.2
10407
10405.8
10404.6
10403.4
10402.2
10401
10399.8
10398.7
10397.5
10396.4
10395.2
10394.1
10393
10391.8
10390.7
10389.6
10388.5
10387.4
10386.3
10385.2
10384.2
10383.1
10382
10381
10379.9
10378.9
10377.8
10376.8
10375.8
10374.8
10373.7
10372.7
10371.7
10370.7
10369.8
10368.8
10367.8
10366.8
10365.9
10364.9
10363.9
10363
10362.1
10361.1
10360.2
10359.2
10358.2
10357.6
10355.1
10361.5
10382.3
10406.9
10432.4
10458.2
10484.3
10510.5
10536.8
10563.2
10589.8
10616.4
10643.1
10669.9
10696.8
10723.7
10751
10779
10807.9
10837.7
10868.3
10899.9
10932.4
10965.7
10999.9
11034.7
11070.3
11106.6
11143.4
11180.8
11218.7
11257
11295.6
11334.5
11373.6
11412.8
11452
11491.2
11530.1
11568.9
11607.4
11645.4
11683
11720.1
11756.6
11792.3
11827.4
11861.6
11894.9
11927.3
11958.8
11989.4
12018.9
12047.7
12076.2
12104.6
12132.9
12161
12189
12216.9
12244.6
12272.1
12299.3
12326.4
12353.2
12379.7
12405.9
12431.7
12457.2
12482.2
12506.8
12530.9
12554.4
12577.3
12599.6
12621.1
12641.8
12661.5
12680.2
12697.7
12713.9
12728.6
12741.5
12752.3
12760.8
12766.4
12768.6
12766.4
12758.9
12744.6
12721.4
12686.6
12636
12564.2
12463.3
12322.5
12127.3
11858.3
11495.6
11013.5
10410.6
9666.85
8931.36
8021.68
7512.46
7379.48
7359.56
7436.56
7567.77
7733.86
7916.47
8106.77
8297.11
8475.42
8633.68
8776
8902.84
9004.75
9082.72
9155.73
9212.51
9212.14
9231.06
9384.23
9589.76
9800.09
10025
10274.4
10524.6
10820.1
11186.9
11500.5
11716.9
11876.8
12069.1
12343.1
12673.6
13015.3
13364.8
13742.8
14159.9
14607.8
15076.8
15564.1
16073
16599.6
17130.8
17654.5
18167.7
18669.5
19155.7
19622.7
20071.4
20500.5
20908.4
21297.5
21670.1
22024.2
22356
22661.2
22938.7
23186.4
23414.1
23634.3
23845.2
24035.4
24204.6
24365.8
24527.7
24683.4
24821.4
24946.8
25075
25208.5
25333.7
25442.2
25544.4
25653.9
25764.1
25856.1
25931.4
26014.1
26115.2
26212.7
26281.3
26333
26397.8
26481.3
26569.2
26651.1
26725.6
26794
26857.4
26916.8
26975.5
27039.6
27108.5
27169.8
27215.7
27261
27327.3
27409.5
27482
27542.7
27618.8
27734.1
27888.2
28074.5
28295.8
28559.9
28878.1
29259.8
29741.9
30424.4
31443.9
32896.8
34819
37774.5
42350.4
39455.5
22227.6
8139.99
5008.15
4542.95
4510.97
4536.23
4604.08
4652.34
4684.95
4730.45
4851.24
5055.83
5297.31
5576.79
5876.94
6175.62
6451.4
6693.3
6894.69
7058.56
7192.09
7304.79
7405.59
7498.97
7584.36
7660.95
7732.86
7806.57
7879.46
7945.28
8008.11
8073.53
8137.42
8195.38
8244.74
8290.03
8333.96
8383.47
8431.91
8468.05
8490.42
8515.87
8545.69
8580.68
8620.25
8663.1
8712.9
8777.08
8857.23
8951.13
9057.8
9171.45
9274.39
9352.82
9420.35
9449.68
9429.49
9418.08
9433.79
9467.96
9519.83
9624.31
9690.72
9683.77
9709.88
9721.42
9772.86
9813.22
9879.78
9915.46
9927.97
9948.81
10010.4
10019.7
10039.6
10061.7
10072.4
10080.6
10087.7
10093.5
10097.8
10101.5
10107.2
10118
10133.1
10141.5
10128.6
10118
10128.8
10127.3
10137.9
10147.8
10148.2
10135.1
10131.2
10113.7
10122.5
10108.5
10099.8
10089.2
10078
10065.9
10053
10039.3
10025
10010
9994.49
9978.46
9961.95
9944.95
9927.5
9909.6
9891.25
9872.45
9853.14
9833.21
9812.32
9790.05
9766.6
9747.42
9745.91
9767.84
9720.8
9698.16
9654.29
9473.19
9372.44
9685.88
9750.34
9626.78
9549.03
9656.59
9639.16
9573.38
9591.91
9613.65
9564.47
9477.87
9537.08
9553.98
9483.49
9448.75
9449.2
9478.81
9450.24
9339.57
9342.15
9435.01
9441.54
9390.04
9402.69
9452.8
9504.99
9534.56
9549.95
9559.65
9569.37
9575.61
9584.68
9589.56
9607.67
9628.37
9672.31
9782.11
10527.4
9635.28
9494.38
9276.41
9081.96
8915.27
8780.37
8679.29
8610.66
8570.54
8553.86
8555.54
8570.96
8596.29
8628.5
8665.16
8704.43
8744.88
8785.47
8825.45
8864.28
8901.57
8937.07
8970.62
9002.15
9031.63
9059.09
9084.6
9108.24
9130.1
9150.26
9168.8
9185.82
9201.44
9215.75
9228.85
9240.83
9251.76
9261.72
9270.81
9279.08
9286.61
9293.45
9299.68
9305.33
9310.45
9315.06
9319.22
9322.93
9326.25
9329.19
9331.79
9334.07
9336.05
9337.76
9339.21
9340.43
9341.43
9342.23
9342.84
9343.28
9343.55
9343.67
9343.65
9343.49
9343.21
9342.8
9342.29
9341.66
9340.94
9340.13
9339.24
9338.27
9337.22
9336.11
9334.94
9333.71
9332.43
9331.09
9329.71
9328.28
9326.8
9325.29
9323.74
9322.15
9320.53
9318.88
9317.19
9315.48
9313.75
9311.99
9310.21
9308.41
9306.6
9304.76
9302.92
9301.06
9299.19
9297.31
9295.42
9293.54
9291.65
9289.75
9287.86
9285.98
9284.09
9282.21
9280.33
9278.45
9276.59
9274.73
9272.87
9271.03
9269.19
9267.37
9265.55
9263.74
9261.95
9260.16
9258.38
9256.62
9254.87
9253.13
9251.4
9249.68
9247.97
9246.28
9244.6
9242.93
9241.27
9239.62
9237.98
9236.36
9234.74
9233.14
9231.55
9229.97
9228.4
9226.84
9225.3
9223.76
9222.24
9220.72
9219.22
9217.73
9216.25
9214.78
9213.32
9211.88
9210.44
9209.02
9207.6
9206.2
9204.81
9203.43
9202.06
9200.7
9199.35
9198.01
9196.69
9195.37
9194.06
9192.77
9191.48
9190.2
9188.93
9187.67
9186.42
9185.18
9183.95
9182.73
9181.52
9180.32
9179.12
9177.94
9176.77
9175.6
9174.44
9173.3
9172.16
9171.03
9169.91
9168.8
9167.7
9166.61
9165.53
9164.46
9163.4
9162.35
9161.31
9160.28
9159.25
9158.24
9157.24
9156.25
9155.27
9154.3
9153.34
9152.39
9151.45
9150.52
9149.6
9148.69
9147.8
9146.91
9146.03
9145.17
9144.31
9143.47
9142.63
9141.81
9141
9140.21
9139.42
9138.64
9137.88
9137.13
9136.4
9135.67
9134.96
9134.26
9133.58
9132.91
9132.25
9131.61
9130.98
9130.37
9129.77
9129.19
9128.62
9128.06
9127.53
9127
9126.49
9126
9125.52
9125
9124.79
9123.04
9128.6
9145.9
9166.22
9187.27
9208.61
9230.14
9251.8
9273.59
9295.5
9317.51
9339.62
9361.83
9384.12
9406.5
9428.91
9451.65
9475.07
9499.27
9524.27
9550.06
9576.64
9604.01
9632.15
9661
9690.53
9720.7
9751.46
9782.77
9814.57
9846.83
9879.48
9912.46
9945.7
9979.14
10012.7
10046.4
10080
10113.5
10146.9
10180.1
10213
10245.6
10277.7
10309.5
10340.6
10371.3
10401.3
10430.6
10459.2
10487.1
10514.3
10540.8
10566.7
10592.5
10618.3
10644.1
10670
10695.9
10721.9
10747.8
10773.8
10799.9
10825.9
10851.9
10878
10904
10930
10956
10982
11007.9
11033.8
11059.6
11085.4
11111
11136.5
11161.9
11187
11212
11236.7
11261.1
11285.2
11308.7
11331.7
11353.9
11375.1
11394.9
11412.9
11428.5
11440.5
11447.6
11447.8
11437.8
11413.2
11367.3
11290.7
11170.1
10987
10720.5
10342.4
9843.2
9195.86
8512.92
7664.12
7128.91
6937.89
6874.01
6903.86
6986.37
7101.2
7230.58
7365.18
7497.92
7618.87
7721.12
7807.53
7879.17
7929.38
7958.77
7981.96
7991.83
7957.75
7933.97
8008.29
8124.49
8246.39
8380.45
8534.38
8690.77
8880.48
9123.1
9330.98
9471.24
9571.04
9693.26
9873.76
10095.4
10325.8
10561.8
10818.3
11104.3
11415.3
11745.2
12093.6
12463.6
12852.7
13252.7
13655.5
14058.2
14459.4
14856.9
15247.7
15630.2
16002.4
16363
16708.9
17042
17361.9
17666.6
17952.8
18216.8
18458.4
18685.9
18907.9
19121.7
19318.4
19498.5
19672.6
19847.8
20017.5
20171.9
20315.2
20459.8
20607.6
20747.3
20872.5
20992.2
21117.7
21243.9
21354.8
21451.3
21553
21669.6
21783
21872.1
21946.3
22030.4
22129.6
22232.6
22330.9
22423.3
22510.5
22593.7
22673.8
22753.5
22837.8
22926.3
23008.8
23078.8
23148.7
23236.4
23337.9
23432
23517
23616.1
23749
23916.4
24113.3
24343.2
24614.2
24937.8
25324.7
25809.3
26480.8
27460.9
28845.1
30699.2
33671.6
38929.5
38804.4
24654
9039.36
4543.7
3844.48
3770.36
3785.67
3847.57
3904.28
3954.79
4021.2
4156.96
4369.15
4615.35
4890.2
5175.81
5452.58
5702.08
5915.19
6088.16
6225.94
6336.61
6429.28
6511.59
6587.08
6655.48
6716.73
6774.54
6833.88
6892.35
6945.28
6996.21
7049.3
7100.99
7147.97
7188.06
7225.34
7261.04
7302.36
7343.4
7374.32
7393.62
7416.97
7444.52
7477.06
7514.15
7554.98
7602.56
7662.54
7735.66
7819.57
7913.25
8011.92
8099.89
8163.9
8219.11
8244
8227.92
8221.22
8237.81
8270.76
8315.59
8403.45
8459.56
8457.11
8483.71
8497.24
8543.86
8577.61
8629.78
8654.94
8663.61
8693.02
8737.56
8746.58
8765.34
8778.81
8795.48
8805.82
8815.26
8823.83
8831.49
8839.22
8849.09
8862.79
8877.8
8884.8
8880.75
8876.38
8890.95
8895.66
8910.27
8921.8
8921.09
8915.27
8900.45
8893.3
8901.84
8892.14
8887.31
8880.6
8873.37
8865.31
8856.58
8847.15
8837.14
8826.56
8815.48
8803.91
8791.9
8779.44
8766.55
8753.23
8739.49
8725.33
8710.7
8695.48
8679.42
8662.25
8644.56
8631.74
8634.88
8653.12
8607.01
8577.48
8541.89
8387.5
8340.51
8590.85
8635.3
8522.63
8467.22
8555.74
8532.91
8478.35
8494.59
8512.87
8464.76
8397.7
8445.64
8453.96
8395.76
8366.53
8365.55
8390.67
8361.89
8275.22
8276.26
8341.61
8347.46
8307.39
8318.45
8350.44
8379.93
8397.91
8408.47
8415.14
8421.52
8425.33
8431.16
8434.59
8448.16
8467.48
8502.93
8602.49
9232.78
8511.46
8358.94
8170.58
8016.07
7883.78
7772.36
7683.04
7616.03
7569.95
7542.33
7530.23
7530.68
7540.95
7558.71
7581.97
7609.15
7638.89
7670.19
7702.24
7734.4
7766.21
7797.31
7827.41
7856.35
7883.98
7910.25
7935.12
7958.58
7980.66
8001.38
8020.78
8038.9
8055.8
8071.54
8086.19
8099.81
8112.44
8124.16
8135.03
8145.09
8154.41
8163.03
8171.01
8178.4
8185.23
8191.53
8197.35
8202.69
8207.61
8212.12
8216.25
8220.02
8223.46
8226.59
8229.43
8232
8234.32
8236.4
8238.26
8239.91
8241.36
8242.63
8243.72
8244.65
8245.43
8246.06
8246.55
8246.91
8247.15
8247.27
8247.28
8247.19
8247.01
8246.73
8246.37
8245.93
8245.42
8244.83
8244.17
8243.45
8242.66
8241.81
8240.91
8239.96
8238.95
8237.9
8236.8
8235.65
8234.47
8233.25
8231.99
8230.7
8229.38
8228.03
8226.66
8225.26
8223.84
8222.39
8220.94
8219.46
8217.97
8216.48
8214.97
8213.45
8211.93
8210.4
8208.87
8207.33
8205.79
8204.25
8202.71
8201.17
8199.63
8198.1
8196.57
8195.04
8193.51
8191.99
8190.48
8188.97
8187.47
8185.97
8184.48
8183
8181.53
8180.06
8178.6
8177.15
8175.71
8174.27
8172.84
8171.42
8170.01
8168.61
8167.21
8165.83
8164.45
8163.07
8161.71
8160.36
8159.01
8157.68
8156.35
8155.03
8153.72
8152.42
8151.13
8149.85
8148.57
8147.31
8146.06
8144.81
8143.58
8142.35
8141.14
8139.93
8138.74
8137.55
8136.37
8135.2
8134.04
8132.89
8131.75
8130.62
8129.5
8128.38
8127.28
8126.18
8125.1
8124.02
8122.95
8121.89
8120.84
8119.8
8118.77
8117.75
8116.74
8115.74
8114.75
8113.76
8112.79
8111.83
8110.88
8109.94
8109
8108.08
8107.18
8106.28
8105.39
8104.51
8103.65
8102.79
8101.95
8101.12
8100.3
8099.5
8098.7
8097.92
8097.15
8096.39
8095.64
8094.91
8094.19
8093.48
8092.79
8092.11
8091.44
8090.79
8090.15
8089.53
8088.92
8088.33
8087.75
8087.19
8086.65
8086.12
8085.61
8085.11
8084.64
8084.18
8083.74
8083.32
8082.92
8082.54
8082.18
8081.83
8081.52
8081.22
8080.94
8080.69
8080.46
8080.25
8080.06
8079.9
8079.77
8079.6
8079.71
8078.56
8083.4
8097.85
8114.78
8132.31
8150.07
8167.99
8186.05
8204.22
8222.5
8240.9
8259.4
8277.99
8296.68
8315.47
8334.3
8353.43
8373.17
8393.61
8414.77
8436.64
8459.21
8482.5
8506.47
8531.09
8556.32
8582.13
8608.48
8635.34
8662.65
8690.38
8718.5
8746.93
8775.61
8804.51
8833.56
8862.72
8891.91
8921.05
8950.12
8979.09
9007.81
9036.3
9064.53
9092.41
9119.9
9146.97
9173.57
9199.63
9225.26
9250.24
9274.78
9298.67
9322.26
9345.84
9369.53
9393.37
9417.38
9441.54
9465.89
9490.41
9515.12
9540.03
9565.13
9590.45
9615.97
9641.72
9667.71
9693.94
9720.42
9747.18
9774.22
9801.55
9829.21
9857.21
9885.55
9914.29
9943.42
9972.99
10003
10033.5
10064.6
10096.2
10128.3
10161
10194.3
10227.9
10261.8
10295.4
10328.4
10360
10388.6
10412
10426.4
10426.5
10404.1
10347.5
10239.4
10059
9775.8
9375.58
8824.13
8200.87
7422.82
6878.38
6639.75
6537.84
6528.55
6571.27
6644.71
6731.44
6821.69
6908.79
6984.61
7043.1
7086.36
7115.85
7126.94
7120.08
7106.73
7082.59
7024.35
6970.8
6990.52
7045.04
7106.21
7178.06
7266.41
7358.37
7475.66
7633.18
7767.75
7854.25
7911.08
7983.74
8098.74
8244.31
8397
8553.66
8724.97
8917.75
9129.51
9356.38
9598.91
9859.8
10137.7
10427.7
10724.5
11026.1
11331.4
11639.3
11947.9
12255.6
12560
12860
13154
13441.8
13722.2
13993
14251.7
14492.2
14714.8
14927
15135.8
15338.5
15528.2
15705.2
15877.3
16048.6
16214
16367.2
16512.1
16658
16805.2
16944.8
17073.9
17199.6
17330.4
17461.7
17580.3
17687.1
17798.3
17921.5
18041.8
18142.2
18230.1
18326.2
18435.2
18547.9
18657.1
18761.4
18861.5
18958.1
19052.3
19146.5
19245.1
19347.9
19446.3
19534.7
19623.2
19727.2
19843.3
19954
20058
20174.7
20321
20498.1
20702.6
20938
21212.1
21536
21920.6
22397.4
23046.5
23976.3
25277.3
27022.1
29854.7
35372.7
37722.9
27052.2
10790.4
4388.39
3371.71
3233.04
3233.15
3286.69
3346.94
3408.82
3489.53
3634.08
3848.05
4092.71
4358.15
4626.53
4880.36
5103.89
5289.9
5437.11
5551.92
5642.8
5718.26
5784.8
5845.33
5899.8
5948.6
5994.99
6042.77
6089.84
6132.61
6174.1
6217.44
6259.59
6298.18
6331.23
6362.57
6391.78
6426.46
6461.78
6489.15
6506.45
6528.33
6554.15
6584.72
6619.72
6658.62
6703.84
6759.68
6826.23
6901.07
6983.09
7068.62
7144.32
7197
7242.65
7264.92
7253.37
7250.77
7267.61
7299.06
7338.09
7411.27
7458.58
7461.63
7487.23
7503.38
7544.91
7575
7615.31
7631.08
7639.04
7673.64
7708.76
7717.89
7737.34
7754.37
7769.84
7781.63
7792.58
7802.98
7812.96
7823.51
7836.16
7851.59
7866.68
7873.79
7870.82
7876.09
7892.12
7900.4
7915.89
7923.86
7912.55
7909.11
7891.81
7891.28
7898.83
7892.2
7889.79
7885.64
7881.08
7875.74
7869.83
7863.29
7856.24
7848.67
7840.66
7832.21
7823.34
7814.06
7804.39
7794.33
7783.87
7773.03
7761.75
7749.95
7737.41
7724.04
7710.7
7702.43
7707.86
7721.65
7677.51
7645.07
7615.4
7487.25
7473.29
7672.86
7702.47
7602.89
7563.27
7634.87
7610.11
7565.07
7578.46
7593.04
7548.45
7496.04
7533.92
7536.7
7488.63
7463.85
7461.84
7482.23
7455.46
7387.29
7386.53
7431.96
7436.41
7405.29
7414.02
7434.48
7449.3
7458.68
7465.18
7469.4
7473.28
7475.24
7478.67
7480.92
7491.06
7508.7
7537.7
7627.53
8158.97
7426.18
7319.96
7185.1
7074.91
6979.4
6895.86
6824.99
6767.74
6724.23
6693.76
6675.04
6666.47
6666.42
6673.32
6685.77
6702.51
6722.5
6744.83
6768.77
6793.72
6819.2
6844.8
6870.22
6895.22
6919.59
6943.22
6965.99
6987.85
7008.76
7028.7
7047.65
7065.61
7082.61
7098.67
7113.82
7128.08
7141.5
7154.1
7165.94
7177.04
7187.45
7197.2
7206.34
7214.9
7222.92
7230.42
7237.43
7243.98
7250.1
7255.8
7261.11
7266.06
7270.65
7274.92
7278.88
7282.56
7285.95
7289.1
7292
7294.67
7297.12
7299.37
7301.42
7303.29
7304.99
7306.52
7307.89
7309.11
7310.19
7311.14
7311.96
7312.65
7313.24
7313.71
7314.09
7314.36
7314.55
7314.64
7314.65
7314.57
7314.41
7314.18
7313.88
7313.51
7313.07
7312.57
7312.02
7311.4
7310.73
7310.01
7309.24
7308.43
7307.58
7306.69
7305.76
7304.8
7303.8
7302.78
7301.72
7300.64
7299.54
7298.42
7297.28
7296.12
7294.95
7293.76
7292.56
7291.35
7290.13
7288.9
7287.66
7286.42
7285.17
7283.92
7282.67
7281.41
7280.15
7278.89
7277.63
7276.37
7275.11
7273.85
7272.59
7271.34
7270.09
7268.84
7267.6
7266.36
7265.12
7263.89
7262.66
7261.44
7260.22
7259.01
7257.8
7256.6
7255.4
7254.21
7253.02
7251.84
7250.66
7249.49
7248.33
7247.17
7246.03
7244.88
7243.75
7242.62
7241.5
7240.39
7239.29
7238.19
7237.1
7236.02
7234.95
7233.88
7232.83
7231.78
7230.74
7229.7
7228.68
7227.66
7226.66
7225.66
7224.67
7223.68
7222.71
7221.74
7220.78
7219.83
7218.89
7217.96
7217.04
7216.12
7215.22
7214.32
7213.44
7212.56
7211.69
7210.84
7209.99
7209.15
7208.33
7207.51
7206.71
7205.91
7205.13
7204.36
7203.6
7202.85
7202.12
7201.39
7200.68
7199.98
7199.29
7198.62
7197.96
7197.31
7196.68
7196.05
7195.45
7194.85
7194.27
7193.71
7193.16
7192.63
7192.11
7191.61
7191.12
7190.65
7190.2
7189.77
7189.35
7188.95
7188.57
7188.22
7187.88
7187.56
7187.26
7186.98
7186.73
7186.49
7186.28
7186.1
7185.94
7185.8
7185.69
7185.6
7185.54
7185.51
7185.51
7185.53
7185.58
7185.66
7185.78
7185.88
7186.22
7185.52
7189.77
7202
7216.28
7231.06
7246.03
7261.14
7276.37
7291.71
7307.16
7322.73
7338.39
7354.16
7370.02
7385.99
7402.01
7418.32
7435.18
7452.67
7470.81
7489.59
7509.01
7529.08
7549.76
7571.03
7592.86
7615.22
7638.08
7661.4
7685.15
7709.3
7733.8
7758.62
7783.69
7808.98
7834.43
7860.02
7885.68
7911.33
7936.96
7962.56
7987.97
8013.24
8038.33
8063.16
8087.72
8111.97
8135.87
8159.38
8182.57
8205.27
8227.66
8249.57
8271.29
8293.11
8315.12
8337.36
8359.86
8382.61
8405.65
8428.97
8452.6
8476.55
8500.84
8525.47
8550.48
8575.88
8601.7
8627.95
8654.68
8681.9
8709.66
8737.99
8766.95
8796.56
8826.9
8858.02
8889.99
8922.9
8956.84
8991.91
9028.25
9065.96
9105.16
9145.96
9188.65
9233.27
9279.75
9327.96
9377.7
9428.66
9479.96
9529.99
9576.08
9614
9636.97
9634.93
9592.05
9488.56
9292.52
8986.38
8527.38
7970.16
7269.44
6731.57
6456.31
6321.58
6279.11
6288.44
6327.41
6378.77
6432.33
6481.82
6520.58
6543.33
6551.73
6547.55
6527.61
6492.36
6450.96
6401.01
6324.45
6249.22
6230.28
6241.12
6259.6
6287.99
6330.66
6377.8
6445.01
6543.75
6627.38
6676.26
6703.12
6741.2
6810.78
6903.68
7002.56
7104.64
7217.3
7345.62
7488.09
7642.14
7808.42
7989.13
8183.94
8389.34
8602.11
8821.15
9045.72
9275.22
9508.84
9745.28
9982.81
10220.3
10457.1
10692.6
10925.5
11153.6
11374.8
11584.7
11782.3
11972.5
12161.4
12346.9
12523
12689.5
12851.8
13012.5
13167.8
13313
13452
13591.9
13732.7
13867
13992.4
14115
14241.3
14366.7
14481.8
14588.7
14700.2
14820.1
14937
15038.7
15131.5
15231.8
15342.9
15457.2
15568.6
15676.2
15780.4
15882.2
15982.6
16083.8
16189.4
16299.4
16406.6
16505.9
16605.7
16719
16843.5
16964.4
17080.7
17208.6
17362.9
17545
17753
17990.1
18263.5
18583.7
18961.2
19424.8
20045.8
20921
22134.2
23757.1
26368.6
31797.6
36177.4
28994.1
12872.8
4572.25
3076.83
2844.13
2822.22
2864.95
2925.07
2993.78
3084.12
3233.34
3445.57
3685.08
3938.75
4189.1
4420.52
4619.66
4781.15
4905.8
5000.92
5075.1
5136.13
5189.58
5237.86
5281.12
5319.99
5357.26
5395.89
5434.04
5468.88
5502.98
5538.71
5573.44
5605.68
5633.38
5660.39
5684.65
5713.98
5744.77
5769.75
5785.86
5806.74
5831.28
5860.26
5893.46
5930.53
5973.36
6025.25
6085.85
6152.67
6224.48
6298.57
6364.19
6408.37
6446.6
6467.06
6460.33
6461.43
6478.1
6507.64
6542.91
6603.13
6641.03
6651.87
6673.96
6694.66
6729.72
6759.87
6790.93
6805.02
6819.21
6850.08
6884.83
6894.94
6913.62
6930.91
6944.82
6957.28
6968.92
6980.27
6991.55
7003.63
7017.58
7033.26
7047.01
7050.95
7042.58
7053.59
7069.28
7078.94
7092.72
7095.94
7081.21
7078.41
7062.36
7065.63
7072.02
7067.58
7066.69
7064.24
7061.42
7057.92
7053.91
7049.35
7044.33
7038.85
7032.97
7026.69
7020.04
7013.01
7005.62
6997.87
6989.77
6981.31
6972.45
6963.13
6953.2
6942.68
6932.6
6927.51
6933.71
6943.2
6901.61
6868.78
6843.61
6739.1
6744.94
6903.49
6922.48
6836.29
6807.67
6864.69
6840.23
6803.02
6813.5
6824.56
6784.6
6743.13
6772.4
6771.69
6731.87
6710.64
6707.9
6723.83
6699.98
6646.01
6643.65
6674.74
6677.54
6653.26
6659.57
6672.61
6678.22
6681.43
6684.6
6686.83
6688.8
6689.36
6690.99
6692.26
6699.8
6715.64
6739.69
6820.61
7268.14
6412.41
6367
6299.64
6238.47
6181.14
6127.29
6078.23
6035.52
6000.22
5972.79
5953.1
5940.66
5934.73
5934.47
5939.05
5947.64
5959.51
5973.97
5990.44
6008.42
6027.47
6047.24
6067.4
6087.72
6107.98
6128.01
6147.68
6166.9
6185.57
6203.65
6221.09
6237.87
6253.95
6269.34
6284.04
6298.05
6311.39
6324.06
6336.09
6347.5
6358.31
6368.55
6378.24
6387.41
6396.07
6404.27
6412.01
6419.31
6426.2
6432.7
6438.82
6444.58
6450.01
6455.11
6459.9
6464.4
6468.62
6472.58
6476.29
6479.77
6483.02
6486.06
6488.89
6491.53
6493.98
6496.26
6498.36
6500.31
6502.11
6503.75
6505.26
6506.64
6507.89
6509.02
6510.03
6510.93
6511.73
6512.43
6513.02
6513.52
6513.93
6514.25
6514.48
6514.64
6514.72
6514.73
6514.66
6514.53
6514.33
6514.08
6513.76
6513.39
6512.98
6512.51
6512
6511.44
6510.84
6510.21
6509.53
6508.83
6508.09
6507.33
6506.54
6505.72
6504.88
6504.02
6503.14
6502.24
6501.32
6500.39
6499.45
6498.49
6497.52
6496.54
6495.55
6494.55
6493.55
6492.54
6491.52
6490.5
6489.48
6488.45
6487.42
6486.39
6485.36
6484.32
6483.29
6482.25
6481.22
6480.18
6479.15
6478.11
6477.08
6476.05
6475.02
6473.99
6472.97
6471.95
6470.93
6469.91
6468.9
6467.89
6466.89
6465.89
6464.89
6463.9
6462.92
6461.93
6460.96
6459.99
6459.03
6458.07
6457.12
6456.17
6455.23
6454.3
6453.37
6452.45
6451.54
6450.63
6449.73
6448.84
6447.96
6447.08
6446.21
6445.34
6444.48
6443.63
6442.79
6441.96
6441.13
6440.31
6439.5
6438.7
6437.91
6437.12
6436.35
6435.58
6434.83
6434.08
6433.34
6432.61
6431.9
6431.19
6430.49
6429.81
6429.13
6428.47
6427.82
6427.18
6426.55
6425.93
6425.33
6424.74
6424.16
6423.6
6423.04
6422.51
6421.98
6421.47
6420.97
6420.49
6420.03
6419.58
6419.14
6418.72
6418.32
6417.94
6417.57
6417.22
6416.89
6416.58
6416.28
6416.01
6415.76
6415.53
6415.32
6415.13
6414.97
6414.82
6414.71
6414.61
6414.55
6414.5
6414.49
6414.5
6414.54
6414.61
6414.71
6414.84
6415
6415.19
6415.41
6415.67
6415.96
6416.25
6416.75
6416.38
6420.19
6430.7
6442.96
6455.64
6468.49
6481.47
6494.55
6507.74
6521.04
6534.44
6547.95
6561.56
6575.27
6589.08
6602.96
6617.11
6631.76
6646.99
6662.8
6679.21
6696.19
6713.76
6731.89
6750.57
6769.75
6789.43
6809.57
6830.14
6851.11
6872.46
6894.15
6916.14
6938.39
6960.85
6983.5
7006.29
7029.18
7052.1
7075.04
7098
7120.83
7143.58
7166.23
7188.68
7210.95
7233
7254.81
7276.32
7297.63
7318.56
7339.29
7359.66
7379.95
7400.39
7421.1
7442.1
7463.42
7485.06
7507.06
7529.43
7552.18
7575.34
7598.94
7622.99
7647.52
7672.57
7698.16
7724.34
7751.14
7778.6
7806.79
7835.76
7865.57
7896.3
7928.03
7960.85
7994.9
8030.31
8067.19
8105.74
8146.22
8188.78
8233.57
8280.78
8330.73
8383.66
8439.76
8499.11
8561.71
8627.41
8695.96
8766.53
8837.38
8905.44
8965.42
9009.03
9022.45
8987.48
8872.56
8656.79
8288.5
7802.58
7182.15
6663.8
6363.32
6200.77
6129.73
6110.24
6119.53
6140.37
6162.27
6179.4
6186.35
6178.47
6157.39
6125.04
6079.31
6020.71
5956.79
5886.37
5795.13
5703.55
5656.69
5635.97
5623.77
5621.22
5631.52
5647.02
5679.1
5736.74
5784.63
5807.09
5812.95
5827.1
5865.21
5921.59
5983.22
6047.68
6120.12
6204.29
6299.12
6402.73
6515.73
6639.84
6775.08
6918.92
7069.41
7225.8
7387.7
7554.9
7727.09
7903.47
8082.88
8264.46
8447.88
8632.9
8818.28
9002.19
9182.88
9357.2
9523.78
9686.01
9848.37
10009.6
10164.7
10313.2
10459.2
10605.3
10747.7
10882.2
11011.4
11141.7
11273.3
11400.2
11519
11635
11753.5
11870.9
11979.8
12082.5
12189.3
12303
12413.2
12510.8
12602.6
12701.2
12807.5
12915.5
13021.1
13124.1
13224.7
13324.3
13423.7
13524.6
13629.9
13739.5
13847
13948.7
14051.7
14166.9
14292.2
14415.8
14536.5
14668.3
14823.8
15004.9
15210.3
15443.3
15710.5
16021.8
16387.1
16832.7
17422
18241.2
19367
20869
23238.1
28344.4
33961.3
30205.1
15218.8
5212.1
2915.22
2570.21
2515.57
2544.74
2601.8
2674.01
2770.57
2921.68
3130.05
3362.39
3603.31
3835.92
4046.29
4223.24
4363.15
4468.47
4547.1
4607.43
4656.58
4699.34
4737.78
4772.16
4803.21
4833.29
4864.77
4896.04
4924.74
4953.1
4982.96
5011.98
5039.43
5063.02
5086.94
5107.6
5132.7
5159.8
5183.06
5198.64
5218.91
5242.51
5270.21
5301.87
5337.21
5377.72
5425.91
5481.22
5541.16
5604.26
5668.45
5725.62
5763.8
5796.45
5815.07
5813.36
5818.01
5834.48
5860.88
5895.34
5944.65
5975.83
5992.7
6013.8
6035.74
6069.08
6096.58
6124.97
6142.18
6155.99
6187.12
6214.3
6225.25
6241.82
6254.65
6267.7
6280.29
6292.11
6303.83
6315.66
6328.33
6342.43
6357.14
6368.44
6369.37
6361.31
6375.29
6389.78
6399.42
6410.38
6409.55
6394.61
6391.9
6378.6
6383.81
6389.13
6386.25
6386.31
6384.97
6383.33
6381.06
6378.35
6375.14
6371.52
6367.5
6363.11
6358.36
6353.27
6347.84
6342.08
6335.99
6329.58
6322.85
6315.76
6308.27
6300.26
6291.88
6284.23
6281.28
6287.35
6293.13
6254.38
6222.58
6201.01
6116.73
6133.54
6259.41
6270.99
6197.46
6176.35
6221.22
6198.27
6167.39
6175.15
6183.1
6148.03
6114.71
6136.85
6134.01
6100.83
6082.42
6079.14
6091.15
6070.38
6027.28
6023.67
6044.48
6045.68
6026.49
6030.63
6038.79
6038.82
6037.77
6038.28
6038.87
6039.36
6038.84
6039.13
6039.58
6045.15
6059.17
6079.39
6152.35
6529.53
5517.62
5520.62
5514.83
5500.39
5479.34
5454
5426.89
5400.27
5375.9
5354.93
5338.06
5325.51
5317.26
5313.06
5312.57
5315.35
5321
5329.09
5339.2
5350.97
5364.07
5378.19
5393.08
5408.52
5424.29
5440.24
5456.23
5472.14
5487.87
5503.34
5518.49
5533.28
5547.65
5561.58
5575.05
5588.04
5600.55
5612.57
5624.1
5635.15
5645.73
5655.84
5665.49
5674.71
5683.51
5691.89
5699.88
5707.49
5714.73
5721.62
5728.16
5734.38
5740.28
5745.88
5751.2
5756.23
5761
5765.52
5769.8
5773.85
5777.67
5781.29
5784.7
5787.91
5790.95
5793.8
5796.48
5799
5801.36
5803.57
5805.64
5807.57
5809.36
5811.03
5812.58
5814.01
5815.32
5816.53
5817.62
5818.61
5819.51
5820.3
5821.01
5821.62
5822.15
5822.6
5822.97
5823.27
5823.5
5823.65
5823.75
5823.78
5823.75
5823.67
5823.54
5823.35
5823.12
5822.84
5822.52
5822.16
5821.77
5821.33
5820.87
5820.37
5819.84
5819.29
5818.71
5818.1
5817.48
5816.83
5816.16
5815.47
5814.77
5814.05
5813.32
5812.57
5811.81
5811.04
5810.26
5809.47
5808.67
5807.87
5807.05
5806.23
5805.41
5804.58
5803.75
5802.91
5802.06
5801.22
5800.37
5799.52
5798.66
5797.81
5796.95
5796.09
5795.24
5794.38
5793.52
5792.66
5791.81
5790.95
5790.1
5789.25
5788.4
5787.55
5786.71
5785.87
5785.03
5784.2
5783.37
5782.54
5781.72
5780.9
5780.09
5779.28
5778.48
5777.68
5776.88
5776.09
5775.31
5774.53
5773.76
5772.99
5772.23
5771.48
5770.73
5769.99
5769.25
5768.52
5767.8
5767.08
5766.38
5765.68
5764.98
5764.3
5763.62
5762.96
5762.3
5761.65
5761.01
5760.37
5759.75
5759.14
5758.54
5757.95
5757.36
5756.79
5756.23
5755.69
5755.15
5754.63
5754.11
5753.61
5753.13
5752.65
5752.19
5751.74
5751.31
5750.89
5750.48
5750.09
5749.71
5749.35
5749.01
5748.68
5748.37
5748.08
5747.8
5747.55
5747.31
5747.09
5746.89
5746.71
5746.56
5746.42
5746.31
5746.22
5746.15
5746.11
5746.1
5746.1
5746.14
5746.2
5746.29
5746.41
5746.56
5746.74
5746.95
5747.19
5747.46
5747.77
5748.11
5748.49
5748.91
5749.32
5749.93
5749.8
5753.27
5762.52
5773.28
5784.42
5795.71
5807.12
5818.62
5830.23
5841.94
5853.75
5865.66
5877.68
5889.8
5902.02
5914.32
5926.87
5939.88
5953.42
5967.5
5982.12
5997.27
6012.96
6029.16
6045.87
6063.05
6080.68
6098.75
6117.22
6136.06
6155.27
6174.8
6194.63
6214.71
6235.01
6255.5
6276.14
6296.91
6317.74
6338.62
6359.55
6380.41
6401.24
6422.01
6442.66
6463.18
6483.56
6503.78
6523.79
6543.67
6563.27
6582.75
6601.98
6621.2
6640.62
6660.36
6680.43
6700.86
6721.66
6742.87
6764.51
6786.58
6809.13
6832.18
6855.76
6879.9
6904.64
6930.02
6956.08
6982.88
7010.49
7038.95
7068.35
7098.76
7130.3
7163.09
7197.21
7232.91
7270.34
7309.62
7350.92
7394.52
7440.66
7489.57
7541.48
7596.62
7655.4
7718.21
7785.41
7857.21
7933.73
8015.05
8100.94
8190.51
8281.79
8370.95
8451.56
8512.13
8536.67
8495.69
8366.25
8090.64
7681.17
7142.69
6654.13
6339.42
6154.03
6058.2
6013.17
5996.01
5989.44
5982.83
5970.96
5949.42
5914.16
5867.17
5810.31
5742.25
5663.7
5581.03
5493.8
5390.35
5286.08
5218.8
5175.06
5140.53
5115.63
5102.7
5095.54
5102.67
5131.17
5153.68
5157.4
5148.45
5145.91
5162.1
5193.01
5228.68
5267.02
5311.71
5365.52
5427.6
5496.5
5572.64
5657.41
5750.85
5851.15
5957
6067.88
6183.6
6304.11
6429.33
6558.81
6691.85
6827.83
6966.62
7108.17
7251.6
7395.49
7538.4
7678.02
7813.17
7946.18
8080.41
8214.92
8345.89
8472.66
8598.5
8725.32
8850.29
8969.66
9085.15
9201.79
9320.02
9435.13
9544.24
9651.18
9760.52
9869.5
9971.55
10068
10167.9
10274.3
10378
10470.5
10558.4
10652
10751.9
10852.9
10951.9
11048.8
11144.1
11238.6
11332.9
11428.7
11528.4
11631.4
11732.8
11830.4
11930.6
12041.4
12161
12280
12398.1
12527
12677.2
12850.4
13045.6
13266.8
13520.5
13815.8
14162.3
14583.8
15136.9
15898.5
16938.1
18324
20464.2
25121.3
31409
30485.9
17756.3
6363.56
2888.37
2387.63
2288.19
2300.44
2351.88
2424.99
2525.19
2676.29
2879.57
3103.7
3331.73
3547.51
3738.63
3895.87
4017.16
4106.22
4171.22
4220.24
4259.75
4293.93
4324.57
4352
4376.96
4401.45
4427.4
4453.4
4477.4
4501.36
4526.75
4551.38
4575.26
4595.67
4617.36
4635.65
4657.54
4681.49
4703.28
4718.86
4738.84
4761.78
4788.46
4818.79
4852.54
4890.85
4935.67
4986.36
5040.5
5096.42
5152.15
5201.87
5236.25
5265.11
5280.71
5284.13
5292.38
5309.22
5335.17
5367.8
5410.97
5442.21
5459.86
5483.68
5504.38
5537.68
5562.32
5588.46
5600.01
5612.11
5643.19
5661.96
5673.17
5687.48
5698.13
5710.69
5723.08
5734.77
5746.48
5758.39
5771.03
5784.57
5797.71
5806.38
5805.39
5799.61
5814.61
5827.57
5836.37
5844.35
5840.71
5827.02
5824.37
5814.09
5820.1
5824.52
5822.78
5823.42
5822.83
5821.96
5820.53
5818.71
5816.44
5813.8
5810.8
5807.47
5803.81
5799.84
5795.55
5790.97
5786.08
5780.9
5775.43
5769.64
5763.49
5756.93
5750.17
5744.32
5742.74
5748.2
5750.95
5715.16
5685.11
5666.48
5598.92
5621.06
5721.17
5727.68
5665.54
5649.43
5684.42
5663.55
5637.72
5643.08
5648.4
5617.98
5590.75
5607.13
5603.01
5575.14
5558.97
5555.29
5564
5546.06
5511.27
5506.78
5520.27
5520.05
5504.57
5506.88
5511.76
5508.53
5504.67
5503.12
5502.36
5501.7
5500.34
5499.62
5499.37
5503.43
5515.71
5532.93
5598.93
5917.75
4764.62
4801.51
4841.43
4863.68
4872.12
4870.56
4862.46
4850.61
4837.17
4823.74
4811.44
4800.97
4792.76
4786.98
4783.66
4782.7
4783.95
4787.2
4792.24
4798.83
4806.76
4815.82
4825.82
4836.56
4847.89
4859.67
4871.76
4884.06
4896.46
4908.88
4921.26
4933.52
4945.62
4957.5
4969.15
4980.53
4991.61
5002.39
5012.83
5022.95
5032.73
5042.17
5051.27
5060.04
5068.48
5076.59
5084.38
5091.86
5099.04
5105.92
5112.51
5118.82
5124.86
5130.63
5136.15
5141.42
5146.46
5151.26
5155.84
5160.21
5164.38
5168.35
5172.12
5175.72
5179.13
5182.37
5185.45
5188.38
5191.15
5193.77
5196.25
5198.59
5200.8
5202.88
5204.84
5206.68
5208.4
5210.01
5211.51
5212.9
5214.18
5215.37
5216.46
5217.45
5218.36
5219.19
5219.93
5220.59
5221.18
5221.69
5222.14
5222.52
5222.83
5223.09
5223.29
5223.44
5223.53
5223.58
5223.57
5223.53
5223.44
5223.3
5223.14
5222.93
5222.69
5222.42
5222.12
5221.78
5221.42
5221.04
5220.63
5220.2
5219.74
5219.27
5218.77
5218.26
5217.74
5217.19
5216.63
5216.06
5215.48
5214.88
5214.28
5213.66
5213.03
5212.4
5211.75
5211.1
5210.44
5209.78
5209.11
5208.43
5207.74
5207.06
5206.37
5205.67
5204.97
5204.27
5203.57
5202.86
5202.16
5201.45
5200.74
5200.03
5199.32
5198.61
5197.9
5197.19
5196.49
5195.78
5195.08
5194.38
5193.68
5192.98
5192.29
5191.6
5190.91
5190.23
5189.54
5188.87
5188.19
5187.52
5186.85
5186.19
5185.53
5184.88
5184.23
5183.59
5182.95
5182.32
5181.69
5181.07
5180.46
5179.85
5179.25
5178.66
5178.07
5177.49
5176.92
5176.36
5175.8
5175.25
5174.72
5174.19
5173.67
5173.16
5172.66
5172.17
5171.69
5171.22
5170.77
5170.32
5169.88
5169.46
5169.05
5168.65
5168.26
5167.89
5167.53
5167.18
5166.85
5166.53
5166.23
5165.94
5165.67
5165.42
5165.18
5164.96
5164.75
5164.57
5164.4
5164.25
5164.13
5164.02
5163.94
5163.87
5163.83
5163.81
5163.82
5163.85
5163.9
5163.99
5164.09
5164.23
5164.39
5164.59
5164.81
5165.06
5165.35
5165.67
5166.02
5166.4
5166.82
5167.28
5167.77
5168.27
5168.95
5168.98
5172.2
5180.56
5190.26
5200.31
5210.5
5220.8
5231.2
5241.69
5252.27
5262.96
5273.75
5284.64
5295.63
5306.73
5317.91
5329.33
5341.17
5353.5
5366.33
5379.66
5393.47
5407.78
5422.57
5437.82
5453.52
5469.64
5486.16
5503.07
5520.33
5537.93
5555.85
5574.06
5592.52
5611.19
5630.07
5649.11
5668.28
5687.55
5706.89
5726.3
5745.7
5765.09
5784.47
5803.78
5823.03
5842.18
5861.23
5880.14
5898.98
5917.63
5936.22
5954.64
5973.1
5991.81
6010.85
6030.27
6050.07
6070.28
6090.94
6112.05
6133.64
6155.75
6178.41
6201.65
6225.5
6250.02
6275.25
6301.25
6328.08
6355.8
6384.5
6414.28
6445.21
6477.49
6511.22
6546.49
6583.5
6622.42
6663.44
6706.71
6752.43
6800.9
6852.47
6907.44
6966.09
7028.84
7096.2
7168.68
7246.76
7330.82
7421.2
7518.09
7621.28
7729.75
7841.02
7950.38
8048.84
8122.98
8146.67
8096.75
7914.63
7586.44
7131.47
6683.01
6365.11
6162.12
6044.75
5976.51
5934.71
5902.19
5868.71
5829.87
5782.23
5722.6
5652.24
5573.46
5485.62
5389.66
5291.05
5189.77
5076
4961.79
4879.59
4819.07
4768.27
4727.17
4697.45
4673.97
4663.21
4670.85
4675.14
4665.44
4645.94
4631.65
4632.46
4645.47
4662.87
4682.89
4708.21
4740.94
4780.32
4825.19
4875.82
4933.28
4997.59
5067.4
5141.71
5220.21
5302.74
5389.38
5480.05
5574.6
5672.53
5773.42
5877.28
5984.15
6093.43
6204.06
6314.95
6424.33
6531.28
6637.52
6745.55
6854.69
6962.01
7066.91
7171.87
7278.42
7384.38
7486.68
7586.44
7687.57
7790.48
7891.46
7988.23
8083.61
8181.3
8279.21
8371.88
8460.05
8550.97
8647.66
8742.95
8829.38
8911.4
8998.27
9091.15
9185.53
9278.4
9369.51
9459.35
9548.33
9637.02
9726.9
9820.11
9916.11
10011
10103.1
10198
10302.6
10414.1
10524.9
10636.3
10758.3
10898.8
11058.4
11237.3
11440.5
11673.6
11945.5
12265.7
12656.2
13167.2
13867.9
14821.2
16093.7
18031
22197.5
28718
30097
20202.8
7858.49
3014.96
2276.62
2123.71
2114.2
2157.61
2229.46
2331.28
2481.04
2678.57
2894.08
3109.64
3309.84
3483.71
3623.75
3729.23
3804.81
3858.69
3898.58
3930.36
3957.72
3982.27
4004.33
4024.59
4044.77
4066.5
4088.5
4108.95
4129.55
4151.6
4172.89
4194.13
4212.09
4232.01
4248.96
4268.65
4289.91
4310.1
4326.1
4346.07
4368.61
4394.49
4423.68
4455.99
4492.27
4534.06
4580.73
4630.08
4680.31
4729.11
4771.33
4803.65
4831.22
4849.39
4857.45
4868.74
4885.61
4912.24
4940.78
4981.22
5010.14
5030.85
5051.79
5074.47
5102.6
5127.39
5145.73
5151.58
5164.18
5192.54
5206.46
5217.38
5229.8
5239.37
5251.52
5263.54
5274.93
5286.41
5298.09
5310.32
5322.92
5334.31
5340.71
5338.87
5335.79
5350.62
5361.98
5369.59
5374.92
5369.63
5357.69
5355.24
5347.68
5353.85
5357.58
5356.66
5357.67
5357.57
5357.23
5356.38
5355.18
5353.57
5351.63
5349.35
5346.78
5343.9
5340.74
5337.29
5333.56
5329.55
5325.28
5320.74
5315.91
5310.77
5305.3
5299.75
5295.22
5294.5
5299.12
5299.51
5266.65
5238.65
5222.41
5168.34
5192.37
5272.33
5275.44
5223.13
5210.33
5237.44
5218.77
5196.95
5200.29
5203.46
5177.17
5154.53
5166.34
5161.46
5137.81
5123.44
5119.44
5125.46
5109.97
5081.52
5076.45
5084.73
5083.32
5070.53
5071.35
5073.97
5068.93
5063.29
5060.19
5058.35
5056.78
5054.75
5053.26
5052.43
5055.32
5065.98
5080.83
5140.8
5411.69
4167.55
4223.25
4289.19
4333.48
4360.67
4375.11
4380.48
4379.71
4375.04
4368.18
4360.43
4352.69
4345.61
4339.62
4334.96
4331.76
4330.07
4329.85
4331.03
4333.52
4337.21
4341.96
4347.65
4354.17
4361.39
4369.19
4377.48
4386.16
4395.14
4404.35
4413.72
4423.18
4432.67
4442.16
4451.6
4460.95
4470.18
4479.26
4488.18
4496.92
4505.46
4513.78
4521.89
4529.78
4537.44
4544.86
4552.06
4559.03
4565.76
4572.27
4578.56
4584.62
4590.46
4596.09
4601.51
4606.73
4611.74
4616.56
4621.19
4625.64
4629.9
4633.99
4637.92
4641.68
4645.27
4648.72
4652.01
4655.16
4658.17
4661.04
4663.77
4666.38
4668.86
4671.22
4673.46
4675.58
4677.59
4679.48
4681.27
4682.95
4684.53
4686.01
4687.39
4688.68
4689.89
4691
4692.04
4692.99
4693.87
4694.68
4695.42
4696.09
4696.69
4697.24
4697.72
4698.15
4698.52
4698.84
4699.12
4699.34
4699.52
4699.65
4699.75
4699.8
4699.82
4699.8
4699.74
4699.66
4699.54
4699.39
4699.22
4699.02
4698.79
4698.54
4698.27
4697.98
4697.66
4697.33
4696.98
4696.61
4696.22
4695.82
4695.41
4694.98
4694.54
4694.09
4693.62
4693.15
4692.66
4692.16
4691.66
4691.15
4690.62
4690.1
4689.56
4689.02
4688.47
4687.92
4687.36
4686.8
4686.23
4685.67
4685.09
4684.52
4683.94
4683.36
4682.78
4682.2
4681.62
4681.04
4680.45
4679.87
4679.29
4678.7
4678.12
4677.54
4676.96
4676.39
4675.81
4675.24
4674.66
4674.09
4673.52
4672.96
4672.4
4671.84
4671.28
4670.73
4670.19
4669.64
4669.11
4668.57
4668.05
4667.52
4667.01
4666.5
4665.99
4665.49
4665
4664.52
4664.04
4663.57
4663.11
4662.65
4662.21
4661.77
4661.34
4660.92
4660.51
4660.12
4659.73
4659.35
4658.98
4658.62
4658.27
4657.94
4657.62
4657.31
4657.01
4656.72
4656.45
4656.19
4655.95
4655.72
4655.5
4655.31
4655.12
4654.96
4654.81
4654.68
4654.57
4654.48
4654.4
4654.35
4654.32
4654.31
4654.32
4654.35
4654.41
4654.49
4654.59
4654.73
4654.88
4655.07
4655.28
4655.52
4655.79
4656.09
4656.43
4656.79
4657.19
4657.62
4658.09
4658.59
4659.13
4659.68
4660.4
4660.52
4663.58
4671.33
4680.33
4689.65
4699.11
4708.67
4718.33
4728.07
4737.92
4747.86
4757.9
4768.04
4778.28
4788.63
4799.06
4809.72
4820.78
4832.28
4844.25
4856.67
4869.55
4882.89
4896.68
4910.9
4925.53
4940.56
4955.97
4971.75
4987.87
5004.31
5021.06
5038.09
5055.36
5072.86
5090.55
5108.43
5126.45
5144.58
5162.8
5181.13
5199.46
5217.83
5236.22
5254.58
5272.92
5291.21
5309.45
5327.6
5345.74
5363.74
5381.73
5399.62
5417.6
5435.85
5454.46
5473.45
5492.86
5512.7
5533.01
5553.79
5575.09
5596.94
5619.37
5642.42
5666.13
5690.56
5715.76
5741.8
5768.75
5796.68
5825.72
5855.95
5887.46
5920.38
5954.85
5991
6028.91
6068.78
6110.86
6155.34
6202.42
6252.4
6305.63
6362.5
6423.37
6488.7
6559
6634.91
6717.07
6806.1
6902.56
7006.99
7119.66
7240.31
7367.57
7498.33
7625.88
7739.51
7817.09
7836.73
7743.93
7499.22
7125.79
6728.34
6419.88
6205.53
6069.5
5979.38
5913.5
5855.37
5795.78
5731.29
5659.29
5577.56
5486.77
5389.62
5285.62
5174.4
5062.24
4949.26
4826.86
4704.98
4612.04
4539.5
4477
4424.26
4382.47
4347.26
4323.66
4316.32
4307.43
4288.04
4260.97
4238.36
4228.31
4228.64
4233.08
4240.11
4251.77
4269.66
4293.14
4321.2
4354.01
4392.39
4436.32
4484.75
4536.87
4592.44
4651.38
4713.74
4779.5
4848.61
4920.69
4995.49
5073.05
5153.45
5236.29
5320.8
5406.12
5490.92
5574.47
5658.1
5743.75
5830.9
5917.28
6002.41
6088.17
6175.81
6263.65
6349.22
6433.32
6518.97
6606.5
6692.98
6776.58
6859.49
6944.64
7030.42
7112.37
7190.92
7271.86
7357.77
7443.12
7521.63
7596.51
7675.43
7759.73
7845.84
7931.09
8015.09
8098.18
8180.81
8263.46
8347.27
8434.15
8523.83
8612.86
8699.5
8788.56
8886.37
8990.42
9093.76
9197.94
9311.86
9442.15
9589.11
9752.62
9936.32
10145.5
10389.8
10678.5
11032.4
11496.5
12132.9
12998.8
14158.5
15916
19606.4
26049.5
29424.9
22249.4
9640.9
3330.33
2229.52
2009.81
1973.37
2006.31
2074.99
2176.78
2324.26
2515.78
2722.71
2926.52
3112.6
3271.25
3396.52
3488.76
3553.29
3598.2
3630.79
3656.43
3678.44
3698.26
3716.22
3732.9
3749.8
3768.31
3787.32
3805.12
3823.2
3842.79
3861.56
3880.81
3897
3915.25
3931.72
3950.24
3969.39
3987.33
4004.04
4024.23
4046.57
4071.84
4100.06
4131.08
4165.52
4204.6
4247.79
4293.16
4339.06
4383.33
4422.9
4454.03
4481.12
4501.17
4512.67
4525.88
4543.48
4567.74
4596.15
4628.97
4654.84
4677.95
4694.91
4717.57
4742.25
4764.48
4777.01
4780.81
4794.27
4819.23
4830.27
4840.71
4851.72
4860.78
4872.54
4884.11
4895.13
4906.26
4917.55
4929.17
4940.7
4950.41
4955.08
4953.15
4952.47
4966.53
4976.37
4982.72
4985.93
4979.86
4969.72
4967.59
4962.29
4968.28
4971.51
4971.19
4972.42
4972.67
4972.7
4972.25
4971.49
4970.36
4968.92
4967.17
4965.15
4962.85
4960.28
4957.44
4954.34
4950.99
4947.39
4943.54
4939.43
4935.05
4930.42
4925.8
4922.23
4921.98
4925.72
4924.35
4894.24
4868.33
4854.06
4810.67
4834.6
4898.87
4899.76
4855.68
4845.08
4865.99
4849.4
4830.74
4832.44
4833.89
4811.13
4791.95
4800.2
4794.89
4774.58
4761.64
4757.4
4761.27
4747.79
4724.18
4718.75
4723.36
4720.99
4710.13
4709.77
4710.76
4704.8
4698.1
4693.88
4691.16
4688.87
4686.31
4684.23
4682.9
4684.87
4694.1
4707.03
4761.83
4993.66
3731.92
3790.36
3861.34
3911.34
3944.81
3965.75
3977.48
3982.57
3983.01
3980.34
3975.74
3970.13
3964.18
3958.39
3953.1
3948.56
3944.91
3942.24
3940.57
3939.91
3940.23
3941.46
3943.55
3946.43
3950.02
3954.25
3959.04
3964.32
3970.02
3976.08
3982.44
3989.03
3995.82
4002.75
4009.78
4016.88
4024
4031.13
4038.23
4045.27
4052.25
4059.13
4065.92
4072.59
4079.13
4085.55
4091.82
4097.94
4103.92
4109.74
4115.41
4120.93
4126.28
4131.48
4136.52
4141.41
4146.14
4150.72
4155.15
4159.43
4163.57
4167.56
4171.42
4175.13
4178.71
4182.16
4185.48
4188.68
4191.75
4194.7
4197.53
4200.25
4202.85
4205.34
4207.72
4209.99
4212.16
4214.22
4216.18
4218.04
4219.8
4221.47
4223.05
4224.54
4225.95
4227.28
4228.52
4229.69
4230.79
4231.82
4232.78
4233.67
4234.5
4235.27
4235.98
4236.64
4237.24
4237.79
4238.28
4238.73
4239.14
4239.49
4239.81
4240.09
4240.32
4240.52
4240.68
4240.81
4240.9
4240.97
4241
4241
4240.98
4240.93
4240.85
4240.75
4240.63
4240.48
4240.32
4240.13
4239.93
4239.71
4239.47
4239.21
4238.94
4238.66
4238.36
4238.04
4237.72
4237.38
4237.03
4236.66
4236.29
4235.91
4235.52
4235.12
4234.71
4234.3
4233.88
4233.45
4233.02
4232.58
4232.14
4231.69
4231.23
4230.78
4230.32
4229.85
4229.39
4228.92
4228.45
4227.98
4227.5
4227.03
4226.55
4226.07
4225.6
4225.12
4224.64
4224.16
4223.68
4223.21
4222.73
4222.26
4221.79
4221.32
4220.85
4220.38
4219.92
4219.46
4219
4218.55
4218.1
4217.66
4217.22
4216.78
4216.35
4215.93
4215.51
4215.1
4214.69
4214.29
4213.89
4213.51
4213.13
4212.76
4212.39
4212.04
4211.69
4211.35
4211.02
4210.7
4210.39
4210.09
4209.79
4209.51
4209.24
4208.99
4208.74
4208.5
4208.28
4208.07
4207.88
4207.7
4207.53
4207.38
4207.24
4207.12
4207.01
4206.92
4206.85
4206.8
4206.77
4206.75
4206.76
4206.79
4206.83
4206.9
4206.99
4207.11
4207.25
4207.41
4207.6
4207.81
4208.05
4208.32
4208.62
4208.95
4209.31
4209.7
4210.12
4210.58
4211.07
4211.59
4212.15
4212.73
4213.45
4213.63
4216.56
4223.89
4232.4
4241.22
4250.17
4259.23
4268.37
4277.61
4286.93
4296.36
4305.88
4315.5
4325.22
4335.05
4344.96
4355.09
4365.59
4376.51
4387.85
4399.62
4411.81
4424.44
4437.48
4450.92
4464.76
4478.97
4493.55
4508.47
4523.71
4539.27
4555.13
4571.25
4587.62
4604.22
4621.01
4637.99
4655.13
4672.39
4689.76
4707.25
4724.78
4742.37
4760.01
4777.65
4795.3
4812.95
4830.59
4848.18
4865.79
4883.32
4900.89
4918.39
4936.03
4953.96
4972.26
4990.96
5010.09
5029.67
5049.73
5070.29
5091.39
5113.06
5135.35
5158.29
5181.94
5206.35
5231.61
5257.78
5284.92
5313.11
5342.45
5373.02
5404.94
5438.25
5473.12
5509.71
5548.13
5588.55
5631.21
5676.34
5724.19
5775.03
5829.21
5887.16
5949.3
6016.11
6088.17
6166.13
6250.75
6342.8
6443.09
6552.37
6671.31
6800.22
6938.65
7084.8
7233.98
7378.08
7499.1
7577.4
7565.93
7403.94
7106.04
6765.91
6479.61
6262.04
6110.67
5999.75
5910.01
5826.61
5741.88
5653.3
5558.77
5456.72
5348.23
5235.82
5118.94
4996.53
4873.2
4750.56
4621.05
4493.41
4392.88
4311.84
4241.03
4179.97
4129.51
4085.82
4052.92
4034.63
4016.04
3989.57
3956.96
3928.35
3910.47
3901.61
3896.62
3894.21
3895.94
3903.1
3915.08
3931.03
3951.02
3975.69
4004.97
4038.03
4074.16
4113.18
4155.03
4199.73
4247.3
4297.7
4350.66
4406.02
4463.81
4524.14
4586.74
4651.01
4716.31
4781.6
4846.31
4911.5
4978.72
5047.56
5116.24
5184.38
5253.47
5324.5
5396.18
5466.52
5536.13
5607.4
5680.57
5753.3
5824.11
5894.75
5967.56
6041.25
6112.21
6180.7
6251.39
6326.39
6401.3
6470.98
6537.9
6608.3
6683.42
6760.45
6837.16
6913.16
6988.61
7063.95
7139.56
7216.4
7296.08
7378.48
7460.7
7541.1
7623.63
7713.89
7810.34
7906.8
8003.89
8109.5
8230.04
8366.08
8516.96
8684.76
8874.32
9092.93
9349.58
9664.96
10079.8
10650.2
11428.4
12474.7
14066.6
17318.1
23464.2
28398.1
23747.6
11586.9
3908.65
2244.1
1936.02
1866.84
1886.59
1950.29
2050.66
2195.16
2380.53
2579.06
2771.87
2945.13
3090.33
3202.83
3283.91
3339.31
3376.92
3403.62
3424.34
3442.1
3458.24
3473.02
3486.96
3501.34
3517.38
3534.13
3549.95
3566.12
3583.85
3600.79
3618.43
3633.63
3649.97
3666.51
3684.88
3703.57
3721.98
3739.56
3760.05
3782.26
3807
3834.31
3864.13
3896.87
3933.5
3973.63
4015.59
4057.92
4098.82
4135.55
4165.65
4191.87
4209.74
4223.54
4237.7
4255.33
4278.46
4306.15
4331.83
4356.53
4379.42
4394.28
4416.12
4437.89
4456.85
4465.42
4468.88
4482.89
4504.53
4513.83
4523.74
4533.76
4542.59
4553.95
4565.06
4575.7
4586.42
4597.23
4608.15
4618.59
4626.83
4630.26
4628.72
4629.95
4642.94
4651.42
4656.59
4658.18
4651.93
4643.48
4641.75
4638.26
4643.92
4646.77
4646.92
4648.29
4648.8
4649.09
4648.95
4648.51
4647.74
4646.68
4645.33
4643.73
4641.86
4639.74
4637.37
4634.75
4631.9
4628.82
4625.5
4621.96
4618.17
4614.18
4610.27
4607.41
4607.41
4610.29
4607.62
4580.07
4556.19
4543.54
4508.67
4531.42
4583.3
4582.74
4545.53
4536.42
4552.42
4537.72
4521.59
4521.95
4522.03
4502.25
4485.76
4491.2
4485.66
4468.01
4456.25
4451.82
4453.97
4442.13
4422.28
4416.65
4418.62
4415.5
4406.02
4404.72
4404.51
4398.11
4390.82
4385.8
4382.38
4379.5
4376.5
4373.95
4372.21
4373.44
4381.37
4392.73
4443.02
4642.6
3451.3
3496.56
3552.24
3592.2
3619.7
3637.64
3648.36
3653.68
3654.99
3653.41
3649.83
3644.95
3639.34
3633.44
3627.59
3622.02
3616.94
3612.45
3608.65
3605.58
3603.26
3601.69
3600.85
3600.72
3601.24
3602.39
3604.11
3606.35
3609.07
3612.21
3615.74
3619.59
3623.74
3628.14
3632.75
3637.54
3642.47
3647.51
3652.64
3657.83
3663.06
3668.3
3673.55
3678.78
3683.98
3689.13
3694.24
3699.28
3704.24
3709.13
3713.94
3718.66
3723.28
3727.8
3732.23
3736.55
3740.77
3744.89
3748.9
3752.8
3756.59
3760.29
3763.87
3767.35
3770.73
3774
3777.17
3780.24
3783.2
3786.07
3788.84
3791.51
3794.09
3796.57
3798.95
3801.23
3803.43
3805.53
3807.54
3809.46
3811.3
3813.05
3814.72
3816.32
3817.84
3819.28
3820.65
3821.96
3823.19
3824.37
3825.47
3826.52
3827.51
3828.44
3829.32
3830.14
3830.91
3831.63
3832.3
3832.92
3833.5
3834.03
3834.53
3834.98
3835.39
3835.77
3836.1
3836.41
3836.68
3836.91
3837.12
3837.3
3837.44
3837.56
3837.66
3837.72
3837.77
3837.79
3837.78
3837.76
3837.71
3837.65
3837.56
3837.46
3837.34
3837.2
3837.04
3836.88
3836.69
3836.49
3836.28
3836.06
3835.82
3835.57
3835.31
3835.04
3834.76
3834.48
3834.18
3833.87
3833.56
3833.24
3832.92
3832.58
3832.24
3831.9
3831.55
3831.19
3830.83
3830.47
3830.1
3829.73
3829.36
3828.98
3828.6
3828.22
3827.84
3827.45
3827.06
3826.67
3826.28
3825.89
3825.5
3825.11
3824.72
3824.33
3823.94
3823.56
3823.17
3822.79
3822.41
3822.03
3821.65
3821.28
3820.91
3820.55
3820.18
3819.83
3819.47
3819.12
3818.78
3818.44
3818.11
3817.78
3817.46
3817.14
3816.84
3816.54
3816.24
3815.96
3815.68
3815.41
3815.15
3814.89
3814.65
3814.41
3814.19
3813.98
3813.77
3813.58
3813.4
3813.23
3813.07
3812.93
3812.8
3812.68
3812.58
3812.49
3812.42
3812.37
3812.33
3812.31
3812.3
3812.31
3812.35
3812.4
3812.47
3812.56
3812.67
3812.81
3812.97
3813.15
3813.35
3813.59
3813.84
3814.13
3814.44
3814.77
3815.14
3815.54
3815.97
3816.43
3816.92
3817.45
3818.01
3818.59
3819.31
3819.52
3822.32
3829.28
3837.35
3845.72
3854.22
3862.82
3871.51
3880.29
3889.15
3898.12
3907.17
3916.33
3925.58
3934.94
3944.38
3954.03
3964.02
3974.4
3985.18
3996.35
4007.92
4019.89
4032.25
4044.99
4058.1
4071.56
4085.37
4099.5
4113.94
4128.69
4143.72
4159.02
4174.55
4190.31
4206.27
4222.42
4238.73
4255.18
4271.75
4288.45
4305.21
4322.05
4338.97
4355.91
4372.89
4389.9
4406.93
4423.95
4441.02
4458.06
4475.15
4492.24
4509.47
4527.02
4544.94
4563.28
4582.06
4601.3
4621.03
4641.28
4662.1
4683.51
4705.57
4728.34
4751.86
4776.18
4801.37
4827.49
4854.61
4882.8
4912.11
4942.65
4974.54
5007.86
5042.73
5079.32
5117.78
5158.27
5201.02
5246.25
5294.25
5345.3
5399.75
5458.01
5520.55
5587.89
5660.63
5739.47
5825.19
5918.7
6020.95
6132.93
6255.58
6389.67
6535.48
6692.3
6857.2
7024.47
7180.16
7307.43
7368.55
7287.54
7059.32
6776.37
6520.54
6307.94
6145.49
6015.63
5903.21
5795.97
5688.07
5577.71
5463.09
5343.01
5219.04
5093.39
4965.48
4835.09
4704.54
4574.19
4438.9
4307.12
4201.4
4114.51
4037.86
3970.9
3914.18
3864.29
3824.51
3797.99
3772.04
3740.25
3703.47
3670.37
3646.63
3630.82
3618.7
3609.1
3603.29
3602.28
3605.54
3612.31
3622.61
3636.9
3655.12
3676.56
3700.62
3727.13
3756.02
3787.31
3821.02
3857.11
3895.4
3935.74
3978.2
4022.86
4069.53
4117.76
4167.06
4216.59
4265.94
4315.94
4367.85
4421.36
4475.04
4528.61
4583.27
4639.81
4697.2
4753.89
4810.35
4868.47
4928.44
4988.37
5047.1
5106
5166.98
5228.98
5289.06
5347.45
5407.9
5472.1
5536.49
5596.93
5655.38
5716.9
5782.55
5850.07
5917.67
5985
6052.16
6119.47
6187.29
6256.4
6328.15
6402.49
6477.02
6550.31
6625.62
6707.69
6795.55
6884.04
6973.39
7070.25
7180.42
7304.77
7442.96
7596.88
7770.51
7968.57
8197.98
8476.45
8842.68
9346.34
10036.8
10967.5
12396.6
15242
20939
26903.9
24703.3
13649.5
4795.33
2331.73
1894.16
1786.04
1788.52
1845.08
1942.64
2083.41
2262.42
2452.52
2634.71
2795.96
2928.85
3029.96
3101.29
3148.86
3180.32
3202.1
3218.74
3233.02
3246.17
3258.43
3270.21
3282.61
3296.7
3311.67
3325.98
3340.68
3356.95
3372.74
3388.84
3404.24
3421.05
3438.49
3457.3
3476.3
3495.04
3513.22
3533.7
3555.58
3579.62
3605.93
3634.46
3665.47
3699.76
3737.02
3775.81
3814.72
3851.7
3883.49
3912.5
3937.31
3954.5
3969.8
3984.37
4001.78
4023.83
4048.99
4070.13
4094.19
4115.82
4129.44
4150.02
4169.11
4184.78
4190.79
4194.74
4208.91
4227.55
4235.76
4245.16
4254.47
4263.19
4274.16
4284.8
4295.03
4305.32
4315.61
4325.78
4335.16
4342.13
4344.72
4343.83
4346.54
4358.34
4365.57
4369.67
4370.07
4364.03
4357.14
4355.86
4353.84
4359.11
4361.69
4362.2
4363.69
4364.4
4364.9
4365
4364.82
4364.33
4363.58
4362.55
4361.28
4359.77
4358.01
4356.02
4353.8
4351.35
4348.68
4345.81
4342.71
4339.4
4335.94
4332.62
4330.29
4330.39
4332.45
4328.81
4303.71
4281.8
4270.52
4242.68
4263.61
4305.34
4303.8
4272.5
4264.47
4276.42
4263.44
4249.43
4248.68
4247.63
4230.43
4216.11
4219.28
4213.61
4198.19
4187.44
4182.85
4183.57
4173.1
4156.29
4150.57
4150.56
4146.82
4138.39
4136.32
4135.15
4128.59
4121.02
4115.42
4111.42
4108.05
4104.68
4101.74
4099.61
4100.22
4106.94
4116.94
4163.13
4334.99
3302.37
3321.35
3344.95
3362.02
3373.69
3380.93
3384.55
3385.26
3383.62
3380.15
3375.32
3369.54
3363.15
3356.45
3349.68
3343.03
3336.66
3330.68
3325.18
3320.23
3315.85
3312.07
3308.89
3306.33
3304.35
3302.93
3302.07
3301.71
3301.84
3302.41
3303.41
3304.78
3306.5
3308.53
3310.84
3313.41
3316.2
3319.19
3322.34
3325.64
3329.07
3332.59
3336.2
3339.88
3343.6
3347.36
3351.15
3354.94
3358.74
3362.52
3366.29
3370.03
3373.74
3377.4
3381.03
3384.6
3388.12
3391.59
3394.99
3398.33
3401.61
3404.82
3407.96
3411.04
3414.04
3416.97
3419.82
3422.61
3425.31
3427.95
3430.51
3432.99
3435.39
3437.72
3439.97
3442.14
3444.23
3446.25
3448.2
3450.07
3451.88
3453.61
3455.28
3456.88
3458.42
3459.89
3461.31
3462.66
3463.96
3465.2
3466.38
3467.51
3468.59
3469.61
3470.58
3471.51
3472.38
3473.21
3474
3474.74
3475.44
3476.1
3476.72
3477.3
3477.85
3478.35
3478.83
3479.26
3479.67
3480.04
3480.38
3480.7
3480.98
3481.24
3481.46
3481.67
3481.84
3482
3482.13
3482.23
3482.32
3482.38
3482.43
3482.45
3482.45
3482.44
3482.41
3482.37
3482.3
3482.23
3482.13
3482.03
3481.91
3481.78
3481.64
3481.48
3481.31
3481.14
3480.95
3480.75
3480.55
3480.33
3480.11
3479.88
3479.64
3479.4
3479.15
3478.89
3478.62
3478.35
3478.08
3477.8
3477.52
3477.23
3476.93
3476.64
3476.34
3476.03
3475.73
3475.42
3475.11
3474.8
3474.48
3474.17
3473.85
3473.54
3473.22
3472.91
3472.59
3472.28
3471.96
3471.65
3471.34
3471.03
3470.73
3470.42
3470.12
3469.82
3469.53
3469.24
3468.95
3468.67
3468.39
3468.11
3467.84
3467.58
3467.32
3467.07
3466.82
3466.58
3466.35
3466.12
3465.9
3465.69
3465.48
3465.29
3465.1
3464.92
3464.76
3464.6
3464.45
3464.32
3464.19
3464.08
3463.98
3463.89
3463.82
3463.75
3463.71
3463.68
3463.66
3463.66
3463.67
3463.71
3463.75
3463.82
3463.91
3464.01
3464.14
3464.29
3464.45
3464.64
3464.85
3465.09
3465.35
3465.63
3465.94
3466.28
3466.65
3467.04
3467.46
3467.92
3468.4
3468.92
3469.47
3470.03
3470.73
3470.94
3473.61
3480.19
3487.82
3495.73
3503.77
3511.91
3520.14
3528.45
3536.84
3545.33
3553.91
3562.59
3571.36
3580.23
3589.19
3598.34
3607.82
3617.65
3627.84
3638.41
3649.34
3660.65
3672.33
3684.36
3696.73
3709.44
3722.47
3735.81
3749.44
3763.37
3777.57
3792.03
3806.72
3821.62
3836.73
3852.03
3867.5
3883.1
3898.85
3914.73
3930.68
3946.73
3962.87
3979.06
3995.31
4011.61
4027.95
4044.32
4060.75
4077.19
4093.71
4110.25
4126.97
4144.01
4161.43
4179.27
4197.56
4216.33
4235.61
4255.43
4275.84
4296.88
4318.58
4340.99
4364.16
4388.16
4412.99
4438.73
4465.46
4493.26
4522.18
4552.31
4583.78
4616.69
4651.15
4687.31
4725.34
4765.42
4807.74
4852.55
4900.11
4950.74
5004.77
5062.63
5124.78
5191.76
5264.21
5342.83
5428.46
5522.05
5624.66
5737.45
5861.59
5998.21
6148.16
6311.61
6487.15
6671.18
6853.55
7020.51
7144.26
7140.18
6976.38
6746.16
6523.19
6321.29
6152.6
6007.3
5875.29
5747.43
5619.74
5491.05
5359.68
5224.69
5088.01
4951.54
4814.55
4677.42
4542.85
4408.48
4268.88
4134.67
4025.99
3935.53
3855.18
3784.34
3723.33
3669.12
3624.4
3591.76
3560.26
3524.45
3484.61
3448.23
3420.1
3399.02
3381.43
3366.32
3354.7
3347.37
3343.87
3343.54
3346.33
3352.6
3362.27
3374.72
3389.44
3406.27
3425.14
3446.04
3468.99
3493.95
3520.77
3549.35
3579.73
3612.01
3646.03
3681.44
3717.86
3754.63
3791.43
3828.93
3868.15
3908.84
3949.9
3991.09
4033.38
4077.41
4122.36
4167.02
4211.75
4258.07
4306.13
4354.41
4401.99
4449.96
4499.85
4550.82
4600.51
4649.09
4699.56
4753.29
4807.42
4858.59
4908.39
4960.92
5017.03
5074.93
5133.18
5191.49
5249.92
5308.75
5368.24
5429.06
5492.33
5558.03
5624.2
5689.64
5757.04
5830.36
5908.91
5988.51
6069.28
6156.76
6255.96
6367.89
6492.53
6631.73
6788.89
6968.55
7175.77
7422.84
7744
8183.91
8787.71
9601.93
10865.8
13331.5
18470.8
25062.9
24982.8
15793.9
5984.57
2527.46
1888.22
1728.01
1707.89
1754.48
1847.55
1983.76
2156.05
2337.57
2509.34
2659.12
2780.56
2871.3
2933.97
2974.74
3000.93
3018.55
3031.77
3043.15
3053.88
3064.12
3074.2
3085.07
3097.62
3111.17
3124.32
3138.1
3153.13
3169.02
3185.92
3202.62
3220.47
3238.51
3257.24
3275.47
3292.62
3311.05
3331.18
3352.46
3375.62
3400.78
3427.87
3457.06
3489.02
3523.5
3559.21
3594.72
3627.92
3656.6
3684.38
3707.8
3724.92
3741.08
3755.71
3772.71
3793.46
3815.56
3833.86
3857.28
3877.23
3890.07
3909.09
3925.66
3938.36
3942.89
3947.74
3961.7
3977.71
3985.24
3994.18
4003
4011.67
4022.23
4032.43
4042.25
4052.09
4061.82
4071.24
4079.62
4085.52
4087.61
4087.5
4091.31
4101.86
4107.99
4111.16
4110.73
4105.17
4099.71
4098.92
4098.08
4102.96
4105.35
4106.17
4107.74
4108.62
4109.29
4109.6
4109.64
4109.39
4108.89
4108.14
4107.16
4105.94
4104.49
4102.81
4100.92
4098.81
4096.5
4093.98
4091.27
4088.37
4085.36
4082.51
4080.59
4080.68
4081.97
4077.62
4054.87
4034.88
4024.8
4002.82
4021.53
4054.8
4052.62
4026.43
4019.21
4027.8
4016.37
4004.15
4002.48
4000.5
3985.55
3973.04
3974.35
3968.61
3955.08
3945.21
3940.49
3940.03
3930.7
3916.39
3910.65
3909.15
3904.92
3897.28
3894.57
3892.61
3886.05
3878.42
3872.41
3867.94
3864.14
3860.44
3857.16
3854.69
3854.74
3860.33
3869.11
3911.47
4058.96
3237.46
3223.51
3206.96
3195.3
3186.69
3179.54
3172.87
3166.15
3159.13
3151.73
3143.99
3135.98
3127.82
3119.63
3111.51
3103.58
3095.9
3088.57
3081.63
3075.13
3069.12
3063.6
3058.6
3054.12
3050.15
3046.69
3043.73
3041.25
3039.22
3037.64
3036.48
3035.71
3035.3
3035.24
3035.5
3036.05
3036.87
3037.93
3039.23
3040.72
3042.4
3044.24
3046.23
3048.34
3050.57
3052.9
3055.31
3057.79
3060.33
3062.92
3065.55
3068.21
3070.89
3073.58
3076.28
3078.98
3081.67
3084.35
3087.02
3089.66
3092.28
3094.87
3097.43
3099.96
3102.44
3104.89
3107.3
3109.66
3111.98
3114.24
3116.46
3118.62
3120.73
3122.78
3124.78
3126.72
3128.61
3130.44
3132.22
3133.94
3135.62
3137.24
3138.81
3140.33
3141.81
3143.23
3144.6
3145.93
3147.21
3148.44
3149.62
3150.76
3151.85
3152.9
3153.91
3154.87
3155.79
3156.68
3157.52
3158.32
3159.09
3159.82
3160.52
3161.17
3161.8
3162.39
3162.95
3163.48
3163.97
3164.44
3164.87
3165.28
3165.66
3166.01
3166.34
3166.64
3166.92
3167.17
3167.4
3167.61
3167.79
3167.95
3168.1
3168.22
3168.32
3168.41
3168.48
3168.53
3168.57
3168.59
3168.6
3168.59
3168.57
3168.53
3168.49
3168.43
3168.36
3168.27
3168.18
3168.07
3167.96
3167.83
3167.7
3167.56
3167.4
3167.24
3167.08
3166.9
3166.72
3166.53
3166.33
3166.13
3165.92
3165.71
3165.49
3165.27
3165.04
3164.81
3164.57
3164.34
3164.09
3163.85
3163.61
3163.36
3163.11
3162.86
3162.61
3162.35
3162.1
3161.85
3161.59
3161.34
3161.09
3160.84
3160.59
3160.34
3160.09
3159.84
3159.6
3159.36
3159.12
3158.88
3158.65
3158.42
3158.19
3157.97
3157.76
3157.54
3157.34
3157.13
3156.94
3156.75
3156.56
3156.39
3156.22
3156.05
3155.9
3155.75
3155.61
3155.48
3155.36
3155.25
3155.15
3155.07
3154.99
3154.92
3154.87
3154.83
3154.8
3154.78
3154.78
3154.79
3154.82
3154.86
3154.92
3155
3155.09
3155.2
3155.33
3155.48
3155.65
3155.84
3156.05
3156.28
3156.54
3156.81
3157.12
3157.44
3157.79
3158.17
3158.58
3159.02
3159.48
3159.97
3160.5
3161.04
3161.71
3161.91
3164.43
3170.64
3177.82
3185.28
3192.86
3200.53
3208.29
3216.13
3224.05
3232.07
3240.17
3248.36
3256.64
3265.03
3273.49
3282.14
3291.09
3300.36
3309.98
3319.94
3330.24
3340.89
3351.87
3363.19
3374.84
3386.79
3399.05
3411.61
3424.44
3437.55
3450.93
3464.54
3478.39
3492.44
3506.7
3521.14
3535.75
3550.5
3565.4
3580.44
3595.56
3610.79
3626.12
3641.52
3657
3672.54
3688.14
3703.79
3719.53
3735.3
3751.17
3767.09
3783.21
3799.65
3816.49
3833.75
3851.48
3869.7
3888.44
3907.74
3927.62
3948.12
3969.29
3991.14
4013.72
4037.1
4061.32
4086.44
4112.52
4139.64
4167.88
4197.32
4228.07
4260.24
4293.95
4329.34
4366.58
4405.83
4447.31
4491.25
4537.9
4587.59
4640.66
4697.51
4758.62
4824.52
4895.86
4973.37
5057.89
5150.41
5252.05
5364.07
5487.82
5624.7
5775.98
5942.56
6124.21
6319.15
6520.59
6717.83
6892.5
6957.58
6852.54
6669.12
6477.04
6288.38
6117.84
5961.78
5814.82
5670.95
5527.96
5385.2
5241.08
5094.9
4948.83
4804.5
4660.99
4518.96
4381.48
4246.49
4105.07
3970.55
3861.13
3769.21
3687.11
3614.24
3550.75
3493.88
3445.94
3409.02
3373.54
3334.79
3292.92
3254.32
3223.05
3198.1
3176.43
3157.17
3141.15
3129.01
3120.32
3114.52
3111.52
3111.61
3114.67
3120.18
3127.69
3137.04
3148.15
3161.02
3175.63
3191.95
3209.85
3229.25
3250.2
3272.76
3296.8
3322.07
3348.24
3374.8
3401.51
3428.9
3457.78
3487.98
3518.63
3549.54
3581.48
3614.98
3649.39
3683.76
3718.37
3754.44
3792.09
3830.13
3867.79
3905.97
3945.88
3986.85
4027
4066.47
4107.65
4151.65
4196.15
4238.48
4279.91
4323.74
4370.67
4419.26
4468.36
4517.76
4567.49
4617.76
4668.82
4721.19
4775.82
4832.7
4890.23
4947.45
5006.57
5070.85
5139.79
5210
5281.65
5359.31
5447.24
5546.43
5657.08
5780.99
5921.18
6081.87
6267.81
6488.82
6770.72
7152.94
7676.13
8378.74
9477.57
11591.1
16106.4
22967.4
24781.9
17814.6
7540.08
2897.99
1927.77
1692.37
1644.35
1677.03
1763.57
1894.23
2059.46
2232.32
2393.91
2532.8
2643.62
2724.99
2780.01
2814.9
2836.62
2850.76
2861.16
2870.19
2878.98
2887.66
2896.46
2906.16
2917.55
2930.07
2942.42
2956.35
2972.3
2989.54
3007.46
3024.61
3041.53
3059.33
3077.4
3094.6
3110.94
3129.37
3148.96
3169.52
3191.7
3215.61
3241.21
3268.57
3298.27
3330.09
3362.84
3395.11
3425.03
3451.59
3478.06
3500.26
3517.55
3534.07
3548.54
3564.97
3584.18
3603.36
3619.95
3642.55
3660.75
3673.01
3690.34
3704.61
3714.86
3718.76
3724.58
3738.07
3751.88
3759.01
3767.57
3776.06
3784.71
3794.87
3804.63
3814.06
3823.44
3832.62
3841.32
3848.8
3853.84
3855.72
3856.43
3861
3870.33
3875.5
3877.91
3876.96
3872.08
3867.92
3867.63
3867.74
3872.23
3874.5
3875.59
3877.24
3878.27
3879.1
3879.59
3879.82
3879.78
3879.51
3878.99
3878.25
3877.28
3876.09
3874.69
3873.07
3871.26
3869.24
3867.04
3864.65
3862.1
3859.46
3857.01
3855.39
3855.39
3855.98
3851.15
3830.64
3812.5
3803.44
3786.3
3802.61
3828.86
3826.27
3804.46
3797.85
3803.68
3793.62
3782.92
3780.5
3777.76
3764.74
3753.73
3753.53
3747.78
3735.85
3726.75
3721.91
3720.47
3712.09
3699.83
3694.13
3691.51
3686.9
3679.85
3676.61
3673.99
3667.53
3659.97
3653.7
3648.85
3644.69
3640.69
3637.12
3634.33
3633.88
3638.43
3646.1
3684.88
3810.98
3174.85
3134.99
3088.52
3055.51
3031.09
3011.89
2995.89
2981.91
2969.24
2957.43
2946.23
2935.49
2925.13
2915.12
2905.45
2896.13
2887.17
2878.6
2870.44
2862.7
2855.4
2848.55
2842.15
2836.22
2830.74
2825.71
2821.13
2817
2813.28
2809.98
2807.08
2804.55
2802.39
2800.58
2799.09
2797.91
2797.02
2796.4
2796.03
2795.9
2795.98
2796.27
2796.75
2797.39
2798.19
2799.14
2800.21
2801.4
2802.69
2804.08
2805.55
2807.09
2808.7
2810.37
2812.08
2813.84
2815.63
2817.45
2819.29
2821.15
2823.02
2824.9
2826.78
2828.66
2830.54
2832.41
2834.26
2836.1
2837.92
2839.71
2841.48
2843.22
2844.93
2846.6
2848.25
2849.87
2851.47
2853.03
2854.56
2856.06
2857.53
2858.96
2860.36
2861.73
2863.06
2864.35
2865.61
2866.84
2868.03
2869.18
2870.3
2871.39
2872.43
2873.45
2874.42
2875.36
2876.27
2877.15
2877.99
2878.8
2879.58
2880.33
2881.04
2881.73
2882.38
2883.01
2883.6
2884.17
2884.71
2885.22
2885.71
2886.16
2886.6
2887.01
2887.39
2887.75
2888.09
2888.4
2888.69
2888.96
2889.21
2889.44
2889.64
2889.83
2890.01
2890.16
2890.31
2890.43
2890.54
2890.64
2890.72
2890.79
2890.84
2890.88
2890.91
2890.92
2890.92
2890.91
2890.89
2890.85
2890.81
2890.76
2890.69
2890.62
2890.53
2890.44
2890.34
2890.23
2890.11
2889.98
2889.85
2889.71
2889.56
2889.41
2889.25
2889.09
2888.92
2888.75
2888.58
2888.4
2888.22
2888.03
2887.84
2887.65
2887.46
2887.26
2887.06
2886.86
2886.66
2886.46
2886.26
2886.05
2885.85
2885.64
2885.44
2885.24
2885.03
2884.83
2884.63
2884.43
2884.23
2884.03
2883.84
2883.64
2883.46
2883.27
2883.09
2882.91
2882.73
2882.56
2882.39
2882.23
2882.08
2881.93
2881.79
2881.65
2881.52
2881.4
2881.28
2881.17
2881.08
2880.99
2880.91
2880.83
2880.77
2880.72
2880.68
2880.65
2880.64
2880.63
2880.64
2880.66
2880.69
2880.74
2880.81
2880.88
2880.98
2881.09
2881.21
2881.36
2881.52
2881.7
2881.9
2882.13
2882.37
2882.63
2882.92
2883.23
2883.56
2883.92
2884.3
2884.71
2885.14
2885.61
2886.1
2886.61
2887.24
2887.43
2889.79
2895.62
2902.37
2909.38
2916.5
2923.71
2931
2938.37
2945.83
2953.36
2960.98
2968.69
2976.49
2984.38
2992.36
3000.5
3008.92
3017.64
3026.68
3036.04
3045.71
3055.71
3066.02
3076.64
3087.56
3098.78
3110.28
3122.06
3134.11
3146.41
3158.97
3171.76
3184.76
3197.97
3211.38
3224.97
3238.73
3252.63
3266.67
3280.86
3295.15
3309.55
3324.05
3338.64
3353.32
3368.07
3382.91
3397.8
3412.81
3427.86
3443.04
3458.29
3473.76
3489.57
3505.78
3522.42
3539.52
3557.1
3575.21
3593.84
3613.04
3632.83
3653.27
3674.38
3696.21
3718.8
3742.21
3766.51
3791.74
3817.98
3845.32
3873.84
3903.64
3934.82
3967.52
4001.86
4038
4076.12
4116.42
4159.13
4204.49
4252.83
4304.47
4359.82
4419.35
4483.59
4553.17
4628.82
4711.4
4801.89
4901.46
5011.41
5133.2
5268.43
5418.68
5585.38
5769.23
5969.9
6183.45
6401.98
6615.34
6738.97
6686.42
6544.62
6380.4
6205.77
6036.87
5874.71
5717.74
5562.7
5408.95
5256.37
5103.48
4949.81
4797.71
4648.54
4501.26
4356.67
4217.81
4083.31
3943.11
3810.62
3702.56
3611.1
3529.02
3455.77
3391.41
3333.39
3283.75
3244.16
3206.1
3165.38
3122.39
3082.5
3049.18
3021.54
2996.97
2974.72
2955.47
2939.74
2927.16
2917.21
2909.82
2905.17
2903.17
2903.34
2905.3
2908.89
2914.02
2920.68
2928.85
2938.49
2949.48
2961.76
2975.36
2990.33
3006.57
3023.86
3041.96
3060.44
3079.11
3098.42
3119
3140.75
3162.95
3185.47
3208.93
3233.74
3259.41
3285.18
3311.28
3338.67
3367.48
3396.73
3425.84
3455.51
3486.7
3518.9
3550.6
3581.9
3614.74
3649.98
3685.79
3720.01
3753.67
3789.42
3827.84
3867.77
3908.3
3949.25
3990.66
4032.71
4075.59
4119.74
4165.94
4214.18
4263.19
4312.18
4362.98
4418.28
4477.68
4538.45
4600.79
4668.51
4745.17
4831.68
4928.38
5036.95
5160.09
5301.63
5465.92
5662.28
5909.76
6241.45
6692.57
7293.39
8233.92
10024.9
13884.4
20715.2
24358.9
19516.5
9456.57
3551.63
2032.82
1682.11
1598.22
1612.01
1689.37
1813.26
1971.05
2135.22
2286.92
2415.53
2516.58
2589.52
2637.82
2667.66
2685.64
2696.93
2705.04
2712.2
2719.51
2727.01
2734.87
2743.78
2754.48
2766.61
2780.02
2795.66
2812.85
2830.42
2847.33
2864.08
2880.31
2897.64
2914.86
2931.14
2947.1
2965.29
2984.21
3003.96
3025.1
3047.74
3071.82
3097.38
3124.9
3154.21
3184.18
3213.48
3240.71
3265.73
3290.88
3312.1
3329.58
3346.08
3360.24
3375.95
3393.52
3410.22
3425.8
3447.38
3463.93
3475.7
3491.34
3503.58
3511.97
3515.83
3522.55
3535.39
3547.43
3554.34
3562.61
3570.9
3579.52
3589.3
3598.67
3607.73
3616.67
3625.31
3633.34
3640.05
3644.47
3646.35
3647.84
3652.89
3661.1
3665.47
3667.29
3666.11
3662.01
3659.03
3659.23
3660.09
3664.24
3666.45
3667.77
3669.5
3670.67
3671.64
3672.3
3672.71
3672.86
3672.78
3672.47
3671.95
3671.2
3670.25
3669.08
3667.71
3666.14
3664.39
3662.45
3660.34
3658.08
3655.76
3653.64
3652.24
3652.11
3652.07
3646.94
3628.54
3612.17
3603.98
3590.76
3604.64
3625.11
3622.27
3604.16
3598.04
3601.61
3592.73
3583.33
3580.3
3576.96
3565.57
3555.82
3554.41
3548.67
3538.08
3529.66
3524.73
3522.48
3514.88
3504.28
3498.65
3495.21
3490.31
3483.71
3480.01
3476.84
3470.52
3463.14
3456.73
3451.57
3447.1
3442.84
3439.02
3435.93
3435.03
3438.6
3445.27
3480.7
3588.05
3011.76
2981.91
2941.29
2907.59
2879.5
2855.64
2834.97
2816.73
2800.34
2785.38
2771.54
2758.6
2746.41
2734.85
2723.86
2713.39
2703.39
2693.86
2684.77
2676.12
2667.9
2660.11
2652.73
2645.78
2639.24
2633.11
2627.38
2622.04
2617.09
2612.51
2608.3
2604.44
2600.92
2597.74
2594.86
2592.29
2590
2587.99
2586.23
2584.72
2583.45
2582.39
2581.54
2580.88
2580.4
2580.08
2579.93
2579.92
2580.04
2580.3
2580.66
2581.13
2581.7
2582.36
2583.1
2583.91
2584.79
2585.73
2586.72
2587.76
2588.85
2589.97
2591.12
2592.3
2593.51
2594.73
2595.97
2597.21
2598.46
2599.71
2600.96
2602.21
2603.45
2604.7
2605.95
2607.18
2608.41
2609.63
2610.85
2612.04
2613.23
2614.4
2615.55
2616.69
2617.8
2618.9
2619.97
2621.02
2622.05
2623.06
2624.05
2625.01
2625.95
2626.87
2627.76
2628.62
2629.46
2630.28
2631.07
2631.83
2632.57
2633.28
2633.97
2634.64
2635.28
2635.9
2636.49
2637.06
2637.6
2638.13
2638.63
2639.1
2639.56
2639.99
2640.4
2640.79
2641.16
2641.51
2641.84
2642.15
2642.44
2642.71
2642.96
2643.2
2643.42
2643.62
2643.81
2643.98
2644.13
2644.28
2644.4
2644.52
2644.62
2644.7
2644.78
2644.84
2644.89
2644.92
2644.95
2644.96
2644.97
2644.96
2644.94
2644.91
2644.87
2644.83
2644.77
2644.71
2644.63
2644.55
2644.46
2644.36
2644.26
2644.15
2644.04
2643.93
2643.81
2643.69
2643.56
2643.43
2643.29
2643.15
2643
2642.86
2642.71
2642.55
2642.4
2642.24
2642.08
2641.92
2641.75
2641.58
2641.42
2641.25
2641.08
2640.91
2640.74
2640.57
2640.4
2640.23
2640.06
2639.89
2639.73
2639.56
2639.4
2639.24
2639.08
2638.93
2638.78
2638.63
2638.49
2638.35
2638.21
2638.08
2637.96
2637.84
2637.73
2637.63
2637.53
2637.44
2637.36
2637.28
2637.21
2637.15
2637.1
2637.06
2637.03
2637.01
2637
2637
2637.01
2637.03
2637.06
2637.11
2637.17
2637.25
2637.33
2637.44
2637.56
2637.69
2637.84
2638.01
2638.2
2638.4
2638.63
2638.87
2639.13
2639.42
2639.73
2640.06
2640.41
2640.79
2641.19
2641.62
2642.08
2642.54
2643.12
2643.3
2645.5
2650.96
2657.28
2663.84
2670.51
2677.26
2684.1
2691
2697.99
2705.05
2712.2
2719.43
2726.75
2734.15
2741.64
2749.28
2757.18
2765.36
2773.83
2782.59
2791.65
2801.01
2810.66
2820.6
2830.82
2841.31
2852.08
2863.1
2874.37
2885.89
2897.64
2909.62
2921.8
2934.19
2946.76
2959.5
2972.42
2985.48
2998.68
3012.03
3025.47
3039.04
3052.72
3066.49
3080.36
3094.32
3108.38
3122.5
3136.76
3151.09
3165.57
3180.14
3194.93
3210.06
3225.58
3241.53
3257.91
3274.75
3292.08
3309.93
3328.33
3347.3
3366.89
3387.13
3408.07
3429.75
3452.22
3475.55
3499.78
3525
3551.28
3578.71
3607.37
3637.38
3668.85
3701.92
3736.74
3773.48
3812.33
3853.51
3897.28
3943.93
3993.79
4047.25
4104.76
4166.86
4234.14
4307.35
4387.31
4475.01
4571.6
4678.42
4796.99
4929
5076.25
5240.55
5423.3
5625.28
5844.81
6076.47
6316.71
6486.74
6479.48
6374.9
6236.14
6076.09
5911.7
5747.55
5585.04
5423.22
5262.84
5104.25
4946.16
4788.37
4633.33
4482.11
4333.68
4188.85
4050.57
3917.39
3780.67
3652.25
3547.32
3457.96
3377.4
3305.22
3241.38
3183.54
3133.52
3092.65
3053.24
3011.5
2968.16
2927.79
2893.37
2864.07
2837.61
2813.36
2791.87
2773.6
2758.19
2745.19
2734.52
2726.33
2720.5
2716.62
2714.35
2713.53
2714.09
2716
2719.22
2723.71
2729.38
2736.16
2744.07
2753.15
2763.31
2774.39
2786.16
2798.31
2810.65
2823.57
2837.57
2852.57
2868
2883.78
2900.38
2918.15
2936.69
2955.4
2974.47
2994.68
3016.11
3038.02
3059.92
3082.37
3106.14
3130.83
3155.24
3179.46
3205.02
3232.62
3260.79
3287.82
3314.52
3343.03
3373.81
3405.94
3438.69
3471.93
3505.7
3540.12
3575.38
3611.83
3650.11
3690.22
3731.13
3772.24
3815.02
3861.69
3911.94
3963.58
4016.82
4074.81
4140.53
4214.8
4297.99
4391.66
4498.18
4620.96
4763.89
4935.55
5151.39
5438.4
5825.56
6336.82
7132.08
8633.91
11830.5
18345.6
23394.4
20820.6
11563.5
4532.66
2242.17
1705.44
1569.93
1559.45
1624.13
1739.64
1889.54
2045.02
2187.17
2306.14
2398.23
2463.64
2506.08
2531.64
2546.52
2555.51
2561.84
2567.59
2573.8
2580.47
2587.75
2596.34
2607.52
2621.28
2636.55
2652.92
2669.38
2686.35
2702.41
2718.62
2734.32
2751.05
2767.42
2782.97
2798.72
2816.5
2834.67
2853.55
2873.61
2894.97
2917.55
2941.35
2966.82
2993.78
3021.17
3047.86
3072.93
3096.75
3120.65
3141.08
3158.64
3174.88
3188.63
3203.54
3219.49
3234.23
3249.2
3269.62
3284.71
3296.01
3310.04
3320.58
3327.69
3331.89
3339.36
3351.47
3362.13
3368.96
3377.03
3385.21
3393.79
3403.22
3412.24
3420.95
3429.49
3437.64
3445.07
3451.14
3455.14
3457.19
3459.42
3464.72
3471.93
3475.65
3477.08
3475.9
3472.65
3470.72
3471.38
3472.84
3476.7
3478.9
3480.44
3482.25
3483.56
3484.68
3485.49
3486.07
3486.4
3486.5
3486.39
3486.06
3485.52
3484.77
3483.81
3482.66
3481.31
3479.78
3478.08
3476.21
3474.21
3472.16
3470.3
3469.06
3468.76
3468.18
3462.9
3446.49
3431.77
3424.35
3414.22
3425.77
3441.48
3438.51
3423.5
3417.77
3419.52
3411.65
3403.33
3399.83
3396.03
3386.01
3377.28
3374.93
3369.22
3359.75
3351.92
3346.91
3344.01
3337.02
3327.76
3322.22
3318.19
3313.08
3306.8
3302.73
3299.09
3292.92
3285.76
3279.3
3273.92
3269.19
3264.7
3260.64
3257.28
3255.97
3258.64
3264.39
3296.68
3387.61
2791.48
2782.16
2762.13
2739.69
2717.21
2695.78
2675.85
2657.44
2640.44
2624.68
2609.99
2596.24
2583.3
2571.08
2559.49
2548.47
2537.97
2527.96
2518.41
2509.3
2500.6
2492.3
2484.4
2476.87
2469.72
2462.92
2456.49
2450.4
2444.66
2439.24
2434.15
2429.38
2424.91
2420.74
2416.86
2413.26
2409.92
2406.85
2404.02
2401.43
2399.07
2396.92
2394.98
2393.24
2391.69
2390.31
2389.1
2388.05
2387.15
2386.39
2385.77
2385.27
2384.88
2384.61
2384.44
2384.36
2384.38
2384.47
2384.64
2384.89
2385.2
2385.57
2385.99
2386.47
2386.99
2387.54
2388.14
2388.76
2389.41
2390.1
2390.8
2391.54
2392.29
2393.07
2393.86
2394.66
2395.48
2396.3
2397.13
2397.96
2398.79
2399.63
2400.46
2401.3
2402.13
2402.95
2403.77
2404.58
2405.39
2406.18
2406.97
2407.75
2408.51
2409.26
2410
2410.73
2411.44
2412.14
2412.82
2413.49
2414.14
2414.77
2415.39
2415.99
2416.57
2417.14
2417.68
2418.22
2418.73
2419.23
2419.71
2420.17
2420.62
2421.05
2421.46
2421.85
2422.23
2422.6
2422.94
2423.27
2423.58
2423.88
2424.16
2424.43
2424.68
2424.91
2425.12
2425.33
2425.51
2425.69
2425.84
2425.99
2426.12
2426.25
2426.36
2426.45
2426.54
2426.61
2426.67
2426.73
2426.77
2426.8
2426.82
2426.83
2426.83
2426.82
2426.81
2426.78
2426.75
2426.71
2426.66
2426.6
2426.53
2426.46
2426.39
2426.3
2426.22
2426.12
2426.03
2425.93
2425.82
2425.71
2425.59
2425.48
2425.35
2425.23
2425.1
2424.97
2424.83
2424.7
2424.56
2424.42
2424.27
2424.13
2423.98
2423.83
2423.68
2423.53
2423.38
2423.23
2423.08
2422.93
2422.79
2422.64
2422.49
2422.34
2422.2
2422.06
2421.92
2421.79
2421.67
2421.54
2421.43
2421.31
2421.2
2421.1
2421
2420.9
2420.82
2420.73
2420.66
2420.59
2420.53
2420.47
2420.43
2420.39
2420.36
2420.34
2420.33
2420.32
2420.33
2420.35
2420.38
2420.42
2420.47
2420.54
2420.61
2420.71
2420.81
2420.93
2421.07
2421.22
2421.38
2421.57
2421.77
2421.99
2422.22
2422.48
2422.76
2423.06
2423.38
2423.72
2424.08
2424.47
2424.89
2425.31
2425.84
2425.99
2428.04
2433.13
2439.02
2445.15
2451.37
2457.68
2464.05
2470.51
2477.03
2483.63
2490.31
2497.07
2503.92
2510.85
2517.85
2525
2532.39
2540.03
2547.95
2556.13
2564.59
2573.33
2582.34
2591.61
2601.15
2610.94
2620.98
2631.27
2641.79
2652.54
2663.52
2674.7
2686.09
2697.66
2709.42
2721.35
2733.44
2745.67
2758.04
2770.57
2783.19
2795.94
2808.81
2821.77
2834.85
2848.03
2861.31
2874.69
2888.2
2901.79
2915.53
2929.39
2943.46
2957.84
2972.6
2987.76
3003.34
3019.37
3035.86
3052.85
3070.36
3088.43
3107.09
3126.38
3146.34
3167.01
3188.45
3210.7
3233.84
3257.92
3283.02
3309.22
3336.62
3365.3
3395.4
3427.04
3460.35
3495.52
3532.72
3572.16
3614.09
3658.8
3706.59
3757.85
3813.02
3872.59
3937.17
4007.46
4084.26
4168.56
4261.47
4364.32
4478.64
4606.18
4748.85
4908.71
5087.65
5287.25
5507.55
5745.23
6001.7
6205.74
6235.92
6164.22
6049.08
5904.35
5747.01
5584.4
5420.2
5255.43
5092
4930.74
4770.59
4611.63
4456.33
4305.56
4158.27
4015.29
3879.42
3748.84
3617.17
3494.13
3393.65
3307.65
3229.85
3159.92
3097.76
3041.21
2991.94
2950.94
2911.24
2869.37
2826.36
2786.22
2751.51
2721.42
2693.95
2668.54
2645.68
2625.74
2608.41
2593.28
2580.28
2569.51
2560.86
2553.96
2548.52
2544.4
2541.51
2539.8
2539.26
2539.83
2541.43
2544
2547.54
2552.09
2557.57
2563.83
2570.7
2577.9
2585.31
2593.22
2602.05
2611.73
2621.82
2632.23
2643.36
2655.49
2668.29
2681.3
2694.68
2709.03
2724.43
2740.29
2756.22
2772.68
2790.27
2808.67
2826.94
2845.15
2864.51
2885.6
2907.23
2928.04
2948.69
2970.88
2994.99
3020.29
3046.2
3072.61
3099.55
3127.15
3155.53
3185.01
3216.09
3248.78
3282.28
3316.09
3351.42
3390.08
3431.84
3474.94
3519.59
3568.39
3623.81
3686.58
3757.09
3836.7
3927.49
4032.45
4154.99
4302.62
4488.97
4735.29
5065.48
5498.49
6164.79
7416.38
9977.83
15941.8
21955.7
21513.6
13786.1
5820.93
2636.5
1778.54
1560.09
1520.74
1567.63
1672.55
1813.9
1960.72
2093.69
2203.66
2287.6
2346.32
2383.71
2405.66
2418.01
2425.22
2430.23
2434.96
2440.48
2446.71
2454.01
2463.9
2477.12
2492.25
2507.61
2523.37
2539.05
2555.28
2570.68
2586.36
2601.63
2617.7
2633.26
2648.27
2663.83
2681.04
2698.42
2716.41
2735.39
2755.48
2776.6
2798.74
2822.28
2847.06
2872.14
2896.6
2919.96
2942.78
2965.52
2985.3
3002.81
3018.62
3031.91
3045.98
3060.47
3073.75
3088.31
3107.5
3121.33
3132.17
3144.75
3153.94
3160.27
3165.02
3173.07
3184.46
3194.08
3200.93
3208.87
3217.01
3225.55
3234.68
3243.39
3251.8
3259.98
3267.7
3274.62
3280.2
3283.97
3286.31
3289.18
3294.59
3300.94
3304.17
3305.37
3304.38
3302
3301.01
3302.13
3304.04
3307.69
3309.92
3311.66
3313.57
3315.03
3316.29
3317.26
3318.01
3318.51
3318.79
3318.86
3318.72
3318.36
3317.8
3317.04
3316.08
3314.93
3313.61
3312.11
3310.46
3308.68
3306.86
3305.21
3304.08
3303.59
3302.55
3297.24
3282.68
3269.5
3262.75
3255.03
3264.39
3276.22
3273.19
3260.74
3255.33
3255.62
3248.59
3241.18
3237.33
3233.17
3224.29
3216.41
3213.32
3207.66
3199.12
3191.79
3186.72
3183.28
3176.79
3168.59
3163.14
3158.69
3153.43
3147.39
3143.01
3138.97
3132.93
3126.01
3119.58
3114.03
3109.08
3104.38
3100.12
3096.51
3094.81
3096.65
3101.56
3130.9
3207.51
2610.67
2599.5
2581.86
2564.27
2546.88
2529.83
2513.34
2497.54
2482.47
2468.14
2454.52
2441.57
2429.24
2417.5
2406.28
2395.57
2385.31
2375.49
2366.07
2357.04
2348.38
2340.07
2332.1
2324.46
2317.14
2310.13
2303.43
2297.02
2290.91
2285.07
2279.52
2274.23
2269.21
2264.45
2259.94
2255.67
2251.65
2247.85
2244.27
2240.92
2237.77
2234.82
2232.07
2229.51
2227.12
2224.91
2222.87
2220.98
2219.24
2217.65
2216.2
2214.87
2213.68
2212.6
2211.63
2210.77
2210.01
2209.35
2208.78
2208.29
2207.88
2207.55
2207.29
2207.09
2206.96
2206.88
2206.85
2206.88
2206.96
2207.08
2207.26
2207.47
2207.72
2208
2208.32
2208.66
2209.02
2209.41
2209.82
2210.25
2210.69
2211.15
2211.63
2212.11
2212.61
2213.12
2213.63
2214.15
2214.67
2215.2
2215.73
2216.26
2216.8
2217.33
2217.86
2218.39
2218.91
2219.44
2219.95
2220.46
2220.97
2221.46
2221.95
2222.43
2222.91
2223.37
2223.83
2224.27
2224.71
2225.13
2225.55
2225.95
2226.35
2226.73
2227.1
2227.46
2227.81
2228.14
2228.47
2228.78
2229.09
2229.38
2229.66
2229.92
2230.18
2230.42
2230.65
2230.87
2231.07
2231.26
2231.44
2231.61
2231.77
2231.92
2232.05
2232.18
2232.3
2232.4
2232.5
2232.58
2232.66
2232.73
2232.79
2232.84
2232.88
2232.91
2232.93
2232.95
2232.96
2232.96
2232.95
2232.93
2232.91
2232.88
2232.84
2232.79
2232.74
2232.68
2232.61
2232.54
2232.47
2232.38
2232.3
2232.21
2232.12
2232.02
2231.92
2231.81
2231.71
2231.59
2231.48
2231.36
2231.25
2231.12
2231
2230.88
2230.75
2230.62
2230.49
2230.37
2230.24
2230.11
2229.98
2229.85
2229.72
2229.59
2229.46
2229.33
2229.21
2229.09
2228.97
2228.86
2228.74
2228.64
2228.53
2228.43
2228.34
2228.25
2228.16
2228.08
2228
2227.93
2227.87
2227.81
2227.76
2227.72
2227.69
2227.66
2227.64
2227.63
2227.63
2227.63
2227.65
2227.68
2227.72
2227.77
2227.83
2227.9
2227.99
2228.09
2228.2
2228.33
2228.47
2228.63
2228.8
2228.99
2229.2
2229.42
2229.67
2229.93
2230.21
2230.51
2230.84
2231.18
2231.56
2231.93
2232.41
2232.53
2234.43
2239.16
2244.64
2250.32
2256.11
2261.98
2267.91
2273.92
2280
2286.15
2292.37
2298.67
2305.05
2311.51
2318.04
2324.71
2331.6
2338.72
2346.1
2353.72
2361.6
2369.73
2378.12
2386.75
2395.63
2404.74
2414.09
2423.67
2433.46
2443.48
2453.7
2464.12
2474.74
2485.53
2496.49
2507.63
2518.93
2530.36
2541.94
2553.66
2565.5
2577.45
2589.53
2601.71
2614
2626.4
2638.91
2651.52
2664.26
2677.09
2690.06
2703.14
2716.44
2730.04
2743.99
2758.32
2773.06
2788.22
2803.82
2819.9
2836.49
2853.6
2871.28
2889.56
2908.48
2928.08
2948.42
2969.54
2991.5
3014.36
3038.2
3063.08
3089.11
3116.38
3144.99
3175.07
3206.76
3240.22
3275.62
3313.16
3353.08
3395.65
3441.17
3490
3542.56
3599.34
3660.89
3727.9
3801.15
3881.57
3970.25
4068.48
4177.77
4299.86
4436.72
4590.53
4763.49
4957.75
5174.57
5412.3
5675.88
5902.36
5962.02
5918.63
5825.4
5696.55
5548.42
5390.34
5227.82
5063.43
4900.09
4739.07
4579.6
4422
4268.76
4120.56
3976.35
3836.99
3705.06
3578.43
3452.83
3335.99
3240.82
3159.09
3084.96
3018.18
2958.6
2904.21
2856.57
2816.4
2777.27
2736.05
2693.97
2654.66
2620.34
2590.21
2562.45
2536.61
2513.11
2492.25
2473.76
2457.28
2442.73
2430.19
2419.56
2410.51
2402.77
2396.22
2390.78
2386.4
2383.05
2380.68
2379.21
2378.59
2378.82
2379.91
2381.81
2384.39
2387.49
2390.89
2394.49
2398.52
2403.33
2408.86
2414.76
2420.96
2427.78
2435.45
2443.7
2452.17
2460.98
2470.62
2481.16
2492.13
2503.21
2514.77
2527.29
2540.53
2553.72
2566.93
2581.13
2596.76
2612.91
2628.47
2643.97
2660.78
2679.2
2698.65
2718.68
2739.2
2760.22
2781.86
2804.22
2827.56
2852.28
2878.41
2905.3
2932.56
2961.19
2992.64
3026.73
3062.09
3098.89
3139.28
3185.29
3237.55
3296.45
3363.17
3439.5
3528
3631.64
3756.72
3915.62
4124.73
4404.12
4768.4
5321.8
6363.57
8372.16
13584
20121.7
21483.1
15853
7518.78
3272.87
1932.09
1578.04
1497.3
1520.42
1611.57
1743.37
1881.52
2005.73
2107.35
2183.92
2236.75
2269.79
2288.75
2299.09
2304.94
2309.03
2313.16
2318.51
2325.09
2334.22
2346.38
2360.58
2375.23
2390.11
2405.13
2420.16
2435.69
2450.59
2465.76
2480.62
2496
2510.86
2525.46
2540.77
2557.33
2573.91
2590.99
2608.92
2627.78
2647.5
2668.07
2689.84
2712.65
2735.68
2758.28
2780.29
2802.22
2823.92
2843.15
2860.46
2875.76
2888.58
2901.84
2915.07
2927.33
2941.56
2959.52
2972.31
2982.7
2994.03
3002.23
3008.2
3013.61
3022.07
3032.79
3041.68
3048.62
3056.51
3064.65
3073.15
3082.02
3090.48
3098.64
3106.52
3113.87
3120.39
3125.63
3129.33
3132.03
3135.45
3140.87
3146.52
3149.43
3150.56
3149.9
3148.39
3148.23
3149.79
3152.08
3155.57
3157.88
3159.82
3161.84
3163.46
3164.87
3166
3166.91
3167.59
3168.05
3168.29
3168.33
3168.15
3167.77
3167.19
3166.41
3165.45
3164.31
3163
3161.53
3159.95
3158.34
3156.85
3155.79
3155.12
3153.69
3148.44
3135.58
3123.83
3117.67
3111.76
3119.14
3127.8
3124.75
3114.39
3109.26
3108.41
3102.06
3095.4
3091.3
3086.88
3078.92
3071.73
3068.08
3062.47
3054.69
3047.79
3042.67
3038.81
3032.69
3025.33
3019.96
3015.21
3009.86
3003.98
2999.34
2994.96
2989.04
2982.35
2975.98
2970.32
2965.19
2960.31
2955.86
2952.01
2949.95
2951.02
2955.16
2981.73
3045.87
2435.76
2423.01
2405.68
2390.46
2376.47
2363.15
2350.28
2337.78
2325.65
2313.88
2302.47
2291.44
2280.76
2270.45
2260.48
2250.85
2241.54
2232.55
2223.86
2215.46
2207.34
2199.5
2191.92
2184.61
2177.54
2170.73
2164.16
2157.82
2151.72
2145.85
2140.2
2134.77
2129.56
2124.56
2119.77
2115.19
2110.8
2106.61
2102.61
2098.79
2095.16
2091.7
2088.42
2085.3
2082.34
2079.54
2076.9
2074.4
2072.04
2069.82
2067.73
2065.76
2063.92
2062.2
2060.59
2059.09
2057.69
2056.39
2055.19
2054.07
2053.05
2052.1
2051.24
2050.44
2049.72
2049.07
2048.49
2047.98
2047.53
2047.14
2046.8
2046.51
2046.27
2046.07
2045.91
2045.79
2045.71
2045.67
2045.65
2045.67
2045.71
2045.78
2045.88
2046
2046.14
2046.3
2046.48
2046.68
2046.89
2047.11
2047.35
2047.6
2047.87
2048.14
2048.42
2048.7
2049
2049.3
2049.6
2049.91
2050.22
2050.53
2050.85
2051.16
2051.48
2051.79
2052.1
2052.41
2052.72
2053.03
2053.33
2053.63
2053.92
2054.21
2054.49
2054.77
2055.05
2055.32
2055.58
2055.84
2056.08
2056.33
2056.56
2056.79
2057.02
2057.23
2057.44
2057.64
2057.83
2058.01
2058.18
2058.35
2058.51
2058.65
2058.8
2058.93
2059.05
2059.17
2059.28
2059.38
2059.48
2059.56
2059.64
2059.72
2059.78
2059.84
2059.89
2059.94
2059.98
2060.01
2060.03
2060.05
2060.06
2060.07
2060.07
2060.06
2060.04
2060.02
2059.99
2059.96
2059.92
2059.88
2059.83
2059.78
2059.72
2059.66
2059.59
2059.52
2059.45
2059.37
2059.29
2059.21
2059.13
2059.04
2058.95
2058.86
2058.77
2058.67
2058.57
2058.48
2058.38
2058.28
2058.18
2058.08
2057.98
2057.88
2057.78
2057.68
2057.57
2057.47
2057.37
2057.27
2057.17
2057.08
2056.98
2056.9
2056.81
2056.73
2056.65
2056.57
2056.5
2056.44
2056.38
2056.32
2056.27
2056.23
2056.19
2056.16
2056.14
2056.13
2056.12
2056.12
2056.13
2056.15
2056.18
2056.22
2056.27
2056.32
2056.4
2056.48
2056.57
2056.68
2056.8
2056.94
2057.09
2057.25
2057.43
2057.63
2057.84
2058.07
2058.32
2058.59
2058.88
2059.18
2059.51
2059.85
2060.27
2060.37
2062.12
2066.51
2071.59
2076.86
2082.23
2087.67
2093.18
2098.75
2104.39
2110.1
2115.88
2121.73
2127.66
2133.67
2139.74
2145.94
2152.34
2158.96
2165.81
2172.89
2180.21
2187.76
2195.55
2203.56
2211.8
2220.27
2228.95
2237.84
2246.94
2256.25
2265.75
2275.44
2285.31
2295.36
2305.57
2315.94
2326.46
2337.12
2347.92
2358.86
2369.92
2381.09
2392.39
2403.79
2415.3
2426.91
2438.63
2450.44
2462.39
2474.43
2486.62
2498.91
2511.4
2524.19
2537.32
2550.8
2564.67
2578.94
2593.64
2608.78
2624.41
2640.54
2657.2
2674.44
2692.29
2710.79
2729.98
2749.91
2770.65
2792.24
2814.76
2838.28
2862.89
2888.67
2915.72
2944.17
2974.15
3005.8
3039.3
3074.83
3112.62
3152.92
3196.02
3242.26
3292.04
3345.81
3404.12
3467.6
3537
3613.2
3697.25
3790.39
3894.07
4009.98
4140.1
4286.64
4451.97
4638.57
4848.56
5081.55
5344.81
5583.59
5665.23
5645.56
5572.41
5459.39
5322.06
5171.03
5013.06
4851.97
4691.47
4533.25
4376.82
4222.76
4073.5
3929.6
3790.05
3655.71
3528.93
3407.44
3288.32
3178.31
3088.99
3012.1
2942.23
2879.2
2822.81
2771.2
2725.83
2687.18
2649.23
2609.33
2568.71
2530.74
2497.36
2467.78
2440.36
2414.69
2391.14
2370
2351
2333.81
2318.37
2304.74
2292.82
2282.32
2273.01
2264.76
2257.51
2251.2
2245.81
2241.29
2237.57
2234.58
2232.34
2230.85
2230.06
2229.85
2230.09
2230.61
2231.3
2232.37
2234.1
2236.44
2239.1
2242.04
2245.51
2249.69
2254.38
2259.27
2264.48
2270.39
2277.07
2284.12
2291.32
2298.94
2307.37
2316.42
2325.48
2334.61
2344.57
2355.74
2367.36
2378.57
2389.78
2402.1
2415.76
2430.31
2445.38
2460.91
2476.91
2493.47
2510.68
2528.74
2547.99
2568.45
2589.6
2611.15
2633.9
2659.02
2686.38
2714.89
2744.73
2777.63
2815.25
2858.17
2906.71
2961.91
3025.26
3098.96
3185.53
3290.19
3423.68
3599.28
3833.16
4137.67
4592.51
5458.45
7017.1
11349.8
18048.5
21181.1
17511.3
9504.34
4162.71
2226.76
1638.04
1490.21
1484.24
1556.8
1677.44
1806.8
1922.67
2016.59
2086.54
2134.22
2163.58
2180.09
2188.88
2193.75
2197.27
2201.36
2207.63
2216.33
2227.66
2240.5
2254.24
2268.24
2282.55
2296.91
2311.4
2326.31
2340.79
2355.48
2369.92
2384.64
2398.91
2413.17
2428.17
2444.03
2459.81
2476.01
2492.92
2510.61
2529.02
2548.14
2568.29
2589.34
2610.61
2631.68
2652.6
2673.73
2694.52
2713.25
2730.25
2745.01
2757.38
2769.89
2782.12
2793.71
2807.64
2824.43
2836.36
2846.35
2856.67
2864.21
2870.14
2876.23
2884.99
2895.13
2903.54
2910.62
2918.53
2926.71
2935.19
2943.85
2952.12
2960.08
2967.71
2974.78
2981
2986.05
2989.81
2992.93
2996.83
3002.21
3007.32
3010.04
3011.25
3011.04
3010.37
3010.97
3012.94
3015.55
3018.95
3021.37
3023.51
3025.67
3027.45
3029.02
3030.33
3031.42
3032.27
3032.91
3033.33
3033.54
3033.54
3033.34
3032.93
3032.32
3031.53
3030.56
3029.42
3028.13
3026.72
3025.28
3023.93
3022.9
3022.06
3020.32
3015.2
3003.89
2993.45
2987.81
2983.23
2988.83
2994.93
2991.88
2983.21
2978.31
2976.57
2970.77
2964.71
2960.44
2955.84
2948.62
2941.99
2937.91
2932.36
2925.19
2918.66
2913.5
2909.29
2903.45
2896.73
2891.43
2886.47
2881.06
2875.3
2870.44
2865.76
2859.92
2853.44
2847.15
2841.42
2836.14
2831.1
2826.48
2822.41
2820
2820.38
2823.81
2847.76
2901.08
2242.55
2238.63
2230.49
2221.22
2211.55
2201.83
2192.2
2182.73
2173.42
2164.28
2155.3
2146.49
2137.84
2129.37
2121.08
2112.96
2105.03
2097.28
2089.72
2082.33
2075.13
2068.12
2061.28
2054.63
2048.15
2041.86
2035.73
2029.79
2024.01
2018.41
2012.97
2007.71
2002.61
1997.67
1992.9
1988.29
1983.83
1979.53
1975.39
1971.39
1967.54
1963.84
1960.29
1956.87
1953.59
1950.44
1947.43
1944.54
1941.78
1939.13
1936.61
1934.2
1931.91
1929.72
1927.63
1925.65
1923.77
1921.98
1920.28
1918.67
1917.15
1915.71
1914.35
1913.07
1911.86
1910.74
1909.69
1908.71
1907.79
1906.93
1906.14
1905.39
1904.71
1904.07
1903.48
1902.94
1902.44
1901.98
1901.57
1901.19
1900.85
1900.54
1900.27
1900.03
1899.81
1899.63
1899.47
1899.34
1899.23
1899.14
1899.08
1899.03
1899.01
1899
1899.01
1899.03
1899.07
1899.12
1899.18
1899.26
1899.35
1899.44
1899.55
1899.66
1899.78
1899.91
1900.04
1900.18
1900.32
1900.47
1900.62
1900.77
1900.92
1901.08
1901.24
1901.4
1901.56
1901.72
1901.87
1902.03
1902.19
1902.35
1902.5
1902.65
1902.8
1902.95
1903.09
1903.24
1903.37
1903.51
1903.64
1903.77
1903.89
1904.01
1904.12
1904.23
1904.33
1904.43
1904.53
1904.62
1904.7
1904.78
1904.86
1904.93
1904.99
1905.05
1905.11
1905.16
1905.21
1905.25
1905.29
1905.32
1905.35
1905.37
1905.39
1905.41
1905.42
1905.42
1905.42
1905.41
1905.4
1905.39
1905.37
1905.35
1905.32
1905.29
1905.26
1905.22
1905.18
1905.14
1905.09
1905.04
1904.99
1904.93
1904.88
1904.82
1904.76
1904.7
1904.63
1904.57
1904.5
1904.43
1904.37
1904.3
1904.23
1904.16
1904.09
1904.02
1903.95
1903.88
1903.81
1903.74
1903.67
1903.6
1903.54
1903.47
1903.41
1903.35
1903.29
1903.23
1903.18
1903.13
1903.09
1903.05
1903.02
1902.99
1902.96
1902.94
1902.93
1902.92
1902.92
1902.93
1902.94
1902.97
1903
1903.04
1903.09
1903.14
1903.21
1903.29
1903.38
1903.48
1903.59
1903.71
1903.85
1904
1904.17
1904.34
1904.54
1904.75
1904.97
1905.21
1905.47
1905.75
1906.05
1906.35
1906.74
1906.82
1908.43
1912.5
1917.22
1922.13
1927.12
1932.17
1937.28
1942.46
1947.69
1952.99
1958.36
1963.79
1969.29
1974.87
1980.5
1986.26
1992.2
1998.35
2004.7
2011.27
2018.05
2025.05
2032.27
2039.7
2047.34
2055.18
2063.23
2071.47
2079.91
2088.54
2097.35
2106.34
2115.5
2124.83
2134.31
2143.94
2153.72
2163.62
2173.66
2183.84
2194.12
2204.51
2215.03
2225.65
2236.38
2247.21
2258.15
2269.18
2280.34
2291.59
2302.98
2314.48
2326.18
2338.15
2350.45
2363.08
2376.08
2389.45
2403.23
2417.44
2432.09
2447.23
2462.87
2479.05
2495.81
2513.19
2531.22
2549.95
2569.44
2589.75
2610.92
2633.04
2656.19
2680.44
2705.9
2732.68
2760.9
2790.7
2822.24
2855.7
2891.28
2929.23
2969.83
3013.38
3060.26
3110.91
3165.82
3225.61
3290.96
3362.72
3441.87
3529.59
3627.25
3736.5
3859.21
3997.6
4154.09
4331.33
4531.97
4756.52
5013.66
5256.32
5353.27
5352.96
5297.77
5200.05
5074.54
4932.51
4781.46
4626.14
4470.86
4317.62
4166.23
4017.5
3873.79
3735.58
3601.91
3473.65
3352.89
3237.43
3125.04
3022.17
2938.93
2867.13
2801.82
2742.85
2690.02
2641.57
2598.86
2562.19
2525.93
2487.78
2449.02
2412.77
2380.76
2352.2
2325.58
2300.55
2277.46
2256.54
2237.54
2220.17
2204.39
2190.23
2177.59
2166.23
2155.93
2146.58
2138.12
2130.51
2123.71
2117.68
2112.35
2107.67
2103.64
2100.27
2097.5
2095.23
2093.35
2091.72
2090.24
2089.09
2088.49
2088.42
2088.62
2089.07
2089.97
2091.47
2093.41
2095.53
2097.94
2100.94
2104.59
2108.57
2112.69
2117.19
2122.37
2128.08
2133.84
2139.68
2146.23
2153.78
2161.73
2169.39
2177.1
2185.73
2195.48
2205.98
2216.96
2228.35
2240.17
2252.48
2265.36
2278.98
2293.62
2309.27
2325.55
2342.23
2359.94
2379.63
2401.2
2423.81
2447.61
2474
2504.34
2539.11
2578.63
2623.76
2675.75
2736.44
2807.98
2894.63
3005.33
3151.17
3344.71
3597.93
3967.41
4682.46
5888.57
9329.04
15756.3
20293
18710.7
11686.3
5404.33
2707.23
1773.05
1505.04
1461.5
1509.12
1615.93
1736.12
1844.05
1930.91
1994.95
2038.17
2064.46
2079.02
2086.64
2090.89
2094.38
2099.81
2108.59
2119.26
2131
2143.54
2156.63
2170.06
2183.84
2197.64
2211.66
2226.04
2240.14
2254.38
2268.39
2282.51
2296.31
2310.26
2324.88
2340.02
2355.03
2370.39
2386.33
2402.92
2420.12
2437.93
2456.63
2476.13
2495.92
2515.75
2535.79
2556.18
2576.16
2594.42
2611.04
2625.28
2637.25
2649.13
2660.61
2671.81
2685.44
2701.15
2712.42
2722.07
2731.62
2738.8
2744.94
2751.68
2760.64
2770.34
2778.48
2785.75
2793.73
2801.98
2810.46
2818.99
2827.12
2834.95
2842.4
2849.27
2855.31
2860.29
2864.23
2867.8
2872.11
2877.45
2882.18
2884.85
2886.25
2886.57
2886.72
2888.01
2890.38
2893.26
2896.65
2899.21
2901.56
2903.87
2905.84
2907.59
2909.09
2910.36
2911.39
2912.22
2912.82
2913.21
2913.39
2913.36
2913.11
2912.67
2912.04
2911.23
2910.25
2909.12
2907.87
2906.57
2905.34
2904.32
2903.32
2901.34
2896.4
2886.49
2877.24
2872.06
2868.41
2872.45
2876.48
2873.44
2866.1
2861.41
2858.99
2853.62
2848.05
2843.65
2838.93
2832.31
2826.12
2821.73
2816.23
2809.54
2803.32
2798.12
2793.63
2787.98
2781.74
2776.49
2771.39
2765.93
2760.24
2755.2
2750.27
2744.47
2738.17
2731.97
2726.19
2720.79
2715.6
2710.82
2706.54
2703.8
2703.54
2706.31
2727.8
2771.75
2087.48
2081.65
2073.53
2066.06
2058.86
2051.74
2044.63
2037.55
2030.49
2023.48
2016.52
2009.62
2002.78
1996.01
1989.31
1982.7
1976.17
1969.73
1963.38
1957.13
1950.98
1944.94
1939
1933.18
1927.46
1921.86
1916.38
1911.01
1905.76
1900.63
1895.61
1890.72
1885.94
1881.29
1876.75
1872.33
1868.02
1863.84
1859.77
1855.82
1851.98
1848.26
1844.64
1841.14
1837.75
1834.47
1831.29
1828.22
1825.26
1822.39
1819.62
1816.96
1814.38
1811.9
1809.52
1807.22
1805.01
1802.88
1800.84
1798.88
1797
1795.19
1793.46
1791.82
1790.25
1788.75
1787.32
1785.96
1784.66
1783.42
1782.24
1781.12
1780.05
1779.04
1778.08
1777.17
1776.31
1775.49
1774.72
1773.99
1773.3
1772.65
1772.03
1771.46
1770.92
1770.41
1769.93
1769.49
1769.07
1768.69
1768.32
1767.99
1767.68
1767.39
1767.13
1766.89
1766.66
1766.46
1766.28
1766.11
1765.96
1765.82
1765.7
1765.6
1765.5
1765.43
1765.36
1765.3
1765.25
1765.22
1765.19
1765.17
1765.16
1765.16
1765.16
1765.17
1765.18
1765.2
1765.23
1765.26
1765.29
1765.33
1765.37
1765.41
1765.46
1765.5
1765.55
1765.6
1765.66
1765.71
1765.76
1765.81
1765.87
1765.92
1765.97
1766.02
1766.08
1766.12
1766.17
1766.22
1766.27
1766.31
1766.35
1766.39
1766.43
1766.46
1766.5
1766.53
1766.56
1766.58
1766.61
1766.63
1766.65
1766.67
1766.68
1766.7
1766.71
1766.71
1766.72
1766.72
1766.72
1766.71
1766.71
1766.7
1766.69
1766.67
1766.66
1766.64
1766.61
1766.59
1766.56
1766.54
1766.51
1766.48
1766.44
1766.41
1766.37
1766.33
1766.3
1766.26
1766.22
1766.17
1766.13
1766.09
1766.05
1766.01
1765.96
1765.92
1765.88
1765.84
1765.8
1765.76
1765.72
1765.68
1765.64
1765.6
1765.56
1765.53
1765.5
1765.47
1765.44
1765.41
1765.39
1765.38
1765.36
1765.35
1765.35
1765.34
1765.35
1765.36
1765.37
1765.4
1765.42
1765.46
1765.5
1765.55
1765.6
1765.67
1765.74
1765.82
1765.92
1766.02
1766.13
1766.25
1766.39
1766.53
1766.69
1766.86
1767.05
1767.24
1767.46
1767.68
1767.93
1768.18
1768.46
1768.74
1769.1
1769.17
1770.67
1774.47
1778.87
1783.45
1788.1
1792.81
1797.58
1802.4
1807.28
1812.22
1817.21
1822.27
1827.39
1832.58
1837.82
1843.18
1848.7
1854.41
1860.31
1866.41
1872.7
1879.19
1885.89
1892.77
1899.85
1907.12
1914.58
1922.22
1930.03
1938.03
1946.19
1954.52
1963.01
1971.65
1980.44
1989.37
1998.43
2007.62
2016.93
2026.37
2035.91
2045.57
2055.33
2065.2
2075.17
2085.24
2095.41
2105.68
2116.07
2126.55
2137.17
2147.89
2158.8
2169.98
2181.45
2193.24
2205.38
2217.87
2230.74
2244.02
2257.71
2271.86
2286.49
2301.62
2317.3
2333.55
2350.42
2367.96
2386.2
2405.21
2425.04
2445.76
2467.44
2490.16
2514.02
2539.11
2565.56
2593.48
2623.04
2654.4
2687.76
2723.33
2761.38
2802.2
2846.13
2893.59
2945.04
3001.04
3062.24
3129.44
3203.54
3285.65
3377.06
3479.31
3594.21
3723.89
3870.72
4037.4
4226.87
4440.3
4686.98
4926.85
5033.38
5048.56
5008.98
4925.73
4812.55
4680.89
4538.64
4391.09
4242.95
4096.47
3951.75
3809.78
3672.84
3541.37
3414.48
3293.04
3178.92
3070.04
2964.63
2868.94
2791.74
2725.05
2664.36
2609.55
2560.38
2515.24
2475.38
2440.94
2406.65
2370.55
2333.92
2299.66
2269.31
2242.09
2216.61
2192.58
2170.31
2149.99
2131.41
2114.29
2098.59
2084.35
2071.46
2059.71
2048.9
2038.94
2029.77
2021.35
2013.65
2006.63
2000.22
1994.39
1989.13
1984.43
1980.26
1976.52
1973.12
1969.92
1966.87
1964.09
1961.79
1959.93
1958.31
1956.89
1955.87
1955.35
1955.2
1955.22
1955.48
1956.26
1957.57
1959.17
1960.91
1962.97
1965.61
1968.7
1971.85
1975.09
1978.93
1983.6
1988.61
1993.43
1998.31
2003.97
2010.55
2017.78
2025.42
2033.43
2041.82
2050.64
2059.96
2069.91
2080.72
2092.39
2104.61
2117.2
2130.68
2145.8
2162.51
2180.13
2198.79
2219.64
2243.77
2271.6
2303.41
2339.92
2382.17
2431.68
2490.25
2561.35
2652.24
2772.2
2930.66
3139.39
3436.87
4019.87
4958.19
7578.52
13387.5
18865.4
19170.4
13858.6
7031.28
3387.95
2034.33
1559.31
1454.98
1470.62
1559.18
1669.19
1769.53
1849.94
1908.77
1948.17
1971.95
1985
1991.88
1996.15
2001.21
2009.52
2019.91
2030.8
2042.27
2054.3
2066.82
2079.78
2093.06
2106.39
2119.99
2133.91
2147.66
2161.49
2175.09
2188.69
2202.09
2215.74
2229.93
2244.37
2258.65
2273.22
2288.25
2303.84
2319.93
2336.56
2353.99
2372.17
2390.73
2409.57
2428.87
2448.59
2467.86
2485.67
2501.88
2515.65
2527.3
2538.7
2549.67
2560.67
2574.01
2588.78
2599.55
2608.95
2617.98
2625.07
2631.58
2638.94
2648.05
2657.44
2665.47
2672.98
2681.08
2689.45
2697.95
2706.41
2714.48
2722.23
2729.58
2736.34
2742.31
2747.35
2751.57
2755.59
2760.28
2765.59
2770.1
2772.85
2774.55
2775.46
2776.39
2778.32
2781.07
2784.23
2787.66
2790.4
2792.97
2795.46
2797.63
2799.58
2801.27
2802.74
2803.98
2804.99
2805.79
2806.36
2806.72
2806.86
2806.78
2806.51
2806.03
2805.38
2804.55
2803.56
2802.45
2801.29
2800.14
2799.11
2797.97
2795.81
2791.1
2782.43
2774.26
2769.48
2766.44
2769.13
2771.51
2768.46
2762.17
2757.65
2754.71
2749.67
2744.48
2740.01
2735.21
2729.05
2723.2
2718.58
2713.12
2706.82
2700.82
2695.59
2690.88
2685.36
2679.45
2674.23
2669.02
2663.52
2657.87
2652.67
2647.51
2641.73
2635.56
2629.44
2623.63
2618.12
2612.8
2607.86
2603.39
2600.33
2599.47
2601.64
2620.81
2656.7
1939.18
1936.91
1932.67
1927.91
1922.8
1917.47
1912
1906.43
1900.82
1895.2
1889.57
1883.97
1878.39
1872.84
1867.33
1861.86
1856.44
1851.06
1845.74
1840.47
1835.25
1830.1
1825.01
1819.98
1815.02
1810.14
1805.32
1800.58
1795.91
1791.32
1786.81
1782.38
1778.03
1773.77
1769.58
1765.48
1761.47
1757.53
1753.69
1749.93
1746.25
1742.66
1739.15
1735.72
1732.38
1729.13
1725.95
1722.86
1719.85
1716.93
1714.08
1711.31
1708.62
1706
1703.46
1701
1698.61
1696.29
1694.04
1691.87
1689.76
1687.72
1685.75
1683.86
1682.03
1680.26
1678.56
1676.91
1675.33
1673.81
1672.34
1670.92
1669.56
1668.26
1667
1665.79
1664.63
1663.52
1662.45
1661.42
1660.44
1659.5
1658.59
1657.73
1656.9
1656.11
1655.35
1654.63
1653.94
1653.28
1652.65
1652.05
1651.48
1650.93
1650.41
1649.92
1649.45
1649.01
1648.58
1648.18
1647.8
1647.44
1647.1
1646.77
1646.47
1646.18
1645.91
1645.65
1645.41
1645.18
1644.96
1644.76
1644.57
1644.4
1644.23
1644.07
1643.93
1643.79
1643.67
1643.55
1643.44
1643.34
1643.24
1643.15
1643.07
1643
1642.93
1642.86
1642.81
1642.75
1642.7
1642.66
1642.61
1642.57
1642.54
1642.51
1642.48
1642.45
1642.42
1642.4
1642.38
1642.36
1642.34
1642.32
1642.31
1642.29
1642.27
1642.26
1642.25
1642.23
1642.22
1642.21
1642.19
1642.18
1642.16
1642.15
1642.14
1642.12
1642.11
1642.09
1642.08
1642.06
1642.04
1642.03
1642.01
1641.99
1641.97
1641.95
1641.92
1641.9
1641.88
1641.85
1641.83
1641.8
1641.78
1641.75
1641.72
1641.7
1641.67
1641.64
1641.61
1641.59
1641.56
1641.53
1641.5
1641.48
1641.45
1641.43
1641.4
1641.38
1641.35
1641.33
1641.31
1641.29
1641.28
1641.26
1641.25
1641.23
1641.22
1641.21
1641.21
1641.2
1641.2
1641.2
1641.21
1641.22
1641.23
1641.25
1641.27
1641.3
1641.33
1641.37
1641.41
1641.46
1641.51
1641.58
1641.64
1641.72
1641.8
1641.89
1641.99
1642.1
1642.22
1642.35
1642.48
1642.63
1642.79
1642.96
1643.14
1643.33
1643.54
1643.76
1643.99
1644.24
1644.51
1644.77
1645.12
1645.18
1646.59
1650.15
1654.28
1658.56
1662.92
1667.33
1671.8
1676.31
1680.88
1685.49
1690.16
1694.89
1699.67
1704.52
1709.42
1714.42
1719.57
1724.89
1730.39
1736.06
1741.92
1747.96
1754.18
1760.57
1767.15
1773.9
1780.82
1787.9
1795.15
1802.57
1810.14
1817.86
1825.73
1833.74
1841.88
1850.16
1858.56
1867.08
1875.71
1884.47
1893.32
1902.27
1911.33
1920.49
1929.74
1939.09
1948.54
1958.08
1967.73
1977.47
1987.35
1997.32
2007.48
2017.88
2028.56
2039.54
2050.84
2062.47
2074.46
2086.83
2099.59
2112.77
2126.4
2140.51
2155.13
2170.28
2186.02
2202.37
2219.39
2237.13
2255.63
2274.97
2295.2
2316.41
2338.67
2362.09
2386.78
2412.85
2440.44
2469.72
2500.85
2534.05
2569.55
2607.64
2648.62
2692.88
2740.86
2793.06
2850.09
2912.69
2981.69
3058.11
3143.17
3238.29
3345.17
3465.81
3602.5
3757.9
3935.02
4135.45
4368.65
4600.66
4711.97
4739.48
4713.08
4643.18
4542.39
4421.98
4289.85
4151.6
4012.09
3873.75
3736.95
3602.81
3473.55
3349.56
3230.07
3115.94
3008.81
2906.82
2808.51
2719.93
2648.6
2586.88
2530.63
2479.92
2434.38
2392.53
2355.54
2323.39
2291.21
2257.3
2222.94
2190.82
2162.29
2136.6
2112.49
2089.69
2068.48
2049.05
2031.17
2014.61
1999.32
1985.34
1972.56
1960.78
1949.84
1939.66
1930.17
1921.35
1913.16
1905.56
1898.51
1891.96
1885.9
1880.34
1875.23
1870.49
1866.04
1861.76
1857.61
1853.69
1850.18
1847.04
1844.1
1841.34
1838.91
1836.91
1835.22
1833.68
1832.34
1831.44
1830.99
1830.79
1830.71
1830.92
1831.61
1832.67
1833.8
1835.02
1836.75
1839.16
1841.88
1844.44
1847.09
1850.39
1854.45
1859.07
1864.04
1869.33
1874.95
1880.95
1887.38
1894.34
1902.03
1910.44
1919.33
1928.56
1938.55
1949.9
1962.58
1976.05
1990.43
2006.64
2025.59
2047.6
2072.94
2102.19
2136.24
2176.3
2223.89
2281.83
2355.89
2453.79
2582.51
2752.27
2990.53
3458.24
4195.22
6117.05
11070.6
17018.2
19000.8
15585.6
8955.08
4373.25
2449.26
1688.93
1469.69
1444.76
1508.36
1606.03
1698.9
1773.42
1827.66
1863.85
1885.66
1897.76
1904.63
1910.49
1918.54
1928.3
1938.84
1949.39
1960.44
1971.98
1984.02
1996.57
2009.41
2022.33
2035.58
2049.11
2062.54
2075.99
2089.21
2102.37
2115.44
2128.79
2142.52
2156.3
2169.9
2183.74
2197.95
2212.62
2227.73
2243.33
2259.67
2276.73
2294.29
2312.34
2331.02
2350.13
2368.78
2386.17
2401.96
2415.34
2426.77
2437.84
2448.54
2459.48
2472.56
2486.54
2496.98
2506.22
2514.97
2522.19
2529.18
2537.11
2546.37
2555.57
2563.65
2571.43
2579.71
2588.22
2596.81
2605.25
2613.33
2621.08
2628.41
2635.16
2641.17
2646.37
2650.94
2655.44
2660.47
2665.81
2670.24
2673.18
2675.28
2676.82
2678.5
2681.03
2684.17
2687.59
2691.13
2694.09
2696.89
2699.59
2701.98
2704.15
2706.06
2707.74
2709.19
2710.41
2711.4
2712.17
2712.71
2713.02
2713.12
2713
2712.69
2712.18
2711.49
2710.65
2709.67
2708.61
2707.54
2706.5
2705.24
2702.95
2698.49
2690.91
2683.7
2679.28
2676.61
2678.14
2679.19
2676.13
2670.63
2666.26
2662.93
2658.13
2653.21
2648.7
2643.86
2638.05
2632.45
2627.66
2622.23
2616.21
2610.4
2605.13
2600.22
2594.77
2589.1
2583.87
2578.56
2573.03
2567.39
2562.03
2556.68
2550.87
2544.79
2538.73
2532.89
2527.29
2521.85
2516.76
2512.1
2508.72
2507.32
2508.93
2525.92
2554.87
1822.85
1820.08
1815.59
1810.93
1806.14
1801.25
1796.28
1791.27
1786.25
1781.24
1776.25
1771.29
1766.37
1761.49
1756.66
1751.88
1747.14
1742.45
1737.81
1733.21
1728.66
1724.16
1719.71
1715.31
1710.95
1706.65
1702.39
1698.19
1694.04
1689.95
1685.91
1681.93
1678.01
1674.14
1670.34
1666.59
1662.9
1659.28
1655.71
1652.21
1648.77
1645.39
1642.07
1638.82
1635.63
1632.51
1629.44
1626.44
1623.5
1620.63
1617.81
1615.06
1612.37
1609.74
1607.18
1604.67
1602.22
1599.83
1597.5
1595.23
1593.01
1590.85
1588.75
1586.71
1584.72
1582.79
1580.92
1579.1
1577.33
1575.61
1573.94
1572.33
1570.76
1569.24
1567.77
1566.34
1564.96
1563.62
1562.33
1561.08
1559.86
1558.69
1557.56
1556.46
1555.4
1554.38
1553.39
1552.43
1551.51
1550.62
1549.77
1548.94
1548.14
1547.37
1546.63
1545.92
1545.23
1544.57
1543.93
1543.31
1542.72
1542.15
1541.61
1541.08
1540.58
1540.09
1539.63
1539.18
1538.75
1538.34
1537.94
1537.56
1537.2
1536.85
1536.51
1536.19
1535.88
1535.59
1535.3
1535.03
1534.78
1534.53
1534.29
1534.06
1533.84
1533.64
1533.44
1533.25
1533.06
1532.89
1532.72
1532.56
1532.41
1532.26
1532.12
1531.99
1531.86
1531.74
1531.62
1531.51
1531.4
1531.3
1531.2
1531.1
1531.01
1530.93
1530.84
1530.76
1530.68
1530.61
1530.53
1530.46
1530.4
1530.33
1530.27
1530.21
1530.15
1530.09
1530.04
1529.98
1529.93
1529.88
1529.83
1529.78
1529.74
1529.69
1529.65
1529.6
1529.56
1529.52
1529.48
1529.44
1529.4
1529.36
1529.32
1529.29
1529.25
1529.22
1529.19
1529.15
1529.12
1529.09
1529.06
1529.04
1529.01
1528.98
1528.96
1528.94
1528.92
1528.9
1528.88
1528.87
1528.85
1528.84
1528.83
1528.82
1528.82
1528.82
1528.82
1528.82
1528.83
1528.83
1528.85
1528.86
1528.88
1528.9
1528.93
1528.96
1528.99
1529.03
1529.07
1529.12
1529.18
1529.24
1529.3
1529.37
1529.45
1529.54
1529.63
1529.73
1529.83
1529.95
1530.07
1530.2
1530.35
1530.5
1530.66
1530.83
1531.01
1531.2
1531.41
1531.62
1531.85
1532.09
1532.35
1532.61
1532.94
1533.01
1534.34
1537.69
1541.58
1545.61
1549.7
1553.85
1558.05
1562.29
1566.58
1570.91
1575.3
1579.73
1584.22
1588.77
1593.36
1598.04
1602.87
1607.85
1612.99
1618.29
1623.76
1629.4
1635.2
1641.16
1647.29
1653.58
1660.02
1666.61
1673.36
1680.25
1687.29
1694.46
1701.77
1709.21
1716.77
1724.46
1732.26
1740.17
1748.18
1756.31
1764.52
1772.83
1781.24
1789.74
1798.33
1807.01
1815.78
1824.64
1833.6
1842.65
1851.83
1861.1
1870.53
1880.2
1890.12
1900.33
1910.83
1921.65
1932.8
1944.29
1956.16
1968.42
1981.09
1994.21
2007.81
2021.9
2036.54
2051.75
2067.59
2084.08
2101.3
2119.29
2138.11
2157.84
2178.56
2200.35
2223.32
2247.57
2273.23
2300.46
2329.41
2360.28
2393.29
2428.68
2466.76
2507.87
2552.41
2600.86
2653.76
2711.79
2775.73
2846.5
2925.22
3013.21
3112.03
3223.54
3349.91
3493.65
3657.76
3844.05
4061.78
4282.28
4394.55
4431.37
4415.96
4358.23
4269.62
4160.89
4039.76
3911.84
3782.01
3652.81
3524.81
3399.26
3278.29
3162.27
3050.57
2944.01
2844.06
2749.06
2657.8
2576.23
2510.56
2453.55
2401.64
2354.75
2312.64
2273.93
2239.68
2209.78
2179.71
2148.02
2115.96
2086.01
2059.37
2035.3
2012.66
1991.21
1971.21
1952.82
1935.84
1920.04
1905.39
1891.9
1879.49
1867.97
1857.18
1847.06
1837.56
1828.65
1820.28
1812.44
1805.08
1798.15
1791.66
1785.59
1779.91
1774.55
1769.43
1764.45
1759.58
1754.92
1750.59
1746.58
1742.74
1739.05
1735.63
1732.58
1729.8
1727.13
1724.65
1722.52
1720.78
1719.25
1717.83
1716.64
1715.87
1715.41
1715.01
1714.7
1714.81
1715.5
1716.44
1717.27
1718.18
1719.64
1721.73
1724.29
1727.16
1730.3
1733.73
1737.48
1741.61
1746.19
1751.37
1757.16
1763.36
1769.87
1777.03
1785.31
1794.7
1804.78
1815.64
1828.05
1842.72
1859.94
1879.92
1903.17
1930.4
1962.62
2001.06
2048.02
2108.07
2187.49
2291.48
2428.21
2618.22
2987.15
3571.92
4941.66
8929.29
14865.4
18405.7
16837.1
11063.7
5725.9
3046.68
1942.18
1524.87
1436.03
1466.06
1547.04
1632.05
1701.14
1751.41
1785.03
1805.53
1817.6
1825.87
1834.45
1843.79
1853.91
1864.05
1874.19
1884.83
1895.93
1907.57
1919.74
1932.2
1944.79
1957.73
1970.93
1984.08
1997.19
2010.07
2022.86
2035.65
2048.7
2061.96
2075.13
2088.13
2101.3
2114.77
2128.64
2142.9
2157.61
2173.03
2189.19
2205.95
2223.37
2241.53
2260.09
2278.2
2295.2
2310.61
2323.71
2335.02
2345.94
2356.54
2367.55
2380.41
2393.76
2404.01
2413.24
2421.92
2429.44
2436.99
2445.46
2454.87
2464.04
2472.28
2480.38
2488.89
2497.58
2506.29
2514.8
2522.96
2530.78
2538.18
2545.01
2551.16
2556.63
2561.62
2566.59
2571.97
2577.4
2581.89
2585.13
2587.71
2589.9
2592.31
2595.41
2598.95
2602.65
2606.35
2609.56
2612.62
2615.55
2618.19
2620.6
2622.75
2624.66
2626.33
2627.77
2628.97
2629.94
2630.67
2631.17
2631.44
2631.49
2631.33
2630.97
2630.42
2629.71
2628.85
2627.9
2626.88
2625.82
2624.45
2622.09
2617.88
2611.25
2604.89
2600.78
2598.31
2598.85
2598.84
2595.75
2590.83
2586.57
2582.96
2578.32
2573.6
2569.06
2564.19
2558.64
2553.22
2548.3
2542.88
2537.06
2531.38
2526.06
2520.99
2515.56
2510
2504.74
2499.35
2493.77
2488.1
2482.61
2477.07
2471.22
2465.17
2459.13
2453.26
2447.57
2442.01
2436.78
2431.94
2428.24
2426.33
2427.39
2442.36
2465.38
1727.68
1723.61
1717.53
1711.77
1706.27
1700.94
1695.75
1690.66
1685.66
1680.75
1675.92
1671.16
1666.48
1661.87
1657.33
1652.86
1648.45
1644.1
1639.82
1635.59
1631.42
1627.31
1623.24
1619.23
1615.27
1611.36
1607.5
1603.68
1599.92
1596.2
1592.53
1588.9
1585.33
1581.8
1578.31
1574.88
1571.49
1568.15
1564.86
1561.62
1558.43
1555.28
1552.18
1549.13
1546.13
1543.18
1540.28
1537.42
1534.62
1531.86
1529.15
1526.49
1523.88
1521.32
1518.8
1516.33
1513.91
1511.54
1509.21
1506.94
1504.7
1502.51
1500.37
1498.27
1496.22
1494.22
1492.26
1490.35
1488.48
1486.66
1484.88
1483.14
1481.45
1479.8
1478.19
1476.62
1475.1
1473.61
1472.16
1470.75
1469.37
1468.04
1466.73
1465.47
1464.24
1463.04
1461.88
1460.75
1459.65
1458.58
1457.54
1456.54
1455.56
1454.61
1453.68
1452.79
1451.92
1451.08
1450.26
1449.47
1448.7
1447.96
1447.23
1446.53
1445.86
1445.2
1444.56
1443.94
1443.35
1442.77
1442.21
1441.67
1441.14
1440.63
1440.14
1439.67
1439.21
1438.76
1438.33
1437.92
1437.51
1437.12
1436.75
1436.38
1436.03
1435.69
1435.36
1435.05
1434.74
1434.44
1434.16
1433.88
1433.61
1433.35
1433.1
1432.86
1432.63
1432.4
1432.18
1431.97
1431.77
1431.57
1431.38
1431.2
1431.02
1430.85
1430.68
1430.52
1430.37
1430.22
1430.07
1429.93
1429.8
1429.67
1429.54
1429.42
1429.3
1429.18
1429.07
1428.96
1428.86
1428.76
1428.66
1428.57
1428.48
1428.39
1428.3
1428.22
1428.14
1428.06
1427.99
1427.92
1427.85
1427.78
1427.72
1427.66
1427.6
1427.54
1427.48
1427.43
1427.38
1427.33
1427.29
1427.25
1427.2
1427.17
1427.13
1427.1
1427.07
1427.04
1427.01
1426.99
1426.97
1426.95
1426.94
1426.93
1426.92
1426.91
1426.91
1426.91
1426.92
1426.93
1426.94
1426.96
1426.98
1427
1427.03
1427.06
1427.1
1427.14
1427.19
1427.24
1427.3
1427.36
1427.43
1427.51
1427.59
1427.68
1427.77
1427.88
1427.99
1428.1
1428.23
1428.36
1428.5
1428.66
1428.82
1428.99
1429.17
1429.36
1429.56
1429.77
1430
1430.23
1430.49
1430.74
1431.06
1431.13
1432.39
1435.56
1439.22
1443.02
1446.89
1450.8
1454.76
1458.75
1462.8
1466.88
1471.01
1475.19
1479.42
1483.7
1488.02
1492.42
1496.96
1501.64
1506.47
1511.44
1516.57
1521.85
1527.29
1532.87
1538.6
1544.48
1550.5
1556.66
1562.96
1569.39
1575.96
1582.65
1589.46
1596.39
1603.44
1610.59
1617.85
1625.21
1632.67
1640.23
1647.87
1655.6
1663.42
1671.32
1679.3
1687.37
1695.52
1703.75
1712.09
1720.5
1729.02
1737.64
1746.41
1755.39
1764.62
1774.1
1783.86
1793.91
1804.26
1814.94
1825.96
1837.35
1849.12
1861.3
1873.93
1887.02
1900.61
1914.73
1929.43
1944.75
1960.73
1977.43
1994.9
2013.21
2032.44
2052.66
2073.97
2096.46
2120.27
2145.52
2172.36
2200.97
2231.55
2264.33
2299.59
2337.63
2378.83
2423.62
2472.49
2526.07
2585.05
2650.29
2722.79
2803.76
2894.63
2997.1
3113.18
3245.22
3396.08
3567.67
3768.82
3975.35
4085.65
4128.44
4122.31
4075.73
3998.93
3901.98
3792.27
3675.3
3555.81
3436.36
3317.72
3201.22
3088.9
2981.13
2877.4
2778.51
2685.77
2597.73
2513.35
2438.78
2378.37
2325.75
2277.85
2234.58
2195.68
2159.93
2128.25
2100.46
2072.42
2042.9
2013.08
1985.25
1960.46
1938.01
1916.85
1896.78
1878.04
1860.78
1844.79
1829.87
1815.98
1803.14
1791.27
1780.19
1769.76
1759.91
1750.62
1741.83
1733.54
1725.7
1718.28
1711.24
1704.58
1698.28
1692.32
1686.63
1681.14
1675.77
1670.49
1665.38
1660.55
1656
1651.58
1647.29
1643.23
1639.48
1635.95
1632.52
1629.24
1626.27
1623.62
1621.15
1618.76
1616.58
1614.74
1613.17
1611.64
1610.2
1609.12
1608.51
1608.11
1607.64
1607.24
1607.29
1607.88
1608.86
1610.1
1611.58
1613.3
1615.3
1617.62
1620.32
1623.53
1627.24
1631.31
1635.66
1640.55
1646.38
1653.13
1660.47
1668.5
1677.82
1689.02
1702.34
1717.96
1736.31
1757.96
1783.74
1814.68
1852.58
1901.18
1965.35
2049.06
2158.57
2309.79
2596.33
3064.21
4026.61
7038.22
12546.5
17162.3
17369.4
13161.8
7413.67
3934.32
2344.33
1665.7
1451.48
1436.98
1493.55
1569.2
1633.14
1680.13
1711.99
1732.24
1745.56
1755.94
1765.64
1775.33
1785.17
1794.83
1804.58
1814.84
1825.56
1836.85
1848.71
1860.85
1873.17
1885.86
1898.78
1911.67
1924.49
1937.09
1949.59
1962.13
1974.88
1987.7
2000.33
2012.79
2025.38
2038.21
2051.39
2064.92
2078.9
2093.56
2109
2125.14
2142.07
2159.78
2177.86
2195.52
2212.16
2227.27
2240.19
2251.51
2262.43
2273.12
2284.28
2296.99
2309.89
2320.1
2329.42
2338.24
2346.2
2354.36
2363.34
2372.96
2382.21
2390.72
2399.19
2407.97
2416.9
2425.79
2434.45
2442.76
2450.73
2458.28
2465.29
2471.69
2477.51
2482.97
2488.45
2494.18
2499.78
2504.46
2508.09
2511.21
2514.08
2517.19
2520.85
2524.8
2528.82
2532.73
2536.23
2539.57
2542.76
2545.68
2548.35
2550.76
2552.93
2554.84
2556.52
2557.94
2559.12
2560.05
2560.74
2561.19
2561.41
2561.41
2561.19
2560.78
2560.19
2559.44
2558.58
2557.61
2556.53
2555.07
2552.67
2548.72
2542.91
2537.28
2533.44
2531.04
2530.75
2529.89
2526.75
2522.24
2518.06
2514.23
2509.69
2505.1
2500.52
2495.63
2490.25
2484.95
2479.92
2474.49
2468.81
2463.2
2457.81
2452.59
2447.13
2441.62
2436.29
2430.8
2425.15
2419.43
2413.8
2408.09
2402.15
2396.1
2390.06
2384.13
2378.35
2372.67
2367.29
2362.27
2358.26
2355.86
2356.4
2369.47
2387.46
1636.3
1632.61
1626.91
1621.36
1615.95
1610.67
1605.5
1600.45
1595.5
1590.64
1585.88
1581.2
1576.62
1572.11
1567.69
1563.35
1559.08
1554.88
1550.76
1546.71
1542.72
1538.8
1534.94
1531.15
1527.4
1523.72
1520.09
1516.51
1512.99
1509.51
1506.09
1502.71
1499.38
1496.09
1492.85
1489.65
1486.5
1483.39
1480.33
1477.3
1474.32
1471.38
1468.48
1465.63
1462.81
1460.04
1457.3
1454.61
1451.95
1449.34
1446.76
1444.23
1441.73
1439.27
1436.85
1434.47
1432.13
1429.83
1427.57
1425.34
1423.15
1421
1418.88
1416.8
1414.75
1412.74
1410.77
1408.83
1406.94
1405.08
1403.26
1401.47
1399.73
1398.01
1396.34
1394.7
1393.09
1391.52
1389.98
1388.48
1387.01
1385.57
1384.16
1382.79
1381.45
1380.14
1378.85
1377.6
1376.38
1375.19
1374.02
1372.89
1371.78
1370.7
1369.64
1368.61
1367.61
1366.63
1365.67
1364.74
1363.84
1362.95
1362.09
1361.25
1360.43
1359.64
1358.86
1358.11
1357.37
1356.65
1355.96
1355.28
1354.62
1353.98
1353.35
1352.74
1352.15
1351.57
1351.01
1350.47
1349.94
1349.42
1348.92
1348.44
1347.96
1347.5
1347.05
1346.62
1346.2
1345.78
1345.39
1345
1344.62
1344.25
1343.9
1343.55
1343.22
1342.89
1342.57
1342.26
1341.96
1341.67
1341.39
1341.12
1340.85
1340.59
1340.34
1340.1
1339.86
1339.63
1339.41
1339.19
1338.98
1338.78
1338.58
1338.39
1338.2
1338.02
1337.85
1337.68
1337.51
1337.35
1337.2
1337.05
1336.9
1336.76
1336.63
1336.49
1336.37
1336.24
1336.12
1336.01
1335.9
1335.79
1335.69
1335.59
1335.49
1335.4
1335.31
1335.22
1335.14
1335.06
1334.99
1334.92
1334.85
1334.79
1334.73
1334.67
1334.62
1334.57
1334.53
1334.48
1334.44
1334.41
1334.38
1334.35
1334.33
1334.31
1334.3
1334.28
1334.28
1334.28
1334.28
1334.28
1334.3
1334.31
1334.33
1334.36
1334.39
1334.42
1334.47
1334.51
1334.57
1334.62
1334.69
1334.76
1334.84
1334.92
1335.01
1335.11
1335.22
1335.33
1335.45
1335.58
1335.72
1335.87
1336.02
1336.19
1336.36
1336.55
1336.74
1336.95
1337.17
1337.4
1337.64
1337.88
1338.19
1338.27
1339.46
1342.46
1345.92
1349.51
1353.17
1356.87
1360.61
1364.38
1368.2
1372.06
1375.97
1379.91
1383.91
1387.95
1392.03
1396.18
1400.46
1404.87
1409.42
1414.11
1418.94
1423.91
1429.02
1434.26
1439.65
1445.16
1450.81
1456.59
1462.49
1468.52
1474.67
1480.94
1487.31
1493.79
1500.38
1507.07
1513.85
1520.72
1527.69
1534.74
1541.87
1549.08
1556.37
1563.73
1571.18
1578.69
1586.29
1593.96
1601.72
1609.55
1617.49
1625.51
1633.67
1642.02
1650.6
1659.42
1668.49
1677.83
1687.45
1697.37
1707.61
1718.19
1729.12
1740.43
1752.15
1764.3
1776.91
1790.01
1803.64
1817.85
1832.67
1848.15
1864.34
1881.31
1899.12
1917.85
1937.58
1958.41
1980.44
2003.8
2028.62
2055.07
2083.33
2113.61
2146.16
2181.26
2219.24
2260.5
2305.5
2354.78
2408.99
2468.88
2535.37
2609.54
2692.69
2786.36
2892.38
3012.91
3150.63
3307.43
3491.57
3682.62
3788.78
3835.13
3836.41
3799.78
3734.15
3648.76
3550.57
3444.77
3335.9
3226.51
3117.5
3010.26
2906.73
2807.29
2711.55
2620.29
2534.67
2453.43
2375.75
2307.76
2252.34
2203.87
2159.74
2119.84
2083.93
2050.91
2021.61
1995.77
1969.62
1942.16
1914.48
1888.66
1865.62
1844.72
1825
1806.29
1788.79
1772.65
1757.67
1743.67
1730.6
1718.49
1707.24
1696.7
1686.75
1677.32
1668.37
1659.88
1651.82
1644.16
1636.86
1629.9
1623.27
1616.95
1610.92
1605.13
1599.5
1593.97
1588.5
1583.18
1578.11
1573.26
1568.52
1563.89
1559.46
1555.28
1551.29
1547.38
1543.6
1540.08
1536.82
1533.71
1530.68
1527.81
1525.24
1522.88
1520.57
1518.32
1516.38
1514.84
1513.47
1512.04
1510.67
1509.69
1509.16
1508.95
1508.97
1509.19
1509.62
1510.28
1511.21
1512.47
1514.15
1516.26
1518.67
1521.32
1524.43
1528.33
1533
1538.18
1543.95
1550.8
1559.22
1569.42
1581.53
1595.92
1613.07
1633.64
1658.48
1689.02
1728.45
1780.2
1847.45
1934.86
2055.29
2275.37
2649.17
3336.13
5471
10224.1
15419.3
17220.7
14725.3
9366.24
5155.72
2939.7
1941.46
1514.24
1427.37
1448.65
1511.42
1570.26
1614.83
1645.95
1666.84
1681.46
1692.72
1702.62
1712.1
1721.48
1730.66
1740.06
1749.97
1760.37
1771.38
1782.97
1794.86
1806.97
1819.45
1832.15
1844.83
1857.4
1869.77
1882.05
1894.38
1906.84
1919.27
1931.43
1943.43
1955.52
1967.82
1980.41
1993.35
2006.74
2020.81
2035.7
2051.38
2067.92
2085.25
2102.92
2120.21
2136.56
2151.44
2164.33
2175.79
2186.87
2197.78
2209.17
2221.81
2234.43
2244.75
2254.31
2263.42
2271.94
2280.75
2290.24
2300.12
2309.58
2318.46
2327.33
2336.45
2345.67
2354.8
2363.69
2372.23
2380.44
2388.23
2395.52
2402.26
2408.52
2414.5
2420.5
2426.63
2432.48
2437.46
2441.57
2445.29
2448.85
2452.65
2456.87
2461.25
2465.61
2469.8
2473.62
2477.28
2480.77
2483.98
2486.94
2489.64
2492.08
2494.25
2496.18
2497.84
2499.24
2500.39
2501.28
2501.92
2502.31
2502.46
2502.4
2502.12
2501.65
2501
2500.22
2499.29
2498.19
2496.66
2494.25
2490.54
2485.42
2480.43
2476.81
2474.38
2473.4
2471.85
2468.64
2464.41
2460.27
2456.27
2451.78
2447.24
2442.61
2437.7
2432.43
2427.18
2422.04
2416.6
2410.97
2405.38
2399.92
2394.54
2389.02
2383.48
2378.05
2372.45
2366.7
2360.9
2355.11
2349.24
2343.19
2337.08
2330.99
2324.99
2319.1
2313.29
2307.75
2302.56
2298.24
2295.38
2295.38
2306.7
2320.46
1549.18
1546.01
1541.06
1536.14
1531.25
1526.39
1521.57
1516.78
1512.06
1507.39
1502.79
1498.26
1493.8
1489.41
1485.1
1480.87
1476.71
1472.62
1468.61
1464.67
1460.8
1457
1453.27
1449.6
1446
1442.45
1438.97
1435.54
1432.17
1428.86
1425.59
1422.38
1419.21
1416.1
1413.03
1410
1407.02
1404.09
1401.19
1398.34
1395.53
1392.76
1390.03
1387.33
1384.68
1382.06
1379.48
1376.93
1374.42
1371.95
1369.51
1367.1
1364.73
1362.39
1360.09
1357.82
1355.58
1353.38
1351.2
1349.06
1346.95
1344.88
1342.83
1340.81
1338.81
1336.84
1334.91
1333
1331.13
1329.29
1327.48
1325.7
1323.95
1322.23
1320.54
1318.88
1317.26
1315.66
1314.09
1312.55
1311.04
1309.56
1308.1
1306.67
1305.28
1303.9
1302.56
1301.24
1299.95
1298.68
1297.44
1296.23
1295.04
1293.87
1292.73
1291.62
1290.52
1289.45
1288.4
1287.38
1286.38
1285.39
1284.43
1283.49
1282.58
1281.68
1280.8
1279.94
1279.1
1278.28
1277.48
1276.7
1275.93
1275.18
1274.45
1273.74
1273.04
1272.36
1271.7
1271.05
1270.41
1269.8
1269.19
1268.6
1268.03
1267.46
1266.92
1266.38
1265.86
1265.35
1264.85
1264.37
1263.9
1263.43
1262.98
1262.55
1262.12
1261.7
1261.29
1260.9
1260.51
1260.14
1259.77
1259.41
1259.06
1258.72
1258.39
1258.07
1257.75
1257.45
1257.15
1256.86
1256.58
1256.3
1256.03
1255.77
1255.52
1255.27
1255.03
1254.8
1254.57
1254.35
1254.14
1253.93
1253.73
1253.53
1253.34
1253.15
1252.97
1252.8
1252.63
1252.47
1252.31
1252.15
1252
1251.86
1251.72
1251.59
1251.46
1251.33
1251.21
1251.1
1250.99
1250.88
1250.78
1250.69
1250.59
1250.51
1250.42
1250.35
1250.27
1250.2
1250.14
1250.08
1250.02
1249.97
1249.93
1249.88
1249.85
1249.82
1249.79
1249.77
1249.75
1249.74
1249.73
1249.73
1249.74
1249.75
1249.76
1249.79
1249.81
1249.85
1249.89
1249.93
1249.98
1250.04
1250.11
1250.18
1250.26
1250.35
1250.44
1250.55
1250.66
1250.78
1250.91
1251.04
1251.19
1251.34
1251.51
1251.68
1251.87
1252.06
1252.27
1252.49
1252.72
1252.95
1253.24
1253.31
1254.45
1257.28
1260.56
1263.97
1267.43
1270.93
1274.47
1278.05
1281.67
1285.32
1289.02
1292.75
1296.53
1300.36
1304.22
1308.15
1312.2
1316.37
1320.67
1325.1
1329.66
1334.35
1339.17
1344.12
1349.19
1354.39
1359.71
1365.15
1370.71
1376.38
1382.16
1388.05
1394.04
1400.12
1406.31
1412.58
1418.95
1425.39
1431.91
1438.52
1445.2
1451.95
1458.77
1465.66
1472.62
1479.65
1486.75
1493.91
1501.16
1508.47
1515.88
1523.36
1530.97
1538.76
1546.76
1554.98
1563.43
1572.12
1581.08
1590.31
1599.83
1609.66
1619.82
1630.33
1641.21
1652.49
1664.2
1676.35
1689
1702.17
1715.91
1730.25
1745.26
1760.97
1777.46
1794.79
1813.04
1832.3
1852.66
1874.24
1897.16
1921.57
1947.63
1975.54
2005.52
2037.82
2072.76
2110.67
2151.98
2197.17
2246.82
2301.61
2362.36
2430.03
2505.79
2591.02
2687.37
2796.78
2921.73
3064.01
3231.24
3406.1
3506.68
3554.58
3561.59
3533.61
3478.33
3404.08
3317.16
3222.42
3124.14
3024.82
2925.47
2827.49
2732.71
2641.53
2553.67
2469.86
2391.17
2316.51
2245.28
2183.11
2132.61
2088.09
2047.48
2010.72
1977.58
1947.08
1919.95
1895.89
1871.52
1845.97
1820.28
1796.33
1774.93
1755.48
1737.11
1719.68
1703.37
1688.31
1674.31
1661.21
1648.97
1637.59
1627
1617.06
1607.63
1598.68
1590.17
1582.06
1574.33
1566.96
1559.91
1553.16
1546.69
1540.5
1534.56
1528.82
1523.22
1517.69
1512.21
1506.86
1501.72
1496.77
1491.91
1487.14
1482.53
1478.15
1473.91
1469.74
1465.68
1461.84
1458.22
1454.73
1451.29
1447.99
1444.94
1442.08
1439.24
1436.46
1433.94
1431.75
1429.7
1427.6
1425.57
1423.85
1422.51
1421.45
1420.57
1419.86
1419.33
1419.01
1418.9
1419.08
1419.61
1420.5
1421.64
1423
1424.75
1427.16
1430.22
1433.71
1437.71
1442.64
1448.87
1456.59
1465.93
1477.17
1490.72
1507.12
1527.06
1551.67
1583.7
1625.48
1679.57
1749.32
1845.42
2013.86
2309.1
2810.75
4248.88
8058.36
13311.6
16539.4
15749.3
11423.7
6703.63
3827.1
2375.91
1683.36
1449.21
1420.82
1462.75
1514.86
1557.12
1587.69
1608.78
1623.59
1634.8
1644.43
1653.51
1662.36
1671.12
1680.2
1689.81
1699.95
1710.74
1722.11
1733.8
1745.76
1758.09
1770.61
1783.12
1795.51
1807.7
1819.82
1831.98
1844.19
1856.27
1868.06
1879.68
1891.37
1903.23
1915.37
1927.85
1940.78
1954.41
1968.89
1984.24
2000.49
2017.52
2034.86
2051.85
2068
2082.76
2095.74
2107.46
2118.84
2130.12
2141.82
2154.5
2167
2177.56
2187.49
2197.05
2206.22
2215.71
2225.72
2235.94
2245.73
2255.06
2264.4
2273.91
2283.48
2292.93
2302.12
2310.98
2319.51
2327.64
2335.29
2342.47
2349.24
2355.8
2362.35
2368.91
2375.11
2380.5
2385.17
2389.53
2393.8
2398.29
2403.08
2407.92
2412.66
2417.19
2421.37
2425.38
2429.19
2432.73
2436.01
2439.01
2441.75
2444.21
2446.4
2448.32
2449.96
2451.33
2452.43
2453.26
2453.83
2454.15
2454.23
2454.08
2453.73
2453.18
2452.47
2451.57
2450.44
2448.87
2446.46
2442.98
2438.43
2433.97
2430.53
2428.02
2426.45
2424.35
2421.04
2416.97
2412.84
2408.7
2404.2
2399.65
2394.97
2390.01
2384.78
2379.54
2374.29
2368.79
2363.16
2357.55
2351.98
2346.45
2340.81
2335.19
2329.62
2323.88
2318.01
2312.09
2306.14
2300.08
2293.9
2287.68
2281.51
2275.4
2269.38
2263.43
2257.73
2252.35
2247.72
2244.42
2243.86
2253.58
2263.8
1468.28
1465.4
1460.76
1456.07
1451.34
1446.63
1441.95
1437.32
1432.74
1428.23
1423.78
1419.42
1415.12
1410.9
1406.75
1402.68
1398.68
1394.76
1390.9
1387.11
1383.39
1379.74
1376.15
1372.63
1369.17
1365.77
1362.42
1359.14
1355.91
1352.73
1349.61
1346.54
1343.52
1340.55
1337.62
1334.74
1331.9
1329.11
1326.36
1323.66
1320.99
1318.36
1315.77
1313.22
1310.7
1308.22
1305.77
1303.36
1300.99
1298.64
1296.33
1294.05
1291.81
1289.59
1287.41
1285.25
1283.12
1281.03
1278.96
1276.92
1274.91
1272.93
1270.97
1269.04
1267.13
1265.25
1263.38
1261.54
1259.72
1257.93
1256.17
1254.44
1252.73
1251.04
1249.38
1247.75
1246.15
1244.57
1243.01
1241.48
1239.97
1238.49
1237.04
1235.6
1234.2
1232.81
1231.45
1230.11
1228.8
1227.5
1226.23
1224.99
1223.76
1222.56
1221.38
1220.22
1219.08
1217.96
1216.86
1215.79
1214.73
1213.69
1212.67
1211.68
1210.7
1209.74
1208.79
1207.87
1206.96
1206.08
1205.21
1204.35
1203.52
1202.7
1201.89
1201.11
1200.34
1199.58
1198.84
1198.12
1197.41
1196.71
1196.03
1195.37
1194.71
1194.08
1193.45
1192.84
1192.24
1191.65
1191.08
1190.52
1189.97
1189.44
1188.91
1188.4
1187.9
1187.4
1186.92
1186.45
1186
1185.55
1185.11
1184.68
1184.26
1183.85
1183.45
1183.06
1182.68
1182.31
1181.95
1181.59
1181.24
1180.91
1180.57
1180.25
1179.94
1179.63
1179.33
1179.04
1178.76
1178.48
1178.21
1177.95
1177.69
1177.44
1177.2
1176.96
1176.73
1176.51
1176.29
1176.08
1175.87
1175.67
1175.48
1175.29
1175.11
1174.93
1174.76
1174.6
1174.44
1174.28
1174.13
1173.99
1173.85
1173.72
1173.6
1173.47
1173.36
1173.25
1173.14
1173.04
1172.95
1172.86
1172.78
1172.7
1172.62
1172.56
1172.49
1172.44
1172.39
1172.34
1172.3
1172.27
1172.24
1172.22
1172.2
1172.19
1172.19
1172.19
1172.2
1172.21
1172.23
1172.26
1172.3
1172.34
1172.39
1172.44
1172.51
1172.58
1172.66
1172.75
1172.84
1172.95
1173.06
1173.18
1173.31
1173.45
1173.6
1173.76
1173.93
1174.12
1174.31
1174.51
1174.72
1174.94
1175.22
1175.28
1176.36
1179.05
1182.16
1185.39
1188.67
1192
1195.36
1198.75
1202.19
1205.66
1209.16
1212.71
1216.29
1219.92
1223.59
1227.32
1231.16
1235.11
1239.19
1243.38
1247.7
1252.14
1256.7
1261.38
1266.18
1271.1
1276.13
1281.27
1286.51
1291.86
1297.32
1302.88
1308.52
1314.26
1320.09
1326
1331.99
1338.06
1344.2
1350.41
1356.69
1363.03
1369.44
1375.91
1382.44
1389.04
1395.7
1402.41
1409.21
1416.06
1422.99
1430
1437.12
1444.41
1451.88
1459.56
1467.45
1475.57
1483.92
1492.53
1501.4
1510.56
1520.03
1529.81
1539.93
1550.42
1561.3
1572.6
1584.34
1596.57
1609.31
1622.61
1636.52
1651.08
1666.34
1682.38
1699.26
1717.06
1735.87
1755.79
1776.94
1799.44
1823.45
1849.14
1876.72
1906.4
1938.47
1973.24
2011.08
2052.42
2097.77
2147.76
2203.09
2264.63
2333.4
2410.64
2497.82
2596.66
2709.4
2837.73
2988.54
3147.11
3241.11
3289.01
3300.27
3279.69
3233.88
3170.09
3093.91
3009.84
2921.9
2832.46
2742.59
2653.69
2567.46
2484.32
2404.09
2327.46
2255.42
2187.06
2121.94
2065.07
2019.18
1978.38
1941.07
1907.21
1876.63
1848.45
1823.31
1800.9
1778.16
1754.39
1730.54
1708.32
1688.43
1670.31
1653.2
1636.95
1621.74
1607.68
1594.61
1582.36
1570.9
1560.24
1550.3
1540.95
1532.07
1523.62
1515.57
1507.88
1500.54
1493.52
1486.79
1480.32
1474.1
1468.13
1462.38
1456.79
1451.33
1445.92
1440.56
1435.3
1430.22
1425.31
1420.47
1415.7
1411.07
1406.63
1402.32
1398.06
1393.89
1389.9
1386.11
1382.41
1378.77
1375.24
1371.92
1368.75
1365.6
1362.5
1359.61
1357.01
1354.53
1352
1349.52
1347.31
1345.42
1343.77
1342.27
1340.91
1339.7
1338.67
1337.82
1337.21
1336.9
1336.9
1337.11
1337.51
1338.24
1339.53
1341.36
1343.57
1346.23
1349.67
1354.22
1360.01
1367.18
1375.95
1386.65
1399.75
1415.8
1435.72
1461.69
1495.54
1539.22
1595.06
1671.95
1801.55
2031.18
2407.67
3341.87
6164.46
11014
15215.2
15940.7
13216
8516.87
5029.79
3037.33
2011.76
1543.26
1421.12
1429.48
1468.48
1506.81
1535.99
1556.37
1570.65
1581.39
1590.57
1599.14
1607.47
1615.84
1624.65
1634.01
1643.95
1654.57
1665.79
1677.35
1689.2
1701.42
1713.82
1726.21
1738.47
1750.57
1762.58
1774.61
1786.61
1798.41
1809.91
1821.25
1832.63
1844.17
1855.97
1868.1
1880.72
1894.05
1908.27
1923.39
1939.43
1956.23
1973.32
1990.11
2006.13
2020.9
2034.1
2046.22
2058.04
2069.78
2081.88
2094.71
2107.28
2118.21
2128.63
2138.77
2148.67
2158.87
2169.45
2180.09
2190.32
2200.18
2210.04
2220.01
2230
2239.85
2249.43
2258.7
2267.64
2276.19
2284.31
2292.01
2299.37
2306.55
2313.69
2320.74
2327.38
2333.29
2338.59
2343.64
2348.64
2353.82
2359.19
2364.53
2369.7
2374.61
2379.19
2383.59
2387.76
2391.66
2395.29
2398.63
2401.68
2404.45
2406.93
2409.12
2411.01
2412.62
2413.94
2414.97
2415.72
2416.21
2416.43
2416.41
2416.17
2415.71
2415.06
2414.19
2413.04
2411.41
2409.03
2405.76
2401.67
2397.63
2394.33
2391.71
2389.64
2387.09
2383.65
2379.64
2375.48
2371.21
2366.66
2362.05
2357.28
2352.25
2347.01
2341.71
2336.34
2330.76
2325.07
2319.38
2313.68
2307.97
2302.19
2296.43
2290.67
2284.76
2278.74
2272.66
2266.52
2260.27
2253.93
2247.56
2241.25
2235
2228.82
2222.72
2216.84
2211.26
2206.33
2202.58
2201.42
2209.7
2216.99
1394.39
1390.3
1384.25
1378.65
1373.4
1368.43
1363.67
1359.09
1354.65
1350.34
1346.13
1342.02
1338
1334.05
1330.18
1326.39
1322.66
1319
1315.4
1311.86
1308.38
1304.96
1301.6
1298.29
1295.04
1291.84
1288.69
1285.6
1282.55
1279.55
1276.6
1273.7
1270.85
1268.04
1265.27
1262.54
1259.86
1257.22
1254.62
1252.06
1249.54
1247.05
1244.6
1242.19
1239.81
1237.47
1235.15
1232.88
1230.63
1228.42
1226.24
1224.08
1221.96
1219.87
1217.8
1215.77
1213.76
1211.78
1209.82
1207.9
1205.99
1204.12
1202.27
1200.44
1198.64
1196.85
1195.08
1193.34
1191.61
1189.9
1188.21
1186.54
1184.9
1183.28
1181.69
1180.11
1178.56
1177.03
1175.52
1174.03
1172.57
1171.12
1169.7
1168.3
1166.92
1165.55
1164.21
1162.89
1161.6
1160.32
1159.06
1157.81
1156.59
1155.39
1154.21
1153.05
1151.9
1150.77
1149.66
1148.57
1147.5
1146.45
1145.41
1144.39
1143.39
1142.4
1141.43
1140.48
1139.54
1138.62
1137.72
1136.83
1135.95
1135.1
1134.25
1133.43
1132.61
1131.82
1131.03
1130.26
1129.51
1128.77
1128.04
1127.33
1126.63
1125.94
1125.26
1124.6
1123.95
1123.32
1122.69
1122.08
1121.48
1120.89
1120.31
1119.75
1119.19
1118.65
1118.11
1117.59
1117.08
1116.58
1116.09
1115.61
1115.13
1114.67
1114.22
1113.78
1113.35
1112.92
1112.51
1112.1
1111.7
1111.32
1110.94
1110.56
1110.2
1109.84
1109.5
1109.16
1108.83
1108.5
1108.19
1107.88
1107.57
1107.28
1106.99
1106.71
1106.44
1106.17
1105.91
1105.66
1105.41
1105.17
1104.94
1104.71
1104.49
1104.28
1104.07
1103.87
1103.67
1103.48
1103.3
1103.12
1102.95
1102.79
1102.63
1102.48
1102.33
1102.19
1102.05
1101.92
1101.8
1101.68
1101.57
1101.46
1101.37
1101.27
1101.18
1101.1
1101.03
1100.96
1100.89
1100.84
1100.79
1100.74
1100.7
1100.67
1100.65
1100.63
1100.62
1100.61
1100.61
1100.62
1100.64
1100.66
1100.69
1100.73
1100.78
1100.83
1100.89
1100.96
1101.04
1101.13
1101.23
1101.33
1101.45
1101.57
1101.71
1101.85
1102
1102.17
1102.34
1102.53
1102.73
1102.93
1103.19
1103.25
1104.27
1106.83
1109.79
1112.86
1115.99
1119.16
1122.36
1125.59
1128.85
1132.16
1135.5
1138.87
1142.28
1145.74
1149.22
1152.77
1156.42
1160.18
1164.06
1168.04
1172.14
1176.36
1180.69
1185.14
1189.69
1194.35
1199.12
1203.99
1208.96
1214.04
1219.2
1224.46
1229.81
1235.24
1240.75
1246.34
1252
1257.73
1263.53
1269.4
1275.32
1281.31
1287.35
1293.45
1299.61
1305.82
1312.09
1318.41
1324.8
1331.24
1337.76
1344.34
1351.03
1357.87
1364.88
1372.08
1379.47
1387.07
1394.89
1402.95
1411.24
1419.8
1428.64
1437.77
1447.21
1456.99
1467.12
1477.64
1488.57
1499.94
1511.78
1524.14
1537.04
1550.55
1564.7
1579.55
1595.18
1611.64
1629.03
1647.43
1666.94
1687.69
1709.8
1733.44
1758.79
1786.05
1815.46
1847.31
1881.91
1919.67
1961.03
2006.53
2056.81
2112.62
2174.87
2244.64
2323.23
2412.16
2513.42
2628.55
2763.74
2906.43
2993.05
3039.82
3054.13
3039.81
3002.52
2948.3
2882.16
2808.21
2730.15
2650.22
2569.49
2489.33
2411.32
2335.89
2262.94
2193.14
2127.4
2064.97
2005.57
1953.64
1911.76
1874.6
1840.32
1809.15
1780.93
1754.88
1731.57
1710.68
1689.46
1667.33
1645.18
1624.54
1606.03
1589.14
1573.18
1558.02
1543.83
1530.7
1518.47
1507.02
1496.29
1486.3
1476.97
1468.18
1459.83
1451.88
1444.28
1437.02
1430.08
1423.43
1417.05
1410.89
1404.97
1399.27
1393.76
1388.39
1383.13
1377.92
1372.75
1367.66
1362.74
1357.95
1353.22
1348.56
1344.02
1339.64
1335.36
1331.13
1326.97
1322.98
1319.14
1315.39
1311.67
1308.06
1304.62
1301.31
1298.01
1294.75
1291.68
1288.85
1286.11
1283.33
1280.59
1278.09
1275.86
1273.82
1271.92
1270.13
1268.48
1266.96
1265.61
1264.46
1263.57
1262.93
1262.48
1262.19
1262.19
1262.66
1263.6
1264.87
1266.52
1268.85
1272.11
1276.45
1281.94
1288.81
1297.31
1307.83
1320.82
1337.04
1358.18
1385.72
1421.18
1466.15
1527.85
1628.88
1804.61
2098.81
2697.86
4615.13
8724.12
13365.9
15595.9
14399.8
10443.9
6524.64
3976.36
2512.74
1772.49
1463.93
1416.03
1432.47
1463.05
1489.63
1508.66
1522.02
1532.1
1540.69
1548.7
1556.53
1564.56
1573.13
1582.31
1592.11
1602.62
1613.73
1625.21
1637.02
1649.18
1661.52
1673.84
1686.04
1698.09
1710.06
1722.01
1733.86
1745.46
1756.77
1767.91
1779.09
1790.41
1801.98
1813.9
1826.33
1839.49
1853.56
1868.55
1884.46
1901.1
1918.03
1934.71
1950.72
1965.62
1979.17
1991.81
2004.2
2016.52
2029.11
2042.21
2055
2066.45
2077.49
2088.32
2099.01
2109.96
2121.16
2132.32
2143.1
2153.57
2164.02
2174.53
2185.01
2195.34
2205.41
2215.17
2224.61
2233.68
2242.36
2250.67
2258.69
2266.54
2274.32
2281.93
2289.1
2295.61
2301.61
2307.4
2313.16
2319.04
2325.01
2330.88
2336.53
2341.89
2346.92
2351.73
2356.3
2360.59
2364.6
2368.3
2371.7
2374.79
2377.58
2380.05
2382.21
2384.07
2385.62
2386.86
2387.8
2388.45
2388.82
2388.93
2388.78
2388.41
2387.81
2386.96
2385.77
2384.12
2381.76
2378.65
2374.93
2371.22
2368.01
2365.24
2362.75
2359.82
2356.23
2352.2
2347.97
2343.56
2338.92
2334.21
2329.31
2324.18
2318.86
2313.46
2307.94
2302.23
2296.44
2290.62
2284.75
2278.85
2272.88
2266.92
2260.95
2254.83
2248.61
2242.33
2235.97
2229.51
2222.96
2216.41
2209.91
2203.47
2197.11
2190.82
2184.74
2178.95
2173.71
2169.53
2167.73
2174.79
2179.6
1301.42
1299.44
1296.17
1292.76
1289.26
1285.7
1282.11
1278.51
1274.92
1271.34
1267.8
1264.28
1260.8
1257.36
1253.96
1250.6
1247.28
1244.01
1240.78
1237.59
1234.45
1231.35
1228.29
1225.28
1222.3
1219.37
1216.48
1213.64
1210.83
1208.06
1205.33
1202.65
1200
1197.39
1194.82
1192.28
1189.78
1187.32
1184.89
1182.5
1180.14
1177.82
1175.53
1173.27
1171.05
1168.85
1166.69
1164.56
1162.46
1160.38
1158.34
1156.32
1154.34
1152.37
1150.44
1148.53
1146.65
1144.79
1142.96
1141.16
1139.37
1137.61
1135.88
1134.16
1132.47
1130.8
1129.15
1127.52
1125.9
1124.3
1122.72
1121.15
1119.59
1118.06
1116.54
1115.05
1113.57
1112.12
1110.68
1109.26
1107.86
1106.47
1105.11
1103.77
1102.44
1101.13
1099.84
1098.56
1097.31
1096.07
1094.85
1093.64
1092.46
1091.29
1090.13
1089
1087.88
1086.77
1085.68
1084.61
1083.55
1082.51
1081.48
1080.47
1079.48
1078.5
1077.53
1076.58
1075.65
1074.73
1073.82
1072.93
1072.05
1071.18
1070.33
1069.49
1068.67
1067.86
1067.06
1066.28
1065.51
1064.75
1064
1063.27
1062.54
1061.83
1061.14
1060.45
1059.78
1059.11
1058.46
1057.82
1057.2
1056.58
1055.97
1055.38
1054.79
1054.22
1053.65
1053.1
1052.56
1052.02
1051.5
1050.99
1050.48
1049.99
1049.5
1049.03
1048.56
1048.1
1047.65
1047.21
1046.78
1046.36
1045.94
1045.54
1045.14
1044.75
1044.37
1044
1043.63
1043.27
1042.92
1042.58
1042.24
1041.92
1041.6
1041.28
1040.98
1040.68
1040.39
1040.1
1039.82
1039.55
1039.29
1039.03
1038.78
1038.54
1038.3
1038.07
1037.85
1037.63
1037.42
1037.21
1037.01
1036.82
1036.64
1036.46
1036.29
1036.12
1035.96
1035.81
1035.66
1035.52
1035.38
1035.25
1035.13
1035.02
1034.91
1034.8
1034.71
1034.62
1034.53
1034.46
1034.38
1034.32
1034.26
1034.21
1034.17
1034.13
1034.1
1034.08
1034.06
1034.06
1034.05
1034.06
1034.08
1034.1
1034.13
1034.17
1034.21
1034.27
1034.33
1034.4
1034.49
1034.58
1034.68
1034.78
1034.9
1035.03
1035.17
1035.32
1035.48
1035.65
1035.84
1036.03
1036.27
1036.32
1037.29
1039.74
1042.57
1045.52
1048.51
1051.54
1054.6
1057.69
1060.82
1063.97
1067.16
1070.39
1073.65
1076.95
1080.28
1083.68
1087.16
1090.75
1094.45
1098.25
1102.16
1106.18
1110.31
1114.54
1118.88
1123.32
1127.86
1132.49
1137.22
1142.05
1146.96
1151.96
1157.03
1162.19
1167.42
1172.73
1178.1
1183.54
1189.03
1194.6
1200.21
1205.87
1211.6
1217.37
1223.19
1229.06
1234.99
1240.96
1247
1253.08
1259.23
1265.43
1271.74
1278.18
1284.78
1291.56
1298.51
1305.66
1313
1320.56
1328.34
1336.37
1344.65
1353.2
1362.03
1371.18
1380.65
1390.47
1400.67
1411.27
1422.3
1433.81
1445.81
1458.37
1471.51
1485.3
1499.79
1515.04
1531.13
1548.15
1566.17
1585.32
1605.7
1627.47
1650.78
1675.81
1702.78
1731.94
1763.58
1798.04
1835.71
1877.08
1922.7
1973.22
2029.45
2092.31
2162.95
2242.7
2333.31
2436.14
2556.71
2684.25
2763.29
2808.03
2824.32
2815.25
2785.35
2739.74
2682.84
2618.33
2549.56
2478.62
2406.56
2334.67
2264.43
2196.27
2130.15
2066.75
2006.9
1950.01
1895.9
1848.54
1810.15
1776.3
1744.89
1716.22
1690.19
1666.12
1644.5
1625.01
1605.2
1584.58
1563.99
1544.81
1527.57
1511.81
1496.9
1482.76
1469.5
1457.22
1445.78
1435.05
1425
1415.63
1406.87
1398.6
1390.75
1383.26
1376.1
1369.26
1362.7
1356.42
1350.38
1344.55
1338.93
1333.52
1328.27
1323.16
1318.14
1313.16
1308.21
1303.34
1298.62
1294.01
1289.46
1284.96
1280.58
1276.33
1272.17
1268.05
1263.99
1260.07
1256.29
1252.58
1248.9
1245.31
1241.87
1238.53
1235.21
1231.91
1228.78
1225.85
1223
1220.11
1217.25
1214.6
1212.19
1209.94
1207.8
1205.76
1203.83
1202.03
1200.36
1198.87
1197.59
1196.54
1195.64
1194.89
1194.39
1194.29
1194.59
1195.19
1196.12
1197.64
1199.97
1203.21
1207.46
1212.87
1219.69
1228.22
1238.85
1252.19
1269.55
1292.12
1321.11
1357.63
1407.34
1487.45
1620.58
1855.06
2255.4
3457.95
6629.68
11172.7
14551
14840.1
12246.7
8244.32
5197.34
3267.97
2166.63
1610.87
1435.8
1412.4
1427.16
1448.57
1465.45
1477.52
1486.73
1494.62
1502.01
1509.38
1517.12
1525.49
1534.53
1544.24
1554.69
1565.75
1577.21
1589.02
1601.17
1613.5
1625.82
1638.03
1650.11
1662.09
1674.01
1685.78
1697.27
1708.47
1719.53
1730.6
1741.8
1753.26
1765.09
1777.44
1790.55
1804.57
1819.53
1835.39
1851.94
1868.79
1885.47
1901.58
1916.74
1930.78
1944.07
1957.14
1970.14
1983.32
1996.83
2010
2022.1
2033.86
2045.49
2057.05
2068.8
2080.69
2092.46
2103.89
2115.06
2126.18
2137.3
2148.36
2159.26
2169.9
2180.25
2190.29
2199.98
2209.31
2218.31
2227.06
2235.65
2244.11
2252.36
2260.15
2267.35
2274.11
2280.69
2287.22
2293.82
2300.44
2306.88
2313.06
2318.92
2324.44
2329.71
2334.72
2339.44
2343.85
2347.94
2351.71
2355.14
2358.25
2361.03
2363.47
2365.59
2367.37
2368.83
2369.96
2370.77
2371.28
2371.51
2371.46
2371.16
2370.6
2369.75
2368.53
2366.84
2364.5
2361.53
2358.07
2354.59
2351.42
2348.49
2345.64
2342.36
2338.6
2334.49
2330.14
2325.57
2320.79
2315.92
2310.86
2305.58
2300.13
2294.58
2288.88
2283
2277.05
2271.04
2264.97
2258.83
2252.63
2246.43
2240.2
2233.83
2227.37
2220.84
2214.23
2207.52
2200.74
2193.96
2187.23
2180.56
2173.97
2167.46
2161.16
2155.13
2149.58
2144.97
2142.5
2148.35
2151.17
1219.49
1217.62
1214.66
1211.67
1208.66
1205.63
1202.58
1199.52
1196.47
1193.41
1190.37
1187.34
1184.32
1181.34
1178.37
1175.44
1172.53
1169.65
1166.8
1163.98
1161.19
1158.43
1155.7
1153.01
1150.34
1147.71
1145.11
1142.55
1140.01
1137.51
1135.04
1132.6
1130.2
1127.82
1125.48
1123.17
1120.89
1118.64
1116.42
1114.23
1112.07
1109.93
1107.83
1105.76
1103.71
1101.7
1099.71
1097.74
1095.81
1093.9
1092.01
1090.15
1088.32
1086.51
1084.72
1082.96
1081.23
1079.51
1077.82
1076.15
1074.5
1072.87
1071.27
1069.68
1068.12
1066.57
1065.05
1063.54
1062.05
1060.58
1059.12
1057.67
1056.23
1054.81
1053.4
1052.01
1050.63
1049.26
1047.91
1046.57
1045.25
1043.95
1042.66
1041.39
1040.14
1038.9
1037.67
1036.46
1035.27
1034.09
1032.93
1031.78
1030.65
1029.53
1028.42
1027.33
1026.26
1025.2
1024.15
1023.12
1022.1
1021.09
1020.1
1019.12
1018.16
1017.21
1016.27
1015.35
1014.43
1013.54
1012.65
1011.78
1010.92
1010.07
1009.23
1008.41
1007.59
1006.79
1006.01
1005.23
1004.46
1003.71
1002.97
1002.24
1001.52
1000.81
1000.11
999.424
998.748
998.083
997.428
996.784
996.15
995.526
994.913
994.309
993.715
993.131
992.557
991.992
991.437
990.891
990.355
989.827
989.308
988.799
988.298
987.806
987.323
986.848
986.382
985.924
985.475
985.033
984.6
984.175
983.758
983.349
982.948
982.555
982.169
981.791
981.421
981.058
980.702
980.354
980.014
979.681
979.355
979.036
978.724
978.419
978.122
977.831
977.548
977.271
977.001
976.737
976.481
976.231
975.988
975.751
975.522
975.298
975.082
974.872
974.668
974.471
974.28
974.096
973.919
973.748
973.583
973.425
973.273
973.128
972.989
972.857
972.732
972.613
972.5
972.394
972.295
972.203
972.117
972.039
971.967
971.902
971.844
971.794
971.75
971.714
971.685
971.664
971.65
971.644
971.646
971.656
971.674
971.7
971.735
971.778
971.83
971.891
971.961
972.04
972.128
972.226
972.334
972.452
972.58
972.719
972.868
973.028
973.201
973.377
973.605
973.649
974.585
976.947
979.679
982.518
985.402
988.319
991.266
994.243
997.251
1000.29
1003.36
1006.46
1009.6
1012.77
1015.97
1019.23
1022.57
1026.02
1029.56
1033.21
1036.96
1040.81
1044.77
1048.82
1052.97
1057.22
1061.56
1065.99
1070.51
1075.12
1079.81
1084.58
1089.43
1094.34
1099.33
1104.39
1109.51
1114.68
1119.91
1125.21
1130.54
1135.93
1141.37
1146.85
1152.38
1157.96
1163.58
1169.24
1174.97
1180.73
1186.55
1192.43
1198.39
1204.49
1210.73
1217.13
1223.69
1230.43
1237.36
1244.48
1251.81
1259.36
1267.15
1275.18
1283.48
1292.06
1300.94
1310.15
1319.7
1329.61
1339.93
1350.67
1361.88
1373.58
1385.83
1398.66
1412.13
1426.29
1441.22
1456.99
1473.67
1491.37
1510.19
1530.26
1551.72
1574.74
1599.49
1626.21
1655.15
1686.6
1720.91
1758.51
1799.87
1845.57
1896.28
1952.84
2016.21
2087.55
2168.39
2259.92
2367
2480.38
2551.9
2594.05
2611.45
2606.63
2583.05
2545.07
2496.51
2440.65
2380.48
2317.89
2253.9
2189.72
2126.7
2065.29
2005.51
1948.02
1893.61
1841.83
1792.58
1749.39
1714.19
1683.1
1654.48
1628.12
1604.11
1581.84
1561.76
1543.57
1525.07
1505.86
1486.71
1468.86
1452.79
1438.07
1424.14
1410.92
1398.52
1387.03
1376.31
1366.26
1356.84
1348.04
1339.8
1332.03
1324.63
1317.57
1310.83
1304.37
1298.19
1292.25
1286.54
1281.03
1275.71
1270.58
1265.61
1260.75
1255.98
1251.25
1246.54
1241.91
1237.41
1233.01
1228.67
1224.37
1220.17
1216.1
1212.1
1208.14
1204.23
1200.45
1196.79
1193.19
1189.61
1186.11
1182.74
1179.46
1176.19
1172.95
1169.84
1166.92
1164.06
1161.16
1158.3
1155.61
1153.13
1150.79
1148.55
1146.39
1144.33
1142.37
1140.53
1138.85
1137.35
1136.04
1134.88
1133.84
1133.02
1132.55
1132.44
1132.58
1133.02
1133.98
1135.64
1138.1
1141.43
1145.78
1151.33
1158.36
1167.18
1178.29
1192.72
1211.44
1235.39
1265.38
1305.69
1370.24
1471.4
1657.73
1942.8
2654.27
4861.88
8861.42
12883.2
14583.8
13410.3
10047.3
6674.13
4299.16
2788
1930.69
1532.18
1420.84
1404.9
1414.63
1427.37
1437.43
1445.39
1452.4
1459.11
1466.01
1473.47
1481.67
1490.61
1500.27
1510.7
1521.76
1533.24
1545.1
1557.31
1569.69
1582.07
1594.36
1606.52
1618.58
1630.53
1642.29
1653.77
1664.97
1676.02
1687.08
1698.28
1709.74
1721.58
1733.97
1747.13
1761.19
1776.19
1792.08
1808.63
1825.5
1842.28
1858.61
1874.17
1888.83
1902.88
1916.75
1930.53
1944.4
1958.46
1972.18
1985.05
1997.66
2010.18
2022.68
2035.29
2047.94
2060.44
2072.63
2084.57
2096.45
2108.27
2120
2131.56
2142.88
2153.91
2164.64
2175.04
2185.12
2194.89
2204.44
2213.83
2223.05
2232
2240.51
2248.48
2256.06
2263.47
2270.82
2278.17
2285.45
2292.52
2299.28
2305.69
2311.75
2317.52
2323.01
2328.18
2333.03
2337.53
2341.69
2345.49
2348.94
2352.02
2354.76
2357.14
2359.17
2360.84
2362.16
2363.15
2363.82
2364.17
2364.21
2363.94
2363.39
2362.51
2361.24
2359.49
2357.16
2354.28
2351
2347.66
2344.47
2341.36
2338.17
2334.59
2330.62
2326.36
2321.85
2317.09
2312.13
2307.05
2301.78
2296.3
2290.66
2284.9
2278.98
2272.88
2266.7
2260.46
2254.13
2247.73
2241.25
2234.76
2228.22
2221.55
2214.8
2207.98
2201.08
2194.08
2187.02
2179.96
2172.95
2166
2159.14
2152.38
2145.82
2139.53
2133.65
2128.61
2125.45
2129.95
2131.24
1144.44
1142.13
1138.58
1135.18
1131.91
1128.74
1125.66
1122.67
1119.74
1116.87
1114.06
1111.3
1108.59
1105.93
1103.31
1100.71
1098.15
1095.61
1093.1
1090.61
1088.15
1085.72
1083.32
1080.94
1078.6
1076.28
1073.99
1071.73
1069.49
1067.29
1065.11
1062.96
1060.83
1058.73
1056.66
1054.61
1052.59
1050.6
1048.63
1046.69
1044.77
1042.87
1041
1039.15
1037.33
1035.53
1033.75
1032
1030.27
1028.56
1026.87
1025.2
1023.56
1021.93
1020.33
1018.75
1017.18
1015.64
1014.11
1012.61
1011.12
1009.64
1008.19
1006.75
1005.33
1003.93
1002.54
1001.17
999.816
998.476
997.151
995.839
994.54
993.253
991.976
990.709
989.453
988.207
986.971
985.746
984.532
983.33
982.138
980.959
979.791
978.635
977.491
976.359
975.24
974.134
973.041
971.961
970.894
969.839
968.798
967.769
966.752
965.749
964.757
963.778
962.811
961.856
960.913
959.982
959.062
958.155
957.259
956.374
955.501
954.639
953.789
952.949
952.121
951.304
950.498
949.702
948.917
948.143
947.38
946.627
945.885
945.153
944.431
943.72
943.019
942.327
941.646
940.974
940.312
939.66
939.017
938.383
937.759
937.144
936.537
935.94
935.352
934.772
934.201
933.639
933.086
932.541
932.004
931.476
930.956
930.445
929.941
929.446
928.959
928.48
928.009
927.546
927.09
926.643
926.203
925.771
925.347
924.931
924.522
924.12
923.726
923.34
922.961
922.589
922.225
921.868
921.518
921.175
920.839
920.51
920.189
919.874
919.566
919.265
918.971
918.683
918.402
918.128
917.861
917.6
917.346
917.098
916.857
916.622
916.394
916.173
915.958
915.75
915.548
915.353
915.164
914.982
914.806
914.637
914.474
914.318
914.169
914.026
913.89
913.761
913.638
913.522
913.413
913.311
913.216
913.128
913.046
912.972
912.906
912.846
912.794
912.75
912.712
912.683
912.661
912.647
912.641
912.644
912.654
912.673
912.7
912.735
912.78
912.833
912.896
912.968
913.049
913.14
913.24
913.351
913.472
913.603
913.745
913.898
914.063
914.232
914.452
914.492
915.4
917.696
920.35
923.108
925.908
928.74
931.599
934.487
937.403
940.348
943.322
946.327
949.362
952.431
955.527
958.677
961.912
965.241
968.665
972.186
975.803
979.519
983.331
987.236
991.234
995.322
999.498
1003.76
1008.1
1012.53
1017.03
1021.61
1026.26
1030.97
1035.75
1040.59
1045.49
1050.44
1055.45
1060.51
1065.61
1070.75
1075.94
1081.18
1086.45
1091.76
1097.12
1102.51
1107.96
1113.44
1118.98
1124.57
1130.23
1136.02
1141.94
1148.01
1154.23
1160.61
1167.17
1173.91
1180.84
1187.97
1195.32
1202.9
1210.73
1218.81
1227.17
1235.83
1244.8
1254.11
1263.79
1273.86
1284.35
1295.3
1306.75
1318.73
1331.29
1344.49
1358.38
1373.03
1388.51
1404.92
1422.34
1440.89
1460.69
1481.89
1504.65
1529.17
1555.67
1584.41
1615.7
1649.88
1687.4
1728.73
1774.46
1825.31
1882.1
1945.83
2017.82
2099.09
2193.89
2294.24
2358.55
2397.75
2415.66
2414.07
2395.82
2364.5
2323.38
2275.34
2223
2168.04
2111.44
2054.3
1997.89
1942.65
1888.67
1836.58
1787.14
1740
1695.16
1655.74
1623.46
1594.8
1568.62
1544.45
1522.28
1501.66
1483
1466.01
1448.72
1430.81
1412.99
1396.37
1381.38
1367.62
1354.6
1342.23
1330.63
1319.87
1309.83
1300.4
1291.55
1283.29
1275.55
1268.23
1261.26
1254.61
1248.25
1242.15
1236.31
1230.71
1225.31
1220.1
1215.07
1210.21
1205.49
1200.89
1196.36
1191.88
1187.41
1183.02
1178.75
1174.58
1170.45
1166.37
1162.37
1158.49
1154.69
1150.9
1147.18
1143.56
1140.06
1136.6
1133.17
1129.81
1126.56
1123.39
1120.23
1117.09
1114.08
1111.23
1108.43
1105.6
1102.79
1100.15
1097.69
1095.35
1093.1
1090.92
1088.82
1086.82
1084.92
1083.16
1081.56
1080.13
1078.83
1077.64
1076.65
1075.96
1075.59
1075.45
1075.59
1076.18
1077.39
1079.31
1082
1085.57
1090.2
1096.11
1103.56
1113
1125.19
1140.94
1160.98
1185.94
1219
1271.69
1350.03
1495.58
1715.96
2134.39
3504.57
6670.02
10767.3
13659.2
13874
11735
8351.51
5591.47
3683.03
2439.22
1775.74
1489.32
1408.53
1393.49
1396.68
1402.82
1408.74
1414.46
1420.3
1426.63
1433.78
1441.79
1450.62
1460.26
1470.7
1481.79
1493.34
1505.3
1517.6
1530.09
1542.6
1555.03
1567.34
1579.54
1591.6
1603.44
1614.99
1626.27
1637.42
1648.57
1659.86
1671.42
1683.38
1695.9
1709.2
1723.39
1738.52
1754.5
1771.14
1788.13
1805.12
1821.8
1837.89
1853.29
1868.23
1883
1897.67
1912.35
1927.09
1941.52
1955.28
1968.86
1982.37
1995.87
2009.42
2022.93
2036.27
2049.31
2062.13
2074.85
2087.47
2099.97
2112.3
2124.38
2136.19
2147.72
2158.93
2169.84
2180.48
2190.9
2201.15
2211.19
2220.94
2230.24
2239.06
2247.52
2255.81
2264
2272.13
2280.13
2287.87
2295.26
2302.27
2308.91
2315.23
2321.23
2326.89
2332.2
2337.13
2341.7
2345.88
2349.67
2353.08
2356.1
2358.72
2360.95
2362.81
2364.31
2365.46
2366.25
2366.7
2366.8
2366.58
2366.02
2365.1
2363.77
2361.96
2359.63
2356.81
2353.62
2350.34
2347.08
2343.78
2340.27
2336.39
2332.18
2327.71
2322.98
2317.99
2312.79
2307.45
2301.92
2296.19
2290.3
2284.26
2278.06
2271.69
2265.24
2258.7
2252.06
2245.33
2238.53
2231.69
2224.79
2217.78
2210.69
2203.52
2196.27
2188.94
2181.56
2174.18
2166.84
2159.56
2152.37
2145.31
2138.46
2131.87
2125.64
2120.16
2116.35
2119.44
2119.43
1062.77
1060.8
1057.73
1054.76
1051.86
1049.05
1046.31
1043.64
1041.04
1038.5
1036.01
1033.58
1031.19
1028.85
1026.56
1024.31
1022.1
1019.93
1017.8
1015.71
1013.65
1011.62
1009.62
1007.65
1005.71
1003.79
1001.9
1000.03
998.186
996.364
994.565
992.788
991.031
989.296
987.58
985.885
984.208
982.551
980.913
979.293
977.691
976.108
974.542
972.993
971.462
969.947
968.449
966.968
965.503
964.054
962.621
961.204
959.802
958.416
957.045
955.688
954.342
953.006
951.681
950.367
949.065
947.775
946.497
945.231
943.978
942.737
941.509
940.294
939.092
937.902
936.724
935.559
934.406
933.264
932.133
931.013
929.903
928.802
927.71
926.626
925.55
924.481
923.42
922.366
921.321
920.283
919.253
918.232
917.218
916.214
915.218
914.231
913.254
912.286
911.327
910.377
909.437
908.507
907.585
906.673
905.771
904.878
903.995
903.122
902.259
901.406
900.564
899.731
898.908
898.096
897.293
896.5
895.716
894.942
894.177
893.422
892.676
891.94
891.212
890.494
889.785
889.084
888.392
887.709
887.034
886.368
885.71
885.06
884.418
883.784
883.159
882.542
881.932
881.331
880.737
880.152
879.575
879.005
878.443
877.889
877.343
876.805
876.275
875.752
875.237
874.729
874.23
873.738
873.253
872.776
872.306
871.844
871.39
870.943
870.503
870.07
869.645
869.227
868.816
868.413
868.016
867.627
867.245
866.87
866.502
866.14
865.786
865.438
865.097
864.763
864.435
864.114
863.8
863.492
863.191
862.896
862.608
862.326
862.051
861.782
861.519
861.263
861.014
860.771
860.534
860.304
860.081
859.864
859.653
859.449
859.252
859.061
858.877
858.699
858.528
858.364
858.206
858.055
857.911
857.774
857.644
857.52
857.404
857.294
857.192
857.097
857.009
856.928
856.854
856.788
856.73
856.679
856.635
856.599
856.571
856.551
856.539
856.535
856.539
856.552
856.573
856.603
856.641
856.689
856.745
856.811
856.886
856.971
857.066
857.171
857.286
857.411
857.548
857.694
857.854
858.017
858.231
858.269
859.155
861.396
863.988
866.681
869.415
872.178
874.969
877.786
880.631
883.502
886.402
889.33
892.288
895.277
898.291
901.358
904.506
907.743
911.072
914.494
918.008
921.616
925.315
929.103
932.979
936.94
940.984
945.108
949.309
953.587
957.938
962.358
966.843
971.391
975.998
980.662
985.379
990.144
994.957
999.819
1004.72
1009.66
1014.64
1019.66
1024.71
1029.8
1034.93
1040.09
1045.3
1050.53
1055.83
1061.16
1066.56
1072.08
1077.72
1083.5
1089.42
1095.49
1101.72
1108.12
1114.7
1121.47
1128.44
1135.62
1143.02
1150.67
1158.57
1166.74
1175.21
1183.99
1193.1
1202.58
1212.44
1222.72
1233.46
1244.68
1256.44
1268.78
1281.75
1295.41
1309.83
1325.09
1341.26
1358.46
1376.78
1396.36
1417.34
1439.89
1464.22
1490.53
1519.11
1550.25
1584.31
1621.73
1663.01
1708.74
1759.64
1816.55
1880.61
1952.68
2036.43
2124.98
2182.51
2218.63
2236.55
2237.41
2223.55
2197.95
2163.38
2122.27
2076.91
2028.8
1978.83
1928.04
1877.59
1827.92
1779.17
1731.94
1686.98
1644.05
1603.16
1567.14
1537.49
1511.06
1486.88
1464.74
1444.28
1425.18
1407.83
1391.95
1375.79
1359.08
1342.47
1326.98
1312.98
1300.11
1287.93
1276.36
1265.49
1255.41
1246
1237.16
1228.86
1221.1
1213.82
1206.93
1200.37
1194.1
1188.1
1182.36
1176.84
1171.55
1166.44
1161.52
1156.76
1152.16
1147.69
1143.33
1139.04
1134.79
1130.57
1126.41
1122.36
1118.41
1114.5
1110.63
1106.84
1103.16
1099.55
1095.97
1092.43
1089
1085.67
1082.38
1079.12
1075.91
1072.82
1069.79
1066.78
1063.78
1060.9
1058.16
1055.47
1052.75
1050.05
1047.5
1045.12
1042.84
1040.64
1038.51
1036.45
1034.48
1032.6
1030.84
1029.23
1027.78
1026.44
1025.19
1024.13
1023.35
1022.85
1022.56
1022.53
1022.9
1023.84
1025.4
1027.65
1030.69
1034.66
1039.76
1046.19
1054.38
1064.86
1078.35
1095.4
1116.48
1144.03
1187.5
1250.04
1361.97
1540.5
1807.85
2579.87
4803.25
8465.08
12037.2
13595.1
12765.2
10050.5
7106.67
4847.77
3226.7
2203.83
1687.82
1466.62
1397.99
1379.71
1376.66
1378.44
1381.92
1386.39
1391.83
1398.5
1406.23
1414.91
1424.49
1434.92
1446.06
1457.71
1469.79
1482.23
1494.88
1507.57
1520.21
1532.73
1545.14
1557.37
1569.36
1581.07
1592.53
1603.86
1615.19
1626.67
1638.42
1650.59
1663.33
1676.84
1691.25
1706.56
1722.71
1739.54
1756.75
1774.07
1791.23
1807.98
1824.25
1840.18
1855.97
1871.63
1887.23
1902.81
1918.09
1932.89
1947.54
1962.14
1976.71
1991.29
2005.77
2020.05
2034.06
2047.86
2061.51
2075.04
2088.42
2101.61
2114.57
2127.26
2139.68
2151.8
2163.64
2175.23
2186.59
2197.77
2208.71
2219.32
2229.5
2239.24
2248.65
2257.86
2266.93
2275.88
2284.63
2293.08
2301.15
2308.81
2316.07
2322.98
2329.52
2335.69
2341.49
2346.87
2351.86
2356.42
2360.57
2364.3
2367.61
2370.49
2372.96
2375.03
2376.69
2377.97
2378.86
2379.38
2379.52
2379.3
2378.71
2377.73
2376.31
2374.4
2372
2369.14
2365.96
2362.63
2359.22
2355.67
2351.85
2347.65
2343.16
2338.41
2333.4
2328.13
2322.64
2316.98
2311.12
2305.07
2298.86
2292.49
2285.95
2279.25
2272.44
2265.54
2258.53
2251.43
2244.24
2237
2229.69
2222.27
2214.77
2207.21
2199.56
2191.85
2184.08
2176.32
2168.6
2160.94
2153.38
2145.97
2138.77
2131.85
2125.26
2119.3
2114.7
2116.55
2115.44
971.04
970.007
968.397
966.809
965.233
963.665
962.098
960.53
958.959
957.385
955.806
954.224
952.64
951.054
949.467
947.888
946.323
944.772
943.233
941.707
940.192
938.689
937.196
935.714
934.242
932.78
931.328
929.885
928.453
927.03
925.616
924.213
922.819
921.434
920.06
918.695
917.34
915.995
914.66
913.335
912.02
910.715
909.42
908.136
906.861
905.597
904.344
903.1
901.867
900.644
899.432
898.23
897.039
895.858
894.687
893.527
892.379
891.244
890.12
889.008
887.908
886.818
885.739
884.671
883.613
882.566
881.529
880.501
879.484
878.477
877.48
876.492
875.514
874.545
873.585
872.635
871.693
870.76
869.834
868.917
868.007
867.104
866.208
865.318
864.435
863.558
862.687
861.822
860.963
860.108
859.258
858.413
857.573
856.739
855.911
855.088
854.27
853.459
852.653
851.853
851.059
850.27
849.488
848.712
847.942
847.179
846.422
845.672
844.928
844.191
843.461
842.737
842.02
841.31
840.606
839.909
839.219
838.535
837.858
837.186
836.518
835.856
835.199
834.548
833.902
833.263
832.629
832.003
831.384
830.772
830.166
829.568
828.976
828.392
827.815
827.245
826.682
826.125
825.576
825.034
824.499
823.971
823.45
822.936
822.428
821.928
821.434
820.948
820.468
819.995
819.528
819.069
818.616
818.169
817.73
817.297
816.871
816.451
816.038
815.631
815.231
814.838
814.451
814.07
813.696
813.328
812.967
812.611
812.263
811.92
811.584
811.254
810.93
810.613
810.302
809.997
809.698
809.406
809.12
808.84
808.567
808.3
808.039
807.785
807.537
807.295
807.06
806.832
806.61
806.394
806.185
805.983
805.787
805.597
805.415
805.239
805.07
804.907
804.751
804.603
804.461
804.326
804.198
804.078
803.964
803.857
803.758
803.666
803.581
803.504
803.434
803.371
803.316
803.269
803.23
803.198
803.175
803.159
803.152
803.154
803.164
803.182
803.21
803.246
803.292
803.347
803.411
803.485
803.57
803.664
803.769
803.884
804.011
804.148
804.298
804.451
804.655
804.688
805.548
807.732
810.259
812.884
815.551
818.247
820.97
823.72
826.497
829.302
832.135
834.996
837.886
840.807
843.754
846.752
849.829
852.993
856.247
859.59
863.021
866.543
870.153
873.848
877.627
881.488
885.427
889.442
893.531
897.692
901.922
906.216
910.572
914.986
919.454
923.975
928.545
933.158
937.814
942.516
947.248
952.018
956.825
961.662
966.532
971.435
976.369
981.332
986.337
991.367
996.446
1001.56
1006.74
1012.02
1017.42
1022.95
1028.61
1034.41
1040.36
1046.47
1052.74
1059.19
1065.82
1072.65
1079.69
1086.95
1094.44
1102.19
1110.21
1118.52
1127.14
1136.09
1145.4
1155.09
1165.2
1175.76
1186.81
1198.39
1210.55
1223.34
1236.82
1251.05
1266.12
1282.12
1299.13
1317.27
1336.67
1357.48
1379.87
1404.04
1430.2
1458.64
1489.64
1523.59
1560.91
1602.1
1647.77
1698.64
1755.66
1819.56
1893.5
1971.49
2022.79
2055.84
2073.29
2075.98
2065.72
2045
2016.08
1981.01
1941.76
1899.68
1855.58
1810.43
1765.27
1720.55
1676.46
1633.58
1592.63
1553.44
1516.1
1483.11
1455.81
1431.4
1409
1388.56
1369.76
1352.05
1335.88
1321.03
1305.9
1290.29
1274.79
1260.33
1247.24
1235.2
1223.79
1212.95
1202.78
1193.33
1184.51
1176.22
1168.44
1161.15
1154.31
1147.83
1141.66
1135.76
1130.1
1124.69
1119.49
1114.49
1109.67
1105.02
1100.52
1096.17
1091.95
1087.82
1083.76
1079.73
1075.74
1071.81
1067.98
1064.24
1060.54
1056.89
1053.31
1049.83
1046.41
1043.03
1039.68
1036.44
1033.29
1030.18
1027.09
1024.06
1021.13
1018.27
1015.41
1012.57
1009.84
1007.24
1004.68
1002.1
999.546
997.124
994.852
992.682
990.58
988.541
986.57
984.675
982.87
981.174
979.617
978.198
976.885
975.666
974.616
973.823
973.285
972.943
972.836
973.108
973.889
975.238
977.206
979.884
983.398
987.914
993.601
1000.84
1010.04
1021.81
1036.58
1054.69
1078.08
1114.36
1165.92
1252.03
1397.15
1589.26
1998.76
3360.07
6254.03
9920.59
12598.9
13036.2
11513.7
8760.7
6236.89
4303.14
2903.09
2068.6
1647.29
1459.77
1390.71
1366.35
1358.13
1357.26
1359.15
1362.9
1368.67
1375.84
1384.16
1393.56
1403.92
1415.07
1426.8
1439
1451.61
1464.45
1477.36
1490.25
1503.04
1515.7
1528.17
1540.38
1552.33
1564.04
1575.62
1587.22
1598.96
1610.98
1623.43
1636.47
1650.27
1664.95
1680.52
1696.93
1714.01
1731.56
1749.32
1767.08
1784.63
1801.89
1818.93
1835.84
1852.61
1869.25
1885.8
1902.1
1918.05
1933.89
1949.68
1965.43
1981.12
1996.68
2012.03
2027.12
2041.99
2056.69
2071.23
2085.6
2099.77
2113.71
2127.39
2140.8
2153.93
2166.79
2179.4
2191.79
2203.96
2215.87
2227.43
2238.58
2249.3
2259.7
2269.87
2279.86
2289.66
2299.21
2308.41
2317.2
2325.55
2333.47
2340.99
2348.1
2354.81
2361.09
2366.94
2372.34
2377.29
2381.79
2385.83
2389.41
2392.55
2395.23
2397.47
2399.28
2400.66
2401.62
2402.16
2402.3
2402.04
2401.37
2400.28
2398.73
2396.69
2394.15
2391.19
2387.91
2384.44
2380.81
2376.96
2372.79
2368.25
2363.41
2358.33
2352.97
2347.35
2341.49
2335.45
2329.2
2322.75
2316.14
2309.36
2302.41
2295.3
2288.07
2280.73
2273.29
2265.74
2258.1
2250.4
2242.61
2234.73
2226.76
2218.73
2210.64
2202.47
2194.28
2186.08
2177.92
2169.81
2161.83
2154.01
2146.43
2139.13
2132.13
2125.67
2120.52
2120.88
2118.93
863.289
864.218
865.501
866.552
867.388
868.035
868.515
868.847
869.047
869.128
869.105
868.987
868.783
868.504
868.154
867.743
867.276
866.759
866.198
865.597
864.96
864.292
863.594
862.871
862.123
861.354
860.565
859.759
858.937
858.1
857.25
856.388
855.515
854.632
853.741
852.843
851.937
851.026
850.109
849.188
848.263
847.335
846.404
845.472
844.538
843.604
842.669
841.734
840.799
839.866
838.934
838.004
837.076
836.15
835.227
834.307
833.395
832.49
831.593
830.703
829.821
828.945
828.076
827.214
826.358
825.508
824.665
823.827
822.996
822.17
821.351
820.538
819.73
818.928
818.132
817.342
816.558
815.779
815.006
814.239
813.476
812.719
811.967
811.219
810.477
809.738
809.005
808.275
807.549
806.827
806.109
805.394
804.682
803.974
803.268
802.566
801.867
801.171
800.478
799.789
799.102
798.419
797.739
797.062
796.388
795.716
795.047
794.382
793.719
793.061
792.406
791.754
791.106
790.463
789.823
789.187
788.556
787.928
787.305
786.687
786.074
785.467
784.864
784.266
783.673
783.085
782.501
781.923
781.35
780.781
780.218
779.66
779.107
778.56
778.018
777.481
776.949
776.423
775.902
775.386
774.876
774.371
773.871
773.377
772.888
772.404
771.925
771.452
770.984
770.521
770.064
769.612
769.165
768.724
768.287
767.856
767.43
767.01
766.595
766.185
765.781
765.382
764.99
764.603
764.223
763.848
763.479
763.115
762.758
762.406
762.059
761.719
761.384
761.055
760.732
760.415
760.103
759.797
759.497
759.203
758.914
758.632
758.355
758.084
757.82
757.561
757.308
757.062
756.821
756.587
756.359
756.137
755.921
755.712
755.508
755.312
755.121
754.937
754.76
754.589
754.425
754.267
754.117
753.973
753.836
753.706
753.583
753.467
753.358
753.257
753.163
753.076
752.997
752.926
752.863
752.808
752.76
752.721
752.691
752.669
752.655
752.651
752.655
752.669
752.692
752.724
752.767
752.819
752.881
752.954
753.037
753.131
753.237
753.353
753.482
753.615
753.798
753.817
754.63
756.72
759.144
761.668
764.237
766.841
769.475
772.141
774.837
777.565
780.324
783.114
785.937
788.793
791.677
794.612
797.622
800.714
803.892
807.157
810.507
813.946
817.47
821.079
824.769
828.54
832.387
836.31
840.304
844.368
848.498
852.69
856.94
861.245
865.6
870.005
874.455
878.944
883.473
888.043
892.641
897.272
901.935
906.625
911.344
916.09
920.865
925.663
930.499
935.355
940.255
945.184
950.175
955.261
960.457
965.77
971.207
976.775
982.482
988.334
994.341
1000.51
1006.85
1013.38
1020.1
1027.02
1034.17
1041.55
1049.18
1057.07
1065.26
1073.75
1082.57
1091.75
1101.31
1111.28
1121.7
1132.61
1144.05
1156.07
1168.72
1182.05
1196.15
1211.08
1226.93
1243.81
1261.82
1281.09
1301.77
1324.03
1348.07
1374.11
1402.43
1433.31
1467.14
1504.34
1545.41
1590.96
1641.8
1698.52
1763.84
1832.5
1878.16
1908.29
1925.03
1928.98
1921.63
1904.97
1880.78
1850.85
1816.86
1780.02
1741.05
1700.82
1660.31
1619.95
1579.96
1540.92
1503.51
1467.67
1433.47
1403.17
1377.98
1355.39
1334.61
1315.61
1298.23
1281.86
1266.78
1252.86
1238.68
1224.07
1209.59
1196.06
1183.81
1172.52
1161.82
1151.67
1142.13
1133.28
1125.01
1117.23
1109.93
1103.09
1096.67
1090.59
1084.79
1079.24
1073.93
1068.83
1063.94
1059.23
1054.69
1050.31
1046.07
1041.96
1037.98
1034.08
1030.24
1026.44
1022.67
1018.96
1015.35
1011.82
1008.33
1004.89
1001.51
998.233
995.014
991.82
988.672
985.615
982.646
979.718
976.811
973.96
971.201
968.505
965.816
963.149
960.58
958.132
955.73
953.303
950.903
948.628
946.491
944.449
942.472
940.554
938.699
936.917
935.219
933.624
932.157
930.821
929.583
928.437
927.449
926.7
926.188
925.861
925.756
926.002
926.718
927.954
929.756
932.205
935.41
939.514
944.665
951.168
959.399
969.857
982.878
998.708
1018.96
1049.7
1093.28
1161.12
1276.76
1431.68
1666.24
2395.63
4383.93
7616.75
10870.1
12601.4
12287.6
10348
7784.5
5611.66
3910.98
2704.03
2006.66
1642.49
1467.9
1389.73
1358.59
1346.95
1342.26
1342.52
1346.32
1352.27
1359.77
1368.66
1378.71
1389.75
1401.47
1413.73
1426.46
1439.49
1452.63
1465.78
1478.86
1491.81
1504.55
1517.04
1529.27
1541.29
1553.19
1565.11
1577.17
1589.52
1602.31
1615.7
1629.85
1644.86
1660.75
1677.48
1694.92
1712.91
1731.23
1749.71
1768.19
1786.55
1804.8
1822.95
1840.94
1858.76
1876.42
1893.87
1911.12
1928.27
1945.35
1962.37
1979.29
1996.04
2012.58
2028.86
2044.92
2060.78
2076.45
2091.92
2107.18
2122.21
2136.99
2151.49
2165.72
2179.69
2193.41
2206.9
2220.14
2233.08
2245.67
2257.84
2269.6
2281.04
2292.21
2303.15
2313.84
2324.22
2334.2
2343.73
2352.8
2361.4
2369.56
2377.26
2384.5
2391.28
2397.58
2403.39
2408.71
2413.52
2417.85
2421.69
2425.03
2427.9
2430.28
2432.18
2433.61
2434.58
2435.1
2435.18
2434.81
2434.01
2432.74
2431
2428.75
2426.01
2422.86
2419.37
2415.65
2411.71
2407.48
2402.92
2397.98
2392.74
2387.23
2381.45
2375.39
2369.09
2362.58
2355.86
2348.93
2341.83
2334.56
2327.12
2319.51
2311.78
2303.93
2295.97
2287.9
2279.73
2271.49
2263.17
2254.75
2246.25
2237.69
2229.08
2220.41
2211.71
2203.02
2194.35
2185.75
2177.28
2169
2160.97
2153.25
2145.82
2138.83
2133.05
2132.26
2129.79
764.156
764.914
766.16
767.417
768.666
769.895
771.089
772.241
773.342
774.387
775.373
776.297
777.159
777.957
778.693
779.367
779.98
780.534
781.03
781.47
781.857
782.192
782.478
782.717
782.91
783.061
783.17
783.239
783.272
783.268
783.23
783.16
783.06
782.929
782.771
782.586
782.376
782.143
781.886
781.607
781.309
780.99
780.654
780.299
779.929
779.542
779.141
778.726
778.298
777.857
777.405
776.942
776.468
775.985
775.493
774.993
774.485
773.97
773.449
772.923
772.392
771.857
771.318
770.776
770.232
769.684
769.134
768.583
768.03
767.475
766.92
766.363
765.806
765.249
764.691
764.133
763.576
763.018
762.461
761.904
761.348
760.792
760.238
759.683
759.13
758.577
758.025
757.474
756.923
756.373
755.824
755.275
754.726
754.178
753.631
753.083
752.536
751.989
751.443
750.897
750.352
749.806
749.262
748.718
748.174
747.631
747.088
746.545
746.003
745.462
744.922
744.382
743.843
743.306
742.769
742.234
741.7
741.168
740.637
740.109
739.585
739.064
738.546
738.031
737.519
737.011
736.505
736.001
735.5
735.001
734.505
734.011
733.52
733.031
732.546
732.063
731.583
731.106
730.633
730.162
729.695
729.231
728.77
728.312
727.858
727.408
726.961
726.517
726.077
725.641
725.208
724.779
724.354
723.933
723.515
723.101
722.691
722.286
721.883
721.485
721.091
720.702
720.316
719.935
719.558
719.186
718.819
718.456
718.098
717.744
717.396
717.052
716.713
716.379
716.05
715.726
715.407
715.092
714.783
714.479
714.18
713.886
713.597
713.313
713.035
712.761
712.493
712.231
711.974
711.722
711.475
711.234
710.999
710.769
710.545
710.326
710.113
709.906
709.704
709.508
709.319
709.136
708.959
708.79
708.627
708.471
708.322
708.18
708.045
707.918
707.797
707.684
707.577
707.479
707.388
707.304
707.229
707.161
707.101
707.049
707.006
706.971
706.945
706.927
706.918
706.918
706.928
706.947
706.976
707.014
707.062
707.121
707.19
707.27
707.362
707.458
707.6
707.592
708.308
710.194
712.392
714.688
717.033
719.416
721.834
724.286
726.774
729.297
731.856
734.45
737.082
739.751
742.455
745.215
748.062
751.003
754.039
757.17
760.395
763.716
767.128
770.631
774.221
777.896
781.652
785.488
789.395
793.368
797.403
801.495
805.643
809.843
814.092
818.389
822.729
827.108
831.525
835.981
840.463
844.976
849.518
854.084
858.675
863.29
867.93
872.589
877.282
881.992
886.74
891.513
896.344
901.263
906.284
911.415
916.663
922.033
927.532
933.168
938.947
944.878
950.97
957.233
963.677
970.313
977.153
984.211
991.502
999.041
1006.85
1014.93
1023.33
1032.05
1041.13
1050.59
1060.46
1070.79
1081.59
1092.93
1104.85
1117.39
1130.63
1144.62
1159.46
1175.21
1191.99
1209.9
1229.08
1249.67
1271.84
1295.78
1321.72
1349.93
1380.7
1414.4
1451.46
1492.37
1537.82
1588.28
1646.09
1706.62
1747.25
1774.65
1790.5
1795.3
1790.24
1776.81
1756.55
1730.93
1701.43
1669.06
1634.5
1598.52
1562.03
1525.45
1489.04
1453.37
1419.11
1386.21
1354.8
1326.9
1303.59
1282.62
1263.3
1245.59
1229.36
1214.18
1200.14
1187.08
1173.76
1160.06
1146.5
1133.82
1122.33
1111.73
1101.69
1092.16
1083.21
1074.9
1067.14
1059.85
1053
1046.59
1040.57
1034.86
1029.43
1024.23
1019.24
1014.46
1009.87
1005.46
1001.2
997.084
993.101
989.245
985.497
981.832
978.226
974.654
971.11
967.624
964.229
960.91
957.632
954.394
951.227
948.146
945.123
942.127
939.175
936.308
933.524
930.78
928.057
925.388
922.804
920.282
917.767
915.275
912.876
910.589
908.346
906.083
903.849
901.732
899.744
897.845
896.007
894.227
892.507
890.858
889.289
887.817
886.467
885.24
884.108
883.066
882.173
881.506
881.062
880.795
880.739
881.013
881.723
882.916
884.63
886.939
889.939
893.755
898.515
904.467
911.949
921.387
933.052
947.105
964.949
991.473
1028.94
1084.57
1175.33
1305.37
1464.8
1820.8
2982.92
5448.89
8676.41
11329.4
12203.4
11372.4
9312.28
7075.21
5171.33
3659.61
2608.77
2000.37
1668.94
1490.95
1399.77
1362.66
1344.82
1337.19
1335.9
1338.8
1344.38
1352
1361.2
1371.77
1383.23
1395.36
1408.07
1421.18
1434.49
1447.86
1461.19
1474.41
1487.43
1500.2
1512.73
1525.08
1537.32
1549.58
1562
1574.71
1587.87
1601.63
1616.16
1631.54
1647.81
1664.93
1682.81
1701.33
1720.33
1739.66
1759.18
1778.76
1798.34
1817.83
1837.16
1856.27
1875.18
1893.94
1912.61
1931.19
1949.68
1968.07
1986.33
2004.41
2022.25
2039.85
2057.21
2074.35
2091.26
2107.96
2124.43
2140.65
2156.62
2172.32
2187.74
2202.91
2217.81
2232.46
2246.83
2260.88
2274.55
2287.81
2300.66
2313.17
2325.37
2337.28
2348.88
2360.1
2370.88
2381.18
2390.98
2400.27
2409.06
2417.34
2425.11
2432.36
2439.08
2445.26
2450.9
2456
2460.56
2464.6
2468.11
2471.09
2473.54
2475.47
2476.88
2477.79
2478.2
2478.13
2477.58
2476.55
2475.03
2473
2470.46
2467.42
2463.95
2460.14
2456.05
2451.69
2447.01
2441.97
2436.55
2430.81
2424.79
2418.48
2411.9
2405.05
2397.98
2390.69
2383.19
2375.5
2367.64
2359.61
2351.41
2343.08
2334.63
2326.06
2317.39
2308.61
2299.76
2290.81
2281.78
2272.68
2263.53
2254.33
2245.08
2235.82
2226.56
2217.33
2208.16
2199.14
2190.34
2181.82
2173.62
2165.72
2158.2
2151.75
2150.32
2147.8
654.091
655.593
657.94
660.218
662.426
664.567
666.645
668.661
670.617
672.512
674.348
676.126
677.845
679.507
681.112
682.661
684.154
685.591
686.975
688.305
689.583
690.808
691.984
693.109
694.185
695.214
696.197
697.133
698.026
698.875
699.682
700.448
701.174
701.861
702.511
703.123
703.7
704.243
704.752
705.228
705.673
706.087
706.472
706.828
707.156
707.457
707.732
707.982
708.208
708.41
708.589
708.746
708.882
708.998
709.094
709.171
709.229
709.27
709.294
709.301
709.293
709.27
709.232
709.181
709.117
709.04
708.951
708.85
708.738
708.616
708.484
708.342
708.191
708.032
707.864
707.688
707.504
707.313
707.115
706.91
706.7
706.483
706.26
706.032
705.798
705.559
705.316
705.068
704.815
704.558
704.296
704.031
703.761
703.487
703.21
702.929
702.644
702.355
702.063
701.768
701.469
701.167
700.861
700.553
700.241
699.926
699.608
699.287
698.963
698.636
698.306
697.974
697.639
697.302
696.961
696.619
696.274
695.927
695.579
695.228
694.875
694.521
694.166
693.81
693.452
693.094
692.735
692.375
692.015
691.654
691.292
690.93
690.568
690.205
689.841
689.478
689.115
688.752
688.388
688.025
687.663
687.301
686.939
686.579
686.218
685.859
685.501
685.143
684.787
684.432
684.079
683.726
683.375
683.026
682.679
682.333
681.988
681.646
681.306
680.967
680.631
680.296
679.962
679.631
679.302
678.975
678.65
678.327
678.008
677.69
677.376
677.064
676.756
676.45
676.148
675.849
675.553
675.26
674.971
674.685
674.403
674.125
673.85
673.579
673.312
673.049
672.79
672.534
672.283
672.036
671.794
671.555
671.321
671.091
670.866
670.645
670.429
670.218
670.011
669.809
669.611
669.419
669.232
669.05
668.874
668.703
668.538
668.379
668.226
668.079
667.938
667.803
667.675
667.554
667.438
667.33
667.228
667.133
667.046
666.965
666.892
666.826
666.768
666.717
666.674
666.64
666.613
666.595
666.585
666.584
666.591
666.608
666.634
666.669
666.716
666.765
666.856
666.814
667.42
669.074
671.01
673.037
675.111
677.221
679.366
681.545
683.758
686.007
688.291
690.61
692.966
695.36
697.788
700.272
702.843
705.507
708.269
711.127
714.082
717.135
720.285
723.529
726.866
730.293
733.808
737.41
741.094
744.863
748.711
752.633
756.623
760.678
764.793
768.964
773.188
777.455
781.768
786.118
790.489
794.887
799.311
803.755
808.223
812.713
817.226
821.758
826.321
830.899
835.513
840.149
844.838
849.61
854.478
859.451
864.534
869.731
875.051
880.498
886.081
891.807
897.683
903.719
909.925
916.31
922.886
929.666
936.662
943.889
951.364
959.103
967.127
975.455
984.111
993.121
1002.51
1012.32
1022.57
1033.31
1044.58
1056.43
1068.91
1082.08
1096.01
1110.78
1126.48
1143.19
1161.05
1180.16
1200.69
1222.79
1246.65
1272.51
1300.62
1331.27
1364.84
1401.73
1442.51
1487.57
1538.89
1592.38
1628.58
1653.4
1668.28
1673.62
1670.24
1659.39
1642.35
1620.32
1594.57
1565.98
1535.13
1502.77
1469.72
1436.4
1403.11
1370.39
1338.89
1308.6
1279.65
1253.87
1232.23
1212.71
1194.7
1178.14
1162.93
1148.69
1135.6
1123.33
1110.81
1097.93
1085.18
1073.27
1062.46
1052.48
1043.03
1034.07
1025.65
1017.85
1010.57
1003.73
997.317
991.315
985.68
980.348
975.265
970.408
965.756
961.295
957.012
952.892
948.918
945.076
941.359
937.759
934.259
930.835
927.467
924.13
920.819
917.563
914.391
911.292
908.23
905.207
902.251
899.376
896.556
893.762
891.01
888.338
885.744
883.189
880.655
878.172
875.77
873.425
871.09
868.778
866.553
864.434
862.357
860.265
858.203
856.25
854.418
852.671
850.984
849.351
847.778
846.273
844.845
843.511
842.293
841.192
840.184
839.264
838.488
837.924
837.573
837.393
837.415
837.749
838.491
839.683
841.36
843.589
846.452
850.061
854.529
860.06
866.957
875.588
886.174
898.82
914.761
938.075
970.668
1018.16
1090.05
1197.49
1326.46
1513.31
2091.94
3689.74
6387.67
9369.52
11426.6
11701.2
10608.9
8605.33
6596.43
4887.55
3535.56
2600.16
2042.99
1726.17
1535.13
1433.93
1382.04
1355.92
1345.28
1341.79
1343.15
1347.7
1354.76
1364.08
1374.72
1386.24
1398.58
1411.51
1424.78
1438.18
1451.62
1465
1478.21
1491.19
1503.97
1516.6
1529.15
1541.73
1554.47
1567.52
1581.04
1595.19
1610.1
1625.87
1642.54
1660.11
1678.51
1697.65
1717.42
1737.71
1758.39
1779.32
1800.33
1821.27
1842.04
1862.57
1882.86
1903.05
1923.28
1943.41
1963.43
1983.32
2003.04
2022.56
2041.84
2060.86
2079.64
2098.17
2116.46
2134.49
2152.28
2169.81
2187.06
2204.04
2220.75
2237.18
2253.34
2269.21
2284.78
2299.98
2314.78
2329.16
2343.13
2356.73
2369.97
2382.85
2395.36
2407.43
2419
2430.06
2440.58
2450.54
2459.93
2468.76
2477.01
2484.68
2491.76
2498.25
2504.14
2509.44
2514.17
2518.33
2521.91
2524.92
2527.34
2529.19
2530.48
2531.22
2531.41
2531.08
2530.22
2528.85
2526.95
2524.52
2521.56
2518.09
2514.18
2509.9
2505.3
2500.4
2495.15
2489.52
2483.51
2477.16
2470.51
2463.55
2456.31
2448.81
2441.06
2433.08
2424.9
2416.52
2407.95
2399.22
2390.32
2381.29
2372.13
2362.86
2353.48
2344
2334.44
2324.8
2315.08
2305.3
2295.48
2285.61
2275.72
2265.82
2255.93
2246.06
2236.27
2226.64
2217.27
2208.19
2199.47
2191.09
2183.03
2175.92
2174.54
2172.26
544.096
545.774
548.436
551.066
553.66
556.216
558.734
561.213
563.652
566.049
568.404
570.717
572.987
575.214
577.397
579.537
581.633
583.687
585.696
587.663
589.587
591.468
593.307
595.103
596.858
598.572
600.244
601.876
603.468
605.02
606.533
608.007
609.443
610.842
612.203
613.528
614.816
616.07
617.288
618.472
619.622
620.739
621.824
622.877
623.898
624.888
625.848
626.779
627.68
628.553
629.398
630.216
631.007
631.772
632.511
633.225
633.914
634.58
635.222
635.841
636.438
637.014
637.567
638.1
638.613
639.106
639.58
640.035
640.472
640.891
641.292
641.677
642.046
642.398
642.735
643.057
643.364
643.657
643.937
644.202
644.455
644.695
644.923
645.139
645.343
645.535
645.717
645.888
646.049
646.199
646.34
646.471
646.592
646.705
646.808
646.903
646.99
647.068
647.138
647.2
647.254
647.301
647.34
647.372
647.396
647.414
647.425
647.429
647.426
647.416
647.4
647.378
647.35
647.315
647.274
647.228
647.175
647.117
647.053
646.983
646.908
646.828
646.743
646.652
646.557
646.457
646.352
646.242
646.129
646.01
645.888
645.762
645.631
645.497
645.359
645.217
645.072
644.923
644.77
644.615
644.456
644.295
644.13
643.963
643.793
643.62
643.445
643.267
643.088
642.906
642.722
642.536
642.349
642.16
641.969
641.776
641.583
641.388
641.192
640.995
640.797
640.599
640.399
640.199
639.998
639.796
639.594
639.392
639.189
638.986
638.783
638.58
638.377
638.174
637.972
637.77
637.569
637.368
637.168
636.969
636.771
636.575
636.379
636.185
635.993
635.802
635.613
635.426
635.241
635.057
634.876
634.697
634.52
634.346
634.174
634.005
633.838
633.674
633.513
633.355
633.2
633.048
632.899
632.752
632.608
632.468
632.331
632.198
632.068
631.942
631.82
631.703
631.59
631.481
631.377
631.278
631.184
631.095
631.011
630.932
630.86
630.793
630.731
630.676
630.627
630.585
630.549
630.519
630.497
630.481
630.473
630.473
630.48
630.494
630.518
630.545
630.607
630.546
631.08
632.569
634.309
636.126
637.981
639.864
641.776
643.715
645.684
647.682
649.711
651.773
653.87
656.003
658.168
660.385
662.678
665.054
667.517
670.068
672.707
675.438
678.258
681.167
684.163
687.246
690.413
693.664
696.998
700.42
703.928
707.517
711.184
714.924
718.734
722.61
726.548
730.543
734.592
738.698
742.849
747.046
751.287
755.564
759.876
764.221
768.598
773
777.441
781.894
786.377
790.877
795.425
800.053
804.772
809.592
814.517
819.553
824.706
829.982
835.386
840.926
846.609
852.442
858.436
864.598
870.941
877.474
884.211
891.164
898.349
905.781
913.477
921.458
929.744
938.358
947.326
956.677
966.442
976.656
987.357
998.59
1010.4
1022.85
1035.99
1049.89
1064.62
1080.29
1096.98
1114.8
1133.87
1154.36
1176.41
1200.21
1225.99
1254
1284.54
1317.95
1354.71
1395.12
1440.88
1488.32
1520.66
1543.13
1557.03
1562.56
1560.41
1551.59
1537.13
1518.02
1495.34
1469.86
1442.12
1412.81
1382.69
1352.19
1321.6
1291.47
1262.4
1234.41
1207.63
1183.72
1163.55
1145.31
1128.44
1112.9
1098.59
1085.16
1072.82
1061.3
1049.47
1037.31
1025.29
1014.05
1003.84
994.421
985.51
977.07
969.158
961.831
955.006
948.61
942.618
937.019
931.771
926.808
922.085
917.575
913.259
909.124
905.156
901.342
897.664
894.109
890.669
887.339
884.1
880.932
877.813
874.724
871.659
868.644
865.708
862.839
860.006
857.208
854.473
851.814
849.205
846.622
844.079
841.61
839.214
836.855
834.516
832.225
830.011
827.85
825.7
823.573
821.529
819.583
817.678
815.762
813.876
812.093
810.424
808.835
807.303
805.825
804.405
803.051
801.772
800.583
799.505
798.539
797.664
796.876
796.227
795.78
795.535
795.455
795.571
795.981
796.775
797.99
799.659
801.839
804.607
808.059
812.297
817.491
823.914
831.887
841.592
853.096
867.488
888.302
916.974
958.606
1017.6
1104.15
1216.07
1340.64
1598.02
2453.48
4360.36
7083.98
9753.41
11237.5
11176.5
9993.41
8105.18
6283.01
4741.38
3525.23
2669.73
2135.56
1820.55
1617.55
1500.47
1426.8
1390.92
1371.71
1363.75
1362.93
1365.67
1372.09
1380.59
1390.45
1401.6
1413.75
1426.48
1439.5
1452.69
1465.94
1479.09
1492.08
1504.93
1517.68
1530.4
1543.19
1556.15
1569.45
1583.25
1597.71
1612.96
1629.09
1646.18
1664.22
1683.19
1703.03
1723.67
1745.03
1766.97
1789.34
1811.88
1834.37
1856.69
1878.75
1900.54
1922.3
1944.21
1966.02
1987.68
2009.18
2030.49
2051.58
2072.41
2092.97
2113.28
2133.32
2153.09
2172.58
2191.79
2210.71
2229.35
2247.69
2265.74
2283.5
2300.96
2318.11
2334.9
2351.28
2367.24
2382.77
2397.86
2412.52
2426.78
2440.62
2454.01
2466.89
2479.23
2491.01
2502.2
2512.77
2522.72
2532.01
2540.66
2548.64
2555.97
2562.65
2568.69
2574.13
2578.96
2583.16
2586.72
2589.65
2591.93
2593.58
2594.61
2595.04
2594.87
2594.13
2592.82
2590.95
2588.5
2585.5
2581.93
2577.85
2573.32
2568.4
2563.14
2557.54
2551.56
2545.18
2538.41
2531.28
2523.83
2516.07
2508.02
2499.69
2491.11
2482.3
2473.27
2464.05
2454.65
2445.07
2435.34
2425.48
2415.49
2405.39
2395.18
2384.89
2374.52
2364.08
2353.6
2343.06
2332.5
2321.9
2311.28
2300.66
2290.06
2279.51
2269.03
2258.75
2248.75
2239.08
2229.81
2220.94
2212.38
2204.72
2203.77
2201.4
437.483
439.055
441.569
444.08
446.586
449.085
451.575
454.056
456.526
458.982
461.424
463.85
466.258
468.648
471.018
473.368
475.696
478.001
480.284
482.542
484.776
486.986
489.169
491.327
493.459
495.565
497.643
499.695
501.719
503.716
505.686
507.627
509.541
511.427
513.286
515.116
516.919
518.694
520.441
522.161
523.853
525.517
527.154
528.764
530.347
531.903
533.433
534.935
536.412
537.862
539.287
540.686
542.059
543.408
544.731
546.03
547.304
548.555
549.781
550.984
552.164
553.32
554.454
555.565
556.655
557.722
558.768
559.793
560.797
561.78
562.743
563.686
564.609
565.513
566.398
567.264
568.112
568.941
569.753
570.547
571.324
572.085
572.828
573.556
574.267
574.963
575.643
576.308
576.958
577.594
578.215
578.822
579.416
579.996
580.563
581.116
581.657
582.186
582.702
583.206
583.698
584.178
584.647
585.105
585.552
585.987
586.412
586.827
587.231
587.625
588.009
588.383
588.747
589.102
589.448
589.784
590.11
590.428
590.737
591.037
591.329
591.612
591.886
592.152
592.41
592.66
592.902
593.136
593.363
593.581
593.793
593.997
594.194
594.383
594.566
594.741
594.91
595.072
595.228
595.377
595.52
595.656
595.787
595.911
596.029
596.141
596.248
596.349
596.445
596.535
596.62
596.7
596.774
596.844
596.909
596.969
597.025
597.076
597.123
597.165
597.203
597.238
597.268
597.295
597.318
597.337
597.353
597.365
597.375
597.38
597.383
597.383
597.38
597.374
597.366
597.355
597.341
597.325
597.307
597.287
597.264
597.24
597.215
597.187
597.159
597.129
597.098
597.065
597.032
596.998
596.963
596.928
596.892
596.856
596.82
596.783
596.747
596.711
596.675
596.64
596.605
596.57
596.537
596.504
596.472
596.441
596.411
596.382
596.355
596.328
596.304
596.281
596.26
596.241
596.224
596.21
596.198
596.188
596.182
596.178
596.178
596.181
596.187
596.197
596.211
596.229
596.252
596.279
596.31
596.347
596.388
596.435
596.487
596.545
596.61
596.675
596.774
596.749
597.304
598.784
600.491
602.257
604.042
605.84
607.649
609.472
611.31
613.164
615.037
616.93
618.844
620.784
622.745
624.748
626.815
628.953
631.166
633.455
635.821
638.269
640.8
643.412
646.105
648.877
651.728
654.656
657.659
660.737
663.889
667.114
670.408
673.77
677.197
680.688
684.239
687.846
691.507
695.231
699.008
702.842
706.732
710.668
714.651
718.68
722.751
726.861
731.018
735.211
739.456
743.737
748.083
752.52
757.061
761.709
766.47
771.349
776.343
781.451
786.68
792.037
797.529
803.165
808.954
814.904
821.026
827.33
833.827
840.529
847.449
854.602
862.003
869.671
877.625
885.885
894.475
903.421
912.752
922.498
932.695
943.381
954.601
966.401
978.837
991.967
1005.86
1020.59
1036.25
1052.93
1070.73
1089.79
1110.25
1132.26
1156.01
1181.71
1209.62
1240.03
1273.32
1309.74
1350.73
1393.02
1422
1442.36
1455.28
1460.81
1459.51
1452.24
1439.77
1422.97
1402.75
1379.82
1354.67
1327.93
1300.31
1272.24
1244.01
1216.15
1189.21
1163.24
1138.36
1116.06
1097.18
1080.04
1064.15
1049.49
1035.95
1023.22
1011.47
1000.56
989.386
977.86
966.47
955.834
946.18
937.291
928.899
920.97
913.555
906.707
900.346
894.399
888.84
883.653
878.8
874.22
869.867
865.718
861.752
857.957
854.319
850.825
847.458
844.205
841.058
838.012
835.05
832.151
829.297
826.47
823.664
820.905
818.217
815.591
812.997
810.436
807.933
805.5
803.113
800.75
798.423
796.164
793.973
791.816
789.679
787.587
785.566
783.596
781.636
779.7
777.84
776.073
774.345
772.609
770.903
769.294
767.791
766.363
764.991
763.671
762.407
761.207
760.08
759.04
758.105
757.278
756.539
755.886
755.367
755.04
754.905
754.93
755.143
755.635
756.486
757.733
759.402
761.548
764.238
767.558
771.597
776.504
782.521
789.932
798.888
809.432
822.525
841.309
866.823
903.784
954.335
1023.97
1119.32
1224.51
1355.97
1737.02
2846.81
4901.37
7550.48
9850.79
10889.7
10652.9
9448.42
7738.79
6104.44
4719.36
3617.09
2813.53
2284.04
1955.42
1745.13
1601.76
1517.48
1460.61
1428.42
1413.37
1405.48
1404.83
1408.95
1415.18
1423.42
1433.45
1444.6
1456.33
1468.49
1480.97
1493.55
1506.08
1518.57
1531.09
1543.69
1556.4
1569.33
1582.66
1596.56
1611.18
1626.64
1643.05
1660.5
1679.01
1698.56
1719.15
1740.73
1763.23
1786.53
1810.43
1834.58
1858.71
1882.68
1906.37
1929.75
1953.19
1976.88
2000.49
2023.9
2047.14
2070.16
2092.92
2115.41
2137.63
2159.56
2181.21
2202.57
2223.61
2244.34
2264.73
2284.81
2304.58
2324.02
2343.15
2361.93
2380.35
2398.38
2415.95
2433.07
2449.73
2465.9
2481.6
2496.81
2511.52
2525.71
2539.38
2552.5
2565
2576.85
2588
2598.42
2608.12
2617.06
2625.26
2632.72
2639.44
2645.47
2650.85
2655.54
2659.53
2662.8
2665.36
2667.21
2668.37
2668.85
2668.67
2667.85
2666.41
2664.36
2661.7
2658.44
2654.59
2650.16
2645.21
2639.81
2634.02
2627.87
2621.36
2614.45
2607.12
2599.39
2591.3
2582.88
2574.15
2565.13
2555.84
2546.3
2536.52
2526.54
2516.36
2506.01
2495.5
2484.84
2474.05
2463.15
2452.14
2441.04
2429.86
2418.61
2407.31
2395.97
2384.6
2373.19
2361.77
2350.34
2338.92
2327.55
2316.24
2305.03
2294.06
2283.41
2273.14
2263.33
2253.99
2244.91
2236.57
2235.5
2232.52
336.757
338.089
340.228
342.376
344.532
346.696
348.868
351.047
353.232
355.422
357.615
359.812
362.01
364.21
366.409
368.607
370.803
372.996
375.186
377.372
379.552
381.726
383.894
386.055
388.207
390.352
392.487
394.612
396.728
398.833
400.927
403.009
405.079
407.136
409.181
411.212
413.23
415.234
417.223
419.198
421.158
423.102
425.031
426.944
428.842
430.723
432.587
434.435
436.267
438.081
439.879
441.659
443.422
445.167
446.896
448.606
450.299
451.974
453.632
455.272
456.894
458.499
460.085
461.654
463.205
464.739
466.254
467.752
469.232
470.695
472.14
473.568
474.979
476.372
477.747
479.106
480.448
481.773
483.08
484.372
485.646
486.904
488.146
489.371
490.58
491.774
492.951
494.113
495.259
496.39
497.505
498.605
499.691
500.761
501.817
502.858
503.885
504.897
505.896
506.88
507.851
508.808
509.751
510.681
511.598
512.502
513.393
514.271
515.137
515.99
516.831
517.659
518.476
519.28
520.073
520.854
521.624
522.382
523.129
523.865
524.59
525.304
526.007
526.699
527.381
528.052
528.713
529.363
530.004
530.634
531.254
531.864
532.465
533.056
533.637
534.209
534.771
535.324
535.868
536.403
536.929
537.447
537.955
538.455
538.946
539.429
539.903
540.368
540.826
541.276
541.718
542.151
542.577
542.996
543.406
543.809
544.205
544.593
544.974
545.348
545.715
546.075
546.429
546.775
547.115
547.449
547.776
548.097
548.412
548.721
549.024
549.321
549.613
549.898
550.179
550.454
550.723
550.988
551.247
551.501
551.75
551.995
552.235
552.471
552.702
552.929
553.152
553.372
553.587
553.799
554.007
554.211
554.412
554.61
554.805
554.997
555.186
555.372
555.556
555.738
555.917
556.094
556.269
556.442
556.613
556.783
556.952
557.118
557.284
557.449
557.613
557.775
557.938
558.099
558.261
558.422
558.582
558.743
558.905
559.066
559.228
559.391
559.555
559.72
559.886
560.054
560.224
560.395
560.569
560.744
560.923
561.104
561.288
561.475
561.667
561.856
562.08
562.165
562.881
564.585
566.517
568.489
570.46
572.42
574.369
576.31
578.244
580.174
582.102
584.028
585.953
587.882
589.812
591.763
593.759
595.806
597.908
600.068
602.285
604.564
606.905
609.309
611.776
614.307
616.902
619.561
622.282
625.07
627.924
630.842
633.823
636.864
639.964
643.121
646.333
649.594
652.905
656.268
659.673
663.125
666.624
670.164
673.749
677.375
681.044
684.75
688.504
692.299
696.155
700.059
704.037
708.114
712.301
716.605
721.029
725.578
730.259
735.076
740.034
745.136
750.386
755.792
761.36
767.097
773.006
779.087
785.349
791.805
798.466
805.349
812.467
819.838
827.479
835.409
843.649
852.223
861.155
870.476
880.215
890.408
901.093
912.315
924.119
936.561
949.699
963.601
978.341
994.004
1010.68
1028.49
1047.54
1067.97
1089.94
1113.63
1139.26
1167.06
1197.36
1230.35
1267.27
1305.16
1331.24
1349.73
1361.63
1366.99
1366.28
1360.11
1349.17
1334.17
1315.94
1295.1
1272.1
1247.53
1222.05
1196.07
1169.89
1143.99
1118.91
1094.69
1071.43
1050.53
1032.73
1016.53
1001.48
987.55
974.655
962.512
951.289
940.849
930.262
919.355
908.602
898.59
889.532
881.221
873.405
866.051
859.194
852.884
847.038
841.586
836.5
831.77
827.339
823.162
819.199
815.427
811.825
808.381
805.082
801.914
798.861
795.913
793.061
790.299
787.613
784.984
782.396
779.831
777.286
774.783
772.344
769.961
767.607
765.282
763.011
760.801
758.635
756.491
754.375
752.322
750.331
748.373
746.436
744.541
742.711
740.929
739.158
737.41
735.734
734.142
732.588
731.029
729.5
728.062
726.722
725.454
724.239
723.075
721.966
720.919
719.942
719.048
718.255
717.565
716.96
716.44
716.047
715.835
715.805
715.929
716.232
716.797
717.697
718.966
720.63
722.735
725.344
728.532
732.38
737.017
742.661
749.561
757.848
767.549
779.514
796.565
819.496
852.485
897.175
954.862
1033.31
1128.5
1222.4
1376.66
1902.13
3172.05
5291.82
7781.05
9757.85
10505.1
10163.4
9011.74
7497.34
6047.08
4806.87
3797.61
3030.19
2494.39
2141.26
1915.73
1760.86
1650.94
1580.14
1533.46
1500
1482.65
1476.07
1473.85
1475.28
1480.33
1487.71
1496.23
1505.75
1516.15
1527.09
1538.21
1549.53
1561.1
1572.96
1585.06
1597.48
1610.4
1624.03
1638.49
1653.91
1670.4
1688.07
1706.96
1727.07
1748.41
1770.95
1794.64
1819.35
1844.84
1870.68
1896.51
1922.19
1947.57
1972.61
1997.81
2023.38
2048.87
2074.14
2099.21
2124.04
2148.58
2172.82
2196.77
2220.42
2243.76
2266.76
2289.43
2311.73
2333.65
2355.22
2376.45
2397.31
2417.79
2437.87
2457.53
2476.77
2495.59
2513.94
2531.77
2549.04
2565.76
2581.9
2597.44
2612.37
2626.7
2640.41
2653.39
2665.61
2677.01
2687.58
2697.28
2706.12
2714.11
2721.24
2727.55
2733.04
2737.75
2741.68
2744.8
2747.13
2748.68
2749.47
2749.53
2748.87
2747.52
2745.51
2742.86
2739.58
2735.7
2731.21
2726.15
2720.53
2714.4
2707.83
2700.88
2693.56
2685.88
2677.82
2669.36
2660.52
2651.34
2641.85
2632.06
2622
2611.69
2601.15
2590.39
2579.43
2568.3
2557.01
2545.57
2534.01
2522.33
2510.56
2498.69
2486.74
2474.73
2462.66
2450.53
2438.36
2426.15
2413.92
2401.69
2389.46
2377.26
2365.13
2353.09
2341.17
2329.51
2318.19
2307.28
2296.84
2286.88
2277.07
2267.58
2265.4
2261.03
244.545
245.609
247.317
249.034
250.76
252.497
254.244
256.001
257.768
259.545
261.331
263.127
264.931
266.743
268.564
270.392
272.227
274.069
275.917
277.77
279.63
281.495
283.364
285.238
287.115
288.997
290.882
292.769
294.659
296.552
298.446
300.341
302.238
304.135
306.033
307.931
309.828
311.725
313.62
315.515
317.407
319.297
321.185
323.07
324.952
326.831
328.706
330.577
332.443
334.305
336.162
338.014
339.86
341.701
343.535
345.364
347.186
349.001
350.809
352.61
354.404
356.19
357.968
359.738
361.5
363.254
364.998
366.735
368.462
370.18
371.889
373.589
375.279
376.959
378.63
380.29
381.941
383.582
385.212
386.832
388.442
390.041
391.63
393.208
394.775
396.332
397.878
399.412
400.936
402.449
403.951
405.442
406.922
408.391
409.848
411.294
412.73
414.154
415.567
416.968
418.359
419.738
421.106
422.463
423.809
425.143
426.467
427.779
429.081
430.371
431.65
432.919
434.176
435.422
436.658
437.883
439.097
440.3
441.492
442.674
443.845
445.006
446.155
447.295
448.423
449.541
450.648
451.744
452.83
453.905
454.97
456.025
457.068
458.102
459.125
460.138
461.141
462.134
463.117
464.09
465.053
466.006
466.949
467.883
468.807
469.721
470.625
471.52
472.405
473.281
474.148
475.006
475.854
476.693
477.522
478.343
479.154
479.957
480.751
481.535
482.312
483.079
483.838
484.588
485.33
486.064
486.789
487.506
488.215
488.916
489.609
490.294
490.971
491.64
492.302
492.956
493.603
494.242
494.874
495.498
496.116
496.726
497.33
497.926
498.516
499.099
499.676
500.246
500.809
501.367
501.918
502.463
503.002
503.536
504.063
504.585
505.102
505.613
506.119
506.619
507.115
507.606
508.092
508.574
509.051
509.524
509.993
510.458
510.919
511.376
511.83
512.28
512.728
513.172
513.613
514.051
514.487
514.921
515.352
515.781
516.208
516.634
517.057
517.48
517.901
518.322
518.741
519.16
519.579
519.997
520.416
520.834
521.254
521.674
522.096
522.512
522.966
523.252
524.284
526.475
528.915
531.381
533.823
536.23
538.601
540.939
543.245
545.521
547.771
549.995
552.197
554.379
556.538
558.697
560.879
563.091
565.336
567.614
569.927
572.273
574.653
577.067
579.516
582
584.52
587.079
589.675
592.311
594.988
597.707
600.468
603.271
606.116
609.002
611.933
614.906
617.923
620.986
624.085
627.223
630.402
633.616
636.868
640.155
643.478
646.833
650.23
653.657
657.132
660.643
664.218
667.882
671.647
675.519
679.503
683.605
687.836
692.207
696.723
701.392
706.217
711.206
716.364
721.699
727.221
732.938
738.858
744.989
751.339
757.92
764.745
771.826
779.164
786.773
794.673
802.887
811.439
820.354
829.662
839.394
849.584
860.271
871.497
883.309
895.762
908.912
922.827
937.578
953.25
969.933
987.733
1006.77
1027.17
1049.1
1072.73
1098.26
1125.97
1155.99
1189.42
1223.54
1247.12
1263.96
1274.89
1279.98
1279.55
1274.16
1264.36
1250.78
1234.15
1215.02
1193.81
1171.07
1147.41
1123.23
1098.81
1074.6
1051.09
1028.35
1006.48
986.738
969.859
954.456
940.114
926.832
914.534
902.969
892.312
882.435
872.52
862.46
852.564
843.393
835.128
827.576
820.503
813.869
807.7
802.033
796.791
791.908
787.356
783.12
779.176
775.443
771.897
768.516
765.286
762.193
759.226
756.374
753.622
750.961
748.383
745.884
743.45
741.066
738.718
736.391
734.081
731.808
729.592
727.423
725.281
723.166
721.097
719.083
717.107
715.15
713.235
711.365
709.548
707.76
705.991
704.261
702.588
700.958
699.34
697.745
696.213
694.757
693.337
691.916
690.525
689.216
687.999
686.849
685.752
684.705
683.713
682.782
681.92
681.138
680.451
679.863
679.359
678.937
678.637
678.507
678.549
678.738
679.098
679.705
680.624
681.886
683.515
685.553
688.055
691.092
694.733
699.087
704.353
710.758
718.413
727.337
738.286
753.798
774.536
804.084
844.106
893.909
958.008
1040.75
1128.06
1209.79
1412.41
2040.67
3410.46
5511.5
7806.94
9543.94
10105.8
9739.48
8698.41
7372.88
6095.34
4981.37
4051.7
3317
2773.1
2394.35
2137.09
1965.45
1845.21
1754.62
1688.49
1644.56
1614.74
1592.91
1578.51
1572.23
1571.15
1572.41
1575.86
1581.52
1588.72
1596.6
1605.1
1614.35
1624.32
1634.79
1645.79
1657.5
1670.17
1683.91
1698.8
1714.99
1732.61
1751.66
1772.18
1794.18
1817.64
1842.51
1868.65
1895.76
1923.29
1950.84
1978.26
2005.35
2032.06
2059.06
2086.55
2113.97
2141.17
2168.14
2194.85
2221.24
2247.28
2273.02
2298.44
2323.5
2348.19
2372.49
2396.4
2419.96
2443.17
2465.97
2488.33
2510.23
2531.64
2552.54
2572.96
2592.91
2612.29
2631.02
2649.07
2666.42
2683.06
2698.95
2714.05
2728.33
2741.74
2754.26
2765.85
2776.48
2786.14
2794.81
2802.48
2809.19
2814.96
2819.8
2823.76
2826.85
2829.09
2830.47
2831.02
2830.77
2829.75
2828
2825.53
2822.4
2818.63
2814.25
2809.27
2803.71
2797.61
2790.97
2783.82
2776.22
2768.22
2759.84
2751.13
2742.08
2732.69
2722.95
2712.89
2702.52
2691.89
2680.99
2669.86
2658.52
2646.97
2635.24
2623.35
2611.31
2599.14
2586.85
2574.46
2561.98
2549.43
2536.81
2524.13
2511.41
2498.64
2485.82
2472.98
2460.12
2447.24
2434.37
2421.52
2408.72
2396
2383.36
2370.86
2358.59
2346.6
2334.96
2323.71
2312.85
2302
2291.03
2286.82
2280.48
163.518
164.336
165.65
166.97
168.298
169.634
170.978
172.331
173.693
175.063
176.442
177.829
179.225
180.629
182.041
183.461
184.888
186.324
187.766
189.217
190.674
192.139
193.611
195.089
196.575
198.067
199.566
201.071
202.582
204.1
205.623
207.153
208.689
210.23
211.777
213.329
214.887
216.449
218.017
219.59
221.168
222.75
224.337
225.928
227.523
229.122
230.726
232.333
233.943
235.557
237.174
238.794
240.417
242.043
243.672
245.303
246.936
248.571
250.208
251.847
253.487
255.129
256.772
258.417
260.062
261.708
263.354
265.001
266.648
268.295
269.942
271.589
273.236
274.882
276.527
278.172
279.815
281.458
283.099
284.738
286.376
288.013
289.647
291.28
292.91
294.538
296.164
297.787
299.408
301.026
302.641
304.253
305.861
307.467
309.069
310.667
312.262
313.854
315.441
317.025
318.604
320.18
321.751
323.318
324.88
326.438
327.991
329.54
331.084
332.623
334.157
335.686
337.209
338.728
340.241
341.75
343.252
344.75
346.241
347.728
349.208
350.683
352.153
353.616
355.074
356.526
357.972
359.412
360.846
362.273
363.695
365.11
366.518
367.92
369.315
370.704
372.086
373.461
374.829
376.191
377.545
378.893
380.234
381.568
382.894
384.214
385.527
386.831
388.129
389.418
390.701
391.977
393.245
394.505
395.758
397.004
398.243
399.474
400.697
401.913
403.122
404.324
405.518
406.704
407.883
409.055
410.219
411.376
412.526
413.668
414.803
415.93
417.051
418.163
419.268
420.366
421.457
422.54
423.615
424.683
425.742
426.794
427.838
428.874
429.903
430.924
431.937
432.943
433.942
434.934
435.918
436.896
437.866
438.83
439.787
440.737
441.681
442.618
443.548
444.472
445.39
446.301
447.207
448.106
448.999
449.887
450.768
451.645
452.515
453.381
454.241
455.096
455.946
456.791
457.631
458.467
459.298
460.125
460.948
461.767
462.582
463.394
464.202
465.007
465.808
466.607
467.402
468.196
468.986
469.775
470.561
471.346
472.129
472.911
473.694
474.465
475.284
475.885
477.432
480.439
483.74
487.055
490.318
493.515
496.646
499.712
502.717
505.663
508.552
511.387
514.17
516.907
519.593
522.254
524.919
527.593
530.278
532.974
535.68
538.397
541.123
543.856
546.594
549.338
552.087
554.84
557.599
560.362
563.128
565.899
568.675
571.457
574.249
577.051
579.866
582.693
585.538
588.404
591.285
594.188
597.115
600.067
603.048
606.058
609.098
612.164
615.267
618.394
621.561
624.758
628.009
631.337
634.755
638.268
641.881
645.6
649.429
653.376
657.449
661.655
666
670.494
675.145
679.96
684.953
690.142
695.538
701.152
706.993
713.074
719.405
726.002
732.88
740.05
747.527
755.328
763.472
771.982
780.874
790.164
799.881
810.061
820.741
831.964
843.778
856.233
869.388
883.308
898.063
913.733
930.41
948.195
967.202
987.563
1009.43
1032.97
1058.41
1085.86
1116.27
1147.16
1168.54
1183.84
1193.87
1198.59
1198.28
1193.43
1184.51
1172.05
1156.71
1138.98
1119.26
1098.05
1075.94
1053.27
1030.32
1007.52
985.349
963.857
943.167
924.461
908.427
893.798
880.252
867.794
856.345
845.661
835.878
826.861
817.871
808.861
800.062
791.906
784.563
777.861
771.594
765.725
760.273
755.27
750.647
746.344
742.334
738.601
735.122
731.854
728.746
725.773
722.924
720.191
717.564
715.032
712.585
710.213
707.911
705.674
703.491
701.349
699.236
697.14
695.057
693.005
691
689.036
687.094
685.175
683.295
681.462
679.662
677.878
676.128
674.432
672.781
671.153
669.54
667.958
666.424
664.926
663.44
661.972
660.56
659.213
657.898
656.587
655.304
654.096
652.971
651.907
650.892
649.923
649.003
648.139
647.337
646.607
645.961
645.402
644.918
644.51
644.211
644.066
644.078
644.228
644.538
645.076
645.902
647.045
648.527
650.388
652.686
655.475
658.825
662.82
667.645
673.513
680.528
688.7
698.71
712.837
731.66
758.241
794.149
838.408
892.223
960.99
1042.66
1115.52
1195.26
1437.9
2135.76
3541.2
5551.35
7659.92
9231.41
9707.88
9384.56
8479.69
7343.65
6220.07
5218.39
4365.78
3667.34
3122.93
2718.72
2430.23
2226.92
2083.87
1982.4
1906.2
1846.75
1801.41
1767.33
1742.46
1723.53
1708.78
1698.88
1694.3
1693.66
1694.62
1697.11
1701.39
1707.34
1714.33
1722.23
1731.27
1741.77
1753.75
1767.25
1782.46
1799.49
1818.31
1838.92
1861.35
1885.56
1911.5
1938.97
1967.63
1996.8
2026
2055.09
2083.83
2112.16
2140.92
2170.3
2199.67
2228.82
2257.69
2286.27
2314.56
2342.58
2370.3
2397.65
2424.6
2451.08
2477.08
2502.62
2527.79
2552.49
2576.64
2600.21
2623.16
2645.45
2667.04
2687.9
2708.02
2727.31
2745.74
2763.26
2779.88
2795.57
2810.3
2824.03
2836.7
2848.31
2858.86
2868.36
2876.81
2884.18
2890.46
2895.68
2899.89
2903.12
2905.41
2906.81
2907.36
2907.05
2905.88
2903.93
2901.23
2897.8
2893.7
2888.94
2883.57
2877.64
2871.15
2864.13
2856.62
2848.63
2840.17
2831.28
2821.99
2812.36
2802.41
2792.16
2781.62
2770.8
2759.7
2748.33
2736.71
2724.88
2712.84
2700.61
2688.22
2675.67
2662.99
2650.18
2637.26
2624.26
2611.17
2598.02
2584.81
2571.55
2558.26
2544.95
2531.61
2518.25
2504.88
2491.51
2478.13
2464.78
2451.44
2438.15
2424.92
2411.76
2398.71
2385.77
2372.99
2360.39
2348
2335.85
2323.94
2311.93
2299.44
2293.14
2283.95
96.2923
96.9079
97.8995
98.8992
99.9079
100.926
101.953
102.99
104.036
105.09
106.152
107.222
108.299
109.383
110.473
111.57
112.672
113.78
114.893
116.011
117.134
118.262
119.394
120.531
121.672
122.818
123.968
125.122
126.281
127.443
128.61
129.78
130.955
132.134
133.316
134.503
135.694
136.889
138.088
139.291
140.498
141.709
142.924
144.143
145.367
146.594
147.825
149.061
150.301
151.544
152.792
154.044
155.3
156.56
157.824
159.092
160.364
161.641
162.921
164.205
165.494
166.786
168.082
169.382
170.686
171.994
173.306
174.622
175.941
177.264
178.591
179.922
181.256
182.594
183.936
185.281
186.629
187.982
189.337
190.696
192.059
193.424
194.793
196.166
197.541
198.92
200.301
201.686
203.074
204.464
205.858
207.254
208.653
210.055
211.46
212.867
214.277
215.689
217.104
218.521
219.941
221.363
222.787
224.213
225.642
227.072
228.505
229.94
231.376
232.814
234.254
235.696
237.139
238.585
240.031
241.479
242.929
244.38
245.832
247.286
248.741
250.197
251.654
253.112
254.572
256.032
257.493
258.955
260.418
261.882
263.347
264.812
266.278
267.744
269.21
270.677
272.145
273.612
275.08
276.548
278.017
279.485
280.954
282.422
283.891
285.359
286.828
288.297
289.765
291.234
292.702
294.171
295.639
297.107
298.575
300.042
301.509
302.976
304.442
305.908
307.372
308.836
310.299
311.761
313.223
314.684
316.143
317.602
319.06
320.517
321.973
323.427
324.881
326.333
327.784
329.235
330.684
332.133
333.582
335.029
336.476
337.922
339.367
340.809
342.248
343.685
345.118
346.55
347.978
349.403
350.825
352.245
353.661
355.075
356.486
357.893
359.298
360.699
362.097
363.492
364.884
366.273
367.659
369.041
370.42
371.796
373.169
374.539
375.906
377.27
378.63
379.988
381.343
382.695
384.044
385.39
386.733
388.074
389.412
390.747
392.079
393.409
394.737
396.062
397.384
398.705
400.023
401.34
402.654
403.967
405.278
406.587
407.896
409.202
410.51
411.803
413.161
414.225
416.558
420.845
425.514
430.185
434.77
439.249
443.62
447.885
452.047
456.108
460.071
463.94
467.718
471.41
475.012
478.558
482.084
485.596
489.096
492.582
496.051
499.504
502.936
506.345
509.729
513.086
516.413
519.71
522.976
526.21
529.412
532.581
535.716
538.818
541.888
544.929
547.939
550.916
553.866
556.794
559.697
562.584
565.459
568.322
571.182
574.041
576.903
579.77
582.652
585.545
588.468
591.411
594.401
597.46
600.598
603.822
607.137
610.546
614.055
617.669
621.393
625.234
629.198
633.292
637.525
641.903
646.437
651.137
656.015
661.084
666.357
671.847
677.568
683.536
689.779
696.317
703.168
710.348
717.879
725.781
734.078
742.791
751.941
761.557
771.67
782.314
793.525
805.331
817.78
830.929
844.84
859.583
875.236
891.887
909.634
928.589
948.881
970.652
994.096
1019.29
1047.07
1075.16
1094.61
1108.56
1117.69
1121.99
1121.71
1117.22
1108.92
1097.33
1083.01
1066.42
1047.93
1027.99
1007.14
985.719
963.998
942.408
921.388
901.042
881.534
864.006
849.063
835.552
823.143
811.815
801.462
791.847
783.059
774.964
766.905
758.828
750.988
743.72
737.174
731.2
725.618
720.396
715.553
711.124
707.044
703.257
699.74
696.478
693.438
690.591
687.893
685.328
682.875
680.525
678.266
676.09
673.986
671.946
669.963
668.035
666.15
664.296
662.464
660.64
658.825
657.033
655.28
653.559
651.855
650.168
648.514
646.898
645.309
643.734
642.178
640.677
639.217
637.775
636.344
634.937
633.571
632.233
630.903
629.586
628.316
627.1
625.91
624.72
623.552
622.447
621.41
620.425
619.479
618.572
617.707
616.89
616.126
615.426
614.802
614.256
613.779
613.37
613.06
612.885
612.849
612.935
613.165
613.594
614.276
615.237
616.498
618.095
620.075
622.491
625.409
628.914
633.139
638.288
644.488
651.764
660.734
673.476
690.533
714.58
746.861
786.636
833.552
890.44
961.279
1036.14
1095.02
1175.68
1445.36
2175
3543.7
5416.77
7362.9
8831.22
9314.85
9074.01
8344.96
7384.99
6397.88
5501.82
4723.5
4067.42
3533.38
3115.05
2797.48
2561.37
2387.88
2260.32
2166.42
2096.47
2042.62
1997.95
1959.9
1928.43
1902.91
1882.82
1867.28
1854.41
1844.76
1839.11
1837.24
1837.36
1839.12
1842.83
1849.04
1857.48
1868.08
1881.11
1896.64
1914.46
1934.54
1956.88
1981.45
2008.16
2036.7
2066.7
2097.33
2128
2158.58
2188.75
2218.48
2249.02
2280.45
2311.95
2343.19
2374.09
2404.63
2434.86
2464.82
2494.37
2523.42
2551.89
2579.71
2606.84
2633.26
2658.95
2683.87
2707.96
2731.19
2753.51
2774.89
2795.29
2814.66
2832.98
2850.23
2866.36
2881.38
2895.3
2908.11
2919.8
2930.31
2939.64
2947.83
2954.92
2960.95
2965.92
2969.8
2972.57
2974.3
2975.08
2974.95
2973.93
2972.13
2969.52
2966.11
2961.94
2957.09
2951.59
2945.44
2938.71
2931.43
2923.63
2915.23
2906.24
2897.09
2887.81
2877.84
2867.45
2856.72
2845.68
2834.34
2822.75
2810.92
2798.85
2786.57
2774.06
2761.36
2748.48
2735.43
2722.23
2708.9
2695.46
2681.91
2668.28
2654.57
2640.8
2626.99
2613.13
2599.25
2585.35
2571.45
2557.54
2543.64
2529.74
2515.86
2502
2488.16
2474.36
2460.59
2446.88
2433.23
2419.66
2406.17
2392.79
2379.51
2366.31
2353.15
2340.05
2327.01
2314.06
2300.94
2287.1
2278.56
2266.46
45.3278
45.719
46.3996
47.1377
47.9243
48.7481
49.5998
50.4721
51.3596
52.258
53.1642
54.0758
54.991
55.9083
56.8269
57.7459
58.6647
59.5829
60.5001
61.4163
62.3311
63.2446
64.1567
65.0675
65.9769
66.885
67.7919
68.6976
69.6024
70.5062
71.4092
72.3115
73.2132
74.1145
75.0154
75.9161
76.8166
77.7172
78.6178
79.5187
80.42
81.3217
82.2239
83.1267
84.0303
84.9348
85.8402
86.7467
87.6543
88.5631
89.4733
90.3849
91.298
92.2127
93.1291
94.0472
94.9672
95.8891
96.8129
97.7388
98.6669
99.5971
100.53
101.464
102.401
103.341
104.283
105.228
106.175
107.125
108.078
109.033
109.991
110.952
111.916
112.883
113.853
114.826
115.802
116.782
117.764
118.75
119.738
120.731
121.726
122.725
123.727
124.733
125.742
126.755
127.771
128.791
129.814
130.841
131.872
132.906
133.944
134.986
136.032
137.081
138.134
139.191
140.252
141.317
142.386
143.459
144.535
145.616
146.701
147.789
148.882
149.979
151.08
152.185
153.295
154.408
155.526
156.648
157.774
158.904
160.039
161.178
162.321
163.469
164.621
165.777
166.938
168.104
169.274
170.448
171.627
172.811
173.999
175.191
176.389
177.591
178.797
180.009
181.225
182.445
183.671
184.901
186.136
187.376
188.621
189.871
191.126
192.386
193.651
194.921
196.196
197.476
198.761
200.051
201.346
202.647
203.953
205.264
206.58
207.902
209.229
210.562
211.9
213.243
214.593
215.948
217.308
218.674
220.046
221.424
222.807
224.196
225.592
226.993
228.4
229.813
231.233
232.658
234.09
235.529
236.973
238.425
239.883
241.347
242.818
244.296
245.78
247.271
248.769
250.273
251.783
253.301
254.825
256.356
257.894
259.438
260.989
262.547
264.112
265.683
267.262
268.847
270.439
272.038
273.644
275.256
276.876
278.503
280.136
281.777
283.424
285.079
286.741
288.41
290.086
291.769
293.459
295.157
296.862
298.573
300.293
302.019
303.753
305.494
307.243
309
310.765
312.539
314.321
316.111
317.91
319.718
321.535
323.36
325.2
327.029
328.957
330.505
333.742
339.615
346.045
352.533
358.947
365.251
371.434
377.493
383.424
389.225
394.896
400.435
405.843
411.122
416.264
421.313
426.314
431.276
436.196
441.069
445.888
450.652
455.353
459.987
464.549
469.035
473.442
477.769
482.013
486.176
490.255
494.251
498.163
501.992
505.739
509.406
512.995
516.505
519.94
523.308
526.601
529.831
533.002
536.111
539.164
542.167
545.127
548.045
550.939
553.801
556.653
559.491
562.344
565.237
568.185
571.196
574.283
577.452
580.709
584.059
587.508
591.062
594.726
598.507
602.412
606.448
610.622
614.944
619.421
624.066
628.888
633.901
639.117
644.551
650.219
656.142
662.34
668.833
675.644
682.795
690.32
698.255
706.628
715.469
724.808
734.681
745.123
756.165
767.843
780.201
793.289
807.166
821.886
837.511
854.121
871.812
890.693
910.883
932.548
955.744
981.197
1006.86
1024.6
1037.34
1045.64
1049.52
1049.14
1044.85
1037.03
1026.09
1012.57
996.876
979.335
960.387
940.56
920.198
899.578
879.154
859.399
840.454
822.457
806.405
792.778
780.516
769.274
758.996
749.58
740.811
732.777
725.365
717.97
710.539
703.329
696.638
690.61
685.116
679.983
675.185
670.744
666.701
662.996
659.575
656.417
653.51
650.823
648.317
645.958
643.732
641.623
639.618
637.705
635.875
634.115
632.417
630.775
629.184
627.634
626.112
624.606
623.105
621.607
620.129
618.686
617.273
615.872
614.484
613.125
611.802
610.502
609.212
607.938
606.709
605.516
604.34
603.173
602.027
600.919
599.837
598.759
597.691
596.665
595.689
594.733
593.772
592.828
591.944
591.126
590.36
589.635
588.946
588.297
587.68
587.089
586.533
586.028
585.584
585.196
584.863
584.613
584.476
584.455
584.534
584.73
585.094
585.671
586.482
587.546
588.897
590.564
592.604
595.07
598.055
601.667
606.057
611.322
617.515
625.223
636.323
651.386
672.888
701.872
737.691
779.653
828.195
886.966
956.727
1021.75
1068.96
1148.89
1429.77
2142.01
3412.42
5128.01
6934.16
8345.93
8904.94
8783.83
8266.77
7459.41
6608.48
5810.19
5104.39
4496.72
3985.73
3566.53
3230.52
2966.47
2762.31
2606.11
2486.73
2394.6
2322.2
2264.64
2218.42
2179.82
2145.95
2116.04
2090.27
2068.25
2050.07
2035.47
2023.51
2014.2
2008.2
2006.82
2008.83
2014.02
2022.92
2035.44
2050.96
2069.38
2090.68
2114.8
2141.61
2170.92
2202.15
2234.17
2266.24
2298.2
2329.64
2360.53
2392.67
2425.92
2459.2
2492.06
2524.37
2556.09
2587.17
2617.59
2647.26
2676.1
2704.03
2730.98
2756.89
2781.72
2805.46
2828.07
2849.54
2869.85
2888.98
2906.91
2923.6
2939.07
2953.32
2966.35
2978.15
2988.73
2998.16
3006.44
3013.57
3019.48
3024.21
3027.85
3030.48
3032.19
3032.91
3032.6
3031.27
3029.05
3026.03
3022.17
3017.57
3012.03
3005.73
2998.96
2992.07
2984.67
2976.31
2967.41
2958.03
2948.22
2938
2927.36
2916.31
2904.95
2893.34
2881.42
2869.18
2856.66
2843.88
2830.88
2817.68
2804.3
2790.74
2777.03
2763.17
2749.17
2735.05
2720.83
2706.51
2692.13
2677.68
2663.18
2648.65
2634.09
2619.52
2604.94
2590.37
2575.81
2561.28
2546.77
2532.29
2517.85
2503.45
2489.09
2474.78
2460.53
2446.34
2432.21
2418.16
2404.2
2390.32
2376.55
2362.9
2349.34
2335.77
2322.12
2308.37
2294.53
2280.64
2266.54
2251.63
2241.04
2226.09
12.744
13.0192
13.8332
14.7856
15.7729
16.7497
17.7014
18.625
19.5212
20.3923
21.2408
22.0688
22.8783
23.671
24.4484
25.2118
25.9627
26.702
27.4309
28.1503
28.8609
29.5637
30.2591
30.9479
31.6306
32.3076
32.9796
33.6469
34.3098
34.9687
35.624
36.2759
36.9248
37.5708
38.2141
38.8551
39.494
40.1308
40.7658
41.3991
42.031
42.6616
43.2909
43.9192
44.5466
45.1732
45.7991
46.4244
47.0492
47.6738
48.298
48.9221
49.5462
50.1702
50.7944
51.4188
52.0435
52.6685
53.2939
53.9198
54.5463
55.1735
55.8013
56.4299
57.0594
57.6897
58.321
58.9533
59.5867
60.2212
60.8569
61.4938
62.132
62.7715
63.4124
64.0548
64.6986
65.344
65.991
66.6396
67.2899
67.9419
68.5957
69.2513
69.9087
70.5681
71.2294
71.8927
72.558
73.2254
73.895
74.5667
75.2406
75.9168
76.5952
77.276
77.9592
78.6448
79.3328
80.0233
80.7164
81.412
82.1103
82.8113
83.5149
84.2213
84.9304
85.6424
86.3573
87.0751
87.7958
88.5195
89.2463
89.9762
90.7091
91.4453
92.1846
92.9272
93.6731
94.4224
95.1751
95.9312
96.6908
97.4538
98.2203
98.9905
99.7645
100.542
101.324
102.109
102.899
103.692
104.489
105.29
106.096
106.906
107.72
108.539
109.362
110.189
111.021
111.857
112.697
113.543
114.393
115.247
116.107
116.972
117.842
118.717
119.599
120.485
121.376
122.274
123.177
124.086
125.001
125.922
126.849
127.782
128.72
129.665
130.616
131.573
132.537
133.507
134.483
135.466
136.457
137.454
138.458
139.469
140.487
141.513
142.547
143.588
144.638
145.695
146.76
147.835
148.917
150.009
151.109
152.219
153.337
154.465
155.602
156.749
157.905
159.072
160.249
161.436
162.634
163.844
165.064
166.295
167.538
168.793
170.06
171.339
172.631
173.936
175.253
176.584
177.929
179.287
180.66
182.046
183.447
184.862
186.292
187.737
189.198
190.675
192.168
193.678
195.205
196.75
198.313
199.895
201.495
203.114
204.753
206.412
208.092
209.792
211.513
213.255
215.02
216.807
218.616
220.449
222.306
224.186
226.096
228.009
230.045
231.683
235.16
241.6
248.769
256.13
263.547
270.977
278.4
285.8
293.164
300.481
307.739
314.926
322.035
329.064
335.995
342.88
349.78
356.686
363.584
370.458
377.289
384.065
390.769
397.382
403.89
410.281
416.541
422.664
428.639
434.464
440.134
445.646
450.997
456.188
461.22
466.097
470.82
475.392
479.819
484.112
488.263
492.286
496.19
499.973
503.646
507.213
510.683
514.056
517.353
520.563
523.705
526.777
529.81
532.836
535.868
538.918
541.996
545.112
548.274
551.493
554.776
558.135
561.584
565.134
568.79
572.562
576.458
580.486
584.655
588.972
593.449
598.096
602.923
607.944
613.172
618.621
624.309
630.255
636.478
643
649.847
657.047
664.631
672.632
681.085
690.026
699.499
709.558
720.246
731.609
743.693
756.555
770.245
784.807
800.304
816.807
834.404
853.193
873.291
894.726
918.141
941.642
957.894
969.511
977.053
980.465
979.919
975.728
968.203
957.724
944.762
929.729
912.952
894.859
875.998
856.744
837.413
818.431
800.235
782.901
766.485
751.806
739.283
727.947
717.503
707.907
699.073
690.805
683.195
676.144
669.081
661.947
654.99
648.533
642.678
637.325
632.313
627.623
623.282
619.343
615.75
612.45
609.426
606.668
604.146
601.819
599.654
597.631
595.738
593.962
592.292
590.717
589.224
587.803
586.446
585.15
583.9
582.684
581.488
580.3
579.116
577.955
576.835
575.748
574.676
573.619
572.595
571.611
570.654
569.708
568.781
567.898
567.056
566.233
565.42
564.633
563.89
563.177
562.468
561.773
561.124
560.533
559.965
559.391
558.834
558.347
557.923
557.541
557.191
556.872
556.586
556.336
556.127
555.964
555.855
555.801
555.788
555.815
555.905
556.088
556.362
556.708
557.138
557.698
558.424
559.331
560.43
561.749
563.309
565.157
567.34
569.934
573.07
576.866
581.377
586.629
593.117
602.46
615.265
633.874
659.372
691.248
728.98
771.907
821.183
880.583
946.306
1001.45
1038.75
1115.13
1383.73
2030.81
3164.62
4712.43
6386.25
7762
8441.5
8455.72
8157.33
7543.17
6822.77
6123.71
5489.1
4933.21
4453.77
4046.16
3704.89
3424.28
3197.09
3014.61
2868.63
2751.63
2657.1
2580.85
2518.34
2466.48
2422.93
2386.59
2355.3
2327.4
2302
2279.69
2260.5
2244.71
2233.09
2225.38
2221.98
2224.44
2231.96
2243.39
2258.57
2277.47
2299.97
2325.93
2355.24
2386.97
2419.54
2452.03
2484.27
2515.68
2546.22
2577.95
2610.59
2642.95
2674.49
2705.1
2734.7
2763.24
2790.7
2817.04
2842.19
2866.11
2888.76
2910.11
2930.14
2948.86
2966.27
2982.39
2997.24
3010.83
3023.13
3034.14
3043.93
3052.53
3059.9
3066.07
3071.1
3075.12
3078.08
3079.98
3080.68
3080.36
3079.15
3077.03
3073.86
3069.76
3064.96
3059.98
3054.53
3047.84
3040.3
3032.31
3023.68
3014.43
3004.66
2994.51
2983.98
2972.98
2961.56
2949.75
2937.58
2925.1
2912.31
2899.23
2885.89
2872.31
2858.51
2844.5
2830.28
2815.89
2801.33
2786.63
2771.81
2756.88
2741.85
2726.74
2711.56
2696.32
2681.03
2665.72
2650.38
2635.04
2619.7
2604.38
2589.07
2573.8
2558.56
2543.37
2528.23
2513.14
2498.11
2483.14
2468.25
2453.42
2438.66
2423.99
2409.39
2394.89
2380.48
2366.16
2351.96
2337.86
2323.88
2310.02
2296.26
2282.41
2268.37
2254.11
2239.63
2224.99
2210.11
2194.43
2182.19
2164.75
0.967604
2.08162
3.11208
3.92649
4.65211
5.32307
5.95521
6.55818
7.13839
7.70027
8.24716
8.77747
9.29131
9.79094
10.2785
10.7559
11.2243
11.6851
12.139
12.5869
13.0294
13.4671
13.9004
14.3298
14.7556
15.1782
15.5979
16.0149
16.4294
16.8417
17.2519
17.6603
18.067
18.4721
18.8758
19.2782
19.6794
20.0795
20.4786
20.8768
21.2743
21.6709
22.067
22.4624
22.8574
23.2519
23.646
24.0397
24.4332
24.8265
25.2197
25.6127
26.0057
26.3987
26.7917
27.1847
27.5779
27.9713
28.3649
28.7587
29.1528
29.5472
29.942
30.3371
30.7326
31.1286
31.5251
31.9221
32.3196
32.7177
33.1163
33.5157
33.9156
34.3162
34.7176
35.1197
35.5225
35.9261
36.3306
36.7359
37.142
37.549
37.957
38.3659
38.7757
39.1866
39.5984
40.0113
40.4252
40.8403
41.2564
41.6737
42.0921
42.5117
42.9326
43.3546
43.7779
44.2025
44.6283
45.0555
45.4841
45.914
46.3453
46.7781
47.2123
47.6479
48.0851
48.5237
48.964
49.4058
49.8492
50.2942
50.7408
51.1892
51.6392
52.091
52.5446
52.9999
53.457
53.916
54.3769
54.8396
55.3043
55.7709
56.2395
56.7102
57.1829
57.6577
58.1347
58.6138
59.0951
59.5787
60.0645
60.5527
61.0433
61.5363
62.0317
62.5296
63.03
63.533
64.0385
64.5467
65.0576
65.5712
66.0875
66.6067
67.1287
67.6536
68.1814
68.7124
69.2466
69.7839
70.3243
70.8681
71.4153
71.9659
72.5201
73.0779
73.6394
74.2047
74.7738
75.3467
75.9235
76.5044
77.0894
77.6786
78.2721
78.8699
79.4722
80.079
80.6905
81.3067
81.9277
82.5536
83.1845
83.8206
84.4621
85.1088
85.761
86.4189
87.0827
87.7524
88.4282
89.1103
89.7987
90.4937
91.1953
91.9039
92.6194
93.3422
94.0724
94.8102
95.5558
96.3094
97.0712
97.8416
98.6206
99.4086
100.206
101.012
101.829
102.655
103.492
104.339
105.197
106.066
106.947
107.84
108.744
109.662
110.592
111.536
112.493
113.464
114.45
115.451
116.467
117.499
118.548
119.613
120.697
121.798
122.918
124.057
125.216
126.395
127.596
128.819
130.064
131.333
132.625
133.943
135.287
136.656
138.057
139.468
140.988
142.199
144.879
150.028
155.889
162.048
168.403
174.925
181.602
188.424
195.38
202.46
209.654
216.949
224.332
231.794
239.306
246.925
254.718
262.689
270.824
279.099
287.485
295.961
304.494
313.049
321.603
330.129
338.603
346.989
355.255
363.381
371.342
379.118
386.692
394.051
401.185
408.089
414.759
421.187
427.38
433.346
439.075
444.584
449.882
454.97
459.861
464.566
469.094
473.449
477.656
481.706
485.629
489.417
493.111
496.744
500.333
503.885
507.402
510.893
514.367
517.834
521.304
524.789
528.301
531.854
535.462
539.135
542.887
546.735
550.696
554.784
559.009
563.382
567.917
572.624
577.516
582.607
587.91
593.442
599.219
605.26
611.585
618.217
625.183
632.509
640.228
648.373
656.982
666.1
675.772
686.05
696.984
708.63
721.055
734.33
748.517
763.685
779.905
797.27
815.86
835.67
857.262
878.875
893.794
904.425
911.237
914.176
913.4
909.172
901.774
891.576
879.053
864.632
848.677
831.617
813.968
796.092
778.273
760.84
744.112
728.101
712.845
699.097
687.266
676.468
666.43
657.12
648.466
640.287
632.68
625.567
618.38
611.056
603.838
597.104
590.969
585.31
579.976
574.969
570.329
566.128
562.309
558.819
555.642
552.771
550.178
547.815
545.647
543.652
541.814
540.12
538.559
537.116
535.777
534.529
533.366
532.279
531.254
530.276
529.327
528.392
527.469
526.578
525.739
524.945
524.174
523.425
522.719
522.067
521.451
520.851
520.279
519.761
519.297
518.858
518.434
518.046
517.714
517.421
517.138
516.872
516.667
516.535
516.433
516.325
516.239
516.23
516.299
516.431
516.598
516.8
517.039
517.322
517.654
518.045
518.507
519.037
519.622
520.255
520.965
521.786
522.708
523.705
524.784
525.991
527.358
528.889
530.579
532.441
534.486
536.74
539.229
542.01
545.194
548.895
553.162
557.987
563.773
571.885
582.775
598.505
620.276
647.903
681.202
719.539
762.396
811.908
870.059
930.485
977.122
1006.56
1073.53
1302.93
1852.86
2829.21
4194.86
5724.84
7056.76
7887.18
8116.84
7975.17
7567.63
7007.61
6413.1
5858.05
5355.04
4911.53
4524.27
4190.34
3905.95
3665.8
3464.87
3299
3162.71
3050.07
2954.62
2874.09
2806.19
2748.56
2699.99
2658.6
2623.15
2592.83
2566.8
2544.34
2524.61
2509.09
2499.13
2494.99
2495.69
2501.05
2510.98
2525.43
2544.2
2566.97
2593.31
2622.12
2651.56
2680.59
2709.03
2736.24
2762.18
2789.02
2816.38
2843.14
2868.79
2893.22
2916.41
2938.34
2959.02
2978.45
2996.61
3013.49
3029.07
3043.39
3056.41
3068.13
3078.62
3087.89
3096.01
3103.02
3108.81
3113.43
3117.04
3119.59
3120.97
3121.29
3120.69
3119.01
3116.28
3112.6
3108.7
3104.34
3098.77
3092.38
3085.24
3077.37
3068.85
3059.83
3050.36
3040.3
3029.58
3018.64
3007.03
2994.98
2982.52
2969.71
2956.58
2943.15
2929.41
2915.4
2901.13
2886.62
2871.89
2856.95
2841.83
2826.52
2811.06
2795.45
2779.72
2763.87
2747.93
2731.91
2715.83
2699.7
2683.54
2667.36
2651.16
2634.97
2618.8
2602.65
2586.53
2570.47
2554.45
2538.49
2522.59
2506.75
2490.99
2475.31
2459.71
2444.19
2428.77
2413.44
2398.22
2383.09
2368.07
2353.16
2338.37
2323.69
2309.13
2294.7
2280.39
2266.21
2252.15
2238.23
2224.39
2210.42
2196.16
2181.61
2166.75
2151.64
2136.31
2120.26
2106.91
2087.67
0.199252
0.575381
1.08475
1.53439
1.9324
2.29232
2.62611
2.94168
3.24367
3.5347
3.81628
4.09025
4.36133
4.62989
4.89578
5.15895
5.41946
5.67742
5.93298
6.18631
6.43753
6.68684
6.93443
7.18051
7.42523
7.66874
7.91117
8.15263
8.39323
8.63306
8.87221
9.11077
9.3488
9.58637
9.82355
10.0604
10.2969
10.5332
10.7693
11.0051
11.2409
11.4765
11.712
11.9475
12.1829
12.4183
12.6538
12.8892
13.1248
13.3604
13.5961
13.8319
14.0679
14.3041
14.5404
14.7769
15.0137
15.2507
15.4879
15.7254
15.9632
16.2012
16.4396
16.6783
16.9173
17.1567
17.3964
17.6366
17.8771
18.118
18.3593
18.601
18.8432
19.0858
19.3289
19.5724
19.8164
20.061
20.306
20.5515
20.7976
21.0442
21.2913
21.539
21.7873
22.0361
22.2856
22.5356
22.7862
23.0375
23.2894
23.5419
23.7951
24.0489
24.3035
24.5587
24.8145
25.0711
25.3284
25.5865
25.8452
26.1047
26.365
26.626
26.8878
27.1504
27.4138
27.678
27.9431
28.2089
28.4756
28.7432
29.0117
29.281
29.5512
29.8223
30.0944
30.3674
30.6413
30.9162
31.1921
31.4689
31.7468
32.0256
32.3055
32.5864
32.8684
33.1515
33.4356
33.7209
34.0073
34.2949
34.5836
34.8735
35.1646
35.457
35.7506
36.0454
36.3415
36.6389
36.9376
37.2376
37.539
37.8418
38.146
38.4516
38.7587
39.0672
39.3772
39.6887
40.0019
40.3166
40.633
40.951
41.2707
41.5922
41.9154
42.2404
42.5673
42.896
43.2266
43.5592
43.8938
44.2303
44.569
44.9098
45.2527
45.5978
45.9453
46.295
46.6471
47.0016
47.3586
47.718
48.0801
48.4448
48.8122
49.1824
49.5554
49.9314
50.3103
50.6923
51.0775
51.4659
51.8576
52.2527
52.6513
53.0535
53.4594
53.869
54.2825
54.7001
55.1217
55.5476
55.9778
56.4125
56.8517
57.2956
57.7443
58.198
58.6569
59.1211
59.5908
60.0664
60.5479
61.0356
61.5297
62.0303
62.5377
63.052
63.5737
64.1027
64.6396
65.1843
65.7373
66.2988
66.8691
67.4486
68.0375
68.6362
69.2451
69.8646
70.4951
71.137
71.7906
72.4566
73.1354
73.8274
74.5332
75.2534
75.9885
76.7391
77.506
78.2892
79.0924
79.9032
80.7789
81.4783
83.0266
86.0527
89.5577
93.3149
97.2756
101.432
105.784
110.337
115.091
120.049
125.212
130.58
136.152
141.93
147.896
154.107
160.636
167.504
174.713
182.258
190.128
198.315
206.795
215.543
224.529
233.722
243.088
252.59
262.188
271.847
281.525
291.175
300.756
310.228
319.566
328.75
337.744
346.513
355.044
363.328
371.332
379.062
386.517
393.687
400.578
407.195
413.545
419.629
425.476
431.071
436.454
441.614
446.605
451.472
456.234
460.899
465.474
469.965
474.376
478.716
482.992
487.21
491.373
495.491
499.577
503.645
507.709
511.784
515.89
520.044
524.265
528.57
532.975
537.509
542.193
547.042
552.074
557.305
562.753
568.435
574.37
580.578
587.079
593.899
601.062
608.597
616.536
624.912
633.767
643.143
653.088
663.655
674.901
686.892
699.698
713.392
728.051
743.753
760.619
778.654
798.359
818.119
831.752
841.431
847.529
849.99
848.942
844.663
837.436
827.637
815.746
802.174
787.265
771.442
755.125
738.591
722.035
705.745
690.012
674.851
660.277
646.974
635.341
624.544
614.327
604.678
595.545
586.762
578.459
570.584
562.535
554.238
545.969
538.167
531.044
524.46
518.24
512.385
506.953
502.042
497.59
493.544
489.891
486.624
483.709
481.089
478.72
476.575
474.635
472.883
471.303
469.879
468.59
467.423
466.367
465.413
464.543
463.736
462.972
462.23
461.508
460.83
460.224
459.679
459.167
458.687
458.268
457.922
457.626
457.356
457.126
456.97
456.887
456.843
456.822
456.852
456.959
457.122
457.301
457.509
457.801
458.192
458.628
459.062
459.532
460.107
460.781
461.525
462.326
463.195
464.122
465.113
466.172
467.311
468.545
469.872
471.272
472.739
474.31
476.028
477.882
479.835
481.897
484.123
486.554
489.187
492.008
495.018
498.22
501.621
505.228
509.074
513.246
517.825
522.811
528.162
534.267
542.347
552.561
566.501
585.136
608.594
637.144
670.693
708.488
750.782
799.46
855.001
910.608
950.292
976.227
1025.19
1198.63
1636.51
2438.16
3600.34
4959.9
6229.75
7205.69
7673.85
7669.04
7497.37
7125.56
6664.57
6183.08
5741.24
5339.14
4977.71
4658.89
4379.72
4136.52
3927.41
3749.98
3599.77
3472.42
3363.8
3270.23
3188.4
3117.89
3057.08
3004.84
2960.09
2921.9
2889.73
2863.26
2842.34
2826.6
2814.81
2806.97
2803.88
2805.68
2812.32
2823.46
2838.61
2857.22
2878.1
2899.36
2919.98
2939.82
2958.32
2975.48
2993.27
3011.33
3028.76
3045.14
3060.4
3074.53
3087.56
3099.51
3110.35
3120.11
3128.78
3136.38
3142.98
3148.46
3152.81
3156.15
3158.5
3159.95
3160.38
3159.86
3158.38
3155.76
3152.12
3148.12
3143.79
3138.24
3131.78
3124.56
3116.63
3108.14
3099.13
3089.43
3079.38
3068.6
3057.27
3045.44
3033.17
3020.49
3007.41
2993.92
2980.1
2965.93
2951.43
2936.63
2921.56
2906.24
2890.7
2874.94
2859
2842.88
2826.59
2810.15
2793.57
2776.87
2760.05
2743.15
2726.17
2709.13
2692.05
2674.94
2657.81
2640.68
2623.57
2606.48
2589.44
2572.44
2555.5
2538.64
2521.86
2505.16
2488.56
2472.03
2455.59
2439.24
2423
2406.86
2390.84
2374.94
2359.17
2343.53
2328.02
2312.65
2297.42
2282.34
2267.4
2252.61
2237.96
2223.47
2209.12
2194.92
2180.84
2166.89
2153.08
2139.36
2125.48
2111.28
2096.74
2081.84
2066.69
2051.35
2035.45
2021.62
2001.44
0.13243
0.242131
0.467887
0.704044
0.92803
1.13876
1.33841
1.52923
1.71316
1.89161
2.06565
2.23544
2.39996
2.56013
2.71665
2.87
3.02049
3.16833
3.31368
3.45666
3.59717
3.73638
3.87587
4.01574
4.15584
4.29602
4.43616
4.5762
4.7161
4.85583
4.9954
5.1348
5.27403
5.41314
5.55215
5.69112
5.83006
5.969
6.10798
6.247
6.38609
6.52525
6.66452
6.80388
6.94337
7.08298
7.22273
7.36263
7.50268
7.64289
7.78327
7.92382
8.06456
8.20548
8.3466
8.48791
8.62943
8.77116
8.91311
9.05528
9.19767
9.3403
9.48316
9.62627
9.76963
9.91324
10.0571
10.2012
10.3456
10.4903
10.6353
10.7805
10.9261
11.0719
11.218
11.3645
11.5112
11.6583
11.8057
11.9534
12.1014
12.2498
12.3985
12.5476
12.697
12.8467
12.9968
13.1473
13.2981
13.4493
13.6009
13.7529
13.9052
14.0579
14.211
14.3645
14.5184
14.6727
14.8274
14.9826
15.1381
15.294
15.4504
15.6072
15.7645
15.9222
16.0803
16.2389
16.3979
16.5574
16.7173
16.8778
17.0387
17.2
17.3619
17.5243
17.6871
17.8505
18.0143
18.1787
18.3436
18.509
18.675
18.8415
19.0085
19.1761
19.3443
19.513
19.6823
19.8521
20.0226
20.1937
20.3654
20.5376
20.7105
20.8841
21.0583
21.2331
21.4085
21.5847
21.7615
21.9389
22.1171
22.296
22.4756
22.6559
22.837
23.0187
23.2013
23.3846
23.5688
23.7537
23.9395
24.1261
24.3136
24.5019
24.6911
24.8812
25.0723
25.2643
25.4572
25.6511
25.846
26.0418
26.2388
26.4367
26.6357
26.8359
27.0371
27.2395
27.4431
27.6478
27.8538
28.061
28.2695
28.4792
28.6904
28.9028
29.1167
29.332
29.5488
29.7671
29.9869
30.2084
30.4314
30.6562
30.8826
31.1108
31.3408
31.5727
31.8065
32.0422
32.28
32.5198
32.7617
33.0059
33.2523
33.501
33.7521
34.0057
34.2618
34.5205
34.7819
35.0461
35.3132
35.5833
35.8565
36.1328
36.4125
36.6955
36.9821
37.2722
37.5662
37.864
38.1659
38.4719
38.7822
39.097
39.4165
39.7407
40.07
40.4044
40.7441
41.0895
41.4407
41.7978
42.1613
42.5312
42.908
43.2918
43.6829
44.0818
44.4886
44.9035
45.3283
45.757
46.2174
46.5917
47.382
48.8975
50.6515
52.5368
54.5341
56.6442
58.8731
61.2279
63.7161
66.3456
69.1242
72.0599
75.16
78.4346
81.8816
85.5482
89.4963
93.7564
98.3495
103.294
108.603
114.296
120.379
126.855
133.726
140.988
148.63
156.641
164.999
173.688
182.678
191.935
201.419
211.091
220.907
230.829
240.811
250.802
260.767
270.677
280.463
290.111
299.587
308.858
317.92
326.748
335.326
343.634
351.694
359.464
366.987
374.23
381.259
388.127
394.853
401.439
407.887
414.198
420.373
426.414
432.326
438.112
443.775
449.32
454.754
460.084
465.319
470.463
475.524
480.514
485.452
490.357
495.246
500.146
505.082
510.08
515.164
520.359
525.694
531.205
536.917
542.856
549.044
555.508
562.272
569.364
576.81
584.641
592.889
601.589
610.781
620.509
630.821
641.77
653.417
665.828
679.078
693.24
708.422
724.641
742.359
760.138
772.38
780.981
786.294
788.263
787.028
782.831
775.969
766.79
755.704
743.056
729.128
714.27
698.876
683.208
667.456
651.856
636.621
621.699
607.022
593.236
580.814
568.95
557.431
546.295
535.545
525.036
514.966
505.316
495.386
485.097
474.799
465.05
456.133
447.924
440.212
432.987
426.314
420.326
414.936
410.069
405.705
401.833
398.409
395.361
392.632
390.189
388.006
386.061
384.334
382.805
381.446
380.241
379.176
378.243
377.42
376.681
376.001
375.354
374.735
374.175
373.711
373.329
372.993
372.703
372.494
372.383
372.343
372.34
372.395
372.553
372.812
373.128
373.481
373.909
374.446
375.066
375.715
376.412
377.23
378.192
379.225
380.265
381.366
382.615
384.021
385.541
387.148
388.837
390.613
392.484
394.46
396.556
398.792
401.167
403.653
406.241
408.982
411.932
415.078
418.368
421.815
425.494
429.459
433.705
438.212
442.975
447.996
453.277
458.81
464.623
470.803
477.411
484.382
491.591
499.453
509.216
520.751
535.151
552.661
573.269
597.577
626.176
658.932
695.614
736.567
783.267
836.242
887.275
923.541
947.268
975.609
1090.97
1400.96
2015.83
2956.76
4114.12
5311.3
6341.81
7021.14
7298.9
7258.92
7103.82
6806.38
6446.57
6072.03
5707.79
5380.1
5087.21
4822.91
4585
4373.65
4188.63
4029.07
3890.7
3770.34
3665.87
3575.1
3496.32
3427.53
3366.6
3313.28
3267.41
3228.75
3196.41
3168.68
3145.3
3126.52
3112.55
3103.48
3099.21
3099.33
3103.32
3110.51
3119.75
3129.33
3138.42
3146.89
3154.31
3160.71
3167.68
3174.97
3181.81
3187.93
3193.29
3197.87
3201.71
3204.8
3207.04
3208.49
3209.18
3209.09
3208.22
3206.56
3204.1
3200.85
3196.83
3191.74
3186.21
3180.41
3173.47
3165.75
3157.32
3148.31
3138.82
3128.74
3118.08
3106.85
3095.09
3082.83
3070.12
3056.97
3043.42
3029.47
3015.12
3000.41
2985.36
2969.99
2954.32
2938.38
2922.18
2905.74
2889.08
2872.21
2855.16
2837.94
2820.57
2803.07
2785.43
2767.68
2749.83
2731.88
2713.87
2695.8
2677.7
2659.58
2641.46
2623.35
2605.26
2587.2
2569.18
2551.21
2533.31
2515.5
2497.79
2480.19
2462.71
2445.35
2428.12
2411.03
2394.02
2377.11
2360.33
2343.68
2327.19
2310.86
2294.7
2278.72
2262.91
2247.28
2231.84
2216.58
2201.49
2186.59
2171.87
2157.32
2142.95
2128.75
2114.72
2100.85
2087.14
2073.61
2060.24
2046.99
2033.58
2019.85
2005.8
1991.43
1976.82
1962.06
1946.93
1933.23
1913.08
0.123945
0.147873
0.22753
0.336856
0.456267
0.577994
0.699161
0.818727
0.936608
1.05307
1.1686
1.283
1.39427
1.50249
1.60804
1.71129
1.81252
1.91199
2.00988
2.10634
2.20151
2.29507
2.38672
2.47672
2.56531
2.65267
2.73892
2.82418
2.9085
2.99195
3.07455
3.15638
3.23724
3.31845
3.40017
3.48235
3.5649
3.64775
3.73084
3.81414
3.89761
3.98123
4.06498
4.14886
4.23284
4.31693
4.40111
4.48539
4.56976
4.65423
4.73883
4.82354
4.90839
4.99337
5.0785
5.16377
5.24919
5.33476
5.42048
5.50637
5.59241
5.67861
5.76497
5.85149
5.93818
6.02504
6.11206
6.19926
6.28663
6.37418
6.4619
6.5498
6.63789
6.72615
6.81461
6.90325
6.99207
7.08109
7.1703
7.25971
7.34931
7.43911
7.5291
7.6193
7.7097
7.80031
7.89112
7.98214
8.07338
8.16482
8.25648
8.34835
8.44044
8.53275
8.62528
8.71804
8.81102
8.90423
8.99767
9.09134
9.18524
9.27938
9.37376
9.46838
9.56324
9.65834
9.75369
9.84929
9.94514
10.0412
10.1376
10.2342
10.3311
10.4282
10.5256
10.6233
10.7213
10.8195
10.918
11.0167
11.1158
11.2151
11.3147
11.4146
11.5148
11.6153
11.7161
11.8172
11.9186
12.0203
12.1223
12.2247
12.3273
12.4303
12.5336
12.6373
12.7413
12.8456
12.9502
13.0552
13.1606
13.2663
13.3724
13.4788
13.5856
13.6928
13.8004
13.9084
14.0167
14.1255
14.2346
14.3442
14.4542
14.5647
14.6755
14.7869
14.8986
15.0109
15.1236
15.2367
15.3504
15.4645
15.5792
15.6944
15.8101
15.9263
16.0431
16.1604
16.2783
16.3968
16.5158
16.6355
16.7558
16.8767
16.9983
17.1205
17.2434
17.367
17.4913
17.6163
17.742
17.8686
17.9959
18.124
18.2529
18.3826
18.5133
18.6448
18.7772
18.9105
19.0448
19.1801
19.3164
19.4538
19.5922
19.7317
19.8723
20.0141
20.1571
20.3013
20.4468
20.5937
20.7418
20.8914
21.0424
21.1949
21.3489
21.5045
21.6617
21.8206
21.9813
22.1437
22.3081
22.4743
22.6426
22.813
22.9855
23.1603
23.3373
23.5168
23.6987
23.8833
24.0704
24.2604
24.453
24.6493
24.8498
25.0546
25.2638
25.4775
25.6958
25.9187
26.1464
26.3788
26.6168
26.8573
27.1138
27.3296
27.7463
28.5059
29.3726
30.294
31.2599
32.2707
33.3291
34.4388
35.6039
36.8291
38.119
39.4791
40.9148
42.4333
44.0362
45.7499
47.6095
49.6366
51.8498
54.268
56.9097
59.798
62.9519
66.3908
70.134
74.1996
78.5977
83.3409
88.4392
93.9054
99.7426
105.96
112.556
119.527
126.862
134.549
142.572
150.901
159.521
168.412
177.493
186.742
196.123
205.584
215.098
224.629
234.144
243.599
253
262.272
271.448
280.462
289.374
298.244
307.076
315.858
324.575
333.214
341.761
350.203
358.529
366.731
374.798
382.725
390.505
398.134
405.61
412.931
420.096
427.106
433.965
440.678
447.258
453.701
460.021
466.236
472.372
478.451
484.505
490.568
496.677
502.867
509.175
515.634
522.296
529.202
536.387
543.887
551.739
559.978
568.642
577.769
587.403
597.586
608.368
619.802
631.951
644.876
658.668
673.34
689.303
705.285
716.262
723.938
728.592
730.173
728.787
724.654
718.023
709.191
698.53
686.36
672.962
658.667
643.822
628.611
613.103
597.387
581.547
565.442
548.953
532.864
517.903
503.275
488.835
474.722
461.014
447.587
434.724
422.426
409.845
396.917
384.087
372.039
361.098
351.096
341.775
333.127
325.213
318.177
311.905
306.28
301.264
296.833
292.928
289.463
286.371
283.612
281.152
278.968
277.034
275.328
273.821
272.49
271.321
270.302
269.408
268.609
267.877
267.184
266.525
265.934
265.453
265.067
264.735
264.459
264.278
264.214
264.233
264.301
264.44
264.703
265.089
265.549
266.062
266.67
267.416
268.271
269.174
270.144
271.275
272.594
274.017
275.467
277.012
278.756
280.713
282.834
285.088
287.47
289.987
292.651
295.477
298.486
301.708
305.141
308.754
312.536
316.554
320.887
325.526
330.404
335.542
341.044
346.984
353.358
360.142
367.331
374.925
382.926
391.32
400.138
409.491
419.444
429.874
440.553
451.991
465.698
481.193
499.192
518.937
539.626
561.755
586.389
614.27
645.754
680.66
719.411
764.051
814.051
861.385
897.143
916.685
940.05
1000.71
1191.51
1614.17
2310.88
3244.91
4300.26
5304.09
6132.63
6656.03
6880.58
6847.71
6751.31
6549.18
6286.94
6003.27
5724.32
5457.65
5206.62
4978.43
4775.91
4594.71
4431.23
4284.74
4155.21
4040.49
3938.93
3848.79
3768.82
3698.01
3635.57
3581.02
3533.44
3491.29
3454.25
3422.48
3396
3374.68
3358.23
3346.11
3337.68
3332.15
3328.51
3325.41
3322.26
3318.89
3315.02
3310.68
3307.08
3304.08
3300.79
3297.21
3293.28
3288.96
3284.23
3279.06
3273.43
3267.32
3260.71
3253.59
3245.97
3237.82
3229.13
3219.9
3210.13
3199.75
3188.86
3177.53
3165.7
3153.36
3140.55
3127.3
3113.64
3099.61
3085.18
3070.39
3055.22
3039.7
3023.85
3007.69
2991.22
2974.48
2957.48
2940.22
2922.72
2905
2887.07
2868.95
2850.65
2832.2
2813.6
2794.88
2776.05
2757.13
2738.12
2719.02
2699.85
2680.63
2661.37
2642.1
2622.84
2603.61
2584.42
2565.3
2546.25
2527.28
2508.34
2489.47
2470.69
2452.04
2433.52
2415.14
2396.93
2378.88
2361
2343.29
2325.76
2308.4
2291.21
2274.21
2257.41
2240.83
2224.47
2208.33
2192.41
2176.71
2161.22
2145.94
2130.87
2116.01
2101.34
2086.88
2072.61
2058.53
2044.64
2030.93
2017.4
2004.04
1990.88
1977.91
1965.12
1952.45
1939.63
1926.47
1912.95
1899.07
1884.9
1870.53
1855.79
1842.15
1821.53
0.122653
0.125987
0.144095
0.181222
0.23432
0.296364
0.362598
0.430919
0.500405
0.57068
0.641619
0.713126
0.784915
0.856752
0.928496
1.00008
1.07149
1.14272
1.2138
1.28474
1.35567
1.42599
1.49479
1.56203
1.62781
1.69226
1.75552
1.81768
1.87887
1.93915
1.99861
2.05732
2.11536
2.17241
2.2286
2.28404
2.33885
2.39312
2.44689
2.50023
2.55316
2.60572
2.65792
2.70979
2.76134
2.81258
2.86352
2.91417
2.96506
3.01628
3.0678
3.11959
3.17162
3.22386
3.27629
3.32888
3.38162
3.43451
3.48751
3.54064
3.59388
3.64721
3.70065
3.75418
3.8078
3.86151
3.9153
3.96917
4.02312
4.07717
4.1313
4.18553
4.23986
4.29429
4.34883
4.40347
4.45822
4.51309
4.56806
4.62315
4.67834
4.73366
4.78908
4.84462
4.90028
4.95606
5.01195
5.06797
5.1241
5.18036
5.23673
5.29323
5.34986
5.4066
5.46348
5.52048
5.5776
5.63486
5.69224
5.74975
5.80739
5.86516
5.92307
5.98111
6.03928
6.09758
6.15602
6.2146
6.27332
6.33217
6.39116
6.4503
6.50957
6.56899
6.62855
6.68825
6.74811
6.8081
6.86825
6.92855
6.989
7.0496
7.11035
7.17126
7.23232
7.29354
7.35493
7.41647
7.47818
7.54005
7.60209
7.66429
7.72667
7.78922
7.85194
7.91484
7.97792
8.04117
8.10461
8.16823
8.23204
8.29604
8.36023
8.42461
8.48919
8.55397
8.61895
8.68413
8.74952
8.81512
8.88094
8.94698
9.01324
9.07972
9.14643
9.21338
9.28056
9.34798
9.41565
9.48356
9.55173
9.62015
9.68884
9.75779
9.82702
9.89653
9.96631
10.0364
10.1068
10.1774
10.2484
10.3197
10.3913
10.4633
10.5356
10.6082
10.6812
10.7545
10.8282
10.9023
10.9767
11.0516
11.1268
11.2025
11.2786
11.3551
11.4321
11.5095
11.5874
11.6658
11.7447
11.8241
11.904
11.9845
12.0655
12.1472
12.2294
12.3122
12.3957
12.4798
12.5647
12.6502
12.7364
12.8234
12.9112
12.9998
13.0891
13.1795
13.2712
13.3645
13.4593
13.5556
13.6536
13.7533
13.8545
13.9575
14.062
14.1683
14.2763
14.386
14.4974
14.6106
14.7256
14.8423
14.961
15.0812
15.203
15.3263
15.4512
15.5779
15.7063
15.8367
15.9692
16.1036
16.2406
16.3787
16.5245
16.6497
16.8755
17.2713
17.7184
18.1897
18.6793
19.1866
19.7119
20.2563
20.8207
21.4066
22.0153
22.6485
23.3078
23.9959
24.7129
25.4702
26.2829
27.16
28.1093
29.1391
30.2586
31.4793
32.8123
34.2701
35.8666
37.6167
39.536
41.6407
43.9468
46.4733
49.236
52.2479
55.5229
59.0767
62.9155
67.0499
71.4864
76.2254
81.2736
86.6388
92.2979
98.2583
104.515
111.044
117.84
124.884
132.167
139.665
147.395
155.292
163.395
171.638
180.09
188.815
197.819
207.062
216.517
226.163
235.978
245.938
256.018
266.192
276.435
286.719
297.018
307.304
317.55
327.73
337.819
347.795
357.64
367.336
376.87
386.227
395.397
404.371
413.148
421.728
430.115
438.308
446.325
454.193
461.943
469.61
477.24
484.883
492.591
500.414
508.405
516.624
525.135
533.991
543.245
552.946
563.149
573.903
585.264
597.287
610.045
623.543
638.143
652.675
662.55
669.353
673.341
674.445
672.754
668.462
661.794
653.032
642.533
630.599
617.451
603.308
588.34
572.524
555.726
537.894
519.094
499.247
478.371
457.682
438.311
419.411
400.902
383.024
365.896
349.383
333.816
319.171
304.487
289.724
275.385
262.174
250.37
239.743
229.99
221.069
213.004
205.898
199.611
194.015
189.052
184.67
180.799
177.355
174.272
171.507
169.028
166.81
164.828
163.058
161.477
160.061
158.799
157.673
156.662
155.739
154.882
154.064
153.283
152.567
151.947
151.411
150.927
150.495
150.148
149.901
149.729
149.603
149.543
149.59
149.745
149.967
150.241
150.601
151.083
151.664
152.296
152.997
153.841
154.856
155.974
157.135
158.391
159.855
161.552
163.441
165.497
167.721
170.124
172.725
175.546
178.616
181.973
185.628
189.555
193.741
198.262
203.218
208.605
214.362
220.524
227.227
234.579
242.598
251.279
260.637
270.692
281.468
292.974
305.271
318.525
332.842
348.061
363.845
380.889
401.314
424.247
450.202
477.028
502.448
526.343
549.836
574.375
601.264
630.96
663.489
700.014
742.233
788.662
833.488
868.431
887.684
906.115
933.63
1028.7
1270.61
1732.12
2410.76
3255.02
4163.05
5000.71
5695.86
6165.72
6408.15
6444.9
6385.46
6286.5
6123.4
5927.9
5719.93
5511.14
5309.9
5121.35
4946.36
4784.92
4636.9
4501.35
4377.59
4265.08
4163.68
4072.32
3990.16
3916.49
3850.45
3791.52
3739
3692.79
3652.61
3618.1
3588.79
3563.9
3542.64
3524.23
3507.88
3492.53
3477.87
3463.36
3448.94
3434.62
3421.33
3408.76
3396.43
3384.12
3371.75
3359.27
3346.67
3333.91
3320.96
3307.81
3294.43
3280.81
3266.94
3252.79
3238.33
3223.54
3208.4
3192.92
3177.11
3161.03
3144.7
3128.13
3111.33
3094.29
3077.03
3059.52
3041.78
3023.78
3005.55
2987.09
2968.4
2949.5
2930.4
2911.12
2891.66
2872.03
2852.23
2832.28
2812.2
2791.99
2771.68
2751.27
2730.8
2710.27
2689.69
2669.09
2648.45
2627.76
2607.06
2586.39
2565.77
2545.23
2524.79
2504.46
2484.25
2464.17
2444.23
2424.42
2404.74
2385.22
2365.87
2346.71
2327.73
2308.95
2290.36
2271.97
2253.78
2235.79
2218.01
2200.42
2183.1
2166.02
2149.19
2132.59
2116.23
2100.11
2084.21
2068.55
2053.1
2037.88
2022.89
2008.1
1993.54
1979.18
1965.04
1951.1
1937.36
1923.82
1910.46
1897.3
1884.32
1871.53
1858.92
1846.43
1833.7
1820.5
1806.77
1792.45
1777.61
1762.38
1746.51
1731.96
1708.56
0.122542
0.122715
0.124862
0.131577
0.145142
0.166637
0.195503
0.229476
0.266248
0.304832
0.344743
0.38572
0.427624
0.470355
0.513838
0.558014
0.602835
0.648265
0.694275
0.740837
0.78794
0.835535
0.883489
0.931664
0.97994
1.02823
1.07646
1.12457
1.17254
1.22034
1.26794
1.31531
1.36261
1.40902
1.45444
1.4989
1.54248
1.58524
1.62726
1.66858
1.70928
1.74939
1.78897
1.82805
1.86668
1.90489
1.94272
1.98016
2.01715
2.05371
2.08992
2.1258
2.1614
2.19676
2.23189
2.26682
2.30156
2.33613
2.37053
2.40478
2.43888
2.47284
2.50665
2.54034
2.57389
2.60731
2.64061
2.67373
2.70697
2.74041
2.77404
2.80785
2.84182
2.87595
2.9102
2.94458
2.97908
3.01368
3.04837
3.08316
3.11803
3.15298
3.18801
3.22311
3.25829
3.29353
3.32884
3.36422
3.39967
3.43517
3.47074
3.50637
3.54207
3.57782
3.61363
3.64951
3.68544
3.72144
3.7575
3.79362
3.82981
3.86608
3.90241
3.93881
3.97528
4.01183
4.04845
4.08515
4.12192
4.15877
4.1957
4.2327
4.26979
4.30695
4.34419
4.38152
4.41892
4.45641
4.49398
4.53163
4.56936
4.60718
4.64509
4.68308
4.72115
4.75932
4.79757
4.83591
4.87434
4.91285
4.95146
4.99017
5.02896
5.06785
5.10683
5.14591
5.18509
5.22436
5.26373
5.30321
5.34278
5.38246
5.42224
5.46212
5.50211
5.54221
5.58242
5.62273
5.66316
5.70371
5.74437
5.78515
5.82604
5.86706
5.9082
5.94947
5.99086
6.03238
6.07404
6.11582
6.15775
6.19981
6.24201
6.28435
6.32684
6.36948
6.41227
6.45522
6.49832
6.54159
6.58502
6.62862
6.67239
6.71634
6.76047
6.80479
6.84931
6.89403
6.93896
6.9841
7.02946
7.07505
7.12087
7.16693
7.21323
7.25978
7.30659
7.35367
7.40102
7.44862
7.49659
7.54522
7.59456
7.6446
7.69534
7.74676
7.79885
7.85162
7.90506
7.95916
8.01393
8.06936
8.12545
8.18221
8.23964
8.29774
8.35651
8.4159
8.47579
8.53616
8.597
8.65836
8.72024
8.78268
8.84571
8.90936
8.97365
9.03863
9.10431
9.17074
9.23795
9.30598
9.37486
9.4446
9.51535
9.58672
9.65852
9.73076
9.80348
9.87674
9.95059
10.0251
10.1003
10.1763
10.2533
10.3305
10.4116
10.4812
10.6048
10.8194
11.0607
11.3139
11.5757
11.8455
12.1235
12.4098
12.7047
13.0086
13.3217
13.6445
13.9773
14.3208
14.6743
15.043
15.4334
15.8486
16.2907
16.7618
17.2642
17.8011
18.3754
18.9906
19.651
20.3616
21.1281
21.9577
22.858
23.8388
24.9098
26.078
27.3527
28.745
30.2658
31.9268
33.7388
35.7102
37.8532
40.181
42.694
45.4077
48.3327
51.4713
54.8306
58.4113
62.2137
66.2285
70.4767
74.9292
79.6199
84.5172
89.6774
95.1596
100.996
107.208
113.808
120.81
128.224
136.059
144.319
153.009
162.129
171.687
181.678
192.097
202.925
214.162
225.715
237.527
249.553
261.752
274.081
286.494
298.947
311.393
323.786
336.081
348.234
360.205
371.961
383.477
394.736
405.731
416.446
426.888
437.082
447.063
456.875
466.575
476.232
485.918
495.708
505.676
515.904
526.483
537.491
548.998
561.09
573.779
587.406
600.858
609.816
615.816
619.114
619.654
617.526
612.918
606.045
597.156
586.525
574.308
560.51
545.08
527.941
508.908
487.796
464.696
439.986
413.933
386.932
360.762
336.846
314.173
292.64
272.473
253.735
236.23
220.22
205.593
191.424
177.647
164.703
153.128
143.055
134.211
126.299
119.233
112.981
107.575
102.871
98.7466
95.1348
91.9868
89.2388
86.8191
84.6722
82.762
81.0595
79.5415
78.1877
76.9787
75.8951
74.9218
74.048
73.2638
72.5548
71.9045
71.299
70.7237
70.1754
69.6697
69.2232
68.8284
68.4667
68.1379
67.8592
67.6384
67.4611
67.3117
67.2007
67.1498
67.1582
67.2046
67.2802
67.4031
67.5923
67.8358
68.1073
68.4164
68.8034
69.2824
69.8178
70.3779
70.9893
71.7202
72.5874
73.5704
74.6562
75.8485
77.157
78.5965
80.1844
81.9444
83.9077
86.0901
88.4848
91.1015
94.0095
97.2962
100.98
105.039
109.523
114.571
120.315
126.823
134.15
142.379
151.604
161.932
173.453
186.329
200.857
217.235
235.409
255.077
277.194
304.881
337.276
375.282
415.147
452.008
484.039
511.712
536.744
561.301
586.968
614.491
644.711
678.887
717.901
760.561
802.943
836.938
860.321
874.4
894.583
926.313
1035.52
1277.88
1700.35
2287.71
2992.11
3744.21
4454.51
5064.24
5530.85
5826.5
5974.4
5991.29
5936.09
5874.86
5771.7
5639.23
5491.97
5340.91
5193.08
5051.1
4915.32
4785.96
4663.4
4548.11
4440.5
4340.84
4249.24
4165.43
4089.34
4020.45
3958.49
3903.12
3854.02
3810.59
3771.62
3736.57
3705.1
3676.54
3649.66
3623.86
3598.98
3574.62
3550.72
3528.21
3506.64
3485.54
3464.73
3444.1
3423.64
3403.32
3383.12
3363.02
3342.99
3323.03
3303.11
3283.2
3263.22
3243.09
3222.77
3202.3
3181.76
3161.23
3140.72
3120.23
3099.75
3079.26
3058.69
3037.99
3017.13
2996.09
2974.89
2953.52
2932.01
2910.36
2888.58
2866.67
2844.66
2822.53
2800.25
2777.85
2755.36
2732.8
2710.18
2687.54
2664.88
2642.2
2619.53
2596.88
2574.25
2551.64
2529.04
2506.52
2484.11
2461.8
2439.63
2417.6
2395.71
2373.98
2352.4
2330.99
2309.76
2288.76
2267.99
2247.42
2227.07
2206.93
2187
2167.29
2147.8
2128.53
2109.5
2090.69
2072.13
2053.81
2035.75
2017.95
2000.39
1983.06
1965.98
1949.15
1932.58
1916.25
1900.17
1884.35
1868.77
1853.44
1838.35
1823.51
1808.9
1794.53
1780.38
1766.46
1752.76
1739.26
1725.97
1712.89
1699.91
1686.45
1672.12
1656.83
1640.51
1623.26
1605.29
1586.23
1568.89
1539.3
0.122537
0.122545
0.122635
0.12296
0.124175
0.127034
0.132125
0.140075
0.151366
0.166093
0.18424
0.205055
0.227331
0.250648
0.274809
0.299703
0.325251
0.351403
0.378126
0.405399
0.433213
0.46157
0.490468
0.519897
0.54984
0.580273
0.611169
0.642499
0.67423
0.706333
0.738778
0.77153
0.804576
0.837854
0.871288
0.904806
0.938348
0.971865
1.00532
1.03867
1.0719
1.105
1.13795
1.17074
1.20336
1.23582
1.26811
1.30023
1.33185
1.36291
1.39342
1.4234
1.45289
1.48192
1.51053
1.53872
1.56655
1.59402
1.62116
1.648
1.67455
1.70083
1.72687
1.75267
1.77825
1.80363
1.82882
1.85383
1.87862
1.9032
1.92759
1.95182
1.97589
1.99984
2.02366
2.04738
2.071
2.09452
2.11796
2.14132
2.16461
2.18783
2.21098
2.23406
2.25709
2.28006
2.30297
2.32583
2.34864
2.3714
2.3941
2.41677
2.43938
2.46195
2.48448
2.50696
2.52945
2.55204
2.57475
2.59757
2.62049
2.64351
2.66662
2.68981
2.71308
2.73642
2.75984
2.78332
2.80687
2.83048
2.85416
2.87789
2.90168
2.92553
2.94943
2.97339
2.9974
3.02146
3.04558
3.06974
3.09395
3.11822
3.14253
3.1669
3.19131
3.21578
3.24029
3.26485
3.28947
3.31413
3.33885
3.36361
3.38843
3.41329
3.43821
3.46319
3.48821
3.51329
3.53843
3.56362
3.58887
3.61417
3.63954
3.66496
3.69044
3.71598
3.74159
3.76726
3.79299
3.81878
3.84465
3.87058
3.89659
3.92266
3.9488
3.97502
4.00132
4.02769
4.05413
4.08066
4.10726
4.13395
4.16073
4.18758
4.21453
4.24157
4.2687
4.29592
4.32324
4.35065
4.37817
4.40578
4.43355
4.46162
4.49002
4.51874
4.54778
4.57714
4.60682
4.6368
4.66709
4.69767
4.72854
4.75969
4.79114
4.82286
4.85487
4.88717
4.91974
4.9526
4.98572
5.01898
5.05239
5.08597
5.11972
5.15366
5.1878
5.22215
5.25673
5.29154
5.3266
5.36193
5.39752
5.43339
5.46956
5.50603
5.54281
5.57986
5.61699
5.65415
5.69133
5.72854
5.76579
5.80308
5.84044
5.87787
5.91541
5.95307
5.99088
6.02885
6.06703
6.10542
6.14406
6.18298
6.2222
6.26175
6.30165
6.34191
6.38256
6.42362
6.46511
6.50704
6.54946
6.59236
6.63588
6.67958
6.7255
6.76502
6.83493
6.95576
7.09134
7.23328
7.37971
7.53031
7.68511
7.84421
8.00777
8.17591
8.34879
8.52656
8.70932
8.89738
9.09026
9.29073
9.50227
9.72622
9.96332
10.2141
10.4791
10.759
11.054
11.3648
11.6915
12.0349
12.3956
12.7744
13.1726
13.5919
14.0342
14.5018
14.9972
15.5234
16.0841
16.6839
17.3273
18.019
18.7652
19.5732
20.4462
21.3931
22.4215
23.5368
24.7478
26.062
27.4844
29.015
30.6671
32.4337
34.3345
36.3614
38.545
40.9201
43.5126
46.3458
49.4455
52.8327
56.531
60.5663
64.9656
69.7568
74.9669
80.6198
86.7432
93.3652
100.513
108.211
116.485
125.358
134.847
144.963
155.713
167.096
179.102
191.725
204.949
218.744
233.068
247.765
262.739
277.906
293.181
308.482
323.724
338.822
353.702
368.295
382.557
396.449
409.95
423.074
435.855
448.345
460.613
472.754
484.87
497.065
509.46
522.111
535.413
548.283
556.551
561.828
564.431
564.349
561.664
556.514
549.012
539.228
527.195
512.786
495.73
475.803
452.962
427.251
398.893
368.538
337.194
305.573
274.428
245.766
220.79
198.269
177.884
159.662
143.496
129.094
116.514
105.521
95.3788
86.0047
77.6062
70.3725
64.2944
59.1457
54.7017
50.8675
47.5831
44.827
42.494
40.4996
38.7931
37.3373
36.0917
35.0155
34.0779
33.2583
32.5404
31.9113
31.3601
30.8767
30.4515
30.0768
29.7473
29.4583
29.203
28.9744
28.7665
28.5731
28.3928
28.2313
28.0951
27.9808
27.881
27.7956
27.7309
27.6899
27.667
27.6559
27.6606
27.6894
27.742
27.8103
27.8909
27.9907
28.1171
28.2655
28.4261
28.6025
28.8103
29.0552
29.3239
29.604
29.9075
30.2542
30.6484
31.0837
31.5567
32.0692
32.6254
33.2311
33.8935
34.6225
35.4309
36.3275
37.3136
38.3971
39.6073
40.9865
42.5468
44.2895
46.2483
48.4985
51.1241
54.193
57.7762
61.9703
66.8928
72.6876
79.5043
87.5653
97.2359
108.944
122.959
139.335
159.241
186.703
222.141
268.279
321.57
374.487
421.873
461.581
494.076
521.607
546.645
571.193
596.873
624.842
656.148
691.377
730.204
769.404
804
829.907
845.837
857.58
877.538
908.757
1002.58
1198.51
1522.59
1973.61
2514
3106.4
3700.65
4238.57
4697.77
5056.59
5304.02
5450.41
5510.25
5501.09
5447.28
5390.56
5331.69
5247.92
5150.99
5047.18
4940.43
4834.16
4730.77
4631.9
4537.88
4448.85
4364.82
4286.11
4212.89
4145.25
4083.28
4026.73
3975.16
3928.01
3884.89
3844.94
3807.04
3770.61
3735.46
3701.19
3667.69
3635.8
3605.03
3574.89
3545.24
3516.07
3487.4
3459.23
3431.52
3404.24
3377.37
3350.84
3324.65
3298.67
3272.56
3246.28
3219.88
3193.79
3168.21
3143.05
3118.18
3093.5
3068.92
3044.43
3019.71
2994.75
2969.6
2944.29
2918.88
2893.36
2867.76
2842.07
2816.32
2790.49
2764.6
2738.62
2712.53
2686.38
2660.21
2634.04
2607.88
2581.75
2555.64
2529.56
2503.53
2477.55
2451.63
2425.8
2400.09
2374.48
2348.98
2323.6
2298.34
2273.22
2248.24
2223.42
2198.78
2174.32
2150.06
2126.02
2102.21
2078.64
2055.33
2032.29
2009.52
1987.04
1964.85
1942.95
1921.37
1900.09
1879.14
1858.5
1838.2
1818.22
1798.58
1779.26
1760.27
1741.61
1723.27
1705.26
1687.56
1670.18
1653.12
1636.38
1619.93
1603.8
1587.95
1572.4
1557.13
1542.13
1527.39
1512.91
1498.66
1484.67
1470.75
1455.93
1439.58
1421.62
1401.95
1380.82
1358.63
1334.88
1313.66
1276.11
0.122536
0.122539
0.122547
0.122561
0.122601
0.122703
0.122899
0.123233
0.123755
0.125062
0.127129
0.130101
0.134139
0.139402
0.146037
0.154164
0.163883
0.17517
0.188024
0.202278
0.21743
0.233108
0.249211
0.265703
0.282569
0.299797
0.317379
0.335308
0.353577
0.372181
0.391113
0.41037
0.429948
0.449842
0.470047
0.490554
0.511356
0.532439
0.553792
0.575401
0.597252
0.619329
0.64162
0.664108
0.686782
0.709626
0.732628
0.755778
0.779048
0.802407
0.825821
0.849262
0.872704
0.896127
0.919514
0.942848
0.966119
0.989316
1.01243
1.03546
1.0584
1.08125
1.104
1.12665
1.14921
1.17167
1.19402
1.21632
1.23837
1.2601
1.28153
1.30265
1.32349
1.34405
1.36435
1.38441
1.40424
1.42385
1.44326
1.46247
1.4815
1.50035
1.51904
1.53757
1.55596
1.5742
1.59232
1.61031
1.62818
1.64594
1.6636
1.68115
1.69861
1.71598
1.73327
1.75047
1.76759
1.78461
1.80154
1.8184
1.83518
1.8519
1.86857
1.88518
1.90175
1.91828
1.93477
1.95122
1.96765
1.98405
2.00043
2.01679
2.03312
2.04945
2.06576
2.08206
2.09835
2.11463
2.13091
2.14718
2.16346
2.17974
2.19602
2.21231
2.22861
2.24493
2.26126
2.27761
2.29397
2.31035
2.32676
2.34318
2.35963
2.37611
2.39262
2.40916
2.42573
2.44235
2.459
2.4757
2.49244
2.50923
2.52608
2.54298
2.55994
2.57697
2.59407
2.61124
2.62848
2.6458
2.66319
2.68066
2.69821
2.71584
2.73356
2.75136
2.76925
2.78723
2.80531
2.82348
2.84175
2.86013
2.8786
2.89718
2.91587
2.93467
2.95358
2.9726
2.99173
3.01097
3.03032
3.04979
3.06936
3.08898
3.10865
3.12839
3.1482
3.16809
3.18806
3.20811
3.22827
3.24852
3.26888
3.28935
3.30994
3.33064
3.35147
3.37243
3.39352
3.41477
3.43611
3.4574
3.47862
3.49977
3.52087
3.54191
3.56291
3.58388
3.60482
3.62575
3.64666
3.66758
3.68849
3.70943
3.73038
3.75137
3.77239
3.79346
3.8146
3.83579
3.85705
3.87839
3.8998
3.9213
3.94289
3.96457
3.98636
4.00825
4.03026
4.05241
4.07468
4.09711
4.11969
4.14245
4.16538
4.18851
4.21185
4.23541
4.2592
4.28325
4.30757
4.33217
4.35707
4.38227
4.40786
4.43359
4.46063
4.48405
4.52484
4.59463
4.6728
4.75452
4.83873
4.92523
5.01406
5.10528
5.19896
5.29521
5.39412
5.49579
5.6003
5.70784
5.81814
5.93287
6.05409
6.18264
6.31895
6.46339
6.61621
6.77786
6.94845
7.1281
7.31687
7.51477
7.72172
7.93761
8.1622
8.39544
8.63698
8.88655
9.14386
9.40879
9.68124
9.96143
10.2496
10.5459
10.8514
11.1675
11.4945
11.8348
12.1903
12.5626
12.9547
13.3695
13.8102
14.279
14.7818
15.3183
15.8965
16.5161
17.1888
17.9282
18.7459
19.6534
20.6633
21.7901
23.0495
24.4595
26.0402
27.8139
29.8052
32.0358
34.533
37.3274
40.4527
43.9436
47.8428
52.1926
57.0368
62.4233
68.4011
75.0199
82.3287
90.3701
99.188
108.824
119.318
130.705
143.01
156.243
170.401
185.458
201.378
218.11
235.604
253.659
272.071
290.68
309.331
327.879
346.19
364.148
381.657
398.651
415.117
431.081
446.617
461.749
476.906
490.86
499.282
504.247
506.243
505.288
501.412
494.608
484.762
471.679
455.181
435.047
411.086
383.437
352.699
319.619
285.151
250.594
217.412
186.26
157.824
133.576
113.865
97.352
83.3845
71.6707
61.9373
53.826
47.1763
41.6957
36.9229
32.7552
29.2194
26.3559
24.1156
22.3346
20.8769
19.6742
18.6823
17.8777
17.2165
16.6665
16.2084
15.8274
15.5099
15.2429
15.0171
14.826
14.6648
14.5295
14.4167
14.3235
14.247
14.185
14.1359
14.0983
14.0704
14.05
14.0357
14.0255
14.0193
14.0187
14.0252
14.038
14.055
14.0761
14.1033
14.1373
14.1764
14.219
14.2663
14.3206
14.3817
14.4475
14.5169
14.5921
14.6751
14.7645
14.8576
14.9557
15.063
15.1811
15.3062
15.4348
15.5712
15.7179
15.875
16.0415
16.2168
16.4014
16.5963
16.8031
17.0233
17.2594
17.5144
17.7903
18.0879
18.4096
18.7628
19.1576
19.5998
20.0924
20.6464
21.2846
22.0339
22.9217
23.9812
25.2604
26.8237
28.7587
31.1775
34.2465
38.2197
43.4145
50.131
58.6537
69.9023
87.3385
112.824
151.764
205.031
266.443
328.566
385.171
432.851
471.51
502.839
529.395
553.888
578.31
604.03
632.076
663.372
698.004
734.016
768.062
795.632
815.507
827.519
837.641
854.114
880.97
939.071
1062.82
1267.32
1563.19
1934.4
2354.01
2798.32
3247.92
3668.25
4039.32
4352.96
4601.27
4783.72
4905.48
4973.07
4994.44
4981.73
4945.28
4893.17
4842.67
4791.4
4739.25
4674.81
4605.09
4533.25
4461.21
4390.35
4321.57
4255.25
4192.33
4133.36
4078.36
4026.98
3978.54
3932.16
3887.26
3843.57
3800.79
3758.86
3718.06
3678.09
3638.71
3599.99
3562.32
3525.62
3489.79
3454.7
3420.29
3386.49
3353.25
3320.53
3288.04
3255.11
3222.44
3190.2
3159.15
3128.59
3097.86
3066.97
3035.95
3004.76
2973.52
2941.79
2909.96
2878.13
2846.29
2814.43
2782.54
2750.61
2718.64
2686.62
2654.57
2622.47
2590.36
2558.27
2526.2
2494.14
2462.1
2430.09
2398.11
2366.18
2334.33
2302.56
2270.9
2239.37
2207.99
2176.78
2145.77
2114.97
2084.39
2054.06
2024
1994.21
1964.71
1935.53
1906.68
1878.17
1850.02
1822.26
1794.88
1767.91
1741.36
1715.24
1689.56
1664.33
1639.56
1615.24
1591.4
1568.02
1545.11
1522.68
1500.72
1479.24
1458.22
1437.66
1417.57
1397.93
1378.73
1359.97
1341.64
1323.73
1306.23
1289.12
1272.41
1256.07
1240.09
1224.47
1209.18
1194.21
1179.54
1165.16
1151.08
1137.06
1121.87
1104.75
1085.66
1064.6
1041.97
1018.33
993.196
971.223
932.206
0.122536
0.122539
0.122544
0.122549
0.122556
0.122565
0.122576
0.12259
0.122608
0.122646
0.122707
0.1228
0.122934
0.123121
0.123374
0.123704
0.124129
0.124867
0.126011
0.127536
0.129471
0.131858
0.134743
0.138172
0.14219
0.146838
0.152153
0.158165
0.164897
0.172369
0.180567
0.189455
0.199026
0.209286
0.220156
0.231385
0.24285
0.254521
0.266391
0.278456
0.290716
0.303168
0.315813
0.328648
0.341672
0.354883
0.368279
0.381859
0.395621
0.409563
0.423682
0.437974
0.452434
0.467058
0.481839
0.496771
0.511849
0.527066
0.542417
0.557895
0.573495
0.58921
0.605036
0.620966
0.636995
0.653118
0.669329
0.685624
0.701994
0.718425
0.734902
0.75141
0.767939
0.784478
0.801017
0.817547
0.834063
0.850557
0.867025
0.883461
0.899862
0.916224
0.932544
0.948821
0.965052
0.981235
0.997369
1.01345
1.02949
1.04547
1.0614
1.07728
1.0931
1.10888
1.1246
1.14028
1.15587
1.17131
1.1866
1.20173
1.21671
1.23155
1.24625
1.26083
1.27528
1.28961
1.30382
1.31793
1.33193
1.34583
1.35964
1.37336
1.38699
1.40055
1.41402
1.42742
1.44075
1.45401
1.46721
1.48036
1.49344
1.50648
1.51947
1.53241
1.54531
1.55817
1.571
1.58379
1.59656
1.60929
1.622
1.63469
1.64736
1.66001
1.67264
1.68527
1.69788
1.71049
1.72309
1.73569
1.74828
1.76088
1.77349
1.7861
1.79871
1.81134
1.82398
1.83664
1.84931
1.862
1.87471
1.88744
1.9002
1.91298
1.92579
1.93864
1.95151
1.96442
1.97736
1.99034
2.00336
2.01642
2.02953
2.04267
2.05587
2.06912
2.08241
2.09576
2.10916
2.12261
2.13612
2.1497
2.1633
2.17685
2.19034
2.20377
2.21713
2.23043
2.24367
2.25687
2.27001
2.28312
2.29619
2.30923
2.32223
2.33522
2.34818
2.36112
2.37405
2.38696
2.39988
2.41278
2.42568
2.43858
2.45147
2.46436
2.47726
2.49015
2.50305
2.51596
2.52887
2.5418
2.55474
2.56769
2.58067
2.59367
2.60669
2.61975
2.63284
2.64597
2.65914
2.67236
2.68564
2.69898
2.71237
2.72584
2.73939
2.75301
2.76673
2.78054
2.79444
2.80846
2.82259
2.83684
2.85122
2.86573
2.88039
2.89521
2.91019
2.92533
2.94066
2.95618
2.97191
2.98784
3.00402
3.02031
3.03741
3.05238
3.07774
3.12031
3.16779
3.21728
3.26814
3.32025
3.37362
3.42831
3.48436
3.54183
3.60079
3.66129
3.7234
3.78723
3.85265
3.92063
3.99245
4.06859
4.14936
4.23499
4.32569
4.42179
4.52343
4.63079
4.74401
4.86323
4.98855
5.12004
5.25767
5.4015
5.55139
5.70713
5.86842
6.03495
6.20631
6.38213
6.56188
6.74484
6.93067
7.11912
7.309
7.50034
7.69291
7.88606
8.07989
8.27433
8.46956
8.66559
8.86381
9.06372
9.26755
9.4751
9.68973
9.91507
10.1541
10.4096
10.6851
10.9845
11.3127
11.6751
12.0754
12.5187
13.0139
13.5715
14.2046
14.9286
15.7621
16.7269
17.8489
19.1594
20.6902
22.482
24.5828
27.0469
29.9446
33.31
37.182
41.6199
46.6917
52.4752
59.0492
66.4972
74.9031
84.3486
94.9014
106.625
119.572
133.789
149.304
166.11
184.171
203.408
223.713
244.983
266.864
289.056
311.307
333.384
355.107
376.224
397.023
415.546
426.199
432.062
433.84
431.507
425.074
414.484
399.565
380.21
356.536
328.829
297.606
263.965
229.368
195.073
162.454
132.796
107.13
85.1856
67.1939
53.457
43.4124
35.7929
29.9514
25.5713
22.2997
19.7944
17.8653
16.3444
15.0641
13.9737
13.0665
12.3394
11.7658
11.3057
10.9278
10.617
10.3634
10.1622
10.0018
9.87324
9.77129
9.69268
9.63381
9.59078
9.56058
9.54118
9.531
9.5288
9.53355
9.5443
9.56019
9.58053
9.60483
9.63268
9.6635
9.69666
9.73162
9.76783
9.80515
9.84418
9.88551
9.92891
9.97368
10.0198
10.068
10.1186
10.171
10.2248
10.2802
10.3382
10.3988
10.4612
10.5251
10.5913
10.6605
10.7323
10.8058
10.8812
10.9604
11.0438
11.1301
11.2181
11.3093
11.4042
11.5028
11.6047
11.7096
11.8177
11.9291
12.0442
12.1633
12.2871
12.4162
12.551
12.6915
12.8378
12.9917
13.1552
13.329
13.5132
13.7094
13.9217
14.1544
14.4113
14.697
15.0154
15.3695
15.7654
16.2136
16.716
17.3531
18.2801
19.672
21.7529
24.9978
31.133
41.9893
63.1837
99.3312
150.406
212.502
278.56
341.367
396.426
441.849
478.311
508.255
534.221
558.302
582.142
607.171
634.652
664.978
697.269
729.083
757.768
780.227
796.417
806.153
814.792
826.063
845.095
871.215
926.74
1027.44
1178.61
1381.49
1633.96
1918.43
2221.9
2533.88
2844.54
3146.06
3422.68
3670.23
3883.27
4059.06
4198.02
4302.55
4375.95
4418.43
4435.35
4432.46
4414.53
4385.63
4348.74
4306.27
4260
4212.59
4166.68
4120.55
4073.75
4026.17
3978.04
3929.61
3881.17
3832.91
3785.17
3738.2
3691.14
3643.99
3596.97
3550.7
3505.79
3461.42
3417.48
3374.02
3331.05
3288.55
3246.51
3204.89
3163.62
3122.55
3081.68
3041.01
3000.74
2960.16
2919.55
2879
2838.51
2798.09
2757.74
2717.39
2677.03
2636.65
2596.27
2555.9
2515.56
2475.26
2435.01
2394.83
2354.74
2314.76
2274.9
2235.2
2195.68
2156.37
2117.29
2078.47
2039.93
2001.7
1963.81
1926.28
1889.15
1852.44
1816.19
1780.46
1745.25
1710.56
1676.42
1642.84
1609.85
1577.46
1545.68
1514.52
1484.01
1454.15
1424.95
1396.41
1368.54
1341.35
1314.83
1288.99
1263.81
1239.31
1215.48
1192.3
1169.77
1147.88
1126.62
1105.98
1085.95
1066.51
1047.65
1029.35
1011.59
994.372
977.667
961.459
945.732
930.468
915.649
901.259
887.277
873.688
860.472
847.611
835.088
822.882
810.978
799.349
788.01
776.762
764.598
750.947
735.829
719.309
701.771
683.709
664.785
648.536
620.079
0.122536
0.12254
0.122545
0.122551
0.122557
0.122563
0.12257
0.122578
0.122585
0.122595
0.122605
0.122616
0.122627
0.12264
0.122653
0.122669
0.122687
0.122711
0.122745
0.12279
0.12285
0.122927
0.123025
0.123149
0.123302
0.12349
0.123717
0.12399
0.124314
0.124698
0.125222
0.125983
0.126964
0.128153
0.12956
0.131196
0.133075
0.135212
0.13762
0.140314
0.143307
0.146611
0.150238
0.154197
0.158498
0.163148
0.168151
0.173513
0.179232
0.185292
0.19168
0.198391
0.205427
0.212783
0.220458
0.228402
0.236495
0.244706
0.25303
0.261463
0.270005
0.278655
0.287412
0.296277
0.305248
0.314325
0.323506
0.332792
0.342181
0.351673
0.361266
0.370959
0.38075
0.390638
0.400619
0.410693
0.420856
0.431106
0.441442
0.45186
0.462359
0.472935
0.483586
0.49431
0.505104
0.515966
0.526893
0.537883
0.548934
0.560042
0.571207
0.582425
0.593694
0.605012
0.616377
0.627787
0.639239
0.650728
0.662249
0.673796
0.685365
0.696951
0.70855
0.720157
0.73177
0.743384
0.754997
0.766606
0.778208
0.789801
0.801382
0.81295
0.824502
0.836038
0.847555
0.859052
0.870527
0.881981
0.89341
0.904815
0.916195
0.927547
0.938871
0.950165
0.961428
0.972659
0.983858
0.995025
1.00616
1.01726
1.02834
1.03938
1.05038
1.06136
1.0723
1.08321
1.09408
1.10493
1.11573
1.1265
1.13723
1.14793
1.15859
1.16921
1.17979
1.19034
1.20084
1.2113
1.22172
1.2321
1.24244
1.25274
1.26301
1.27324
1.28343
1.29358
1.3037
1.31378
1.32383
1.33384
1.34381
1.35375
1.36366
1.37353
1.38337
1.39318
1.40295
1.4127
1.42242
1.43211
1.44178
1.45142
1.46104
1.47064
1.48022
1.48977
1.4993
1.5088
1.51828
1.52774
1.53717
1.54658
1.55596
1.56532
1.57466
1.58399
1.59329
1.60257
1.61184
1.62109
1.63033
1.63955
1.64877
1.65797
1.66717
1.67636
1.68555
1.69474
1.70393
1.71313
1.72233
1.73154
1.74076
1.75
1.75925
1.76853
1.77782
1.78714
1.79649
1.80587
1.81528
1.82473
1.83422
1.84376
1.85334
1.86298
1.87267
1.88242
1.89224
1.90212
1.91208
1.92212
1.93224
1.94245
1.95275
1.96315
1.97366
1.98428
1.99502
2.00589
2.01689
2.02802
2.03931
2.05074
2.06236
2.07404
2.08625
2.09702
2.11473
2.14384
2.17609
2.20951
2.24367
2.27848
2.31394
2.35008
2.38692
2.4245
2.46286
2.50202
2.54202
2.58293
2.62466
2.66783
2.71322
2.76112
2.81169
2.86509
2.92141
2.98085
3.04351
3.10949
3.17891
3.25188
3.32853
3.40896
3.49325
3.58159
3.67402
3.77057
3.87126
3.97607
4.08496
4.19788
4.31468
4.43504
4.55885
4.68601
4.81573
4.94794
5.08233
5.21821
5.35533
5.4932
5.63142
5.76933
5.90717
6.04375
6.17974
6.31411
6.44812
6.5828
6.71846
6.85508
6.99258
7.13109
7.27018
7.41257
7.56212
7.72055
7.88926
8.06977
8.2639
8.47384
8.70224
8.95235
9.22816
9.53131
9.86062
10.2178
10.6077
11.0264
11.5162
12.1241
12.8882
13.8508
15.062
16.5825
18.4849
20.8566
23.8001
27.4377
31.8983
37.3578
43.7926
51.2985
59.9787
69.944
81.3143
94.1831
108.688
124.919
142.952
162.705
184.091
206.96
231.147
256.303
282.476
306.679
320.625
328.214
330.124
326.2
316.597
301.604
281.568
257.193
229.347
199.245
168.303
138.345
110.65
86.162
65.7693
49.7291
37.65
28.8075
22.8078
18.8509
16.2076
14.2967
12.8615
11.7632
10.9108
10.2377
9.71019
9.29202
8.93746
8.63423
8.38394
8.18744
8.03743
7.92144
7.8291
7.75564
7.69818
7.65627
7.62641
7.60591
7.59337
7.58791
7.58849
7.5939
7.60328
7.61607
7.63188
7.65041
7.6714
7.69459
7.71972
7.74655
7.77498
7.80489
7.83605
7.86814
7.9009
7.93402
7.96747
8.00168
8.03713
8.07372
8.111
8.14903
8.18832
8.22914
8.27119
8.31408
8.35812
8.40401
8.4518
8.50093
8.5512
8.60317
8.65746
8.71379
8.7714
8.83062
8.89271
8.95814
9.02591
9.095
9.16655
9.24134
9.31952
9.40065
9.48442
9.57087
9.66014
9.75244
9.848
9.94712
10.0502
10.1573
10.268
10.3823
10.501
10.625
10.7539
10.887
11.0244
11.1669
11.315
11.468
11.6259
11.7924
11.9696
12.1593
12.3638
12.5861
12.8329
13.1158
13.4515
13.8639
14.3942
15.1781
16.372
21.031
33.8086
60.7111
104.042
160.947
225.555
291.026
351.366
403.157
446.09
481.248
510.39
535.537
558.669
581.599
605.765
631.936
659.933
688.647
716.049
740.294
759.332
773.318
782.419
789.466
796.522
806.176
821.035
841.38
871.334
924.417
1004.25
1110.89
1243.28
1400.99
1577.62
1766.44
1963.15
2163.82
2364.6
2562.15
2753.99
2936.7
3105.13
3255.04
3383.47
3490.3
3576.71
3643.14
3690.46
3720.27
3733.45
3728.83
3708.28
3675.48
3633.58
3586.29
3537.73
3489.69
3442.01
3396.15
3352.55
3304
3253.01
3201.81
3150.93
3100.49
3050.47
3000.85
2951.58
2902.61
2853.91
2805.45
2757.22
2709.2
2661.39
2613.77
2566.33
2519.09
2472.03
2425.14
2378.44
2331.94
2285.65
2239.61
2193.82
2148.33
2103.15
2058.3
2013.82
1969.72
1926.03
1882.78
1840.01
1797.74
1756
1714.84
1674.28
1634.36
1595.11
1556.57
1518.76
1481.7
1445.44
1409.98
1375.35
1341.56
1308.6
1276.49
1245.25
1214.86
1185.34
1156.69
1128.9
1101.98
1075.91
1050.69
1026.31
1002.75
980.008
958.061
936.894
916.488
896.824
877.881
859.638
842.072
825.162
808.883
793.213
778.127
763.603
749.617
736.146
723.167
710.658
698.596
686.96
675.73
664.885
654.405
644.272
634.468
624.973
615.772
606.848
598.185
589.767
581.579
573.608
565.839
558.258
550.853
543.608
536.529
529.505
521.992
513.689
504.618
494.829
484.533
474.012
463.03
453.68
437.17
0.122536
0.12254
0.122545
0.122551
0.122558
0.122565
0.122572
0.12258
0.122588
0.122597
0.122606
0.122615
0.122625
0.122635
0.122645
0.122655
0.122665
0.122675
0.122687
0.122699
0.122711
0.122723
0.122735
0.122747
0.122759
0.122773
0.122786
0.122801
0.122817
0.122835
0.122855
0.122881
0.122914
0.122953
0.123
0.123057
0.123125
0.123206
0.123301
0.123411
0.12354
0.123688
0.123858
0.124051
0.124271
0.124519
0.124797
0.125109
0.125472
0.125935
0.12653
0.127252
0.128091
0.129045
0.130113
0.131303
0.132617
0.134061
0.135637
0.137351
0.139207
0.14121
0.143364
0.145672
0.148139
0.150767
0.153561
0.156521
0.159652
0.162955
0.166432
0.170085
0.173913
0.177919
0.182098
0.186446
0.190952
0.195613
0.200428
0.205395
0.210515
0.215788
0.221212
0.226772
0.232406
0.238102
0.243856
0.249667
0.255534
0.261458
0.267437
0.273472
0.279562
0.285707
0.291906
0.298159
0.304466
0.310826
0.317239
0.323704
0.330221
0.33679
0.343408
0.350076
0.356792
0.363557
0.370368
0.377224
0.384126
0.391071
0.398059
0.405089
0.412159
0.419268
0.426416
0.433601
0.440822
0.448078
0.455368
0.46269
0.470043
0.477425
0.484836
0.492274
0.499737
0.507224
0.514734
0.522266
0.529818
0.537391
0.544981
0.552589
0.560213
0.567851
0.575502
0.583165
0.590838
0.59852
0.60621
0.613906
0.621607
0.629312
0.637019
0.644726
0.652434
0.660139
0.667841
0.675539
0.683232
0.690918
0.698597
0.706269
0.713932
0.721585
0.729227
0.736858
0.744477
0.752083
0.759676
0.767254
0.774818
0.782365
0.789896
0.797411
0.804908
0.812388
0.81985
0.827295
0.834722
0.842132
0.849525
0.856901
0.864261
0.871605
0.878933
0.886246
0.893544
0.900827
0.908097
0.915353
0.922596
0.929828
0.937048
0.944259
0.951459
0.95865
0.965834
0.97301
0.98018
0.987345
0.994505
1.00166
1.00882
1.01597
1.02313
1.03029
1.03745
1.04462
1.05179
1.05897
1.06617
1.07337
1.08059
1.08783
1.09508
1.10236
1.10966
1.11698
1.12433
1.13171
1.13913
1.14658
1.15406
1.16159
1.16916
1.17677
1.18441
1.19211
1.19985
1.20763
1.21548
1.22337
1.23133
1.23934
1.24742
1.25557
1.26379
1.27208
1.28046
1.28891
1.29745
1.30609
1.31481
1.32364
1.33258
1.34157
1.35096
1.3592
1.37297
1.39577
1.42099
1.44704
1.47357
1.5005
1.52781
1.55553
1.58365
1.61219
1.64118
1.67062
1.70053
1.73095
1.76181
1.79354
1.82669
1.86145
1.89789
1.93609
1.97607
2.01794
2.06171
2.10741
2.15509
2.20479
2.25654
2.31038
2.36636
2.42458
2.48505
2.54783
2.61295
2.68045
2.75038
2.8228
2.89773
2.9751
3.055
3.13755
3.22238
3.30967
3.39939
3.49128
3.58532
3.68138
3.77931
3.87874
3.97998
4.08217
4.18585
4.29018
4.39612
4.50455
4.61568
4.72941
4.8455
4.96367
5.08351
5.20464
5.3269
5.45023
5.57461
5.69996
5.82615
5.953
6.08022
6.20747
6.33422
6.46644
6.60623
6.75476
6.91323
7.08261
7.26461
7.46214
7.67928
7.92158
8.19557
8.50344
8.84451
9.22239
9.64095
10.1119
10.6084
11.3594
12.4812
14.0869
16.3073
19.2984
23.2456
28.3682
34.8821
43.1536
53.0718
64.7332
78.2862
93.8407
111.572
131.427
154.025
176.758
189.799
196.442
197.279
192.273
181.768
166.521
147.625
126.549
104.562
83.3855
64.4598
48.6686
36.254
27.2549
21.1507
17.0267
14.1922
12.195
10.7398
9.69954
8.96786
8.42441
8.01085
7.69573
7.45458
7.26512
7.11595
6.99552
6.88719
6.78599
6.69284
6.61105
6.54113
6.47993
6.42414
6.37322
6.32736
6.28849
6.25546
6.22725
6.20365
6.18467
6.16994
6.15882
6.15078
6.14557
6.14297
6.14284
6.14503
6.14937
6.15564
6.16366
6.17334
6.1846
6.19721
6.21086
6.22528
6.24018
6.2555
6.27169
6.28924
6.30803
6.32762
6.34805
6.36984
6.39326
6.418
6.44364
6.47052
6.49932
6.53009
6.56226
6.59561
6.63071
6.66819
6.70773
6.7486
6.7911
6.8365
6.88526
6.93637
6.98886
7.04367
7.10235
7.16521
7.23171
7.3015
7.37463
7.45131
7.53183
7.61652
7.70583
7.80033
7.90016
8.00495
8.11467
8.23049
8.35378
8.48442
8.62143
8.76516
8.91729
9.07897
9.24993
9.42935
9.61682
9.81203
10.0148
10.2246
10.442
10.6684
10.9022
11.134
11.3571
11.5975
11.9195
12.2775
13.0804
13.9441
19.2176
34.6563
66.2977
113.482
171.875
235.411
297.69
354.794
404.426
445.838
479.754
507.863
532.164
554.531
576.504
599.185
623.066
647.872
672.685
696.075
716.744
733.599
746.384
755.829
762.025
766.988
772.139
778.14
786.44
797.994
812.841
830.79
857.071
895.038
945.441
1008
1081.99
1166.55
1260.81
1364.3
1472.89
1584.72
1697.92
1809.15
1916.48
2018.85
2113.61
2198.05
2269.79
2327.35
2369.91
2396.85
2408.31
2405.23
2391.01
2372.14
2351.61
2329.36
2307.7
2287.77
2259.24
2225.78
2190.71
2154.89
2118.58
2081.92
2044.97
2007.8
1970.46
1932.99
1895.45
1857.88
1820.33
1782.85
1745.48
1708.28
1671.28
1634.53
1598.08
1561.96
1526.21
1490.88
1456.01
1421.64
1387.78
1354.45
1321.69
1289.51
1257.94
1227.02
1196.76
1167.2
1138.37
1110.29
1082.97
1056.43
1030.69
1005.76
981.635
958.323
935.821
914.126
893.206
873.017
853.545
834.78
816.71
799.322
782.601
766.53
751.089
736.259
722.018
708.344
695.215
682.606
670.495
658.858
647.671
636.912
626.558
616.586
606.976
597.707
588.758
580.112
571.749
563.652
555.806
548.194
540.802
533.617
526.624
519.813
513.171
506.689
500.356
494.163
488.101
482.162
476.339
470.624
465.011
459.493
454.065
448.72
443.454
438.26
433.135
428.072
423.068
418.115
413.22
408.324
403.122
397.431
391.251
384.587
377.536
370.268
362.54
355.948
343.817
0.122537
0.12254
0.122547
0.122554
0.122561
0.122569
0.122577
0.122585
0.122594
0.122603
0.122613
0.122622
0.122632
0.122642
0.122651
0.122661
0.122672
0.122682
0.122692
0.122702
0.122712
0.122722
0.122732
0.122742
0.122753
0.122762
0.122772
0.122782
0.122792
0.122802
0.122811
0.122822
0.122832
0.122843
0.122853
0.122863
0.122873
0.122884
0.122894
0.122904
0.122915
0.122926
0.122938
0.12295
0.122962
0.122976
0.12299
0.123005
0.123022
0.123041
0.123064
0.12309
0.123121
0.123156
0.123196
0.123242
0.123294
0.123353
0.123419
0.123493
0.123576
0.123668
0.12377
0.123883
0.124008
0.124145
0.124295
0.124459
0.124637
0.124831
0.125042
0.125269
0.125514
0.12578
0.126075
0.126417
0.126825
0.127307
0.12786
0.128481
0.129166
0.129912
0.13072
0.131591
0.132526
0.133526
0.134591
0.135723
0.136923
0.138192
0.139531
0.140943
0.142427
0.143985
0.145618
0.147327
0.149114
0.150978
0.152921
0.154944
0.157047
0.159231
0.161496
0.163843
0.166272
0.168783
0.171377
0.174052
0.176809
0.179645
0.182555
0.185538
0.188591
0.191712
0.194901
0.198158
0.201483
0.204878
0.20834
0.21187
0.215467
0.219131
0.222861
0.226652
0.230475
0.234324
0.238196
0.242091
0.24601
0.24995
0.253912
0.257897
0.261902
0.265929
0.269976
0.274043
0.27813
0.282236
0.286361
0.290504
0.294665
0.298843
0.303038
0.30725
0.311477
0.31572
0.319977
0.324249
0.328534
0.332833
0.337145
0.34147
0.345807
0.350155
0.354515
0.358885
0.363266
0.367657
0.372057
0.376466
0.380884
0.38531
0.389743
0.394184
0.398632
0.403087
0.407549
0.412017
0.416491
0.420971
0.425457
0.429949
0.434447
0.43895
0.44346
0.447974
0.452495
0.457021
0.461553
0.466091
0.470634
0.475184
0.479739
0.4843
0.488868
0.493443
0.498025
0.502614
0.507211
0.511817
0.516431
0.521055
0.525689
0.530334
0.53499
0.539658
0.544339
0.549033
0.553742
0.558466
0.563207
0.567965
0.572741
0.577537
0.582353
0.587191
0.592051
0.596936
0.601846
0.606783
0.611748
0.616743
0.621769
0.626828
0.631921
0.63705
0.642217
0.647424
0.652671
0.657963
0.663299
0.668683
0.674116
0.679601
0.685139
0.690734
0.696387
0.702101
0.707879
0.713724
0.719637
0.725623
0.731685
0.737821
0.744052
0.750314
0.756894
0.762588
0.772523
0.789492
0.808441
0.82814
0.848305
0.868872
0.88983
0.911181
0.93293
0.955083
0.977647
1.00063
1.02403
1.04789
1.07212
1.09707
1.12317
1.15056
1.17928
1.20937
1.24085
1.27376
1.3081
1.34387
1.38105
1.41965
1.45965
1.50103
1.54379
1.58794
1.63345
1.68031
1.72849
1.77797
1.82875
1.88084
1.93422
1.98883
2.04474
2.10203
2.1605
2.2203
2.28148
2.34392
2.40772
2.47288
2.53942
2.60721
2.6766
2.74711
2.81928
2.89264
2.96804
3.04627
3.12774
3.21263
3.30108
3.39318
3.489
3.58857
3.69183
3.79867
3.90896
4.02252
4.13914
4.25854
4.3804
4.5043
4.62961
4.75608
4.88373
5.01273
5.14325
5.27575
5.41024
5.54606
5.68221
5.81664
5.95019
6.0902
6.23939
6.39956
6.57228
6.75997
6.96325
7.18801
7.44604
7.74932
8.09599
8.48854
8.93145
9.44148
9.96944
11.0297
12.86
15.6928
19.8048
25.5181
33.2001
43.2002
56.1129
70.3026
78.3797
82.1734
81.8412
77.5219
69.9921
60.4146
50.0332
39.9395
31.1165
24.2792
19.2567
15.6532
13.0889
11.2545
9.91091
8.91523
8.17724
7.62145
7.19763
6.88801
6.66456
6.4878
6.33891
6.20855
6.09039
5.9787
5.87355
5.77333
5.66904
5.55968
5.44939
5.34468
5.24874
5.1602
5.0768
4.99872
4.9266
4.86276
4.80601
4.75528
4.71026
4.67087
4.63662
4.60678
4.58074
4.55815
4.53873
4.52227
4.50856
4.49737
4.48845
4.48157
4.47661
4.47345
4.47184
4.47147
4.47208
4.47337
4.47528
4.47819
4.48252
4.48815
4.49466
4.50208
4.51084
4.52119
4.5328
4.54532
4.55903
4.57451
4.59178
4.61035
4.63001
4.65126
4.67461
4.6998
4.72617
4.754
4.78437
4.81767
4.85303
4.88961
4.92821
4.97036
5.01641
5.06588
5.11847
5.17425
5.23344
5.29636
5.36338
5.43498
5.51178
5.59403
5.68148
5.77425
5.87363
5.9812
6.09717
6.22085
6.35295
6.49575
6.65118
6.8199
7.00215
7.19851
7.40955
7.63587
7.87759
8.13574
8.41309
8.71119
9.02554
9.34671
9.68093
10.0638
10.4606
10.8714
11.2423
12.135
12.954
19.796
37.9195
72.6782
120.806
177.422
238.007
297.66
352.334
399.714
439.426
472.365
499.95
523.752
545.328
566.012
586.726
607.85
629.221
650.218
669.997
687.693
702.846
715.092
724.524
731.6
736.83
740.247
743.335
746.628
750.318
754.734
760.433
767.787
776.756
787.439
799.959
814.61
833.736
857.536
885.861
918.422
953.915
991.394
1030.09
1068.43
1104.57
1136.53
1162.61
1182.88
1196.86
1204.36
1205.56
1201.98
1196.66
1190.97
1184.75
1179.05
1174.38
1165.49
1154.19
1142.08
1129.57
1116.75
1103.65
1090.29
1076.69
1062.87
1048.85
1034.67
1020.36
1005.94
991.444
976.912
962.373
947.858
933.388
918.957
904.592
890.324
876.184
862.206
848.378
834.679
821.133
807.769
794.614
781.693
769.025
756.627
744.512
732.688
721.164
709.941
699.02
688.401
678.079
668.05
658.306
648.839
639.639
630.698
622.004
613.547
605.316
597.301
589.489
581.87
574.432
567.165
560.058
553.1
546.282
539.594
533.028
526.575
520.228
513.979
507.823
501.753
495.763
489.849
484.007
478.231
472.52
466.869
461.276
455.738
450.253
444.82
439.437
434.101
428.812
423.57
418.372
413.218
408.107
403.038
398.012
393.026
388.081
383.175
378.309
373.481
368.69
363.935
359.216
354.531
349.879
345.259
340.667
336.111
331.542
326.694
321.399
315.646
309.428
302.819
295.974
288.643
282.397
270.758
0.122537
0.122542
0.122552
0.122561
0.122571
0.122581
0.122591
0.122601
0.122612
0.122622
0.122633
0.122643
0.122654
0.122664
0.122674
0.122685
0.122695
0.122705
0.122715
0.122725
0.122734
0.122744
0.122754
0.122763
0.122772
0.122781
0.12279
0.122799
0.122808
0.122817
0.122825
0.122834
0.122842
0.12285
0.122858
0.122866
0.122874
0.122882
0.12289
0.122897
0.122905
0.122912
0.12292
0.122927
0.122935
0.122942
0.122949
0.122956
0.122964
0.122972
0.122979
0.122987
0.122994
0.123001
0.123009
0.123016
0.123023
0.123031
0.123038
0.123046
0.123054
0.123062
0.12307
0.123079
0.123088
0.123097
0.123107
0.123117
0.123128
0.123139
0.12315
0.123163
0.123176
0.12319
0.123204
0.123221
0.123239
0.12326
0.123283
0.12331
0.123339
0.123371
0.123407
0.123446
0.123489
0.123536
0.123587
0.123643
0.123703
0.123768
0.123839
0.123915
0.123996
0.124084
0.124178
0.124278
0.124385
0.124499
0.12462
0.124749
0.124885
0.12503
0.125183
0.125344
0.125514
0.125693
0.125881
0.12608
0.126292
0.126524
0.126784
0.127077
0.127409
0.12778
0.128188
0.128632
0.12911
0.12962
0.130162
0.130733
0.131335
0.131967
0.132628
0.13332
0.134043
0.134798
0.135583
0.136399
0.137247
0.138126
0.139037
0.139979
0.140954
0.14196
0.142998
0.144068
0.14517
0.146304
0.14747
0.148669
0.149899
0.151162
0.152456
0.153783
0.155141
0.156531
0.157953
0.159407
0.160892
0.162409
0.163958
0.165537
0.167149
0.168791
0.170465
0.172169
0.173905
0.175671
0.177468
0.179295
0.181153
0.183039
0.184955
0.186899
0.188871
0.190871
0.192898
0.194952
0.197033
0.199141
0.201275
0.203436
0.205625
0.20784
0.210082
0.212344
0.214616
0.216895
0.219182
0.221476
0.223778
0.226087
0.228404
0.230729
0.233062
0.235403
0.237754
0.240112
0.24248
0.244858
0.247245
0.249641
0.252048
0.254465
0.256894
0.259333
0.261784
0.264247
0.266722
0.26921
0.271711
0.274227
0.276756
0.2793
0.28186
0.284435
0.287027
0.289636
0.292263
0.294909
0.297573
0.300258
0.302963
0.30569
0.308439
0.311212
0.314009
0.31683
0.319678
0.322553
0.325457
0.32839
0.331353
0.334348
0.337376
0.340439
0.343538
0.346673
0.349848
0.353063
0.35632
0.35962
0.362967
0.366359
0.369807
0.373276
0.376929
0.380087
0.385625
0.395231
0.406103
0.41755
0.429414
0.441664
0.4543
0.467326
0.480749
0.494576
0.508816
0.523478
0.538568
0.554109
0.570058
0.586644
0.604159
0.622712
0.642362
0.663152
0.685113
0.708302
0.732729
0.758409
0.785352
0.813561
0.843033
0.873765
0.905735
0.938955
0.973389
1.009
1.04576
1.08361
1.12252
1.16245
1.20336
1.24517
1.28786
1.33146
1.37577
1.42086
1.46673
1.51327
1.56052
1.60846
1.6571
1.70634
1.75643
1.80707
1.85865
1.91087
1.96437
2.01976
2.07736
2.1374
2.20005
2.26552
2.334
2.40572
2.48088
2.55971
2.64238
2.72911
2.82006
2.91537
3.01518
3.11958
3.22863
3.34227
3.46035
3.58272
3.70919
3.83956
3.97367
4.11119
4.25168
4.39437
4.53818
4.68264
4.82772
4.9736
5.12065
5.26902
5.42028
5.57278
5.7181
5.8667
6.0247
6.19527
6.38067
6.58503
6.80717
7.06232
7.37397
7.74349
8.16911
8.66376
9.19494
10.183
12.3827
15.6403
17.5787
18.4603
18.4283
17.6526
16.3672
14.8412
13.2995
11.8934
10.6967
9.69371
8.86666
8.19687
7.65902
7.22105
6.85905
6.56179
6.31369
6.09443
5.88963
5.70054
5.53018
5.36592
5.20491
5.04842
4.89719
4.74997
4.60986
4.47682
4.34252
4.20683
4.07442
3.95162
3.841
3.74066
3.64799
3.56276
3.48508
3.41667
3.35606
3.30196
3.25387
3.21148
3.17419
3.14125
3.11204
3.08617
3.06335
3.04332
3.02585
3.0107
2.99763
2.98644
2.97698
2.96914
2.96269
2.95738
2.953
2.9493
2.94623
2.94406
2.94309
2.9432
2.94409
2.94575
2.94851
2.95252
2.95755
2.96332
2.97003
2.9781
2.98753
2.99796
3.00924
3.02172
3.03576
3.05117
3.06748
3.08489
3.10415
3.12557
3.14849
3.17235
3.19769
3.22566
3.25649
3.28985
3.32554
3.36363
3.40429
3.44777
3.49437
3.54447
3.59857
3.65691
3.71936
3.78608
3.85812
3.9368
4.02243
4.11466
4.21424
4.32322
4.44352
4.57616
4.72194
4.88216
5.05831
5.25215
5.46532
5.70055
5.9629
6.25733
6.58456
6.94105
7.34263
7.84049
8.42383
9.07757
9.71097
10.219
10.5904
11.5255
12.3201
20.5706
40.261
75.052
121.621
176.135
233.942
290.284
341.936
387.344
426.102
458.618
485.911
509.294
530.082
549.391
568.004
586.3
604.294
621.716
638.17
653.291
666.733
678.265
687.88
695.577
701.578
706.181
709.705
712.347
714.168
715.765
717.417
719.239
721.308
723.675
726.482
729.873
733.975
738.807
744.192
750.072
756.424
763.113
769.939
776.667
782.94
788.014
791.559
793.425
793.588
792.374
790.542
788.426
785.998
783.572
781.285
777.701
773.348
768.681
763.811
758.77
753.575
748.237
742.767
737.176
731.474
725.671
719.778
713.803
707.757
701.648
695.485
689.276
683.03
676.766
670.506
664.26
658.03
651.82
645.631
639.465
633.324
627.211
621.125
615.067
609.038
603.036
597.062
591.114
585.19
579.288
573.407
567.545
561.699
555.867
550.047
544.238
538.436
532.64
526.848
521.059
515.272
509.485
503.698
497.911
492.122
486.332
480.542
474.752
468.963
463.175
457.391
451.611
445.837
440.071
434.314
428.57
422.84
417.125
411.43
405.755
400.103
394.476
388.877
383.308
377.771
372.267
366.8
361.371
355.982
350.634
345.329
340.068
334.853
329.685
324.565
319.493
314.47
309.496
304.573
299.699
294.875
290.101
285.376
280.7
276.071
271.49
266.952
262.466
257.983
253.227
248.033
242.393
236.309
229.869
223.234
216.179
210.203
199.217
0.122537
0.122545
0.122557
0.12257
0.122582
0.122595
0.122607
0.12262
0.122632
0.122643
0.122655
0.122667
0.122678
0.122689
0.1227
0.122711
0.122722
0.122732
0.122743
0.122753
0.122763
0.122773
0.122783
0.122792
0.122801
0.122811
0.12282
0.122829
0.122837
0.122846
0.122855
0.122863
0.122871
0.122879
0.122887
0.122895
0.122903
0.12291
0.122918
0.122925
0.122932
0.122939
0.122946
0.122953
0.12296
0.122967
0.122974
0.12298
0.122987
0.122993
0.123
0.123006
0.123012
0.123018
0.123025
0.123031
0.123037
0.123043
0.12305
0.123056
0.123062
0.123068
0.123074
0.123079
0.123085
0.123091
0.123096
0.123102
0.123107
0.123113
0.123118
0.123124
0.123129
0.123134
0.12314
0.123145
0.123151
0.123157
0.123163
0.123169
0.123175
0.123181
0.123187
0.123193
0.1232
0.123206
0.123212
0.123218
0.123225
0.123231
0.123238
0.123245
0.123252
0.12326
0.123267
0.123275
0.123283
0.123292
0.1233
0.123309
0.123318
0.123328
0.123338
0.123349
0.123359
0.123371
0.123382
0.123395
0.123407
0.123421
0.123435
0.123451
0.123468
0.123487
0.123507
0.123529
0.123552
0.123577
0.123604
0.123633
0.123663
0.123695
0.123729
0.123765
0.123803
0.123843
0.123885
0.12393
0.123976
0.124025
0.124076
0.124129
0.124184
0.124242
0.124302
0.124364
0.124428
0.124495
0.124564
0.124636
0.12471
0.124786
0.124864
0.124945
0.125027
0.125112
0.125199
0.125289
0.12538
0.125473
0.125569
0.125666
0.125765
0.125867
0.12597
0.126075
0.126181
0.12629
0.126402
0.126516
0.126634
0.126758
0.126887
0.127024
0.12717
0.127326
0.127492
0.12767
0.127858
0.128058
0.128269
0.12849
0.128722
0.128963
0.129214
0.129475
0.129746
0.130027
0.130318
0.130618
0.130928
0.131247
0.131576
0.131914
0.132263
0.132621
0.132989
0.133367
0.133755
0.134154
0.134564
0.134984
0.135415
0.135858
0.136313
0.136779
0.137258
0.137749
0.138253
0.13877
0.1393
0.139845
0.140403
0.140977
0.141565
0.142169
0.142789
0.143425
0.144078
0.144748
0.145436
0.146143
0.146868
0.147613
0.148378
0.149163
0.14997
0.150798
0.151649
0.152524
0.153422
0.154345
0.155293
0.156267
0.157269
0.158298
0.159356
0.160444
0.161562
0.162712
0.163895
0.165111
0.166363
0.167649
0.168974
0.170333
0.171759
0.173062
0.175371
0.179272
0.183712
0.188506
0.193635
0.199112
0.204954
0.211178
0.217806
0.224857
0.232269
0.239992
0.248022
0.256373
0.265031
0.274117
0.28379
0.294125
0.305174
0.316983
0.329592
0.343057
0.357413
0.372694
0.388933
0.40616
0.424401
0.443678
0.464004
0.485409
0.507891
0.531447
0.556061
0.581721
0.608401
0.636084
0.664734
0.69429
0.724745
0.756107
0.78822
0.82112
0.854784
0.889106
0.924093
0.959697
0.995896
1.03259
1.06993
1.10767
1.14606
1.18486
1.22452
1.26545
1.30787
1.35191
1.39768
1.4453
1.4949
1.54663
1.60065
1.65714
1.71631
1.77837
1.84356
1.91213
1.98434
2.06049
2.14087
2.2258
2.31555
2.41041
2.51062
2.6164
2.72794
2.84539
2.96888
3.0985
3.23422
3.37578
3.52282
3.67487
3.83148
3.99209
4.15631
4.32374
4.49244
4.66092
4.82867
4.99571
5.16259
5.32901
5.49982
5.66229
5.82439
5.99638
6.18273
6.38798
6.61368
6.86826
7.20559
7.58934
7.82992
7.98939
8.05216
8.012
7.8895
7.7107
7.49774
7.26719
7.02772
6.79107
6.56736
6.35455
6.14588
5.93388
5.71326
5.48282
5.24487
5.00084
4.75381
4.5188
4.30644
4.10662
3.91775
3.74113
3.57686
3.423
3.2814
3.15098
3.024
2.90004
2.78253
2.67592
2.58152
2.49721
2.42056
2.35102
2.28836
2.23361
2.1854
2.14262
2.10474
2.0714
2.04209
2.01618
1.9932
1.97281
1.95477
1.93886
1.92488
1.91267
1.90201
1.89276
1.8848
1.87804
1.87232
1.86746
1.8633
1.85969
1.85657
1.85413
1.85254
1.85173
1.85148
1.8518
1.85288
1.85482
1.85746
1.86063
1.86444
1.86917
1.8748
1.88111
1.88799
1.89568
1.90439
1.914
1.92422
1.93516
1.94731
1.96086
1.97539
1.99055
2.00669
2.02446
2.04403
2.06519
2.08782
2.11196
2.13773
2.1653
2.19484
2.22662
2.26095
2.298
2.33772
2.38023
2.42621
2.47655
2.53148
2.59087
2.65527
2.72609
2.80472
2.89202
2.9888
3.09622
3.21573
3.34911
3.49825
3.66612
3.85785
4.07929
4.33397
4.62278
4.96412
5.42047
6.0052
6.77044
7.6747
8.53199
9.22887
9.74956
10.1099
11.0046
12.1756
20.5957
39.5476
72.675
116.44
166.913
220.183
272.867
322.193
366.37
404.66
437.2
464.684
488.083
508.422
526.61
543.347
559.088
574.05
588.305
601.789
614.327
625.774
636.067
645.14
652.963
659.58
665.091
669.581
673.184
676.037
678.268
679.992
681.312
682.298
683.007
683.494
683.951
684.408
684.876
685.37
685.865
686.318
686.683
686.875
686.665
685.951
684.689
682.87
680.599
678.128
675.577
672.935
670.3
667.733
664.732
661.456
658.06
654.583
651.032
647.412
643.721
639.961
636.131
632.232
628.264
624.226
620.119
615.944
611.699
607.385
603.002
598.549
594.027
589.436
584.775
580.046
575.247
570.38
565.445
560.441
555.37
550.232
545.027
539.755
534.418
529.015
523.548
518.019
512.427
506.774
501.062
495.293
489.468
483.59
477.662
471.685
465.663
459.599
453.497
447.36
441.192
434.996
428.778
422.541
416.29
410.03
403.764
397.498
391.237
384.984
378.745
372.525
366.327
360.157
354.018
347.914
341.851
335.83
329.858
323.935
318.067
312.256
306.504
300.815
295.19
289.633
284.145
278.727
273.381
268.108
262.91
257.786
252.739
247.767
242.871
238.051
233.308
228.639
224.046
219.526
215.08
210.705
206.402
202.167
198.001
193.9
189.869
185.864
181.626
177.007
172.014
166.658
161.033
155.29
149.254
144.176
135.034
0.122538
0.122546
0.12256
0.122575
0.122589
0.122604
0.122618
0.122632
0.122646
0.12266
0.122673
0.122686
0.122698
0.122711
0.122723
0.122735
0.122746
0.122758
0.122769
0.12278
0.122791
0.122801
0.122812
0.122822
0.122832
0.122842
0.122852
0.122861
0.122871
0.12288
0.122889
0.122898
0.122907
0.122916
0.122925
0.122934
0.122942
0.122951
0.122959
0.122967
0.122976
0.122984
0.122992
0.123
0.123008
0.123015
0.123023
0.123031
0.123038
0.123046
0.123053
0.123061
0.123068
0.123075
0.123083
0.12309
0.123097
0.123104
0.123111
0.123118
0.123125
0.123132
0.123139
0.123146
0.123153
0.12316
0.123166
0.123173
0.12318
0.123187
0.123193
0.1232
0.123207
0.123213
0.12322
0.123227
0.123233
0.12324
0.123246
0.123253
0.12326
0.123266
0.123273
0.123279
0.123286
0.123293
0.123299
0.123306
0.123312
0.123319
0.123326
0.123332
0.123339
0.123345
0.123352
0.123359
0.123366
0.123372
0.123379
0.123386
0.123393
0.1234
0.123406
0.123413
0.12342
0.123427
0.123434
0.123442
0.123449
0.123456
0.123463
0.123471
0.123478
0.123486
0.123493
0.1235
0.123508
0.123516
0.123523
0.123531
0.123539
0.123547
0.123555
0.123563
0.123571
0.123579
0.123588
0.123596
0.123605
0.123614
0.123622
0.123631
0.12364
0.123649
0.123656
0.123665
0.123677
0.123688
0.123699
0.12371
0.12372
0.123731
0.123742
0.123753
0.123764
0.123776
0.123788
0.123799
0.123812
0.123824
0.123836
0.123849
0.123862
0.123875
0.123889
0.123903
0.123916
0.123931
0.123945
0.12396
0.123975
0.123991
0.124006
0.124022
0.124039
0.124056
0.124073
0.124091
0.12411
0.124128
0.124148
0.124168
0.124188
0.124209
0.12423
0.124252
0.124275
0.124298
0.124321
0.124345
0.12437
0.124395
0.124421
0.124448
0.124475
0.124502
0.124531
0.12456
0.12459
0.12462
0.124652
0.124684
0.124717
0.12475
0.124785
0.12482
0.124856
0.124893
0.124931
0.12497
0.125009
0.12505
0.125092
0.125135
0.125179
0.125224
0.12527
0.125317
0.125366
0.125416
0.125467
0.125519
0.125573
0.125629
0.125685
0.125743
0.125803
0.125865
0.125928
0.125992
0.126059
0.126127
0.126197
0.126269
0.126343
0.12642
0.126498
0.126578
0.126661
0.126746
0.126833
0.126923
0.127015
0.127111
0.127208
0.127309
0.127412
0.127519
0.127629
0.127745
0.127865
0.127989
0.128117
0.128249
0.128386
0.128528
0.128674
0.128893
0.129227
0.129681
0.130263
0.130986
0.131862
0.132921
0.134226
0.135819
0.137734
0.140011
0.142695
0.145838
0.149493
0.153713
0.158558
0.164089
0.17037
0.177466
0.185442
0.194374
0.204324
0.215362
0.227547
0.240948
0.255611
0.27166
0.288731
0.30665
0.325387
0.344953
0.36526
0.386337
0.408175
0.430708
0.453939
0.477836
0.502376
0.527486
0.553256
0.579498
0.60638
0.633718
0.6618
0.690912
0.721194
0.752717
0.785543
0.819733
0.855356
0.892491
0.931227
0.971662
1.0139
1.05808
1.10432
1.15278
1.20363
1.25707
1.31331
1.37259
1.43517
1.50136
1.57147
1.64585
1.72485
1.80886
1.89828
1.99352
2.09501
2.20318
2.31841
2.44102
2.57127
2.70933
2.85528
3.00911
3.17084
3.34011
3.51624
3.69838
3.8857
4.077
4.27212
4.46896
4.66516
4.85961
5.05238
5.24321
5.43613
5.622
5.80037
5.97706
6.10598
6.20961
6.27816
6.30403
6.28783
6.23276
6.14182
6.01768
5.8634
5.68098
5.47153
5.23785
4.98488
4.71741
4.44055
4.16152
3.88796
3.62352
3.3715
3.14385
2.94653
2.76836
2.60616
2.45937
2.32669
2.20559
2.09656
1.99806
1.90424
1.81456
1.73109
1.65647
1.59118
1.53354
1.48174
1.43527
1.39379
1.35785
1.32647
1.29882
1.2745
1.25324
1.23466
1.21833
1.20394
1.19127
1.18012
1.17037
1.16187
1.1545
1.14813
1.14267
1.13804
1.13416
1.13095
1.1283
1.1261
1.12427
1.12277
1.1217
1.12116
1.12109
1.12139
1.12204
1.12316
1.12479
1.12684
1.12922
1.13199
1.13529
1.13913
1.14336
1.14795
1.153
1.15865
1.16483
1.17136
1.17832
1.18598
1.19443
1.20346
1.21285
1.22282
1.23372
1.24564
1.25846
1.27212
1.28664
1.3021
1.31858
1.33619
1.35506
1.37538
1.39725
1.42062
1.44558
1.47251
1.50189
1.53387
1.56837
1.60572
1.64672
1.69215
1.74254
1.79838
1.86039
1.9295
2.00683
2.09367
2.19203
2.30532
2.43773
2.59251
2.77186
2.98892
3.29225
3.70305
4.29731
5.10925
6.06774
7.0726
7.96683
8.68453
9.1883
9.56335
10.4515
11.6166
18.7298
34.3301
60.438
96.3282
138.846
185.199
232.534
278.409
321.007
359.325
393.015
422.203
447.323
468.968
487.779
504.341
519.161
532.61
544.898
556.162
566.527
576.05
584.736
592.595
599.654
605.965
611.579
616.524
620.831
624.538
627.694
630.357
632.574
634.376
635.797
636.825
637.497
637.865
637.93
637.687
637.128
636.239
634.964
633.285
631.206
628.739
625.961
623.041
620.059
617.005
613.947
610.927
607.594
604.048
600.394
596.655
592.834
588.93
584.942
580.866
576.703
572.448
568.101
563.661
559.125
554.493
549.764
544.937
540.012
534.988
529.866
524.647
519.332
513.921
508.418
502.822
497.137
491.363
485.503
479.559
473.533
467.429
461.25
454.998
448.678
442.293
435.849
429.348
422.798
416.201
409.565
402.894
396.195
389.473
382.735
375.986
369.233
362.483
355.741
349.013
342.307
335.629
328.983
322.376
315.814
309.302
302.845
296.449
290.118
283.856
277.668
271.557
265.528
259.583
253.725
247.957
242.282
236.701
231.217
225.83
220.542
215.355
210.267
205.281
200.395
195.61
190.926
186.341
181.856
177.469
173.179
168.985
164.886
160.879
156.964
153.139
149.402
145.751
142.183
138.698
135.292
131.963
128.711
125.53
122.425
119.358
116.126
112.617
108.842
104.821
100.634
96.3978
91.9994
88.3228
81.8347
0.122539
0.12255
0.122567
0.122582
0.122598
0.122614
0.122629
0.122644
0.122659
0.122673
0.122687
0.122701
0.122715
0.12273
0.122744
0.122759
0.122773
0.122788
0.122803
0.122818
0.122834
0.122849
0.122864
0.122879
0.122894
0.122909
0.122924
0.122939
0.122954
0.122969
0.122984
0.122998
0.123013
0.123028
0.123042
0.123056
0.123071
0.123085
0.123099
0.123114
0.123128
0.123142
0.123156
0.12317
0.123184
0.123198
0.123211
0.123225
0.123239
0.123253
0.123266
0.12328
0.123294
0.123307
0.123321
0.123334
0.123348
0.123361
0.123374
0.123388
0.123401
0.123415
0.123428
0.123441
0.123454
0.123468
0.123481
0.123494
0.123507
0.123521
0.123534
0.123547
0.12356
0.123573
0.123586
0.1236
0.123613
0.123626
0.123639
0.123652
0.123665
0.123679
0.123692
0.123705
0.123718
0.123731
0.123744
0.123758
0.123771
0.123784
0.123797
0.123811
0.123824
0.123837
0.123851
0.123864
0.123877
0.123891
0.123904
0.123918
0.123931
0.123945
0.123958
0.123972
0.123986
0.123999
0.124013
0.124027
0.12404
0.124054
0.124068
0.124082
0.124095
0.124109
0.124123
0.124137
0.124151
0.124165
0.124179
0.124193
0.124207
0.124221
0.124236
0.12425
0.124264
0.124279
0.124293
0.124308
0.124322
0.124337
0.124351
0.124366
0.124381
0.124396
0.124411
0.124426
0.124441
0.124457
0.124472
0.124488
0.124503
0.124519
0.124535
0.124551
0.124567
0.124583
0.124599
0.124616
0.124632
0.124649
0.124666
0.124683
0.124701
0.124718
0.124736
0.124753
0.124771
0.12479
0.124808
0.124827
0.124846
0.124865
0.124884
0.124904
0.124923
0.124944
0.124964
0.124985
0.125005
0.125027
0.125048
0.12507
0.125092
0.125115
0.125138
0.125161
0.125185
0.125209
0.125233
0.125258
0.125284
0.12531
0.125336
0.125363
0.12539
0.125418
0.125446
0.125475
0.125504
0.125534
0.125565
0.125596
0.125629
0.125661
0.125695
0.125729
0.125764
0.125799
0.125836
0.125873
0.125911
0.12595
0.12599
0.126031
0.126073
0.126116
0.12616
0.126205
0.126251
0.126298
0.126347
0.126396
0.126447
0.126499
0.126553
0.126608
0.126664
0.126722
0.126781
0.126842
0.126905
0.126969
0.127035
0.127103
0.127172
0.127244
0.127317
0.127393
0.12747
0.12755
0.127632
0.127716
0.127803
0.127892
0.127983
0.128077
0.128174
0.128275
0.12837
0.128452
0.128535
0.128621
0.128711
0.128804
0.128902
0.129004
0.129112
0.129217
0.129361
0.129481
0.129618
0.129762
0.129956
0.130149
0.130335
0.130521
0.130709
0.130902
0.1311
0.131304
0.131515
0.131732
0.131955
0.132186
0.132425
0.132672
0.132926
0.13319
0.133462
0.133743
0.134034
0.134335
0.134646
0.135337
0.136489
0.138141
0.140336
0.143138
0.146576
0.150693
0.155523
0.161085
0.167417
0.174538
0.18247
0.191219
0.20084
0.211285
0.222643
0.234857
0.24809
0.262514
0.278242
0.295373
0.313982
0.33427
0.355816
0.378565
0.40255
0.427828
0.454466
0.482535
0.512115
0.54329
0.576151
0.610799
0.647345
0.68591
0.726631
0.76966
0.815169
0.863351
0.914422
0.968627
1.02624
1.08756
1.15292
1.2227
1.29732
1.37724
1.46295
1.55499
1.6539
1.76021
1.8745
1.99733
2.12922
2.2706
2.42175
2.58284
2.75382
2.93472
3.12516
3.32428
3.53108
3.74411
3.96281
4.18454
4.41021
4.61593
4.74295
4.8292
4.87364
4.87272
4.8268
4.73823
4.60986
4.44564
4.25106
4.03157
3.79265
3.54132
3.28543
3.03111
2.78339
2.5477
2.32857
2.12691
1.94331
1.78371
1.64964
1.53226
1.42844
1.33684
1.2556
1.18283
1.1185
1.06147
1.00832
0.95864
0.913379
0.873702
0.839621
0.810077
0.784015
0.761046
0.740905
0.723779
0.709106
0.696425
0.685492
0.676133
0.668144
0.661303
0.65544
0.650437
0.646198
0.642644
0.639709
0.637327
0.635435
0.63398
0.632925
0.632237
0.631868
0.631768
0.631893
0.632197
0.632669
0.633345
0.634269
0.635418
0.636739
0.638229
0.639934
0.641876
0.644016
0.646309
0.648785
0.651504
0.654467
0.657617
0.660929
0.664456
0.668255
0.672295
0.676503
0.680911
0.685634
0.690718
0.696066
0.70159
0.707381
0.713616
0.720338
0.727497
0.735065
0.743055
0.751499
0.760439
0.769926
0.780027
0.790825
0.802366
0.81464
0.82768
0.841665
0.856824
0.873225
0.890833
0.909799
0.930493
0.953285
0.978411
1.0061
1.03668
1.07057
1.10831
1.15049
1.19804
1.25258
1.31613
1.39032
1.47649
1.58111
1.72901
1.93362
2.24425
2.70867
3.34341
4.14632
5.05966
6.01022
6.8744
7.5945
8.0797
8.44688
9.2252
10.159
13.2761
21.344
35.6182
56.6698
85.3953
118.797
154.885
191.969
228.64
263.793
296.625
326.606
353.586
377.645
399.032
418.031
434.884
449.845
463.201
475.172
485.908
495.547
504.215
512.041
519.135
525.56
531.363
536.584
541.266
545.463
549.213
552.54
555.452
557.884
559.843
561.373
562.447
563.027
563.084
562.581
561.457
559.704
557.334
554.377
550.944
547.293
543.544
539.684
535.815
532.004
527.718
523.116
518.359
513.485
508.503
503.416
498.223
492.926
487.526
482.024
476.422
470.722
464.925
459.036
453.055
446.987
440.835
434.603
428.295
421.914
415.464
408.947
402.367
395.726
389.028
382.279
375.483
368.645
361.773
354.871
347.947
341.007
334.059
327.109
320.165
313.234
306.324
299.441
292.592
285.786
279.028
272.326
265.685
259.112
252.614
246.194
239.859
233.613
227.462
221.408
215.456
209.61
203.872
198.245
192.731
187.332
182.05
176.886
171.84
166.914
162.108
157.421
152.854
148.407
144.079
139.868
135.774
131.794
127.927
124.171
120.523
116.982
113.546
110.213
106.979
103.842
100.801
97.8517
94.9928
92.2213
89.5347
86.9305
84.4061
81.9589
79.5866
77.2864
75.0561
72.8932
70.7953
68.76
66.7851
64.8676
63.0095
61.1857
59.2689
57.1924
54.9677
52.612
50.1784
47.7396
45.2323
43.1489
39.5384
0.122539
0.122559
0.122592
0.122621
0.122649
0.122674
0.122698
0.122719
0.122737
0.122753
0.122768
0.122784
0.1228
0.122816
0.122833
0.12285
0.122866
0.122883
0.1229
0.122917
0.122934
0.122951
0.122968
0.122984
0.123001
0.123017
0.123033
0.12305
0.123065
0.123082
0.1231
0.123117
0.123133
0.123148
0.123163
0.123178
0.123193
0.123208
0.123222
0.123237
0.123251
0.123266
0.12328
0.123295
0.12331
0.123324
0.123339
0.123354
0.123368
0.123383
0.123397
0.123412
0.123426
0.123441
0.123456
0.123471
0.123486
0.123501
0.123515
0.12353
0.123544
0.123558
0.123573
0.123587
0.123601
0.123615
0.12363
0.123644
0.123658
0.123672
0.123686
0.1237
0.123714
0.123728
0.123742
0.123756
0.12377
0.123784
0.123798
0.123812
0.123826
0.12384
0.123854
0.123868
0.123883
0.123897
0.123911
0.123925
0.123939
0.123953
0.123967
0.123981
0.123995
0.124009
0.124024
0.124038
0.124052
0.124066
0.124081
0.124095
0.124109
0.124123
0.124138
0.124152
0.124167
0.124181
0.124196
0.12421
0.124225
0.124239
0.124254
0.124269
0.124283
0.124298
0.124313
0.124328
0.124343
0.124358
0.124373
0.124388
0.124403
0.124418
0.124434
0.124449
0.124465
0.12448
0.124496
0.124511
0.124527
0.124543
0.124559
0.124575
0.124591
0.124607
0.124624
0.12464
0.124657
0.124673
0.12469
0.124707
0.124724
0.124741
0.124758
0.124776
0.124793
0.124811
0.124829
0.124847
0.124865
0.124884
0.124902
0.124921
0.12494
0.124959
0.124979
0.124998
0.125018
0.125038
0.125058
0.125079
0.1251
0.125121
0.125142
0.125164
0.125185
0.125208
0.12523
0.125253
0.125276
0.125299
0.125323
0.125347
0.125372
0.125397
0.125422
0.125448
0.125474
0.125501
0.125528
0.125555
0.125583
0.125612
0.125641
0.125671
0.125701
0.125732
0.125763
0.125795
0.125827
0.125861
0.125894
0.125929
0.125964
0.126
0.126037
0.126075
0.126113
0.126152
0.126192
0.126233
0.126275
0.126318
0.126362
0.126407
0.126453
0.1265
0.126548
0.126597
0.126647
0.126699
0.126752
0.126806
0.126862
0.126919
0.126977
0.127037
0.127098
0.127161
0.127226
0.127292
0.12736
0.12743
0.127502
0.127575
0.127651
0.127728
0.127808
0.127889
0.127973
0.12806
0.128148
0.128239
0.128333
0.128429
0.128527
0.128629
0.128733
0.12884
0.128948
0.129057
0.129169
0.129283
0.129399
0.129519
0.129641
0.129766
0.129895
0.130026
0.130158
0.130293
0.130431
0.130568
0.130709
0.130856
0.131008
0.131164
0.131326
0.131493
0.131665
0.131843
0.132026
0.132216
0.132411
0.132613
0.132822
0.133038
0.133261
0.133493
0.13373
0.133978
0.13423
0.134495
0.134767
0.13508
0.135379
0.135715
0.136097
0.136531
0.136974
0.13742
0.137873
0.138336
0.13881
0.139297
0.139798
0.140314
0.140845
0.141392
0.141956
0.142537
0.143138
0.143761
0.144405
0.145074
0.145781
0.146941
0.148594
0.150807
0.153655
0.157208
0.161538
0.166723
0.172845
0.179991
0.188256
0.197743
0.208558
0.220821
0.234656
0.250201
0.267603
0.287026
0.308645
0.332656
0.359272
0.388739
0.42128
0.45738
0.496735
0.539203
0.584967
0.634317
0.6876
0.745207
0.807575
0.875193
0.948602
1.02839
1.11521
1.20971
1.31257
1.4245
1.54619
1.6783
1.82141
1.97586
2.14214
2.31913
2.51226
2.69762
2.80126
2.8586
2.87547
2.85203
2.79084
2.69596
2.57104
2.4217
2.25518
2.07843
1.89777
1.71954
1.54937
1.3907
1.24556
1.11557
1.00147
0.902085
0.81624
0.7451
0.687811
0.63969
0.598763
0.563987
0.534474
0.509373
0.488261
0.470357
0.454296
0.4398
0.42705
0.416286
0.407396
0.399981
0.393677
0.388342
0.383877
0.380326
0.377505
0.375269
0.373542
0.372271
0.371393
0.370844
0.370573
0.370547
0.370739
0.371125
0.371687
0.372406
0.373263
0.374245
0.37534
0.37654
0.377831
0.379199
0.38063
0.382112
0.383642
0.385231
0.386894
0.388623
0.390402
0.392232
0.394127
0.396095
0.398123
0.400199
0.402332
0.404543
0.40683
0.409178
0.411579
0.414051
0.416612
0.419253
0.421952
0.424719
0.427592
0.430588
0.433675
0.436826
0.440072
0.44346
0.447007
0.450696
0.454519
0.458482
0.462595
0.466872
0.471332
0.475997
0.480895
0.486044
0.491443
0.497105
0.503092
0.509479
0.516295
0.523532
0.531247
0.539564
0.548613
0.558481
0.569252
0.581047
0.594014
0.60834
0.624233
0.642015
0.662237
0.685583
0.712602
0.743746
0.781193
0.833401
0.905035
1.01375
1.18088
1.42736
1.7802
2.25887
2.86531
3.57208
4.33928
5.06146
5.72234
6.13873
6.49943
6.92626
7.60552
8.50716
9.32822
12.7602
19.4676
29.6945
43.4469
60.4923
80.5723
103.006
126.207
149.348
171.89
193.518
214.03
233.249
251.104
267.652
282.949
297.028
309.958
321.815
332.684
342.678
351.862
360.289
368.009
375.077
381.561
387.508
392.946
397.884
402.218
405.944
409.118
411.689
413.588
414.765
415.123
414.468
412.761
410.031
406.345
401.922
397.203
392.391
387.471
382.605
377.89
372.526
366.783
360.91
354.967
348.973
342.932
336.851
330.733
324.583
318.406
312.205
305.986
299.755
293.515
287.274
281.035
274.806
268.589
262.383
256.186
249.978
243.765
237.554
231.357
225.184
219.043
212.947
206.903
200.922
195.009
189.172
183.417
177.752
172.181
166.709
161.342
156.082
150.935
145.902
140.987
136.191
131.517
126.966
122.539
118.236
114.057
110.002
106.071
102.263
98.5772
95.0113
91.5643
88.2343
85.0194
81.9173
78.9258
76.0425
73.2647
70.5899
68.0154
65.5384
63.1561
60.8653
58.6627
56.5456
54.5111
52.5562
50.6783
48.8745
47.1421
45.4784
43.8809
42.3469
40.874
39.4596
38.1015
36.7974
35.5449
34.3419
33.1863
32.076
31.0092
29.9839
28.9983
28.0506
27.1391
26.2623
25.4185
24.6063
23.8243
23.0711
22.345
21.6466
20.9654
20.2495
19.473
18.6417
17.7642
16.8634
15.9677
15.0595
14.3119
13.0589
0.122544
0.122588
0.122651
0.122706
0.122752
0.122792
0.122826
0.122855
0.12288
0.122902
0.122922
0.12294
0.122956
0.12297
0.122984
0.122997
0.12301
0.123021
0.123031
0.123041
0.12305
0.123059
0.123067
0.123073
0.12308
0.123087
0.123094
0.123101
0.123108
0.123115
0.123122
0.123129
0.123135
0.12314
0.123145
0.12315
0.123154
0.123158
0.123163
0.123167
0.123171
0.123174
0.123178
0.123181
0.123185
0.123188
0.123191
0.123194
0.123197
0.1232
0.123202
0.123205
0.123208
0.12321
0.123213
0.123215
0.123217
0.12322
0.123222
0.123224
0.123226
0.123228
0.12323
0.123232
0.123234
0.123236
0.123238
0.12324
0.123242
0.123243
0.123245
0.123247
0.123249
0.12325
0.123252
0.123253
0.123255
0.123257
0.123258
0.12326
0.123261
0.123263
0.123264
0.123266
0.123267
0.123268
0.12327
0.123271
0.123273
0.123274
0.123275
0.123277
0.123278
0.123279
0.12328
0.123282
0.123283
0.123284
0.123285
0.123287
0.123288
0.123289
0.12329
0.123292
0.123293
0.123294
0.123295
0.123296
0.123297
0.123299
0.1233
0.123301
0.123302
0.123303
0.123304
0.123306
0.123307
0.123308
0.123309
0.12331
0.123311
0.123313
0.123314
0.123315
0.123316
0.123317
0.123319
0.12332
0.123321
0.123322
0.123324
0.123325
0.123326
0.123328
0.123329
0.12333
0.123332
0.123333
0.123335
0.123336
0.123338
0.123339
0.123341
0.123343
0.123345
0.123347
0.123348
0.12335
0.123353
0.123355
0.123357
0.123359
0.123362
0.123364
0.123367
0.12337
0.123373
0.123376
0.12338
0.123383
0.123387
0.123391
0.123395
0.123399
0.123404
0.123409
0.123414
0.12342
0.123426
0.123432
0.123438
0.123445
0.123452
0.123459
0.123467
0.123474
0.123482
0.12349
0.123499
0.123508
0.123517
0.123526
0.123536
0.123546
0.123556
0.123566
0.123577
0.123588
0.1236
0.123612
0.123624
0.123637
0.12365
0.123664
0.123678
0.123693
0.123708
0.123723
0.123739
0.123754
0.123769
0.123786
0.123804
0.123824
0.123845
0.123868
0.12389
0.123913
0.123936
0.12396
0.123985
0.12401
0.124036
0.124063
0.124091
0.12412
0.12415
0.12418
0.124212
0.124245
0.124279
0.124314
0.12435
0.124389
0.12443
0.124475
0.124523
0.124575
0.124631
0.12469
0.124753
0.12482
0.124892
0.124967
0.125048
0.125133
0.125222
0.125312
0.125434
0.125592
0.125761
0.125934
0.12611
0.126289
0.126471
0.126656
0.126844
0.127035
0.127229
0.127427
0.127629
0.127834
0.128042
0.128255
0.128474
0.128698
0.128929
0.129166
0.129408
0.129657
0.129912
0.130172
0.130439
0.130701
0.130968
0.131244
0.131526
0.131819
0.132129
0.132448
0.132773
0.133104
0.133442
0.133787
0.134133
0.134476
0.134816
0.135164
0.135522
0.135891
0.136271
0.136663
0.137067
0.137483
0.137911
0.138353
0.138807
0.139276
0.139758
0.140255
0.140768
0.141296
0.141841
0.142405
0.142986
0.143589
0.144214
0.144889
0.145624
0.146387
0.147169
0.147971
0.148793
0.149636
0.150504
0.151396
0.152316
0.153263
0.154241
0.155249
0.15629
0.157365
0.158476
0.159623
0.160809
0.162035
0.163295
0.165146
0.167899
0.171702
0.176698
0.183041
0.190903
0.200473
0.21197
0.225635
0.241747
0.260622
0.28262
0.308155
0.337699
0.371787
0.411025
0.456099
0.507785
0.566913
0.634533
0.711036
0.800236
0.891763
0.939953
0.962088
0.963375
0.945
0.909492
0.860418
0.802026
0.739416
0.676879
0.617331
0.562528
0.513566
0.470899
0.434271
0.403165
0.377102
0.355526
0.337669
0.32297
0.31139
0.302506
0.295318
0.289445
0.284685
0.280841
0.277716
0.275252
0.273317
0.27167
0.270282
0.269202
0.268487
0.268119
0.268023
0.268133
0.268426
0.268885
0.269526
0.270312
0.271213
0.272216
0.27331
0.274484
0.275724
0.277021
0.278367
0.279758
0.281189
0.282656
0.284155
0.285683
0.287237
0.288814
0.290413
0.29203
0.293664
0.29531
0.296967
0.298633
0.300312
0.302007
0.303717
0.305437
0.307169
0.308915
0.310677
0.312454
0.314241
0.316042
0.31786
0.319696
0.321546
0.323409
0.325288
0.327188
0.329106
0.331038
0.332986
0.334959
0.33696
0.338981
0.341017
0.343073
0.345148
0.347245
0.349359
0.35149
0.353639
0.355807
0.357996
0.360207
0.362444
0.36471
0.367007
0.369334
0.371694
0.374094
0.376545
0.379049
0.381606
0.384224
0.386921
0.389716
0.39262
0.395648
0.398818
0.402155
0.405688
0.409454
0.413507
0.417938
0.422858
0.428353
0.434504
0.441752
0.451397
0.464235
0.483012
0.510907
0.55254
0.617243
0.720017
0.878466
1.111
1.43014
1.84021
2.32698
2.81721
3.28886
3.67347
3.94325
4.20616
4.4634
4.79626
5.25242
5.75818
6.27804
6.76747
7.70904
9.90016
13.3386
17.9119
23.4693
29.854
36.8984
44.4156
52.241
60.2623
68.3693
76.4477
84.3971
92.2171
99.7616
106.962
113.794
120.243
126.305
131.989
137.322
142.318
146.979
151.294
155.138
158.48
161.362
163.717
165.462
166.521
166.822
166.329
165.041
162.997
160.267
157.035
153.64
150.233
146.806
143.47
140.29
136.731
132.989
129.231
125.5
121.807
118.156
114.55
110.992
107.482
104.024
100.619
97.2691
93.9762
90.742
87.568
84.4559
81.4071
78.4227
75.5042
72.6523
69.8728
67.183
64.5858
62.0804
59.665
57.338
55.0966
52.9382
50.8607
48.8621
46.9401
45.0928
43.3181
41.6137
39.9775
38.4075
36.9014
35.4573
34.0729
32.7461
31.4751
30.2576
29.0918
27.9757
26.9074
25.885
24.9067
23.9707
23.0753
22.2188
21.3996
20.616
19.8667
19.15
18.4645
17.809
17.1819
16.5822
16.0084
15.4595
14.9343
14.4312
13.9488
13.4861
13.0422
12.6164
12.2078
11.8158
11.4395
11.0784
10.7317
10.3988
10.0791
9.77205
9.47705
9.19357
8.9211
8.65915
8.40724
8.16493
7.93179
7.7074
7.49138
7.28334
7.08292
6.88979
6.70361
6.52408
6.3509
6.18379
6.02249
5.86667
5.71652
5.56893
5.41048
5.23506
5.04465
4.84168
4.63239
4.42293
4.21259
4.03063
3.75106
0.122536
0.122552
0.122581
0.122608
0.122633
0.122657
0.12268
0.122703
0.122727
0.12275
0.122774
0.122798
0.122821
0.122846
0.12287
0.122894
0.122919
0.122943
0.12297
0.122998
0.123026
0.123052
0.123077
0.123103
0.123128
0.123153
0.123179
0.123204
0.12323
0.123256
0.123281
0.123307
0.123333
0.123358
0.123384
0.123409
0.123435
0.12346
0.123485
0.12351
0.123536
0.123562
0.123588
0.123615
0.123641
0.123667
0.123694
0.12372
0.123746
0.123773
0.123799
0.123826
0.123852
0.123878
0.123906
0.123934
0.123961
0.123989
0.124016
0.124043
0.12407
0.124097
0.124124
0.124151
0.124177
0.124204
0.124231
0.124257
0.124284
0.12431
0.124337
0.124363
0.12439
0.124416
0.124442
0.124469
0.124495
0.124521
0.124548
0.124574
0.1246
0.124626
0.124652
0.124679
0.124705
0.124731
0.124757
0.124783
0.124809
0.124835
0.124861
0.124886
0.124912
0.124938
0.124964
0.124989
0.125015
0.125041
0.125066
0.125092
0.125117
0.125143
0.125168
0.125193
0.125218
0.125244
0.125269
0.125294
0.125319
0.125344
0.125369
0.125393
0.125418
0.125443
0.125467
0.125492
0.125516
0.125541
0.125565
0.125589
0.125613
0.125637
0.125661
0.125685
0.125709
0.125733
0.125756
0.125779
0.125803
0.125826
0.125849
0.125872
0.125895
0.125918
0.12594
0.125963
0.125985
0.126007
0.126029
0.126051
0.126073
0.126094
0.126115
0.126137
0.126158
0.126179
0.126199
0.12622
0.12624
0.12626
0.12628
0.1263
0.126319
0.126338
0.126357
0.126376
0.126394
0.126412
0.12643
0.126448
0.126465
0.126482
0.126499
0.126515
0.126531
0.126547
0.126563
0.126578
0.126592
0.126607
0.126621
0.126634
0.126647
0.12666
0.126672
0.126684
0.126695
0.126706
0.126716
0.126726
0.126736
0.126744
0.126753
0.12676
0.126767
0.126774
0.126779
0.126785
0.126789
0.126793
0.126796
0.126798
0.126799
0.126799
0.126798
0.126796
0.126795
0.126793
0.126791
0.12679
0.12679
0.126791
0.126794
0.126797
0.126802
0.126807
0.126814
0.126822
0.126831
0.126841
0.126852
0.126864
0.126878
0.126893
0.12691
0.12693
0.126951
0.126973
0.126996
0.127019
0.127044
0.127069
0.127096
0.127126
0.127158
0.127192
0.127229
0.127268
0.127308
0.127351
0.127396
0.127444
0.127493
0.127545
0.1276
0.127658
0.127717
0.127783
0.12783
0.12786
0.127894
0.127934
0.127979
0.128029
0.128085
0.128146
0.128213
0.128285
0.12836
0.128444
0.128525
0.128619
0.128723
0.128834
0.128952
0.129078
0.12921
0.12935
0.129497
0.129653
0.129817
0.129989
0.130171
0.13036
0.130557
0.130761
0.130973
0.131193
0.131423
0.131664
0.131916
0.132178
0.132452
0.132737
0.133033
0.13334
0.133657
0.133984
0.134321
0.134667
0.135025
0.135392
0.135771
0.136161
0.136563
0.136976
0.137402
0.13784
0.138291
0.138756
0.139234
0.139727
0.140236
0.14076
0.141301
0.141857
0.142426
0.143007
0.143606
0.144224
0.144862
0.145521
0.146202
0.146905
0.147631
0.148381
0.149155
0.149955
0.15078
0.151633
0.152514
0.153423
0.154363
0.155333
0.156335
0.15737
0.15844
0.159542
0.160657
0.161765
0.162991
0.164262
0.165561
0.166889
0.16825
0.16965
0.171094
0.172587
0.174132
0.175735
0.177399
0.179127
0.180925
0.182797
0.184748
0.186781
0.188902
0.191116
0.19341
0.196712
0.199119
0.200998
0.202625
0.203994
0.205131
0.206076
0.206865
0.207539
0.208136
0.208682
0.209202
0.209724
0.210271
0.210853
0.211478
0.212159
0.212904
0.213707
0.214572
0.215532
0.216589
0.217697
0.218848
0.220043
0.221276
0.222539
0.223836
0.225158
0.226485
0.227816
0.229165
0.230541
0.231948
0.23338
0.234831
0.236299
0.237785
0.239294
0.240822
0.242365
0.243922
0.245493
0.247075
0.248669
0.250271
0.251882
0.2535
0.255125
0.256756
0.258394
0.260038
0.261686
0.263338
0.264996
0.266658
0.268324
0.269993
0.271666
0.273341
0.275021
0.276704
0.278392
0.280083
0.281777
0.283476
0.285179
0.286886
0.288596
0.29031
0.292031
0.293758
0.295491
0.29723
0.298977
0.300731
0.302492
0.304259
0.306034
0.307816
0.309605
0.311401
0.313202
0.315008
0.31682
0.318637
0.320457
0.322279
0.324102
0.325927
0.327751
0.329575
0.331398
0.33322
0.335039
0.336855
0.338666
0.340474
0.342278
0.344077
0.345869
0.347655
0.349435
0.351209
0.352977
0.354737
0.356489
0.358234
0.359971
0.361699
0.363419
0.365134
0.366844
0.368548
0.370251
0.371964
0.373728
0.375543
0.377455
0.37946
0.381538
0.383694
0.385928
0.388234
0.390618
0.392808
0.419192
0.481138
0.585257
0.730183
0.904102
1.08759
1.27152
1.46791
1.61718
1.74153
1.86496
1.9928
2.12379
2.26027
2.40785
2.55981
2.70982
2.85578
2.99777
3.13545
3.26829
3.39614
3.51936
3.63792
3.75167
3.85695
4.05558
4.3655
4.76837
5.24525
5.77856
6.35262
6.95498
7.57623
8.20675
8.83624
9.45071
10.0181
10.5282
10.9793
11.3484
11.6134
11.7536
11.7851
11.7608
11.6848
11.5604
11.394
11.2014
11.005
10.8104
10.6159
10.4304
10.25
10.0398
9.82187
9.60586
9.39232
9.18135
8.973
8.76732
8.56439
8.36425
8.16696
7.97259
7.78119
7.59281
7.40751
7.22534
7.04634
6.87056
6.69803
6.5288
6.3629
6.20034
6.04115
5.88535
5.73294
5.58394
5.43837
5.2959
5.15654
5.02035
4.88736
4.75759
4.63105
4.50775
4.38769
4.27085
4.1572
4.04674
3.93942
3.8352
3.73405
3.63593
3.54077
3.44854
3.35918
3.27262
3.18882
3.1077
3.02922
2.9533
2.87989
2.80891
2.74031
2.67401
2.60996
2.54809
2.48834
2.43064
2.37492
2.32114
2.26922
2.2191
2.17073
2.12405
2.079
2.03552
1.99356
1.95306
1.91398
1.87626
1.83986
1.80472
1.77079
1.73804
1.70641
1.67587
1.64638
1.61788
1.59035
1.56375
1.53804
1.51318
1.48915
1.46591
1.44343
1.42169
1.40064
1.38027
1.36055
1.34146
1.32297
1.30506
1.28771
1.27095
1.25419
1.23546
1.21395
1.19005
1.16415
1.13719
1.11
1.08289
1.05797
1.02622
0.122538
0.122549
0.122563
0.122575
0.122586
0.122595
0.122604
0.122613
0.122621
0.122629
0.122638
0.122646
0.122655
0.122665
0.122674
0.122684
0.122694
0.122705
0.122716
0.122727
0.122738
0.12275
0.122761
0.122773
0.122786
0.122798
0.122811
0.122823
0.122836
0.122849
0.122862
0.122876
0.122889
0.122903
0.122916
0.12293
0.122944
0.122958
0.122972
0.122986
0.123
0.123014
0.123029
0.123043
0.123058
0.123072
0.123087
0.123102
0.123116
0.123131
0.123146
0.123161
0.123176
0.123191
0.123206
0.123221
0.123237
0.123252
0.123267
0.123282
0.123298
0.123313
0.123328
0.123344
0.123359
0.123375
0.12339
0.123406
0.123421
0.123437
0.123452
0.123468
0.123483
0.123499
0.123514
0.12353
0.123545
0.123561
0.123576
0.123592
0.123607
0.123623
0.123638
0.123654
0.123669
0.123685
0.1237
0.123716
0.123731
0.123747
0.123762
0.123778
0.123793
0.123808
0.123824
0.123839
0.123854
0.12387
0.123885
0.1239
0.123915
0.12393
0.123945
0.12396
0.123975
0.12399
0.124005
0.12402
0.124035
0.12405
0.124065
0.124079
0.124094
0.124108
0.124123
0.124137
0.124152
0.124166
0.12418
0.124194
0.124209
0.124222
0.124236
0.12425
0.124264
0.124278
0.124291
0.124305
0.124318
0.124331
0.124344
0.124357
0.12437
0.124383
0.124395
0.124408
0.12442
0.124433
0.124445
0.124457
0.124468
0.12448
0.124491
0.124503
0.124514
0.124525
0.124535
0.124546
0.124556
0.124566
0.124576
0.124586
0.124595
0.124604
0.124613
0.124622
0.124631
0.124639
0.124647
0.124655
0.124662
0.124669
0.124676
0.124683
0.124689
0.124694
0.124699
0.124704
0.124708
0.124711
0.124714
0.124717
0.12472
0.124723
0.124725
0.124728
0.124731
0.124734
0.124738
0.124743
0.124748
0.124754
0.124761
0.124769
0.124778
0.124787
0.124797
0.124807
0.124817
0.124828
0.124839
0.12485
0.124862
0.124874
0.124887
0.1249
0.124913
0.124926
0.124941
0.124955
0.12497
0.124985
0.125001
0.125018
0.125035
0.125054
0.125073
0.125093
0.125115
0.125137
0.12516
0.125184
0.125208
0.125233
0.125259
0.125285
0.125312
0.12534
0.125371
0.125403
0.125438
0.125476
0.125516
0.125559
0.125605
0.125652
0.125701
0.125753
0.125806
0.125862
0.12592
0.12598
0.126043
0.126108
0.126176
0.126246
0.126319
0.126394
0.126479
0.126579
0.126683
0.12679
0.1269
0.127011
0.127125
0.127242
0.127361
0.127483
0.127607
0.127735
0.127866
0.128
0.128138
0.128279
0.128424
0.128574
0.128727
0.128886
0.129049
0.129217
0.12939
0.129568
0.129751
0.12994
0.130134
0.130335
0.130541
0.130754
0.130973
0.131199
0.131432
0.131673
0.131921
0.132177
0.132441
0.132714
0.132995
0.133286
0.133587
0.133897
0.134217
0.134547
0.134888
0.135239
0.135601
0.135975
0.13636
0.136756
0.137165
0.137586
0.138019
0.138467
0.138928
0.139403
0.139894
0.1404
0.140921
0.141459
0.142013
0.142583
0.14317
0.143775
0.144399
0.145041
0.145703
0.146385
0.147087
0.147812
0.148559
0.149328
0.150122
0.15094
0.151784
0.152654
0.15355
0.154472
0.155417
0.15638
0.157352
0.158325
0.159305
0.160294
0.161293
0.162305
0.163332
0.164379
0.165445
0.166541
0.167667
0.168826
0.170018
0.171245
0.172506
0.173816
0.17518
0.176593
0.178054
0.179564
0.181122
0.182752
0.184316
0.185856
0.187358
0.188806
0.190194
0.191522
0.19279
0.194001
0.195165
0.196315
0.197446
0.198561
0.199666
0.200764
0.201862
0.202962
0.204076
0.205208
0.206357
0.207539
0.208768
0.210029
0.211312
0.212617
0.213945
0.215292
0.216657
0.218042
0.219427
0.220817
0.22222
0.223638
0.22508
0.226546
0.228024
0.229518
0.231028
0.232561
0.234108
0.235669
0.237245
0.238836
0.240436
0.242047
0.243668
0.2453
0.246942
0.248589
0.250242
0.251903
0.253572
0.255248
0.25693
0.258618
0.260312
0.262011
0.263715
0.265421
0.267132
0.268846
0.270564
0.272286
0.27401
0.275738
0.277469
0.279203
0.28094
0.282677
0.284429
0.286198
0.28798
0.289773
0.291573
0.293379
0.295192
0.29701
0.298829
0.300651
0.302475
0.304303
0.306131
0.30796
0.309788
0.311614
0.313437
0.315258
0.317075
0.318888
0.320697
0.322502
0.324302
0.326098
0.327888
0.329673
0.331452
0.333225
0.334991
0.336751
0.338503
0.340247
0.341984
0.343711
0.345431
0.347141
0.348842
0.350532
0.352211
0.353877
0.355531
0.357169
0.358791
0.360395
0.361977
0.363529
0.365062
0.366583
0.368093
0.369605
0.37117
0.372736
0.374291
0.375833
0.377369
0.378926
0.380441
0.382182
0.384818
0.387545
0.390119
0.392628
0.395121
0.39762
0.400064
0.405855
0.411709
0.416566
0.420486
0.424241
0.427344
0.430382
0.433352
0.436244
0.439051
0.441773
0.444407
0.446948
0.449397
0.451761
0.454045
0.456249
0.458377
0.460442
0.462455
0.464426
0.46636
0.468259
0.470127
0.471972
0.473798
0.475609
0.477407
0.479186
0.480921
0.482615
0.484275
0.485888
0.487438
0.488911
0.490262
0.491429
0.492409
0.493212
0.493858
0.494408
0.49495
0.495499
0.49605
0.496641
0.497244
0.497707
0.498139
0.498575
0.499015
0.499459
0.499909
0.500363
0.500822
0.501286
0.501756
0.502231
0.502711
0.503198
0.50369
0.504189
0.504693
0.505204
0.505722
0.506247
0.506778
0.507316
0.507862
0.508415
0.508975
0.509543
0.510118
0.510701
0.511293
0.511892
0.512499
0.513114
0.513737
0.514368
0.515007
0.515654
0.51631
0.516973
0.517644
0.518323
0.51901
0.519704
0.520406
0.521115
0.521831
0.522555
0.523285
0.524022
0.524765
0.525515
0.526271
0.527032
0.527799
0.528571
0.529348
0.530129
0.530915
0.531705
0.532499
0.533295
0.534096
0.534898
0.535704
0.536511
0.53732
0.538131
0.538942
0.539755
0.540568
0.541382
0.542195
0.543008
0.543821
0.544634
0.545445
0.546255
0.547065
0.547873
0.54868
0.549485
0.55029
0.551093
0.551895
0.552697
0.553498
0.5543
0.555101
0.555904
0.556709
0.557516
0.558327
0.559141
0.559962
0.560789
0.561603
0.56234
0.56298
0.563534
0.564015
0.564448
0.56488
0.565244
0.565814
0.566202
0.122537
0.122542
0.12255
0.122559
0.122566
0.122573
0.122581
0.122588
0.122596
0.122604
0.122612
0.12262
0.122628
0.122636
0.122644
0.122652
0.12266
0.122668
0.122676
0.122684
0.122691
0.122699
0.122706
0.122714
0.122721
0.122729
0.122736
0.122744
0.122751
0.122758
0.122766
0.122773
0.12278
0.122787
0.122795
0.122802
0.122809
0.122816
0.122823
0.122831
0.122838
0.122845
0.122852
0.122859
0.122867
0.122874
0.122881
0.122888
0.122895
0.122902
0.12291
0.122917
0.122924
0.122931
0.122938
0.122945
0.122952
0.12296
0.122967
0.122974
0.122981
0.122988
0.122995
0.123002
0.123009
0.123017
0.123024
0.123031
0.123038
0.123045
0.123052
0.123059
0.123066
0.123073
0.12308
0.123087
0.123094
0.123101
0.123108
0.123115
0.123122
0.123129
0.123136
0.123143
0.12315
0.123157
0.123164
0.123171
0.123178
0.123184
0.123191
0.123198
0.123205
0.123211
0.123218
0.123225
0.123232
0.123238
0.123245
0.123251
0.123258
0.123264
0.123271
0.123277
0.123284
0.12329
0.123297
0.123303
0.123309
0.123316
0.123322
0.123328
0.123334
0.12334
0.123346
0.123352
0.123358
0.123364
0.12337
0.123376
0.123382
0.123388
0.123394
0.123399
0.123405
0.123411
0.123416
0.123422
0.123427
0.123432
0.123438
0.123443
0.123448
0.123454
0.123459
0.123464
0.123469
0.123473
0.123478
0.123483
0.123487
0.123492
0.123496
0.1235
0.123504
0.123508
0.123512
0.123516
0.12352
0.123523
0.123527
0.12353
0.123533
0.123537
0.12354
0.123543
0.123546
0.123549
0.123552
0.123555
0.123558
0.123561
0.123564
0.123567
0.123569
0.123572
0.123575
0.123577
0.123581
0.123584
0.123588
0.123593
0.123599
0.123605
0.123611
0.123618
0.123625
0.123632
0.12364
0.123648
0.123657
0.123666
0.123675
0.123685
0.123694
0.123704
0.123714
0.123724
0.123734
0.123745
0.123756
0.123768
0.123781
0.123795
0.12381
0.123826
0.123843
0.123861
0.12388
0.1239
0.123922
0.123945
0.123968
0.123993
0.124019
0.124046
0.124074
0.124104
0.124134
0.124166
0.124199
0.124233
0.124269
0.124306
0.124345
0.124385
0.124426
0.124469
0.124514
0.124562
0.124611
0.124662
0.124715
0.124771
0.124828
0.124888
0.124949
0.125013
0.125079
0.125148
0.125219
0.125292
0.125367
0.125445
0.125526
0.125609
0.125696
0.125785
0.125877
0.125974
0.126074
0.126178
0.126285
0.126396
0.126511
0.126629
0.12675
0.126876
0.127005
0.127139
0.127276
0.127418
0.127563
0.127714
0.127868
0.128028
0.128193
0.128362
0.128537
0.128717
0.128902
0.129092
0.129288
0.129489
0.129696
0.129909
0.130127
0.130351
0.130581
0.130817
0.131059
0.131308
0.131563
0.131825
0.132093
0.132369
0.132652
0.132942
0.133239
0.133545
0.133858
0.13418
0.13451
0.134849
0.135197
0.135554
0.135921
0.136297
0.136684
0.13708
0.137487
0.137905
0.138335
0.138776
0.139229
0.139694
0.140172
0.140663
0.141167
0.141685
0.142217
0.142764
0.143326
0.143903
0.144496
0.145105
0.145731
0.146375
0.147036
0.147715
0.148413
0.14913
0.149868
0.150625
0.151404
0.152204
0.153027
0.153872
0.15474
0.155632
0.156546
0.157484
0.158445
0.159429
0.160436
0.161468
0.162524
0.163604
0.164709
0.16584
0.166997
0.16818
0.169389
0.170627
0.171893
0.173191
0.174519
0.175879
0.177274
0.178689
0.1801
0.181511
0.182904
0.184262
0.185578
0.18685
0.188076
0.189255
0.190391
0.191486
0.192544
0.19357
0.194572
0.195556
0.196527
0.19749
0.198456
0.199426
0.200403
0.201406
0.20245
0.203518
0.204601
0.205701
0.206818
0.207947
0.209092
0.21025
0.211409
0.212567
0.213729
0.214905
0.216099
0.217311
0.218533
0.219768
0.221013
0.222276
0.223554
0.224844
0.226144
0.227455
0.228776
0.230105
0.231442
0.232786
0.234136
0.235491
0.236853
0.238219
0.23959
0.240965
0.242344
0.243727
0.245113
0.246502
0.247893
0.249285
0.250679
0.252074
0.253472
0.254872
0.256274
0.257678
0.259083
0.260491
0.261902
0.263314
0.264727
0.266143
0.267562
0.268984
0.270406
0.271831
0.273259
0.27469
0.276122
0.277557
0.278995
0.280438
0.281884
0.283331
0.284781
0.286237
0.2877
0.289169
0.290642
0.292121
0.293606
0.295096
0.296593
0.298098
0.299611
0.301132
0.302662
0.304199
0.305746
0.307306
0.308879
0.310462
0.312057
0.313667
0.315297
0.316945
0.318613
0.320301
0.32201
0.323742
0.325497
0.327278
0.329094
0.330952
0.332849
0.334778
0.336771
0.33893
0.341245
0.343781
0.346507
0.349311
0.352122
0.35489
0.357582
0.360169
0.36273
0.36486
0.366701
0.368456
0.370149
0.371787
0.37338
0.374939
0.376459
0.377975
0.379499
0.381024
0.382537
0.384034
0.385505
0.386945
0.388353
0.389726
0.391063
0.392364
0.393632
0.394864
0.396061
0.397227
0.398364
0.399472
0.400555
0.401613
0.402651
0.403673
0.40468
0.405674
0.406657
0.407631
0.408598
0.409559
0.410517
0.411472
0.412417
0.413351
0.41428
0.415201
0.416112
0.417011
0.417891
0.418743
0.419564
0.420356
0.42112
0.421868
0.422618
0.423379
0.42415
0.424937
0.425746
0.426541
0.427334
0.428137
0.428951
0.429776
0.430613
0.431461
0.432321
0.433193
0.434076
0.43497
0.435875
0.436791
0.437717
0.438655
0.439602
0.440561
0.441529
0.442507
0.443495
0.444493
0.4455
0.446517
0.447543
0.448578
0.449622
0.450674
0.451735
0.452804
0.453881
0.454965
0.456058
0.457157
0.458264
0.459377
0.460497
0.461623
0.462755
0.463894
0.465037
0.466186
0.46734
0.468499
0.469662
0.470829
0.472001
0.473176
0.474354
0.475535
0.476719
0.477906
0.479095
0.480286
0.481479
0.482673
0.483868
0.485064
0.486261
0.487459
0.488656
0.489854
0.491051
0.492248
0.493444
0.494639
0.495833
0.497026
0.498218
0.499408
0.500597
0.501784
0.502969
0.504152
0.505334
0.506513
0.507691
0.508867
0.510041
0.511214
0.512386
0.513556
0.514726
0.515894
0.517063
0.518232
0.519401
0.520571
0.521742
0.522916
0.524092
0.525272
0.526455
0.527644
0.528836
0.53001
0.531153
0.532263
0.533342
0.534383
0.535435
0.536403
0.537419
0.538908
0.122537
0.122541
0.122547
0.122553
0.122559
0.122565
0.122571
0.122576
0.122582
0.122588
0.122593
0.122598
0.122604
0.122609
0.122614
0.122619
0.122624
0.122629
0.122634
0.122639
0.122644
0.122649
0.122654
0.122659
0.122664
0.12267
0.122675
0.12268
0.122685
0.12269
0.122695
0.1227
0.122706
0.122711
0.122716
0.122721
0.122727
0.122732
0.122737
0.122743
0.122748
0.122753
0.122759
0.122764
0.122769
0.122775
0.12278
0.122786
0.122791
0.122797
0.122802
0.122808
0.122813
0.122818
0.122824
0.122829
0.122835
0.12284
0.122846
0.122851
0.122857
0.122862
0.122868
0.122873
0.122879
0.122885
0.12289
0.122896
0.122901
0.122907
0.122912
0.122918
0.122923
0.122929
0.122934
0.122939
0.122945
0.12295
0.122956
0.122961
0.122967
0.122972
0.122978
0.122983
0.122989
0.122994
0.122999
0.123005
0.12301
0.123016
0.123021
0.123026
0.123032
0.123037
0.123042
0.123048
0.123053
0.123058
0.123063
0.123069
0.123074
0.123079
0.123084
0.12309
0.123095
0.1231
0.123105
0.12311
0.123116
0.123121
0.123126
0.123131
0.123136
0.123141
0.123146
0.123151
0.123156
0.123161
0.123166
0.123171
0.123176
0.123181
0.123186
0.123191
0.123195
0.1232
0.123205
0.12321
0.123215
0.12322
0.123224
0.123229
0.123234
0.123239
0.123244
0.123248
0.123253
0.123258
0.123263
0.123268
0.123273
0.123278
0.123283
0.123288
0.123294
0.123299
0.123304
0.12331
0.123315
0.123321
0.123326
0.123332
0.123338
0.123343
0.123349
0.123355
0.123362
0.123368
0.123374
0.123381
0.123388
0.123394
0.123401
0.123408
0.123415
0.123422
0.123429
0.123437
0.123444
0.123451
0.123459
0.123467
0.123474
0.123482
0.12349
0.123499
0.123507
0.123516
0.123524
0.123533
0.123542
0.123551
0.12356
0.123568
0.123575
0.123583
0.12359
0.123598
0.123605
0.123613
0.123621
0.12363
0.123641
0.123651
0.123663
0.123676
0.123689
0.123703
0.123718
0.123734
0.123751
0.123769
0.123787
0.123807
0.123826
0.123847
0.123868
0.12389
0.123913
0.123937
0.123962
0.123988
0.124014
0.124042
0.12407
0.1241
0.12413
0.124162
0.124195
0.124229
0.124265
0.124302
0.12434
0.124379
0.12442
0.124462
0.124506
0.124552
0.124599
0.124648
0.124699
0.124751
0.124806
0.124862
0.12492
0.124981
0.125043
0.125108
0.125176
0.125249
0.125324
0.125402
0.125483
0.125567
0.125654
0.125744
0.125837
0.125933
0.126033
0.126138
0.126248
0.126364
0.126485
0.126613
0.126747
0.126888
0.127037
0.127193
0.127358
0.127531
0.127713
0.127905
0.128104
0.12831
0.128521
0.12874
0.128964
0.129195
0.129433
0.129678
0.129929
0.130186
0.130451
0.130723
0.131001
0.131287
0.131579
0.131879
0.132186
0.1325
0.132822
0.133151
0.133488
0.133833
0.134185
0.134545
0.134914
0.13529
0.135675
0.136069
0.136471
0.136883
0.137304
0.137736
0.138177
0.138629
0.139091
0.139564
0.140048
0.140543
0.14105
0.141568
0.142097
0.142639
0.143193
0.143759
0.144338
0.14493
0.145536
0.146155
0.146787
0.147434
0.148096
0.148772
0.149463
0.150169
0.150891
0.151629
0.152383
0.153154
0.153943
0.154749
0.155573
0.156416
0.157277
0.158158
0.159058
0.159978
0.160918
0.161879
0.16286
0.163863
0.164888
0.165934
0.167003
0.168093
0.169207
0.170343
0.171505
0.172676
0.173809
0.174912
0.175979
0.176999
0.17797
0.178892
0.179767
0.180598
0.181392
0.182152
0.182884
0.183593
0.184287
0.18497
0.185648
0.186326
0.187011
0.187706
0.188412
0.189145
0.189914
0.190706
0.191513
0.192336
0.193175
0.194026
0.194891
0.195768
0.196648
0.197529
0.198414
0.199312
0.200225
0.201152
0.202088
0.203034
0.203988
0.204958
0.205939
0.206929
0.207928
0.208935
0.209949
0.210969
0.211995
0.213025
0.214061
0.2151
0.216143
0.21719
0.21824
0.219293
0.220348
0.221406
0.222465
0.223526
0.224588
0.22565
0.226713
0.227776
0.228841
0.229907
0.230973
0.232039
0.233106
0.234174
0.235242
0.236311
0.237379
0.238449
0.239519
0.24059
0.241661
0.242732
0.243804
0.244877
0.245949
0.247022
0.248096
0.249172
0.250249
0.251325
0.252403
0.253483
0.254567
0.255654
0.256744
0.257836
0.258931
0.26003
0.261132
0.262239
0.26335
0.264468
0.26559
0.266717
0.267852
0.268995
0.270148
0.27131
0.27248
0.273663
0.274862
0.276078
0.27731
0.278562
0.279834
0.28113
0.28245
0.2838
0.285187
0.286621
0.288102
0.28963
0.291236
0.293029
0.295018
0.297317
0.299922
0.302736
0.305698
0.308752
0.311851
0.314967
0.318075
0.321144
0.32415
0.327081
0.329925
0.332667
0.335309
0.337855
0.340314
0.342655
0.344873
0.346978
0.348987
0.350905
0.352742
0.354502
0.356188
0.357804
0.359353
0.360842
0.362274
0.363654
0.364984
0.366271
0.367519
0.36873
0.369908
0.371058
0.372182
0.373286
0.374371
0.375439
0.376493
0.377536
0.378568
0.379593
0.380612
0.381625
0.382629
0.383623
0.384611
0.385595
0.386572
0.387542
0.388505
0.389442
0.390349
0.391227
0.392077
0.392908
0.393738
0.394574
0.395417
0.396274
0.397147
0.398004
0.398857
0.399714
0.400579
0.401451
0.402332
0.403221
0.404118
0.405023
0.405936
0.406857
0.407785
0.408722
0.409666
0.410618
0.411578
0.412545
0.413519
0.4145
0.415489
0.416484
0.417487
0.418496
0.419511
0.420533
0.421562
0.422596
0.423637
0.424683
0.425734
0.426792
0.427854
0.428922
0.429995
0.431072
0.432154
0.433241
0.434331
0.435426
0.436525
0.437628
0.438734
0.439843
0.440956
0.442072
0.443191
0.444312
0.445436
0.446562
0.447691
0.448821
0.449953
0.451088
0.452223
0.45336
0.454499
0.455638
0.456778
0.457919
0.459061
0.460203
0.461346
0.462489
0.463632
0.464775
0.465918
0.467061
0.468204
0.469346
0.470488
0.47163
0.472771
0.473912
0.475053
0.476192
0.477332
0.478471
0.479609
0.480747
0.481885
0.483023
0.48416
0.485297
0.486435
0.487572
0.48871
0.489849
0.490988
0.492128
0.493269
0.494411
0.495555
0.496702
0.49784
0.498895
0.49982
0.500609
0.501264
0.501792
0.502269
0.502575
0.503022
0.503399
0.122536
0.122538
0.122541
0.122544
0.122547
0.12255
0.122553
0.122556
0.122559
0.122562
0.122565
0.122568
0.122572
0.122575
0.122578
0.122581
0.122584
0.122586
0.122589
0.122593
0.122596
0.122599
0.122603
0.122606
0.12261
0.122613
0.122617
0.122621
0.122624
0.122628
0.122632
0.122635
0.122639
0.122643
0.122647
0.12265
0.122654
0.122658
0.122662
0.122665
0.122669
0.122673
0.122677
0.122681
0.122685
0.122688
0.122692
0.122696
0.1227
0.122704
0.122708
0.122712
0.122715
0.122719
0.122723
0.122727
0.122731
0.122735
0.122739
0.122743
0.122747
0.122751
0.122754
0.122758
0.122762
0.122766
0.12277
0.122774
0.122778
0.122782
0.122786
0.12279
0.122794
0.122798
0.122801
0.122805
0.122809
0.122813
0.122817
0.122821
0.122825
0.122829
0.122833
0.122837
0.12284
0.122844
0.122848
0.122852
0.122856
0.12286
0.122864
0.122868
0.122872
0.122876
0.12288
0.122883
0.122887
0.122891
0.122895
0.122899
0.122903
0.122907
0.122911
0.122915
0.122919
0.122923
0.122927
0.122931
0.122935
0.122939
0.122943
0.122947
0.122951
0.122955
0.12296
0.122964
0.122968
0.122972
0.122977
0.122981
0.122985
0.12299
0.122994
0.122999
0.123004
0.123008
0.123013
0.123018
0.123023
0.123028
0.123033
0.123038
0.123043
0.123048
0.123052
0.123056
0.12306
0.123064
0.123067
0.123071
0.123075
0.123079
0.123083
0.123087
0.123092
0.123096
0.123101
0.123106
0.123112
0.123118
0.123124
0.12313
0.123136
0.123142
0.123148
0.123155
0.123161
0.123168
0.123175
0.123181
0.123188
0.123195
0.123202
0.12321
0.123217
0.123224
0.123231
0.123238
0.123244
0.123249
0.123255
0.12326
0.123266
0.123271
0.123276
0.123281
0.123286
0.12329
0.123295
0.123299
0.123304
0.123308
0.123312
0.123317
0.123321
0.123325
0.123329
0.123334
0.123338
0.123343
0.123348
0.123354
0.12336
0.123366
0.123373
0.123382
0.123391
0.1234
0.123411
0.123422
0.123434
0.123448
0.123462
0.123477
0.123492
0.123509
0.123526
0.123544
0.123564
0.123584
0.123605
0.123628
0.123651
0.123676
0.123702
0.12373
0.123759
0.123789
0.123821
0.123854
0.123888
0.123925
0.123963
0.124003
0.124044
0.124087
0.124132
0.124178
0.124226
0.124275
0.124326
0.124378
0.124433
0.124488
0.124546
0.124606
0.124667
0.124731
0.124796
0.124864
0.124933
0.125005
0.125079
0.125156
0.125235
0.125316
0.125399
0.125486
0.125575
0.125668
0.125764
0.125863
0.125965
0.12607
0.126179
0.126291
0.126405
0.126527
0.126654
0.126787
0.126925
0.127068
0.127216
0.12737
0.12753
0.127695
0.127866
0.128044
0.128228
0.128419
0.128616
0.128821
0.129032
0.129251
0.129478
0.129712
0.129955
0.130206
0.130465
0.130733
0.13101
0.131297
0.131593
0.131899
0.132215
0.132542
0.132879
0.133228
0.133588
0.13396
0.13434
0.134728
0.135123
0.135525
0.135935
0.136353
0.136778
0.137211
0.137652
0.138101
0.138559
0.139024
0.139498
0.139981
0.140472
0.140972
0.141481
0.141999
0.142526
0.143063
0.143609
0.144168
0.144743
0.14533
0.145928
0.146536
0.147155
0.147783
0.148422
0.149071
0.14973
0.1504
0.15108
0.151771
0.152474
0.153187
0.153911
0.154647
0.155395
0.156154
0.156926
0.157703
0.158475
0.159258
0.160055
0.160865
0.161689
0.162527
0.16338
0.164237
0.165065
0.165885
0.166693
0.167484
0.168254
0.169002
0.169728
0.170432
0.171117
0.171782
0.172436
0.173081
0.173718
0.17435
0.174979
0.175608
0.176241
0.176878
0.177522
0.178179
0.178855
0.179543
0.180239
0.180943
0.181656
0.182374
0.183099
0.183831
0.184564
0.185298
0.186033
0.186775
0.187525
0.188281
0.189042
0.189807
0.190577
0.191354
0.192137
0.192924
0.193715
0.19451
0.195308
0.196109
0.196912
0.197718
0.198525
0.199333
0.200143
0.200954
0.201765
0.202578
0.20339
0.204203
0.205016
0.205829
0.206642
0.207453
0.208264
0.209074
0.209883
0.210692
0.211499
0.212306
0.213111
0.213915
0.214719
0.21552
0.216321
0.21712
0.217919
0.218716
0.219511
0.220305
0.221098
0.221889
0.222679
0.223467
0.224254
0.225041
0.225826
0.226609
0.227391
0.228172
0.228954
0.229735
0.230515
0.231295
0.232074
0.232852
0.233631
0.23441
0.23519
0.23597
0.236751
0.237533
0.238316
0.239102
0.23989
0.240681
0.241474
0.242272
0.243075
0.243885
0.244701
0.245524
0.246355
0.247196
0.248047
0.248911
0.249791
0.250692
0.251614
0.252558
0.253538
0.254606
0.255766
0.257078
0.258547
0.260138
0.261832
0.263615
0.265465
0.267379
0.269338
0.271341
0.273388
0.275473
0.277583
0.279699
0.281813
0.283921
0.286017
0.288092
0.290136
0.29214
0.2941
0.296009
0.297865
0.299662
0.301399
0.303075
0.304688
0.306243
0.307741
0.309183
0.31057
0.311909
0.313202
0.314451
0.315659
0.31683
0.317968
0.319077
0.32016
0.321218
0.322254
0.323269
0.324266
0.325247
0.326212
0.327165
0.328091
0.328989
0.329867
0.330724
0.331557
0.332363
0.333139
0.333883
0.334593
0.335272
0.335921
0.336548
0.33717
0.337795
0.338421
0.339056
0.339703
0.340332
0.340951
0.341572
0.342196
0.342825
0.343457
0.344093
0.344734
0.34538
0.346029
0.346684
0.347342
0.348005
0.348673
0.349345
0.350022
0.350704
0.351389
0.35208
0.352775
0.353474
0.354178
0.354887
0.3556
0.356317
0.357039
0.357765
0.358496
0.359231
0.35997
0.360714
0.361462
0.362215
0.362972
0.363733
0.364498
0.365267
0.366041
0.366819
0.367601
0.368387
0.369177
0.369971
0.370769
0.371571
0.372377
0.373187
0.374001
0.374819
0.375641
0.376467
0.377296
0.378129
0.378966
0.379806
0.380651
0.381499
0.382351
0.383207
0.384067
0.38493
0.385798
0.386669
0.387545
0.388424
0.389307
0.390195
0.391086
0.391981
0.392881
0.393784
0.394692
0.395604
0.39652
0.39744
0.398365
0.399294
0.400227
0.401165
0.402107
0.403054
0.404006
0.404962
0.405922
0.406887
0.407857
0.408831
0.40981
0.410794
0.411782
0.412774
0.413771
0.414773
0.415769
0.416674
0.417437
0.41805
0.418514
0.418842
0.419107
0.419204
0.419444
0.419484
0.122536
0.122537
0.122539
0.12254
0.122542
0.122543
0.122545
0.122547
0.122548
0.12255
0.122551
0.122553
0.122555
0.122556
0.122558
0.12256
0.122561
0.122563
0.122565
0.122566
0.122568
0.12257
0.122572
0.122573
0.122575
0.122577
0.122579
0.122581
0.122583
0.122584
0.122586
0.122588
0.12259
0.122592
0.122594
0.122596
0.122598
0.122601
0.122603
0.122605
0.122607
0.122609
0.122611
0.122614
0.122616
0.122618
0.122621
0.122623
0.122626
0.122628
0.122631
0.122633
0.122636
0.122638
0.122641
0.122644
0.122646
0.122649
0.122652
0.122654
0.122657
0.12266
0.122663
0.122666
0.122669
0.122672
0.122675
0.122678
0.122681
0.122684
0.122687
0.12269
0.122693
0.122696
0.1227
0.122703
0.122706
0.122709
0.122713
0.122716
0.12272
0.122723
0.122726
0.12273
0.122734
0.122737
0.122741
0.122744
0.122748
0.122752
0.122756
0.12276
0.122763
0.122767
0.122771
0.122775
0.12278
0.122784
0.122788
0.122792
0.122796
0.122801
0.122805
0.12281
0.122814
0.122819
0.122824
0.122828
0.122833
0.122838
0.122843
0.122848
0.122853
0.122859
0.122864
0.122869
0.122874
0.12288
0.122885
0.122891
0.122896
0.122902
0.122908
0.122913
0.122919
0.122925
0.122931
0.122937
0.122943
0.122949
0.122954
0.12296
0.122965
0.12297
0.122975
0.12298
0.122984
0.122989
0.122994
0.122998
0.123004
0.123009
0.123015
0.12302
0.123026
0.123032
0.123039
0.123045
0.123052
0.123058
0.123065
0.123072
0.12308
0.123087
0.123095
0.123103
0.123112
0.12312
0.123129
0.123139
0.123148
0.123159
0.123169
0.12318
0.123192
0.123205
0.123218
0.123231
0.123245
0.123259
0.123273
0.123287
0.123302
0.123318
0.123333
0.123349
0.123366
0.123383
0.1234
0.123418
0.123436
0.123455
0.123474
0.123493
0.123513
0.123533
0.123553
0.123575
0.123598
0.123622
0.123646
0.123671
0.123697
0.123724
0.123751
0.123779
0.123808
0.123838
0.123868
0.1239
0.123934
0.123969
0.124005
0.124041
0.124079
0.124117
0.124157
0.124197
0.124239
0.124282
0.124327
0.124372
0.124419
0.124468
0.124518
0.124569
0.124621
0.124674
0.124728
0.124782
0.124837
0.124892
0.124949
0.125006
0.125065
0.125124
0.125185
0.125247
0.12531
0.125374
0.12544
0.125507
0.125575
0.125646
0.125717
0.12579
0.125865
0.125942
0.12602
0.1261
0.126182
0.126266
0.126352
0.126439
0.126529
0.126621
0.126715
0.126811
0.12691
0.127011
0.127114
0.12722
0.127329
0.12744
0.127553
0.127669
0.127786
0.127902
0.128029
0.128165
0.128312
0.128469
0.128638
0.128823
0.129017
0.129223
0.129436
0.129656
0.129882
0.130113
0.13035
0.130593
0.130842
0.131098
0.13136
0.131628
0.131903
0.132185
0.132474
0.13277
0.133073
0.133384
0.133701
0.134026
0.134359
0.134699
0.135046
0.135401
0.135762
0.136132
0.136508
0.136891
0.137279
0.137673
0.138073
0.138478
0.138889
0.139306
0.139728
0.140156
0.140589
0.141027
0.141472
0.141921
0.142376
0.142837
0.143303
0.143775
0.144252
0.144735
0.145224
0.145718
0.146217
0.146723
0.147235
0.147752
0.148276
0.148805
0.149341
0.149882
0.15043
0.150984
0.151545
0.152112
0.152685
0.153264
0.15385
0.154443
0.155042
0.155648
0.15626
0.156879
0.157504
0.158136
0.158773
0.159416
0.160066
0.160721
0.161383
0.162049
0.162713
0.163372
0.16402
0.164654
0.16527
0.165868
0.166448
0.16701
0.167555
0.168086
0.168603
0.169108
0.169606
0.170098
0.170587
0.171076
0.171569
0.172067
0.17257
0.173084
0.173613
0.174151
0.174695
0.175245
0.175801
0.176362
0.176928
0.177498
0.17807
0.178642
0.179215
0.179792
0.180374
0.180961
0.18155
0.182143
0.182738
0.183339
0.183944
0.184551
0.185161
0.185773
0.186388
0.187003
0.18762
0.188238
0.188856
0.189476
0.190095
0.190715
0.191335
0.191955
0.192574
0.193193
0.193812
0.194429
0.195046
0.195662
0.196276
0.196889
0.197501
0.198111
0.19872
0.199327
0.199933
0.200537
0.20114
0.201741
0.202339
0.202937
0.203532
0.204126
0.204717
0.205306
0.205894
0.20648
0.207063
0.207645
0.208225
0.208803
0.209379
0.209953
0.210525
0.211096
0.211665
0.212232
0.212797
0.21336
0.213922
0.214481
0.21504
0.215597
0.216152
0.216707
0.217261
0.217813
0.218366
0.218913
0.219463
0.220014
0.220565
0.221117
0.22167
0.222224
0.22278
0.223339
0.223899
0.224463
0.22503
0.225601
0.226177
0.226762
0.227349
0.227913
0.228502
0.229142
0.229819
0.230551
0.231334
0.232152
0.232999
0.23387
0.234761
0.235671
0.236596
0.237541
0.238505
0.239489
0.240488
0.2415
0.242523
0.243555
0.244597
0.245644
0.246694
0.247742
0.248787
0.249824
0.250852
0.251865
0.252863
0.253841
0.254799
0.255737
0.256653
0.257548
0.25842
0.259271
0.260102
0.260914
0.261707
0.262482
0.263241
0.263986
0.264719
0.265439
0.266147
0.266845
0.267534
0.268214
0.268886
0.269552
0.2702
0.270828
0.271443
0.272046
0.272634
0.273206
0.27376
0.274294
0.274811
0.275309
0.275792
0.276262
0.276731
0.277201
0.277673
0.278151
0.278636
0.279111
0.279582
0.280054
0.280529
0.281007
0.281489
0.281973
0.282461
0.282953
0.283447
0.283946
0.284448
0.284953
0.285462
0.285975
0.286491
0.287011
0.287536
0.288063
0.288598
0.28912
0.289623
0.290143
0.290684
0.291235
0.29179
0.292349
0.292913
0.29348
0.294052
0.294628
0.295208
0.295793
0.296381
0.296974
0.297571
0.298173
0.298779
0.299389
0.300004
0.300623
0.301246
0.301875
0.302507
0.303144
0.303786
0.304432
0.305084
0.305732
0.306366
0.306977
0.307595
0.308232
0.30889
0.309569
0.310256
0.310949
0.311647
0.31235
0.313059
0.313772
0.314491
0.315215
0.315944
0.316678
0.317418
0.318162
0.318912
0.319668
0.320429
0.321195
0.321966
0.322743
0.323525
0.324313
0.325105
0.325903
0.326707
0.327515
0.328328
0.329147
0.32997
0.330798
0.331631
0.332468
0.33331
0.334155
0.335005
0.335858
0.336714
0.337574
0.338436
0.339301
0.34016
0.340953
0.341642
0.342226
0.342709
0.343101
0.343457
0.343706
0.344042
0.344373
0.122536
0.122536
0.122537
0.122538
0.122538
0.122539
0.122539
0.12254
0.12254
0.122541
0.122542
0.122542
0.122543
0.122544
0.122544
0.122545
0.122546
0.122546
0.122547
0.122548
0.122549
0.12255
0.122551
0.122552
0.122553
0.122554
0.122554
0.122555
0.122556
0.122557
0.122558
0.122559
0.12256
0.122561
0.122562
0.122563
0.122565
0.122566
0.122567
0.122569
0.12257
0.122572
0.122573
0.122575
0.122576
0.122578
0.12258
0.122582
0.122583
0.122585
0.122587
0.122589
0.122591
0.122593
0.122595
0.122597
0.122599
0.122601
0.122603
0.122605
0.122607
0.122609
0.122611
0.122613
0.122616
0.122618
0.12262
0.122622
0.122625
0.122627
0.12263
0.122632
0.122635
0.122637
0.12264
0.122642
0.122645
0.122647
0.12265
0.122652
0.122655
0.122658
0.122661
0.122663
0.122666
0.122669
0.122672
0.122674
0.122677
0.12268
0.122682
0.122685
0.122688
0.12269
0.122693
0.122695
0.122697
0.1227
0.122702
0.122704
0.122706
0.122708
0.12271
0.122712
0.122714
0.122716
0.122718
0.12272
0.122721
0.122723
0.122725
0.122726
0.122728
0.12273
0.122732
0.122734
0.122736
0.122738
0.12274
0.122742
0.122744
0.122746
0.122748
0.122751
0.122753
0.122755
0.122758
0.12276
0.122763
0.122765
0.122768
0.122771
0.122774
0.122777
0.12278
0.122783
0.122786
0.122789
0.122793
0.122796
0.1228
0.122804
0.122808
0.122812
0.122816
0.12282
0.122825
0.12283
0.122835
0.12284
0.122845
0.122851
0.122857
0.122863
0.122869
0.122875
0.122881
0.122888
0.122894
0.122901
0.122908
0.122915
0.122922
0.12293
0.122938
0.122946
0.122954
0.122962
0.122971
0.12298
0.122989
0.122998
0.123008
0.123018
0.123028
0.123039
0.12305
0.123061
0.123073
0.123085
0.123097
0.12311
0.123123
0.123137
0.123152
0.123167
0.123182
0.123198
0.123215
0.123232
0.12325
0.123269
0.123289
0.12331
0.123331
0.123353
0.123377
0.123401
0.123427
0.123453
0.12348
0.123508
0.123536
0.123566
0.123597
0.123629
0.123662
0.123695
0.12373
0.123766
0.123804
0.123842
0.123882
0.123923
0.123965
0.124009
0.124055
0.124102
0.12415
0.1242
0.124252
0.124306
0.124361
0.124419
0.124478
0.124539
0.124603
0.124669
0.124736
0.124806
0.124879
0.124954
0.125031
0.12511
0.125193
0.125281
0.125374
0.125469
0.125568
0.125672
0.125779
0.12589
0.126006
0.126126
0.126251
0.12638
0.12651
0.126642
0.126775
0.126909
0.127045
0.127182
0.127322
0.127463
0.127609
0.127759
0.127911
0.128065
0.128215
0.128382
0.128573
0.128798
0.129041
0.129293
0.129553
0.129821
0.130095
0.130377
0.130666
0.130961
0.131262
0.131569
0.131881
0.132199
0.132522
0.132851
0.133184
0.133522
0.133865
0.134212
0.134565
0.134923
0.135287
0.135656
0.136031
0.136413
0.136802
0.137194
0.137585
0.137976
0.138367
0.138758
0.139148
0.139538
0.139929
0.140319
0.14071
0.141102
0.141495
0.141888
0.142283
0.14268
0.143077
0.143477
0.143878
0.14428
0.144685
0.145092
0.145501
0.145912
0.146325
0.14674
0.147159
0.147578
0.148006
0.148444
0.148886
0.149334
0.149787
0.150226
0.150661
0.151095
0.151529
0.151963
0.152396
0.152838
0.153291
0.153749
0.15421
0.154674
0.155141
0.155611
0.156083
0.156558
0.157036
0.157516
0.157999
0.158483
0.158971
0.159459
0.15994
0.160419
0.160908
0.161391
0.16186
0.162311
0.162743
0.163157
0.163554
0.163935
0.1643
0.164651
0.164996
0.165346
0.165693
0.166053
0.166437
0.166829
0.167225
0.16763
0.168042
0.168459
0.168878
0.169301
0.169726
0.170154
0.170584
0.171017
0.17145
0.171888
0.172329
0.172772
0.173218
0.173667
0.174119
0.174572
0.175027
0.175486
0.175947
0.17641
0.176875
0.177341
0.177808
0.178277
0.178746
0.179215
0.179685
0.180155
0.180625
0.181095
0.181565
0.182034
0.182502
0.182969
0.183435
0.1839
0.184364
0.184826
0.185287
0.185745
0.186203
0.186658
0.187111
0.187562
0.188011
0.188457
0.188902
0.189344
0.189783
0.19022
0.190654
0.191086
0.191515
0.191941
0.192365
0.192785
0.193203
0.193618
0.19403
0.194439
0.194846
0.19525
0.19565
0.196048
0.196444
0.196838
0.197229
0.197619
0.198006
0.198391
0.198774
0.199155
0.199535
0.199913
0.200289
0.200664
0.201038
0.201411
0.201783
0.202154
0.202524
0.202894
0.203264
0.203634
0.204005
0.204376
0.204748
0.205121
0.205496
0.205872
0.206251
0.206634
0.20702
0.20741
0.207806
0.20822
0.20865
0.209107
0.209588
0.210083
0.210587
0.211097
0.21161
0.212126
0.212643
0.213163
0.213686
0.214211
0.214737
0.215261
0.215784
0.216307
0.216829
0.217349
0.217867
0.218382
0.218894
0.219401
0.219905
0.220403
0.220895
0.221381
0.22186
0.222332
0.222798
0.223256
0.223708
0.224153
0.224592
0.225026
0.225453
0.225876
0.226295
0.226709
0.227121
0.22753
0.227936
0.228341
0.228743
0.229145
0.229546
0.229947
0.230342
0.23073
0.231115
0.231498
0.231878
0.232254
0.232626
0.232993
0.233356
0.233714
0.234069
0.234422
0.234776
0.235133
0.235492
0.235855
0.236223
0.236588
0.236955
0.237323
0.237695
0.238069
0.238446
0.238826
0.23921
0.239596
0.239985
0.240377
0.240773
0.241171
0.241572
0.241976
0.242384
0.242794
0.243208
0.243624
0.244044
0.244467
0.244893
0.245322
0.245754
0.246189
0.246628
0.24707
0.247514
0.247962
0.248414
0.248868
0.249326
0.249787
0.250251
0.250718
0.251189
0.251663
0.25214
0.252621
0.253106
0.253594
0.254085
0.254581
0.255074
0.255553
0.256022
0.256477
0.256939
0.257413
0.257901
0.258403
0.258918
0.259446
0.259985
0.26053
0.261081
0.261637
0.262198
0.262765
0.263338
0.263916
0.264501
0.265092
0.265689
0.266293
0.266904
0.267522
0.268148
0.268781
0.269422
0.270072
0.27073
0.271397
0.272074
0.27276
0.273456
0.274162
0.27488
0.275608
0.276349
0.277102
0.277867
0.278647
0.27944
0.280247
0.28107
0.281909
0.282765
0.283638
0.28453
0.285441
0.286372
0.287325
0.288296
0.289248
0.290158
0.291016
0.29181
0.292532
0.293215
0.293779
0.29437
0.295059
0.122536
0.122536
0.122536
0.122536
0.122537
0.122537
0.122537
0.122537
0.122537
0.122538
0.122538
0.122538
0.122538
0.122539
0.122539
0.122539
0.122539
0.12254
0.12254
0.12254
0.122541
0.122541
0.122542
0.122542
0.122543
0.122543
0.122544
0.122544
0.122545
0.122546
0.122546
0.122547
0.122548
0.122548
0.122549
0.12255
0.122551
0.122552
0.122553
0.122554
0.122555
0.122556
0.122557
0.122558
0.122559
0.12256
0.122561
0.122563
0.122564
0.122565
0.122566
0.122568
0.122569
0.122571
0.122572
0.122574
0.122575
0.122577
0.122579
0.12258
0.122582
0.122584
0.122586
0.122588
0.12259
0.122592
0.122594
0.122596
0.122598
0.1226
0.122602
0.122604
0.122607
0.122609
0.122611
0.122614
0.122616
0.122619
0.122621
0.122624
0.122627
0.122629
0.122632
0.122635
0.122638
0.122641
0.122644
0.122647
0.12265
0.122654
0.122657
0.12266
0.122664
0.122667
0.12267
0.122673
0.122676
0.122679
0.122681
0.122684
0.122687
0.122689
0.122692
0.122694
0.122696
0.122698
0.1227
0.122703
0.122705
0.122707
0.122709
0.122711
0.122714
0.122716
0.122718
0.122721
0.122723
0.122726
0.122729
0.122731
0.122734
0.122737
0.12274
0.122743
0.122746
0.122749
0.122753
0.122756
0.122759
0.122763
0.122767
0.12277
0.122774
0.122778
0.122782
0.122787
0.122791
0.122796
0.1228
0.122805
0.12281
0.122816
0.122821
0.122827
0.122832
0.122839
0.122845
0.122851
0.122858
0.122864
0.122871
0.122878
0.122885
0.122892
0.1229
0.122907
0.122915
0.122923
0.122931
0.122939
0.122948
0.122956
0.122965
0.122974
0.122984
0.122993
0.123003
0.123014
0.123024
0.123035
0.123046
0.123057
0.123069
0.12308
0.123093
0.123105
0.123118
0.123132
0.123146
0.12316
0.123174
0.123189
0.123205
0.123221
0.123238
0.123255
0.123272
0.12329
0.123309
0.123328
0.123348
0.123369
0.12339
0.123412
0.123435
0.123459
0.123483
0.123508
0.123534
0.123561
0.123589
0.123618
0.123648
0.123679
0.123711
0.123744
0.123779
0.123814
0.123851
0.123889
0.123929
0.12397
0.124013
0.124057
0.124103
0.12415
0.1242
0.124251
0.124304
0.124359
0.124416
0.124476
0.124537
0.124601
0.124668
0.124737
0.124808
0.124883
0.12496
0.12504
0.125124
0.125211
0.125301
0.125395
0.125492
0.125593
0.125699
0.125808
0.125922
0.12604
0.12616
0.126284
0.12641
0.12654
0.126673
0.12681
0.126951
0.127095
0.127242
0.127394
0.127549
0.127709
0.127872
0.128041
0.128215
0.128393
0.128574
0.128758
0.128945
0.129134
0.129325
0.129518
0.129714
0.129914
0.130112
0.130325
0.1305
0.130721
0.13103
0.131375
0.131752
0.132066
0.132444
0.132848
0.133271
0.133708
0.134162
0.134617
0.135066
0.135516
0.135963
0.136409
0.136856
0.137305
0.137757
0.138209
0.138663
0.139117
0.139565
0.140012
0.140456
0.140895
0.141329
0.141759
0.142194
0.142627
0.143057
0.143485
0.14391
0.144332
0.144753
0.145172
0.14559
0.146006
0.146421
0.146836
0.147249
0.147663
0.148076
0.14849
0.148897
0.149335
0.149815
0.150235
0.150627
0.151039
0.151405
0.151807
0.15222
0.152636
0.153052
0.15347
0.153888
0.154305
0.154724
0.155138
0.155585
0.156033
0.156473
0.156906
0.157333
0.157756
0.158175
0.15859
0.159001
0.159409
0.159812
0.160211
0.160605
0.160996
0.161375
0.161741
0.162093
0.162429
0.162748
0.163051
0.163337
0.163608
0.163865
0.164109
0.164342
0.164564
0.164776
0.16498
0.165187
0.165398
0.165617
0.165848
0.166096
0.166379
0.166674
0.166974
0.167275
0.16758
0.167888
0.168197
0.16851
0.168825
0.169141
0.169456
0.169773
0.170093
0.170417
0.170745
0.171075
0.171409
0.171744
0.17209
0.172441
0.172795
0.173149
0.173506
0.173863
0.174222
0.174581
0.17494
0.175299
0.175658
0.176017
0.176376
0.176733
0.17709
0.177445
0.1778
0.178153
0.178504
0.178854
0.179202
0.179547
0.179891
0.180232
0.180572
0.180909
0.181243
0.181575
0.181905
0.182232
0.182557
0.182878
0.183197
0.183514
0.183827
0.184138
0.184446
0.184751
0.185054
0.185355
0.185652
0.185947
0.186239
0.186529
0.186816
0.1871
0.187382
0.187661
0.187937
0.18821
0.188479
0.188746
0.18901
0.189271
0.18953
0.189786
0.19004
0.190291
0.190541
0.190789
0.191034
0.191279
0.191522
0.191764
0.192005
0.192246
0.192486
0.192725
0.192966
0.193202
0.193428
0.193638
0.193853
0.19409
0.194334
0.194582
0.194833
0.195086
0.195347
0.195613
0.195889
0.196171
0.196456
0.196745
0.197035
0.197327
0.19762
0.197915
0.198215
0.198516
0.198814
0.19911
0.199403
0.199695
0.199983
0.200269
0.200553
0.200833
0.20111
0.201384
0.201655
0.201922
0.202185
0.202445
0.2027
0.202952
0.2032
0.203444
0.203685
0.203923
0.204157
0.204389
0.204619
0.204847
0.20507
0.205282
0.205482
0.205669
0.205843
0.206011
0.206178
0.206347
0.206518
0.206692
0.206871
0.20705
0.207228
0.207409
0.207592
0.207777
0.207964
0.208154
0.208345
0.208534
0.208721
0.208908
0.209095
0.209286
0.209482
0.209685
0.209896
0.210117
0.210342
0.210574
0.210816
0.211073
0.211335
0.2116
0.211869
0.212142
0.212417
0.212696
0.212977
0.213262
0.21355
0.213841
0.214134
0.214431
0.214731
0.215034
0.215339
0.215648
0.215959
0.216273
0.216591
0.216911
0.217234
0.217561
0.217885
0.218198
0.2185
0.218795
0.219083
0.219366
0.219645
0.219921
0.220195
0.220467
0.220738
0.221008
0.221278
0.221549
0.22182
0.222091
0.222364
0.222637
0.222912
0.223188
0.223469
0.223756
0.224048
0.224347
0.224653
0.224965
0.225284
0.225609
0.225941
0.226279
0.226625
0.226977
0.227337
0.227704
0.228078
0.22846
0.22885
0.229247
0.229653
0.230067
0.230491
0.230923
0.231365
0.231816
0.232276
0.232746
0.233227
0.233718
0.23422
0.234733
0.235259
0.235797
0.236348
0.236912
0.237491
0.238085
0.238694
0.239319
0.239961
0.240619
0.241283
0.241951
0.242622
0.243295
0.243971
0.244649
0.245329
0.246011
0.246593
0.246986
0.247189
0.24723
0.247159
0.24713
0.24705
0.247148
0.247196
0.122536
0.122536
0.122536
0.122536
0.122536
0.122536
0.122536
0.122535
0.122535
0.122535
0.122535
0.122535
0.122535
0.122535
0.122535
0.122535
0.122535
0.122535
0.122535
0.122535
0.122536
0.122536
0.122536
0.122536
0.122536
0.122536
0.122536
0.122537
0.122537
0.122537
0.122537
0.122537
0.122538
0.122538
0.122538
0.122539
0.122539
0.122539
0.12254
0.12254
0.122541
0.122541
0.122541
0.122542
0.122542
0.122543
0.122543
0.122543
0.122544
0.122544
0.122545
0.122545
0.122545
0.122546
0.122546
0.122547
0.122547
0.122547
0.122548
0.122548
0.122548
0.122549
0.122549
0.122549
0.12255
0.12255
0.12255
0.122551
0.122551
0.122551
0.122552
0.122552
0.122552
0.122553
0.122553
0.122553
0.122553
0.122554
0.122554
0.122554
0.122554
0.122555
0.122555
0.122555
0.122555
0.122555
0.122556
0.122556
0.122556
0.122556
0.122556
0.122556
0.122556
0.122556
0.122556
0.122556
0.122557
0.122557
0.122557
0.122557
0.122557
0.122557
0.122557
0.122557
0.122557
0.122556
0.122556
0.122556
0.122556
0.122556
0.122556
0.122556
0.122556
0.122556
0.122556
0.122556
0.122556
0.122556
0.122556
0.122556
0.122555
0.122555
0.122555
0.122555
0.122555
0.122555
0.122555
0.122555
0.122555
0.122555
0.122555
0.122555
0.122555
0.122555
0.122555
0.122555
0.122554
0.122554
0.122554
0.122554
0.122555
0.122555
0.122555
0.122555
0.122556
0.122557
0.122558
0.12256
0.122561
0.122563
0.122565
0.122566
0.122567
0.122568
0.122568
0.122569
0.122569
0.12257
0.12257
0.12257
0.122571
0.122571
0.122571
0.122571
0.122572
0.122572
0.122572
0.122573
0.122573
0.122574
0.122574
0.122574
0.122575
0.122575
0.122576
0.122576
0.122577
0.122578
0.122578
0.122579
0.12258
0.122581
0.122582
0.122583
0.122584
0.122585
0.122586
0.122587
0.122589
0.12259
0.122592
0.122594
0.122596
0.122598
0.1226
0.122603
0.122605
0.122608
0.122611
0.122614
0.122618
0.122622
0.122626
0.122631
0.122636
0.122641
0.122646
0.122652
0.122658
0.122664
0.12267
0.122677
0.122684
0.122691
0.122698
0.122706
0.122714
0.122722
0.122731
0.12274
0.122749
0.122759
0.122769
0.122779
0.12279
0.122802
0.122814
0.122826
0.122839
0.122852
0.122866
0.12288
0.122895
0.122911
0.122927
0.122944
0.122962
0.12298
0.122999
0.123019
0.12304
0.123061
0.123084
0.123107
0.123131
0.123157
0.123183
0.12321
0.123239
0.123268
0.123299
0.123331
0.123362
0.123393
0.123542
0.123738
0.123895
0.124049
0.124228
0.124458
0.124766
0.125173
0.125693
0.126337
0.127087
0.128055
0.129187
0.130392
0.1317
0.132869
0.133727
0.134592
0.135555
0.136714
0.138022
0.139433
0.140813
0.142241
0.143488
0.144823
0.145717
0.146297
0.146734
0.147106
0.147453
0.147801
0.148181
0.14848
0.148534
0.148598
0.148642
0.148686
0.14873
0.148773
0.148817
0.148863
0.148912
0.148964
0.149021
0.149087
0.149166
0.149276
0.149407
0.149535
0.14966
0.149778
0.149853
0.149907
0.149949
0.149985
0.150016
0.150043
0.150066
0.150087
0.150113
0.150136
0.150157
0.150178
0.150199
0.15022
0.150241
0.150262
0.150285
0.150308
0.150332
0.150365
0.150406
0.150457
0.150517
0.150586
0.150664
0.15075
0.150845
0.150949
0.151061
0.151181
0.151309
0.151446
0.15159
0.151625
0.151639
0.151651
0.151662
0.151674
0.151687
0.151698
0.151709
0.151721
0.151732
0.151744
0.151756
0.151769
0.151782
0.151796
0.151812
0.151828
0.151846
0.151866
0.151888
0.151914
0.151944
0.151979
0.152021
0.152073
0.152142
0.152232
0.152322
0.152412
0.152501
0.152589
0.152655
0.152702
0.152739
0.152768
0.152793
0.152814
0.152836
0.153
0.153248
0.153518
0.153782
0.154034
0.154283
0.15453
0.154775
0.155016
0.155254
0.155488
0.155719
0.155946
0.156169
0.156389
0.156605
0.156816
0.157024
0.157228
0.157428
0.157624
0.157815
0.158003
0.158187
0.158366
0.158542
0.158713
0.15888
0.159043
0.159201
0.159356
0.159506
0.159652
0.159794
0.159932
0.160065
0.160194
0.160319
0.16044
0.160556
0.160668
0.160776
0.160879
0.160978
0.161073
0.161164
0.16125
0.161332
0.16141
0.161484
0.161554
0.161621
0.161683
0.161741
0.161796
0.161846
0.161893
0.161935
0.161973
0.162007
0.162037
0.162062
0.162081
0.162101
0.162122
0.162145
0.16217
0.162198
0.162233
0.162279
0.162337
0.162397
0.162452
0.162497
0.162539
0.162581
0.162624
0.162672
0.162728
0.162795
0.162875
0.162968
0.163071
0.163184
0.163305
0.163431
0.163561
0.163698
0.16381
0.163928
0.164049
0.164166
0.164279
0.164388
0.164496
0.164601
0.164703
0.164801
0.164895
0.164987
0.165074
0.165157
0.165236
0.165311
0.165382
0.165448
0.16551
0.165569
0.165624
0.165675
0.165723
0.165768
0.16581
0.16585
0.165887
0.165923
0.165959
0.165994
0.166034
0.166084
0.166131
0.166163
0.166189
0.166212
0.166233
0.16629
0.166458
0.166667
0.166881
0.167082
0.16728
0.16748
0.167685
0.167892
0.168101
0.168312
0.168524
0.168738
0.168952
0.169166
0.169381
0.169595
0.169808
0.170021
0.170232
0.170441
0.170649
0.170855
0.171059
0.17126
0.17146
0.171657
0.171851
0.172044
0.172234
0.172422
0.172607
0.172788
0.172966
0.173141
0.173312
0.17348
0.173644
0.173805
0.173963
0.174118
0.174269
0.174417
0.174561
0.174702
0.174839
0.174973
0.175103
0.175229
0.175352
0.175471
0.175586
0.175697
0.175804
0.175906
0.176004
0.176098
0.176187
0.176271
0.17635
0.176424
0.176492
0.176555
0.176612
0.176663
0.176707
0.176744
0.176774
0.176797
0.176811
0.176826
0.176841
0.176856
0.176872
0.176889
0.176907
0.176927
0.176948
0.176973
0.177
0.177033
0.177074
0.177126
0.177201
0.177313
0.177429
0.177549
0.177676
0.177787
0.177871
0.177943
0.178007
0.178066
0.178123
0.178179
0.178234
0.17829
0.178346
0.178403
0.178461
0.178521
0.178583
0.178648
0.178715
0.178784
0.178857
0.178932
0.179011
0.179093
0.179174
0.179299
0.179535
0.179936
0.181971
0.184377
0.186163
0.187705
0.189114
0.190452
0.1921
)
;

boundaryField
{
    inlet
    {
        type            fixedValue;
        value           nonuniform List<scalar> 
83
(
6.59624e+06
1.88352e+06
789868
312777
143064
80815.2
53458.3
38752.2
29912.3
24130.2
19950.3
16882.2
14474.6
12572.9
10990.7
9659.59
8556.28
7453.55
6422.54
5517
4756.27
4154.69
3718.36
3440.94
3298.27
3241.12
3185.29
3018.6
2792.58
2613.09
2438.82
2243.11
2088.9
1939.62
1823.46
1728.6
1637.11
1549.87
1468.89
1395.3
1301.85
1219.91
1144.96
1063.19
971.268
863.098
764.017
653.791
543.761
437.17
336.491
244.333
163.354
96.1694
45.2533
12.8419
0.593685
0.122536
0.122536
0.122536
0.122536
0.122536
0.122536
0.122536
0.122536
0.122536
0.122536
0.122536
0.122536
0.122536
0.122536
0.122536
0.122536
0.122536
0.122536
0.122536
0.122536
0.122536
0.122536
0.122536
0.122536
0.122536
0.122536
)
;
    }
    bottom
    {
        type            omegaWallFunction;
        blending        binomial;
        n               2;
        value           nonuniform List<scalar> 
622
(
2.63002e+06
2.62929e+06
2.62909e+06
2.62897e+06
2.6289e+06
2.62885e+06
2.62882e+06
2.6288e+06
2.62879e+06
2.62877e+06
2.62877e+06
2.62876e+06
2.62876e+06
2.62875e+06
2.62875e+06
2.62875e+06
2.62874e+06
2.62874e+06
2.62874e+06
2.62874e+06
2.62873e+06
2.62873e+06
2.62873e+06
2.62873e+06
2.62873e+06
2.62873e+06
2.62872e+06
2.62872e+06
2.62872e+06
2.62872e+06
2.62872e+06
2.62872e+06
2.62871e+06
2.62871e+06
2.62871e+06
2.62871e+06
2.62871e+06
2.62871e+06
2.62871e+06
2.62871e+06
2.6287e+06
2.6287e+06
2.6287e+06
2.6287e+06
2.6287e+06
2.6287e+06
2.6287e+06
2.6287e+06
2.6287e+06
2.62869e+06
2.62869e+06
2.62869e+06
2.62869e+06
2.62869e+06
2.62869e+06
2.62869e+06
2.62869e+06
2.62869e+06
2.62869e+06
2.62869e+06
2.62869e+06
2.62869e+06
2.62869e+06
2.62868e+06
2.62868e+06
2.62868e+06
2.62868e+06
2.62868e+06
2.62868e+06
2.62868e+06
2.62868e+06
2.62868e+06
2.62868e+06
2.62868e+06
2.62868e+06
2.62868e+06
2.62868e+06
2.62868e+06
2.62868e+06
2.62868e+06
2.62868e+06
2.62868e+06
2.62868e+06
2.62868e+06
2.62868e+06
2.62868e+06
2.62867e+06
2.62867e+06
2.62867e+06
2.62867e+06
2.62867e+06
2.62867e+06
2.62867e+06
2.62867e+06
2.62867e+06
2.62867e+06
2.62867e+06
2.62867e+06
2.62867e+06
2.62867e+06
2.62867e+06
2.62867e+06
2.62867e+06
2.62867e+06
2.62867e+06
2.62867e+06
2.62867e+06
2.62867e+06
2.62867e+06
2.62867e+06
2.62867e+06
2.62867e+06
2.62867e+06
2.62867e+06
2.62866e+06
2.62866e+06
2.62866e+06
2.62866e+06
2.62866e+06
2.62866e+06
2.62866e+06
2.62866e+06
2.62866e+06
2.62866e+06
2.62866e+06
2.62866e+06
2.62866e+06
2.62866e+06
2.62866e+06
2.62866e+06
2.62866e+06
2.62866e+06
2.62866e+06
2.62866e+06
2.62866e+06
2.62866e+06
2.62866e+06
2.62866e+06
2.62866e+06
2.62866e+06
2.62866e+06
2.62865e+06
2.62865e+06
2.62865e+06
2.62865e+06
2.62865e+06
2.62865e+06
2.62865e+06
2.62865e+06
2.62865e+06
2.62865e+06
2.62865e+06
2.62865e+06
2.62865e+06
2.62865e+06
2.62865e+06
2.62865e+06
2.62865e+06
2.62865e+06
2.62865e+06
2.62865e+06
2.62865e+06
2.62865e+06
2.62865e+06
2.62864e+06
2.62864e+06
2.62864e+06
2.62864e+06
2.62864e+06
2.62864e+06
2.62864e+06
2.62864e+06
2.62864e+06
2.62864e+06
2.62864e+06
2.62864e+06
2.62864e+06
2.62864e+06
2.62864e+06
2.62864e+06
2.62864e+06
2.62863e+06
2.62863e+06
2.62863e+06
2.62863e+06
2.62863e+06
2.62863e+06
2.62863e+06
2.62863e+06
2.62863e+06
2.62863e+06
2.62863e+06
2.62863e+06
2.62863e+06
2.62862e+06
2.62862e+06
2.62862e+06
2.62862e+06
2.62862e+06
2.62862e+06
2.62862e+06
2.62862e+06
2.62862e+06
2.62862e+06
2.62862e+06
2.62861e+06
2.62861e+06
2.62861e+06
2.62861e+06
2.62861e+06
2.62861e+06
2.62861e+06
2.62861e+06
2.6286e+06
2.6286e+06
2.6286e+06
2.6286e+06
2.6286e+06
2.6286e+06
2.6286e+06
2.62859e+06
2.62859e+06
2.62859e+06
2.62859e+06
2.62859e+06
2.62859e+06
2.62858e+06
2.62858e+06
2.62858e+06
2.62858e+06
2.62858e+06
2.62857e+06
2.62857e+06
2.62857e+06
2.62857e+06
2.62856e+06
2.62856e+06
2.62856e+06
2.62924e+06
2.63129e+06
2.63403e+06
2.63678e+06
2.63953e+06
2.64228e+06
2.64504e+06
2.64781e+06
2.65058e+06
2.65335e+06
2.65613e+06
2.65892e+06
2.66171e+06
2.6645e+06
2.6673e+06
2.67022e+06
2.67345e+06
2.67708e+06
2.68111e+06
2.68553e+06
2.69034e+06
2.69554e+06
2.7011e+06
2.70701e+06
2.71324e+06
2.71978e+06
2.72659e+06
2.73365e+06
2.74093e+06
2.74842e+06
2.75607e+06
2.76386e+06
2.77175e+06
2.77969e+06
2.78766e+06
2.79563e+06
2.80355e+06
2.81138e+06
2.81909e+06
2.82666e+06
2.83403e+06
2.84117e+06
2.84807e+06
2.85468e+06
2.86097e+06
2.86694e+06
2.87254e+06
2.87775e+06
2.88257e+06
2.88697e+06
2.89094e+06
2.89451e+06
2.89774e+06
2.90089e+06
2.90402e+06
2.90716e+06
2.9103e+06
2.91345e+06
2.91661e+06
2.91977e+06
2.92294e+06
2.92611e+06
2.92929e+06
2.93247e+06
2.93566e+06
2.93885e+06
2.94205e+06
2.94526e+06
2.94847e+06
2.95169e+06
2.95491e+06
2.95814e+06
2.96137e+06
2.96461e+06
2.96786e+06
2.97111e+06
2.97437e+06
2.97763e+06
2.9809e+06
2.98417e+06
2.98746e+06
2.99074e+06
2.99404e+06
2.99734e+06
3.00064e+06
3.00395e+06
3.00727e+06
3.0106e+06
3.01393e+06
3.01727e+06
3.02061e+06
3.02397e+06
3.02733e+06
3.0307e+06
3.03407e+06
3.03745e+06
3.04085e+06
3.04425e+06
3.04765e+06
3.05106e+06
3.05448e+06
3.0613e+06
3.11385e+06
3.17883e+06
3.27151e+06
3.39286e+06
3.53368e+06
3.6876e+06
3.8495e+06
4.01036e+06
4.16057e+06
4.29944e+06
4.42405e+06
4.52248e+06
4.59006e+06
4.63713e+06
4.66383e+06
4.66039e+06
4.63297e+06
4.60449e+06
4.55672e+06
4.44537e+06
4.33613e+06
4.29842e+06
4.26596e+06
4.23157e+06
4.20349e+06
4.18343e+06
4.15768e+06
4.1443e+06
4.15751e+06
4.164e+06
4.15433e+06
4.13055e+06
4.10721e+06
4.09322e+06
4.08529e+06
4.07689e+06
4.06743e+06
4.05939e+06
4.05378e+06
4.04968e+06
4.04622e+06
4.04345e+06
4.04202e+06
4.04201e+06
4.04289e+06
4.04426e+06
4.04607e+06
4.0482e+06
4.05064e+06
4.0534e+06
4.05646e+06
4.05971e+06
4.06306e+06
4.06656e+06
4.07029e+06
4.07428e+06
4.07846e+06
4.0828e+06
4.08698e+06
4.09067e+06
4.09404e+06
4.09761e+06
4.10139e+06
4.10493e+06
4.10803e+06
4.11101e+06
4.11421e+06
4.11746e+06
4.12033e+06
4.12279e+06
4.1253e+06
4.128e+06
4.1306e+06
4.13279e+06
4.13472e+06
4.13679e+06
4.13899e+06
4.14084e+06
4.14219e+06
4.14344e+06
4.14497e+06
4.14654e+06
4.14767e+06
4.14838e+06
4.14902e+06
4.14968e+06
4.15029e+06
4.15077e+06
4.15111e+06
4.15132e+06
4.15141e+06
4.15139e+06
4.15126e+06
4.15101e+06
4.15065e+06
4.15023e+06
4.14985e+06
4.14949e+06
4.14897e+06
4.14827e+06
4.14774e+06
4.14766e+06
4.14788e+06
4.14815e+06
4.14853e+06
4.14924e+06
4.15039e+06
4.15212e+06
4.15462e+06
4.159e+06
4.16686e+06
4.17801e+06
4.18984e+06
4.20495e+06
4.25446e+06
4.38805e+06
4.58152e+06
4.9886e+06
5.49092e+06
5.90478e+06
6.22827e+06
6.43586e+06
6.51376e+06
6.51709e+06
6.41718e+06
6.25344e+06
6.15122e+06
6.05364e+06
5.89723e+06
5.69262e+06
5.49134e+06
5.31483e+06
5.14514e+06
4.969e+06
4.79348e+06
4.62644e+06
4.46896e+06
4.32179e+06
4.18488e+06
4.05831e+06
3.9426e+06
3.83882e+06
3.74724e+06
3.66829e+06
3.59888e+06
3.53619e+06
3.48152e+06
3.43539e+06
3.39493e+06
3.35865e+06
3.32685e+06
3.29934e+06
3.27588e+06
3.25556e+06
3.23714e+06
3.22035e+06
3.20511e+06
3.19146e+06
3.17933e+06
3.16822e+06
3.15778e+06
3.14746e+06
3.1373e+06
3.1276e+06
3.11799e+06
3.10813e+06
3.09846e+06
3.08933e+06
3.08103e+06
3.07394e+06
3.06847e+06
3.06464e+06
3.06232e+06
3.06128e+06
3.06089e+06
3.06056e+06
3.06021e+06
3.05998e+06
3.05954e+06
3.05878e+06
3.05874e+06
3.05875e+06
3.05877e+06
3.05879e+06
3.05881e+06
3.05882e+06
3.05883e+06
3.05884e+06
3.05886e+06
3.05887e+06
3.05887e+06
3.05889e+06
3.05889e+06
3.05889e+06
3.05889e+06
3.05889e+06
3.05889e+06
3.05889e+06
3.05889e+06
3.05888e+06
3.05888e+06
3.05888e+06
3.05889e+06
3.05889e+06
3.05887e+06
3.05887e+06
3.05886e+06
3.05886e+06
3.05886e+06
3.05886e+06
3.05886e+06
3.05886e+06
3.05884e+06
3.05883e+06
3.05881e+06
3.05879e+06
3.05878e+06
3.05876e+06
3.05874e+06
3.05873e+06
3.05871e+06
3.05869e+06
3.05867e+06
3.05866e+06
3.05864e+06
3.05862e+06
3.05861e+06
3.05859e+06
3.05858e+06
3.05856e+06
3.05855e+06
3.05853e+06
3.05852e+06
3.05851e+06
3.05849e+06
3.05848e+06
3.05847e+06
3.05846e+06
3.05845e+06
3.05847e+06
3.05847e+06
3.05844e+06
3.05844e+06
3.05843e+06
3.05842e+06
3.05842e+06
3.05842e+06
3.05844e+06
3.05843e+06
3.05844e+06
3.05842e+06
3.05843e+06
3.05845e+06
3.05843e+06
3.05843e+06
3.05845e+06
3.05845e+06
3.05843e+06
3.05844e+06
3.05845e+06
3.05846e+06
3.05844e+06
3.05843e+06
3.05847e+06
3.05845e+06
3.05846e+06
3.05845e+06
3.05849e+06
3.05845e+06
3.05843e+06
3.05844e+06
3.05845e+06
3.05821e+06
3.0569e+06
3.05371e+06
3.04849e+06
3.04137e+06
3.03258e+06
3.02258e+06
3.01165e+06
3.00025e+06
2.98854e+06
)
;
    }
    sides
    {
        type            empty;
    }
    outlet
    {
        type            zeroGradient;
    }
    top
    {
        type            symmetry;
    }
}


// ************************************************************************* //
