/*--------------------------------*- C++ -*----------------------------------*\
| =========                 |                                                 |
| \\      /  F ield         | OpenFOAM: The Open Source CFD Toolbox           |
|  \\    /   O peration     | Version:  2606                                  |
|   \\  /    A nd           | Website:  www.openfoam.com                      |
|    \\/     M anipulation  |                                                 |
\*---------------------------------------------------------------------------*/
FoamFile
{
    version     2.0;
    format      ascii;
    arch        "LSB;label=32;scalar=64";
    class       volVectorField;
    location    "0.2";
    object      U;
}
// * * * * * * * * * * * * * * * * * * * * * * * * * * * * * * * * * * * * * //

dimensions      [0 1 -1 0 0 0 0];

internalField   nonuniform List<vector> 
4800
(
(0.011322741 -0.011348228 0)
(0.033957707 -0.011334131 0)
(0.056607946 -0.011332319 0)
(0.079216127 -0.011323922 0)
(0.10180056 -0.011308604 0)
(0.12436163 -0.011290853 0)
(0.14689216 -0.011273118 0)
(0.16938949 -0.011256664 0)
(0.19185675 -0.011242562 0)
(0.21430032 -0.011230967 0)
(0.23672624 -0.011220745 0)
(0.25913759 -0.011209827 0)
(0.28153327 -0.011195694 0)
(0.30390756 -0.011175771 0)
(0.32624952 -0.011147377 0)
(0.34854167 -0.011107714 0)
(0.37076041 -0.01105519 0)
(0.39287891 -0.010988575 0)
(0.41486907 -0.010907133 0)
(0.43669183 -0.010809697 0)
(0.45829367 -0.010703729 0)
(0.47961142 -0.010587774 0)
(0.50058508 -0.010468953 0)
(0.52120927 -0.010360414 0)
(0.54155847 -0.010237206 0)
(0.56174036 -0.010075401 0)
(0.58180878 -0.0098772183 0)
(0.60157733 -0.0096339616 0)
(0.62057435 -0.0094115166 0)
(0.63863092 -0.0093792047 0)
(0.65623359 -0.0094644163 0)
(0.67394203 -0.0094547332 0)
(0.69201596 -0.0093502857 0)
(0.71078575 -0.00918026 0)
(0.73052529 -0.0086697672 0)
(0.75044738 -0.0076370713 0)
(0.76902883 -0.0066098314 0)
(0.78596281 -0.0062553055 0)
(0.80244404 -0.0066292912 0)
(0.81946187 -0.0074969874 0)
(0.83724676 -0.0086535806 0)
(0.85596029 -0.009862788 0)
(0.87576651 -0.010567213 0)
(0.89595492 -0.0099360096 0)
(0.91452135 -0.0078882966 0)
(0.92979553 -0.0058151267 0)
(0.94235332 -0.0051164919 0)
(0.95429981 -0.0060700722 0)
(0.96756497 -0.0082969179 0)
(0.98340118 -0.010910891 0)
(1.0019454 -0.012701525 0)
(1.021853 -0.012934362 0)
(1.0419795 -0.012233102 0)
(1.0616235 -0.01074687 0)
(1.0791353 -0.0078365174 0)
(1.0934349 -0.0044080183 0)
(1.1048648 -0.0017159141 0)
(1.114625 -0.00018197167 0)
(1.1239664 0.00016865224 0)
(1.1339098 -0.000536058 0)
(1.1455446 -0.0023932031 0)
(1.1604117 -0.0054955459 0)
(1.1799961 -0.0092583158 0)
(1.2038393 -0.011956939 0)
(1.2275901 -0.011989642 0)
(1.2448236 -0.010678013 0)
(1.252551 -0.011533839 0)
(1.2534447 -0.015951314 0)
(1.252956 -0.022709573 0)
(1.2575734 -0.029577269 0)
(1.275587 -0.034960842 0)
(1.3110762 -0.039239024 0)
(1.3667794 -0.042225516 0)
(1.4928812 -0.039644596 0)
(1.4449539 -0.025301984 0)
(1.257045 0.033854965 0)
(0.90743476 0.13249826 0)
(0.58394216 0.14572196 0)
(0.3941133 0.090062045 0)
(0.27694663 0.050721063 0)
(0.20223793 0.03130921 0)
(0.15294958 0.020870778 0)
(0.11869486 0.014655684 0)
(0.093935617 0.01071089 0)
(0.075468172 0.0080723771 0)
(0.061340066 0.0062301487 0)
(0.05031288 0.004898533 0)
(0.041567436 0.0039086225 0)
(0.034542024 0.0031557173 0)
(0.028839391 0.0025722542 0)
(0.024171015 0.0021130364 0)
(0.020322535 0.0017469204 0)
(0.01713163 0.0014518948 0)
(0.014473276 0.0012120055 0)
(0.012249749 0.0010154602 0)
(0.01038371 0.00085340342 0)
(0.0088132835 0.00071906192 0)
(0.007488508 0.00060718708 0)
(0.0063687434 0.00051367312 0)
(0.0054206723 0.0004352507 0)
(0.00461679 0.00036928428 0)
(0.0039343074 0.00031365669 0)
(0.0033543 0.00026666361 0)
(0.0028609763 0.00022690262 0)
(0.002441077 0.00019320901 0)
(0.0020834407 0.00016461841 0)
(0.0017786558 0.00014032813 0)
(0.0015187746 0.00011966517 0)
(0.0012970939 0.00010207791 0)
(0.0011079504 8.7110177e-05 0)
(0.00094652248 7.4363696e-05 0)
(0.00080869179 6.3490341e-05 0)
(0.00069098256 5.4212939e-05 0)
(0.00059047635 4.6310208e-05 0)
(0.00050466345 3.9578513e-05 0)
(0.0004313586 3.3823793e-05 0)
(0.00036869341 2.8892875e-05 0)
(0.000315154 2.4684022e-05 0)
(0.00026942099 2.1103323e-05 0)
(0.00023032925 1.8038501e-05 0)
(0.00019691227 1.542926e-05 0)
(0.00016833269 1.3183904e-05 0)
(0.0001438908 1.126603e-05 0)
(0.00012300396 9.6344749e-06 0)
(0.00010515395 8.237286e-06 0)
(8.9879759e-05 7.0365068e-06 0)
(7.6813489e-05 6.0067456e-06 0)
(6.5652086e-05 5.1328512e-06 0)
(5.6127897e-05 4.3932923e-06 0)
(4.7989917e-05 3.7602823e-06 0)
(4.102257e-05 3.2118537e-06 0)
(3.5058812e-05 2.7388092e-06 0)
(2.997108e-05 2.3369805e-06 0)
(2.5642809e-05 1.9983805e-06 0)
(2.1958744e-05 1.7114515e-06 0)
(1.8818482e-05 1.4667036e-06 0)
(1.6136107e-05 1.258855e-06 0)
(1.3834292e-05 1.0819992e-06 0)
(1.1843857e-05 9.2763874e-07 0)
(1.0112165e-05 7.8922996e-07 0)
(8.6120371e-06 6.6650399e-07 0)
(7.3328829e-06 5.6311043e-07 0)
(6.258907e-06 4.7955985e-07 0)
(5.3596615e-06 4.1091551e-07 0)
(4.6001463e-06 3.5182639e-07 0)
(3.954345e-06 3.0106558e-07 0)
(3.4069186e-06 2.6081318e-07 0)
(2.9388166e-06 2.2953508e-07 0)
(2.5221645e-06 2.0152706e-07 0)
(2.1334484e-06 1.7088404e-07 0)
(1.7706417e-06 1.3796511e-07 0)
(1.4526842e-06 1.0979351e-07 0)
(1.1976022e-06 9.2201033e-08 0)
(1.0035928e-06 8.3711993e-08 0)
(8.4836295e-07 7.6703341e-08 0)
(7.1095062e-07 6.5856795e-08 0)
(5.8954189e-07 5.2170897e-08 0)
(4.9441794e-07 4.1109549e-08 0)
(4.30519e-07 3.6567605e-08 0)
(3.8552109e-07 3.6358492e-08 0)
(3.368129e-07 3.2741205e-08 0)
(2.7590627e-07 2.5785946e-08 0)
(2.1140127e-07 1.5983363e-08 0)
(1.6437024e-07 9.7736e-09 0)
(1.4554221e-07 9.4412487e-09 0)
(1.493042e-07 1.5112529e-08 0)
(1.5809825e-07 2.0565836e-08 0)
(1.494845e-07 2.0943807e-08 0)
(1.2199893e-07 1.8461245e-08 0)
(8.674973e-08 1.4405946e-08 0)
(5.3716047e-08 1.2672503e-08 0)
(2.5426957e-08 1.3128074e-08 0)
(-4.8334229e-09 1.4062001e-08 0)
(-4.4557661e-08 1.1799203e-08 0)
(-8.9250412e-08 6.6627204e-09 0)
(-1.2769374e-07 5.2423683e-10 0)
(-1.4500515e-07 -2.5964569e-09 0)
(-1.3908998e-07 5.8635408e-10 0)
(-1.3616011e-07 2.0839979e-08 0)
(-2.1125459e-08 3.9415014e-08 0)
(1.4135214e-07 -1.1261019e-08 0)
(1.6056122e-07 7.84609e-11 0)
(1.4755452e-07 1.0955444e-08 0)
(1.4971828e-07 1.2722243e-08 0)
(1.3349968e-07 1.1234129e-08 0)
(1.1320969e-07 7.9831871e-09 0)
(8.7435131e-08 4.1710709e-09 0)
(6.5631056e-08 3.0478617e-10 0)
(5.1172328e-08 -2.844826e-09 0)
(4.7186751e-08 -4.0975316e-09 0)
(5.301715e-08 -3.3743868e-09 0)
(6.3347253e-08 -2.4323179e-09 0)
(6.9532614e-08 -1.0090671e-09 0)
(6.5357682e-08 1.6315508e-10 0)
(5.1289818e-08 9.0250929e-10 0)
(3.0839345e-08 9.8732047e-10 0)
(9.7199101e-09 3.6598497e-10 0)
(-6.9081363e-09 3.2474741e-10 0)
(-1.6420485e-08 5.0579874e-10 0)
(-2.0968045e-08 1.0707793e-09 0)
(-2.446675e-08 1.4943309e-09 0)
(-2.8082463e-08 1.5778642e-09 0)
(-3.1729096e-08 5.5936932e-10 0)
(-3.2546423e-08 -4.604472e-10 0)
(-2.5679769e-08 -1.000163e-09 0)
(-1.0765572e-08 -6.7549025e-10 0)
(8.6811858e-09 3.423948e-10 0)
(2.7411694e-08 1.0835316e-09 0)
(3.9852546e-08 1.3999576e-09 0)
(4.3674791e-08 1.0832075e-09 0)
(4.0162508e-08 5.6772109e-10 0)
(3.2681302e-08 1.8180609e-09 0)
(2.5865921e-08 4.4097904e-09 0)
(1.9967116e-08 7.7668082e-09 0)
(1.2319935e-08 1.1258864e-08 0)
(7.4282401e-10 1.3271132e-08 0)
(-1.5397145e-08 1.2922096e-08 0)
(-3.2870577e-08 1.0202719e-08 0)
(-4.5092106e-08 7.3698045e-09 0)
(-4.7151111e-08 5.6895393e-09 0)
(-3.7425955e-08 5.984954e-09 0)
(-1.8983978e-08 6.4921667e-09 0)
(5.4238355e-10 8.5734947e-09 0)
(1.3933871e-08 9.1118598e-09 0)
(1.7030366e-08 8.235362e-09 0)
(1.2135495e-08 6.6861514e-09 0)
(6.0483986e-09 4.2600824e-09 0)
(3.4260817e-09 2.1292243e-09 0)
(9.7333309e-09 1.2485408e-09 0)
(2.2279673e-08 1.0588256e-09 0)
(3.4792462e-08 1.0248018e-09 0)
(4.3167913e-08 1.4469768e-09 0)
(4.3996558e-08 1.463589e-09 0)
(3.7857599e-08 7.4015979e-10 0)
(2.8068022e-08 -5.0653943e-10 0)
(1.8830214e-08 -1.6528176e-09 0)
(1.1254263e-08 -2.4919026e-09 0)
(6.2433787e-09 -2.808487e-09 0)
(3.7368511e-09 -4.0481673e-09 0)
(1.4660039e-09 -1.637287e-09 0)
(0.011315399 -0.034029673 0)
(0.033939279 -0.033996518 0)
(0.056574227 -0.033973291 0)
(0.079193725 -0.033938301 0)
(0.10178867 -0.033890205 0)
(0.12435349 -0.033835353 0)
(0.14688472 -0.033778645 0)
(0.16938423 -0.033724231 0)
(0.19186015 -0.033676983 0)
(0.21432466 -0.033639049 0)
(0.23678882 -0.033608761 0)
(0.25925823 -0.033582349 0)
(0.2817307 -0.033554968 0)
(0.30419586 -0.033520767 0)
(0.32663424 -0.033471888 0)
(0.34901505 -0.033398675 0)
(0.37129728 -0.033302608 0)
(0.39343642 -0.033173228 0)
(0.41539409 -0.032985476 0)
(0.43712213 -0.032690488 0)
(0.45857697 -0.032282879 0)
(0.47973391 -0.031772067 0)
(0.50058774 -0.031274282 0)
(0.52126336 -0.030910261 0)
(0.5420003 -0.030638293 0)
(0.56303928 -0.030284657 0)
(0.58461966 -0.029539055 0)
(0.60632101 -0.027946986 0)
(0.62751323 -0.02630609 0)
(0.64826772 -0.025757731 0)
(0.66916238 -0.026200255 0)
(0.69030558 -0.027060685 0)
(0.71154522 -0.028589502 0)
(0.73355018 -0.030826978 0)
(0.7567697 -0.031842469 0)
(0.77908878 -0.029697345 0)
(0.79961253 -0.027083103 0)
(0.81899593 -0.026007764 0)
(0.83624383 -0.025482173 0)
(0.85209659 -0.025465508 0)
(0.86710086 -0.026276508 0)
(0.88178242 -0.027986274 0)
(0.89759506 -0.029900054 0)
(0.91505849 -0.030013891 0)
(0.93125119 -0.027013766 0)
(0.94273125 -0.022895734 0)
(0.95013365 -0.02003822 0)
(0.95621132 -0.019105528 0)
(0.96316381 -0.020436302 0)
(0.97304852 -0.023552956 0)
(0.98699959 -0.026649124 0)
(1.0026431 -0.0284644 0)
(1.0143598 -0.029047727 0)
(1.0249669 -0.028236272 0)
(1.0389267 -0.025837289 0)
(1.0546061 -0.02279694 0)
(1.0704785 -0.020563719 0)
(1.085829 -0.019519347 0)
(1.0993723 -0.019666264 0)
(1.1098509 -0.021017141 0)
(1.117539 -0.023937017 0)
(1.1256911 -0.028536069 0)
(1.1406079 -0.033492009 0)
(1.1679586 -0.035289862 0)
(1.2076245 -0.029984567 0)
(1.2549359 -0.016660983 0)
(1.304148 0.00025413642 0)
(1.3437001 0.01199228 0)
(1.3505318 0.017162054 0)
(1.2611582 0.023999512 0)
(1.0578146 0.019205716 0)
(0.92796705 -0.053337447 0)
(1.0037993 -0.088291772 0)
(1.0319287 0.03025497 0)
(0.95370759 0.14774604 0)
(0.7483369 0.32780964 0)
(0.46697895 0.44544863 0)
(0.35447829 0.34104275 0)
(0.28755444 0.2089412 0)
(0.22386064 0.12874891 0)
(0.17403933 0.084292093 0)
(0.13686048 0.058027096 0)
(0.10888651 0.041597004 0)
(0.087605898 0.030817182 0)
(0.071181778 0.023439254 0)
(0.058320487 0.018205281 0)
(0.048116085 0.014379242 0)
(0.039926564 0.011511788 0)
(0.033289636 0.0093177464 0)
(0.027866385 0.0076097063 0)
(0.023403862 0.0062606467 0)
(0.019710244 0.0051821499 0)
(0.016637908 0.0043111425 0)
(0.014071685 0.0036016339 0)
(0.011920678 0.0030194918 0)
(0.01011237 0.0025389441 0)
(0.0085883486 0.0021402046 0)
(0.0073012068 0.0018078948 0)
(0.0062121921 0.0015299243 0)
(0.0052893825 0.0012966571 0)
(0.0045063614 0.0011003548 0)
(0.0038412147 0.00093478348 0)
(0.0032756847 0.00079487449 0)
(0.0027944799 0.00067645275 0)
(0.0023847458 0.00057606786 0)
(0.0020356557 0.00049086233 0)
(0.0017380659 0.00041845354 0)
(0.0014842606 0.00035685888 0)
(0.0012677378 0.00030444058 0)
(0.0010829747 0.00025982051 0)
(0.00092524652 0.00022180807 0)
(0.00079054659 0.00018939152 0)
(0.00067551832 0.00016174783 0)
(0.00057730979 0.00013818413 0)
(0.00049343272 0.00011808022 0)
(0.00042174714 0.00010089243 0)
(0.0003604728 8.6196074e-05 0)
(0.00030815354 7.3667308e-05 0)
(0.00026345313 6.2969627e-05 0)
(0.00022522339 5.3840795e-05 0)
(0.00019254491 4.6017833e-05 0)
(0.00016459675 3.9331458e-05 0)
(0.00014070329 3.3610293e-05 0)
(0.00012028332 2.8738988e-05 0)
(0.00010281965 2.4562274e-05 0)
(8.7874944e-05 2.0981814e-05 0)
(7.5102843e-05 1.7924427e-05 0)
(6.4203785e-05 1.5327091e-05 0)
(5.489667e-05 1.3115222e-05 0)
(4.6929332e-05 1.1216002e-05 0)
(4.0104355e-05 9.5793477e-06 0)
(3.4272104e-05 8.1789669e-06 0)
(2.9305937e-05 6.9918504e-06 0)
(2.5081666e-05 5.9850486e-06 0)
(2.1482161e-05 5.1250149e-06 0)
(1.8413096e-05 4.3873015e-06 0)
(1.5791983e-05 3.7564637e-06 0)
(1.3537996e-05 3.2154274e-06 0)
(1.1581099e-05 2.7453734e-06 0)
(9.8767993e-06 2.3335163e-06 0)
(8.4080543e-06 1.9780989e-06 0)
(7.1650385e-06 1.6814942e-06 0)
(6.1232955e-06 1.4377498e-06 0)
(5.2464508e-06 1.233581e-06 0)
(4.50316e-06 1.0571482e-06 0)
(3.874925e-06 9.0566851e-07 0)
(3.3459575e-06 7.7920718e-07 0)
(2.8892162e-06 6.7233573e-07 0)
(2.4723908e-06 5.7465808e-07 0)
(2.0778816e-06 4.8012294e-07 0)
(1.7166817e-06 3.9370877e-07 0)
(1.4132722e-06 3.2685193e-07 0)
(1.1772855e-06 2.8379005e-07 0)
(9.9339414e-07 2.558027e-07 0)
(8.3529613e-07 2.2826417e-07 0)
(6.9075402e-07 1.9508586e-07 0)
(5.6868659e-07 1.6118276e-07 0)
(4.8230377e-07 1.3595622e-07 0)
(4.2897247e-07 1.2206192e-07 0)
(3.8460129e-07 1.1250342e-07 0)
(3.2887712e-07 9.6759729e-08 0)
(2.6152873e-07 7.8212664e-08 0)
(1.9756538e-07 5.934025e-08 0)
(1.5984312e-07 5.1717775e-08 0)
(1.5281566e-07 5.45554e-08 0)
(1.6249159e-07 6.300523e-08 0)
(1.6615178e-07 6.5627949e-08 0)
(1.4975377e-07 5.9540653e-08 0)
(1.1804736e-07 4.9365536e-08 0)
(8.3814409e-08 4.1732167e-08 0)
(5.550441e-08 4.0765458e-08 0)
(2.9984187e-08 4.4130009e-08 0)
(-3.0520774e-09 4.5619e-08 0)
(-4.9120535e-08 4.1881861e-08 0)
(-9.8029724e-08 3.4460035e-08 0)
(-1.3476326e-07 2.7779825e-08 0)
(-1.4306761e-07 2.8322304e-08 0)
(-1.1454617e-07 3.3988731e-08 0)
(-9.7039434e-08 5.7871723e-08 0)
(-5.0649573e-08 1.1351158e-07 0)
(1.0400427e-07 2.4965592e-08 0)
(1.8198165e-07 4.167121e-08 0)
(1.5992895e-07 4.461234e-08 0)
(1.5016124e-07 4.2193834e-08 0)
(1.2913558e-07 3.522672e-08 0)
(1.0643652e-07 2.5156164e-08 0)
(7.9892931e-08 1.526585e-08 0)
(5.8627171e-08 6.6121115e-09 0)
(4.6727392e-08 9.2242637e-10 0)
(4.6644581e-08 -9.1130512e-10 0)
(5.4738312e-08 4.5301074e-10 0)
(6.5863477e-08 3.0514366e-09 0)
(7.2362479e-08 5.1632378e-09 0)
(6.7498048e-08 6.062318e-09 0)
(5.2297827e-08 5.7464396e-09 0)
(3.0467226e-08 4.5980607e-09 0)
(9.2343388e-09 2.8000817e-09 0)
(-6.6453761e-09 2.0522527e-09 0)
(-1.5629375e-08 2.4592082e-09 0)
(-2.0038829e-08 3.7965592e-09 0)
(-2.413121e-08 5.1740752e-09 0)
(-2.9307231e-08 5.9684078e-09 0)
(-3.4208142e-08 5.9636194e-09 0)
(-3.4656638e-08 5.9731537e-09 0)
(-2.6550685e-08 6.4684979e-09 0)
(-1.0074116e-08 8.220948e-09 0)
(9.9218756e-09 1.0135159e-08 0)
(2.8167812e-08 1.1360992e-08 0)
(3.9807964e-08 1.1205957e-08 0)
(4.3059001e-08 1.0745156e-08 0)
(4.1356284e-08 1.0274625e-08 0)
(3.7197386e-08 1.1793739e-08 0)
(3.2705918e-08 1.5504402e-08 0)
(2.7914026e-08 2.0160677e-08 0)
(1.9107703e-08 2.4295883e-08 0)
(3.8761344e-09 2.5715177e-08 0)
(-1.6853118e-08 2.3968342e-08 0)
(-3.6715512e-08 1.9498716e-08 0)
(-4.7766537e-08 1.6030472e-08 0)
(-4.6530863e-08 1.4791991e-08 0)
(-3.4421292e-08 1.7162333e-08 0)
(-1.3978001e-08 2.0250785e-08 0)
(5.7306244e-09 2.4317614e-08 0)
(1.6245653e-08 2.510804e-08 0)
(1.7189456e-08 2.2319975e-08 0)
(1.0578495e-08 1.6870026e-08 0)
(3.7449169e-09 1.1643573e-08 0)
(2.511721e-09 6.8247822e-09 0)
(1.0644453e-08 5.5526845e-09 0)
(2.3860442e-08 5.5894897e-09 0)
(3.6842133e-08 6.5632411e-09 0)
(4.5209985e-08 7.0166479e-09 0)
(4.4833931e-08 5.7436029e-09 0)
(3.7367032e-08 3.2711122e-09 0)
(2.7088956e-08 6.5302471e-11 0)
(1.8111015e-08 -2.0844299e-09 0)
(1.1175055e-08 -3.5057144e-09 0)
(5.4750005e-09 -3.6209903e-09 0)
(5.262584e-09 -4.3753177e-09 0)
(3.9289427e-09 -2.9204438e-09 0)
(0.011307111 -0.056746653 0)
(0.033916415 -0.056717095 0)
(0.056543457 -0.056668398 0)
(0.079169154 -0.056590656 0)
(0.10178593 -0.056486638 0)
(0.12439579 -0.056373178 0)
(0.14699939 -0.056269935 0)
(0.16959573 -0.056189347 0)
(0.19218647 -0.056142194 0)
(0.21477314 -0.056132124 0)
(0.237348 -0.05615243 0)
(0.25988885 -0.05618706 0)
(0.28235961 -0.056214286 0)
(0.30472004 -0.056206331 0)
(0.32693056 -0.056124561 0)
(0.34894482 -0.055923775 0)
(0.37075905 -0.055607456 0)
(0.39243123 -0.055169249 0)
(0.41408082 -0.054593758 0)
(0.4358432 -0.053791148 0)
(0.45787022 -0.052782166 0)
(0.48029454 -0.051338003 0)
(0.50317424 -0.050355253 0)
(0.52689204 -0.050256235 0)
(0.55166845 -0.051121408 0)
(0.57728041 -0.052944951 0)
(0.60398905 -0.054166811 0)
(0.62943179 -0.052668884 0)
(0.65291271 -0.051187629 0)
(0.67411506 -0.050578732 0)
(0.6913194 -0.04974864 0)
(0.70519357 -0.048881778 0)
(0.71625611 -0.049928107 0)
(0.72567124 -0.053573046 0)
(0.73725827 -0.056129027 0)
(0.75070492 -0.055069246 0)
(0.7542778 -0.051601335 0)
(0.75013133 -0.048455036 0)
(0.74739673 -0.046033226 0)
(0.74599807 -0.043936289 0)
(0.74403004 -0.042805676 0)
(0.74200936 -0.043626435 0)
(0.74449203 -0.04557986 0)
(0.75459416 -0.044072534 0)
(0.7659646 -0.035689011 0)
(0.76905967 -0.025457814 0)
(0.76650517 -0.020187414 0)
(0.76392169 -0.020836932 0)
(0.76166709 -0.026513745 0)
(0.75645247 -0.035205736 0)
(0.74667238 -0.040627732 0)
(0.73001618 -0.032018987 0)
(0.63357676 -0.0050754932 0)
(0.44334726 -0.0086049018 0)
(0.43076224 -0.044354042 0)
(0.56350379 -0.056985956 0)
(0.67231122 -0.05161795 0)
(0.75196202 -0.042970969 0)
(0.81203014 -0.035517558 0)
(0.85375655 -0.029528479 0)
(0.87768601 -0.028450338 0)
(0.88142742 -0.035174066 0)
(0.86426416 -0.050352492 0)
(0.82827602 -0.068885274 0)
(0.77971831 -0.079183454 0)
(0.71775545 -0.078923427 0)
(0.65728668 -0.072501656 0)
(0.6112086 -0.031920706 0)
(0.4939768 0.096030325 0)
(0.43151127 0.20074337 0)
(0.50255011 0.11487197 0)
(0.47682497 -0.04803652 0)
(0.39161332 -0.091074974 0)
(0.30001525 0.10252295 0)
(0.21156505 0.34703025 0)
(0.10136459 0.54149872 0)
(0.09774535 0.52342508 0)
(0.15756027 0.37399215 0)
(0.17005668 0.24833357 0)
(0.15460349 0.16830827 0)
(0.13239775 0.11771642 0)
(0.11074242 0.084740686 0)
(0.091840541 0.062651773 0)
(0.076045968 0.047420197 0)
(0.063064674 0.036615188 0)
(0.052445593 0.028748771 0)
(0.043752605 0.022888164 0)
(0.036614133 0.018433384 0)
(0.03072854 0.014988164 0)
(0.025855455 0.012283945 0)
(0.021804365 0.010134361 0)
(0.018424087 0.0084071719 0)
(0.015594143 0.0070065819 0)
(0.013218023 0.0058619507 0)
(0.011217913 0.0049203251 0)
(0.0095306102 0.0041413412 0)
(0.0081044792 0.0034938088 0)
(0.0068971377 0.0029533496 0)
(0.0058735934 0.00250068 0)
(0.0050048036 0.0021203937 0)
(0.0042665981 0.0018001087 0)
(0.0036387983 0.0015297901 0)
(0.0031044891 0.0013012224 0)
(0.0026494559 0.0011076409 0)
(0.0022617223 0.00094346065 0)
(0.0019311656 0.00080404522 0)
(0.001649225 0.00068552952 0)
(0.0014086777 0.00058470705 0)
(0.0012034089 0.00049889956 0)
(0.0010281889 0.00042582858 0)
(0.00087855098 0.00036355231 0)
(0.00075073447 0.00031044967 0)
(0.00064157439 0.00026516908 0)
(0.00054834798 0.00022654215 0)
(0.00046868877 0.00019355573 0)
(0.00040060179 0.0001653715 0)
(0.00034243421 0.00014130869 0)
(0.00029275706 0.00012078422 0)
(0.00025030545 0.00010324432 0)
(0.00021397036 8.8264834e-05 0)
(0.00018291225 7.5448362e-05 0)
(0.00015637412 6.4477476e-05 0)
(0.00013367805 5.5107408e-05 0)
(0.00011427964 4.7103757e-05 0)
(9.7673866e-05 4.0248742e-05 0)
(8.3479096e-05 3.4389858e-05 0)
(7.1361595e-05 2.9398521e-05 0)
(6.1016454e-05 2.5145996e-05 0)
(5.2165402e-05 2.1505553e-05 0)
(4.4581166e-05 1.8378883e-05 0)
(3.809418e-05 1.5702219e-05 0)
(3.2564066e-05 1.3425528e-05 0)
(2.7856323e-05 1.14929e-05 0)
(2.3843629e-05 9.8408539e-06 0)
(2.041889e-05 8.420531e-06 0)
(1.7499555e-05 7.1991631e-06 0)
(1.5006882e-05 6.1519794e-06 0)
(1.2859908e-05 5.2514443e-06 0)
(1.0993527e-05 4.4733253e-06 0)
(9.3720481e-06 3.8033839e-06 0)
(7.9833881e-06 3.2360821e-06 0)
(6.812734e-06 2.7638045e-06 0)
(5.8285766e-06 2.3694307e-06 0)
(4.9945228e-06 2.033764e-06 0)
(4.2860137e-06 1.7432283e-06 0)
(3.6888951e-06 1.4922619e-06 0)
(3.1850549e-06 1.2754014e-06 0)
(2.7448669e-06 1.0840731e-06 0)
(2.3397357e-06 9.1143275e-07 0)
(1.9613854e-06 7.5894742e-07 0)
(1.6253361e-06 6.3474075e-07 0)
(1.3498739e-06 5.437259e-07 0)
(1.1330075e-06 4.7866427e-07 0)
(9.5403618e-07 4.2464439e-07 0)
(7.9314353e-07 3.702005e-07 0)
(6.4892388e-07 3.1601671e-07 0)
(5.3498326e-07 2.6919158e-07 0)
(4.5938846e-07 2.3483031e-07 0)
(4.1076779e-07 2.0865364e-07 0)
(3.6356431e-07 1.8252774e-07 0)
(3.0557231e-07 1.547924e-07 0)
(2.4125869e-07 1.308118e-07 0)
(1.8743359e-07 1.1557307e-07 0)
(1.6191616e-07 1.1376518e-07 0)
(1.5904645e-07 1.1717042e-07 0)
(1.6266991e-07 1.1631706e-07 0)
(1.570861e-07 1.0523971e-07 0)
(1.3587967e-07 8.8132722e-08 0)
(1.0713617e-07 7.2881595e-08 0)
(8.1442575e-08 6.6459925e-08 0)
(5.9708194e-08 6.7865656e-08 0)
(3.4036476e-08 7.1765149e-08 0)
(-3.3731099e-09 7.1410591e-08 0)
(-5.2314703e-08 6.8525045e-08 0)
(-1.0042223e-07 6.7060404e-08 0)
(-1.3146385e-07 7.1001388e-08 0)
(-1.3720544e-07 8.1757852e-08 0)
(-1.0914739e-07 9.0397356e-08 0)
(-5.6884943e-08 8.6000429e-08 0)
(-4.9649071e-08 1.3902843e-07 0)
(7.2995232e-08 1.0892822e-07 0)
(1.7865525e-07 9.976578e-08 0)
(1.4748724e-07 7.9710972e-08 0)
(1.4059009e-07 6.8488033e-08 0)
(1.1698508e-07 5.3879015e-08 0)
(9.3645021e-08 3.9151536e-08 0)
(6.9104785e-08 2.6022109e-08 0)
(5.1362957e-08 1.6766188e-08 0)
(4.3663241e-08 1.1751751e-08 0)
(4.6758924e-08 1.0514115e-08 0)
(5.71082e-08 1.1144657e-08 0)
(6.8305375e-08 1.3174088e-08 0)
(7.2891271e-08 1.3744222e-08 0)
(6.6301847e-08 1.2854729e-08 0)
(5.0157913e-08 1.0745694e-08 0)
(2.8205445e-08 8.2093989e-09 0)
(7.4851835e-09 5.9657631e-09 0)
(-6.9867986e-09 4.6190654e-09 0)
(-1.4484279e-08 4.9460508e-09 0)
(-1.816628e-08 6.5456339e-09 0)
(-2.2348407e-08 9.0667055e-09 0)
(-2.7510872e-08 1.209765e-08 0)
(-3.2148311e-08 1.5205565e-08 0)
(-3.2647806e-08 1.8334172e-08 0)
(-2.4180088e-08 2.0942974e-08 0)
(-7.8554457e-09 2.3425444e-08 0)
(1.1208906e-08 2.4661882e-08 0)
(2.8125401e-08 2.5223386e-08 0)
(3.9200069e-08 2.393429e-08 0)
(4.3039952e-08 2.335061e-08 0)
(4.1811687e-08 2.3672857e-08 0)
(3.8788325e-08 2.5073016e-08 0)
(3.5379859e-08 2.7641804e-08 0)
(3.0162606e-08 3.0429822e-08 0)
(1.9527416e-08 3.1850712e-08 0)
(2.3169432e-09 3.0892525e-08 0)
(-1.9497068e-08 2.8732567e-08 0)
(-3.8519935e-08 2.669173e-08 0)
(-4.7332245e-08 2.6602612e-08 0)
(-4.3357161e-08 2.8858452e-08 0)
(-2.9089009e-08 3.3344621e-08 0)
(-8.7476254e-09 3.8312207e-08 0)
(8.6082748e-09 4.1009266e-08 0)
(1.5191674e-08 4.0032886e-08 0)
(1.1945514e-08 3.4884351e-08 0)
(4.4114865e-09 2.7053812e-08 0)
(-1.2618125e-09 2.0056995e-08 0)
(-1.4430957e-10 1.4721187e-08 0)
(1.0851742e-08 1.2820019e-08 0)
(2.5444312e-08 1.2543327e-08 0)
(3.8215881e-08 1.2982497e-08 0)
(4.4258523e-08 1.1897077e-08 0)
(4.2076456e-08 8.795778e-09 0)
(3.3920853e-08 4.5167126e-09 0)
(2.4361834e-08 4.6923639e-10 0)
(1.6740233e-08 -2.4353284e-09 0)
(1.0968658e-08 -4.2513819e-09 0)
(6.2281901e-09 -4.4975326e-09 0)
(4.5768596e-09 -3.7385393e-09 0)
(2.7755486e-09 -3.9206712e-09 0)
(0.011419922 -0.079364825 0)
(0.034252849 -0.079352291 0)
(0.057118581 -0.079326358 0)
(0.08000624 -0.079272315 0)
(0.10287702 -0.079206209 0)
(0.12568589 -0.079144074 0)
(0.14838319 -0.079096467 0)
(0.17091623 -0.079061797 0)
(0.193236 -0.079044837 0)
(0.21530707 -0.079023179 0)
(0.23710468 -0.078952913 0)
(0.25861569 -0.078785164 0)
(0.27986224 -0.078486851 0)
(0.30092985 -0.078052616 0)
(0.32197113 -0.077473875 0)
(0.34313943 -0.0766993 0)
(0.36473894 -0.075955257 0)
(0.38719879 -0.07550078 0)
(0.41094182 -0.075513884 0)
(0.43609214 -0.076056917 0)
(0.46287283 -0.077174778 0)
(0.49022297 -0.077677974 0)
(0.51680666 -0.079654235 0)
(0.54200883 -0.081649183 0)
(0.56305601 -0.08274355 0)
(0.57864947 -0.084661005 0)
(0.59094417 -0.085606513 0)
(0.60206407 -0.082804931 0)
(0.60121744 -0.077160652 0)
(0.59297809 -0.072030113 0)
(0.58518937 -0.066447638 0)
(0.57641858 -0.059282766 0)
(0.56228578 -0.053397115 0)
(0.53474762 -0.05326987 0)
(0.49944379 -0.053988446 0)
(0.47656807 -0.033145372 0)
(0.37343606 0.0094608953 0)
(0.20298622 0.0017658298 0)
(0.27047983 -0.033945044 0)
(0.35677895 -0.038788769 0)
(0.39333004 -0.032436506 0)
(0.4188455 -0.033885931 0)
(0.43928941 -0.045822174 0)
(0.45532498 -0.052747229 0)
(0.47331526 -0.039544745 0)
(0.49529849 -0.026141871 0)
(0.51648431 -0.021723727 0)
(0.52880757 -0.01964411 0)
(0.53034737 -0.01544893 0)
(0.49650574 -0.014893799 0)
(0.42917241 -0.016315 0)
(0.38586392 0.076498489 0)
(0.28182594 0.22048886 0)
(0.27856576 0.08743514 0)
(0.24109999 -0.10249119 0)
(0.17534974 -0.16765699 0)
(0.13598037 -0.14724337 0)
(0.11911175 -0.1145224 0)
(0.11295603 -0.085192479 0)
(0.11496766 -0.056186664 0)
(0.11968013 -0.028324715 0)
(0.11981909 -0.007085359 0)
(0.11684491 0.0084201379 0)
(0.10553989 0.022822722 0)
(0.087137584 0.038791358 0)
(0.06229194 0.053523646 0)
(0.037189645 0.069413343 0)
(0.021420709 0.0977886 0)
(0.025429089 0.12370305 0)
(0.051582631 0.11247238 0)
(0.046814281 0.084175294 0)
(-0.019995369 0.062674836 0)
(-0.11955948 0.095008138 0)
(-0.19562026 0.22021769 0)
(-0.21063931 0.37781459 0)
(-0.14934906 0.4555922 0)
(-0.035491603 0.41219549 0)
(0.048270817 0.32079836 0)
(0.085113792 0.23947654 0)
(0.094443951 0.17773034 0)
(0.090807519 0.13264146 0)
(0.08194784 0.1001235 0)
(0.07164219 0.076632193 0)
(0.061608628 0.059488421 0)
(0.052531401 0.046799133 0)
(0.044604852 0.037260356 0)
(0.037806644 0.029978868 0)
(0.03202939 0.024339862 0)
(0.027141316 0.019915285 0)
(0.023012864 0.016402844 0)
(0.019527043 0.013585724 0)
(0.01658236 0.01130591 0)
(0.014092631 0.0094465238 0)
(0.011985443 0.0079198659 0)
(0.010200139 0.0066591642 0)
(0.0086859614 0.0056129033 0)
(0.0074004837 0.0047409106 0)
(0.0063082128 0.0040115128 0)
(0.0053793733 0.0033994713 0)
(0.0045889475 0.0028845208 0)
(0.0039158907 0.0024502785 0)
(0.0033424556 0.0020833803 0)
(0.0028536555 0.0017728515 0)
(0.00243683 0.0015096455 0)
(0.002081253 0.001286267 0)
(0.0017778177 0.0010964761 0)
(0.001518811 0.0009350752 0)
(0.0012977044 0.00079773312 0)
(0.0011089243 0.00068079787 0)
(0.00094768416 0.00058116493 0)
(0.00080991681 0.00049621749 0)
(0.00069220591 0.00042377124 0)
(0.00059164755 0.00036197656 0)
(0.00050572817 0.0003092405 0)
(0.00043228948 0.00026420823 0)
(0.00036952389 0.0002257596 0)
(0.00031590639 0.00019294186 0)
(0.00027010788 0.00016492182 0)
(0.00023095016 0.00014096797 0)
(0.00019743802 0.00012048549 0)
(0.00016876707 0.00010299462 0)
(0.00014426698 8.8035393e-05 0)
(0.00012333826 7.5244239e-05 0)
(0.0001054319 6.4302249e-05 0)
(9.0112052e-05 5.4946488e-05 0)
(7.7030211e-05 4.6964395e-05 0)
(6.5863735e-05 4.0158797e-05 0)
(5.6314945e-05 3.4342439e-05 0)
(4.8133138e-05 2.9357197e-05 0)
(4.1129091e-05 2.5088738e-05 0)
(3.5153663e-05 2.1450899e-05 0)
(3.0065073e-05 1.8357203e-05 0)
(2.5723232e-05 1.5717135e-05 0)
(2.2011002e-05 1.3448113e-05 0)
(1.8841948e-05 1.1495368e-05 0)
(1.614583e-05 9.8202396e-06 0)
(1.3845392e-05 8.3864138e-06 0)
(1.1860337e-05 7.1550999e-06 0)
(1.0133923e-05 6.0953434e-06 0)
(8.6403543e-06 5.189508e-06 0)
(7.3692101e-06 4.4261258e-06 0)
(6.2990748e-06 3.7877182e-06 0)
(5.3939077e-06 3.2491408e-06 0)
(4.6208833e-06 2.7870152e-06 0)
(3.9622993e-06 2.386547e-06 0)
(3.4077742e-06 2.0390541e-06 0)
(2.9384953e-06 1.7367101e-06 0)
(2.526025e-06 1.4708603e-06 0)
(2.1480803e-06 1.2371792e-06 0)
(1.8020145e-06 1.0386308e-06 0)
(1.5022689e-06 8.7982447e-07 0)
(1.2579698e-06 7.580894e-07 0)
(1.0589477e-06 6.614014e-07 0)
(8.8565355e-07 5.7590127e-07 0)
(7.2736834e-07 4.9526438e-07 0)
(5.9042307e-07 4.2299005e-07 0)
(4.8814114e-07 3.6372655e-07 0)
(4.2235109e-07 3.1789927e-07 0)
(3.7719312e-07 2.788855e-07 0)
(3.3120054e-07 2.4200476e-07 0)
(2.7757271e-07 2.100684e-07 0)
(2.2268559e-07 1.8618111e-07 0)
(1.8086952e-07 1.745962e-07 0)
(1.6176573e-07 1.706849e-07 0)
(1.5566598e-07 1.6470105e-07 0)
(1.5084698e-07 1.5046911e-07 0)
(1.3825689e-07 1.3002849e-07 0)
(1.1770975e-07 1.0794975e-07 0)
(9.6738048e-08 9.3947981e-08 0)
(7.9224498e-08 8.870798e-08 0)
(6.1291785e-08 8.873184e-08 0)
(3.4043611e-08 8.8729319e-08 0)
(-5.7811098e-09 8.7466892e-08 0)
(-5.3000622e-08 8.6935399e-08 0)
(-9.5151283e-08 9.1810656e-08 0)
(-1.1975381e-07 1.0382152e-07 0)
(-1.2349586e-07 1.2015982e-07 0)
(-1.1034544e-07 1.369495e-07 0)
(-4.8541112e-08 1.3392932e-07 0)
(-2.6956832e-08 1.2572205e-07 0)
(6.5432519e-08 1.7241263e-07 0)
(1.5256261e-07 1.2667999e-07 0)
(1.2860588e-07 1.0843739e-07 0)
(1.2445197e-07 9.0947917e-08 0)
(9.9963712e-08 7.0892032e-08 0)
(7.872403e-08 5.3141249e-08 0)
(5.763121e-08 3.8453271e-08 0)
(4.4472141e-08 2.8890096e-08 0)
(4.0591478e-08 2.3313286e-08 0)
(4.6161245e-08 2.0979757e-08 0)
(5.7535708e-08 1.9668023e-08 0)
(6.8619037e-08 1.9203756e-08 0)
(7.2217656e-08 1.7905762e-08 0)
(6.4685398e-08 1.6337917e-08 0)
(4.7848578e-08 1.3896061e-08 0)
(2.5898201e-08 1.1106597e-08 0)
(5.8680849e-09 8.5144252e-09 0)
(-7.4419538e-09 6.8461182e-09 0)
(-1.3492943e-08 7.1326051e-09 0)
(-1.5734668e-08 9.3778851e-09 0)
(-1.8432402e-08 1.3916451e-08 0)
(-2.3064548e-08 1.9520484e-08 0)
(-2.7918239e-08 2.481423e-08 0)
(-2.8915578e-08 2.9268998e-08 0)
(-2.1498632e-08 3.2402336e-08 0)
(-6.4153876e-09 3.3963404e-08 0)
(1.1668845e-08 3.4392425e-08 0)
(2.7424704e-08 3.4142467e-08 0)
(3.79759e-08 3.2725798e-08 0)
(4.2905681e-08 3.2367434e-08 0)
(4.3254524e-08 3.2834717e-08 0)
(4.1409048e-08 3.4857201e-08 0)
(3.8372157e-08 3.7051426e-08 0)
(3.2496815e-08 3.9072038e-08 0)
(2.0009626e-08 4.0100622e-08 0)
(1.2623293e-09 3.9157999e-08 0)
(-2.0493049e-08 3.8308497e-08 0)
(-3.8242289e-08 3.8552669e-08 0)
(-4.4967647e-08 4.1055121e-08 0)
(-3.9139144e-08 4.5690772e-08 0)
(-2.4309301e-08 5.0818751e-08 0)
(-5.6595116e-09 5.5763456e-08 0)
(8.0869023e-09 5.6553531e-08 0)
(1.073172e-08 5.3254709e-08 0)
(4.7824705e-09 4.591509e-08 0)
(-3.7228786e-09 3.6954875e-08 0)
(-8.1044206e-09 2.8318073e-08 0)
(-4.2832727e-09 2.2466824e-08 0)
(8.8714772e-09 1.9705901e-08 0)
(2.4385095e-08 1.7918701e-08 0)
(3.6518624e-08 1.6736322e-08 0)
(4.1316152e-08 1.3981547e-08 0)
(3.7721905e-08 1.0125476e-08 0)
(2.9289999e-08 4.7496513e-09 0)
(2.0368333e-08 2.7763536e-10 0)
(1.3593063e-08 -3.7522034e-09 0)
(9.2616821e-09 -6.2004237e-09 0)
(5.9295769e-09 -7.3771354e-09 0)
(5.1570142e-09 -6.9099981e-09 0)
(3.1864e-09 -5.6715306e-09 0)
(0.011815492 -0.10171077 0)
(0.035468895 -0.10176932 0)
(0.059094619 -0.10187054 0)
(0.082612989 -0.10192777 0)
(0.1057611 -0.10190473 0)
(0.12827032 -0.10176918 0)
(0.15003396 -0.10150704 0)
(0.17104006 -0.10108297 0)
(0.19134226 -0.10052575 0)
(0.21113448 -0.099877984 0)
(0.23068307 -0.099176715 0)
(0.25032988 -0.09850648 0)
(0.27052408 -0.098004 0)
(0.29177016 -0.097847025 0)
(0.31459388 -0.098166125 0)
(0.33914709 -0.09879244 0)
(0.36521914 -0.1007056 0)
(0.3927451 -0.1037137 0)
(0.42101721 -0.1070761 0)
(0.44802898 -0.11033963 0)
(0.47270133 -0.11323711 0)
(0.48877971 -0.111992 0)
(0.4932959 -0.10804875 0)
(0.48612063 -0.10153612 0)
(0.46886818 -0.092720613 0)
(0.44381124 -0.083018374 0)
(0.39754357 -0.07814215 0)
(0.3589446 -0.044565234 0)
(0.23948468 -0.0050478414 0)
(0.15426432 -0.029427044 0)
(0.23771386 -0.051352461 0)
(0.29046768 -0.040472383 0)
(0.29740435 -0.023124671 0)
(0.24617718 -0.013271512 0)
(0.13369445 -0.032604539 0)
(0.046273067 0.084760924 0)
(-0.01174952 0.21628356 0)
(0.014792588 -0.027743229 0)
(-0.04046112 -0.11026051 0)
(-0.078692536 -0.10168627 0)
(-0.095671929 -0.081936931 0)
(-0.09751996 -0.073674905 0)
(-0.093620126 -0.071010502 0)
(-0.088385822 -0.067301764 0)
(-0.080628668 -0.060096889 0)
(-0.069446696 -0.05099037 0)
(-0.056104889 -0.040204543 0)
(-0.041524747 -0.025414579 0)
(-0.029831549 -0.00082637187 0)
(-0.031449981 0.037171361 0)
(-0.0372794 0.09306887 0)
(-0.045805016 0.14987362 0)
(-0.027043949 0.14051781 0)
(-0.010114424 0.065007376 0)
(-0.041732363 0.0066954092 0)
(-0.086529725 -0.038884405 0)
(-0.12388444 -0.062901789 0)
(-0.15065136 -0.069769383 0)
(-0.16903462 -0.066233703 0)
(-0.18072997 -0.057074921 0)
(-0.1877834 -0.046368065 0)
(-0.19241599 -0.036305006 0)
(-0.19547334 -0.026405816 0)
(-0.1992301 -0.014923413 0)
(-0.20678199 0.0019565054 0)
(-0.21795899 0.025572714 0)
(-0.23034107 0.054164952 0)
(-0.23558004 0.086110396 0)
(-0.22752408 0.10995214 0)
(-0.219969 0.11772137 0)
(-0.22664984 0.11385495 0)
(-0.25350161 0.11212259 0)
(-0.28518068 0.14349202 0)
(-0.29032458 0.20886125 0)
(-0.24572281 0.28151257 0)
(-0.15885326 0.3176424 0)
(-0.069017204 0.30370313 0)
(-0.0055101057 0.26208727 0)
(0.031015748 0.21442103 0)
(0.048944085 0.17089524 0)
(0.055206783 0.13485398 0)
(0.054899377 0.10630696 0)
(0.051275455 0.084135549 0)
(0.04624301 0.067018023 0)
(0.040848983 0.053780469 0)
(0.035629373 0.04348275 0)
(0.030832175 0.035407445 0)
(0.026548833 0.029019495 0)
(0.0227892 0.023922195 0)
(0.019523585 0.019821012 0)
(0.016705417 0.016495977 0)
(0.014283257 0.013781526 0)
(0.012206834 0.011551901 0)
(0.010429702 0.0097105535 0)
(0.0089102268 0.0081826113 0)
(0.0076118116 0.0069094838 0)
(0.0065026776 0.0058448914 0)
(0.0055553892 0.0049519122 0)
(0.0047463704 0.0042008602 0)
(0.0040554399 0.0035677249 0)
(0.0034653328 0.0030329445 0)
(0.0029612815 0.0025804606 0)
(0.0025306908 0.0021970367 0)
(0.0021628271 0.0018717189 0)
(0.0018485223 0.0015953935 0)
(0.001579953 0.0013604556 0)
(0.0013504679 0.0011605568 0)
(0.0011543909 0.00099036857 0)
(0.00098683442 0.00084537917 0)
(0.00084360433 0.00072177224 0)
(0.00072115445 0.00061634824 0)
(0.00061649164 0.00052641883 0)
(0.00052704241 0.00044968866 0)
(0.00045057887 0.00038419273 0)
(0.0003852074 0.00032827211 0)
(0.00032933518 0.00028053244 0)
(0.00028159636 0.00023977195 0)
(0.00024078328 0.00020494746 0)
(0.00020586936 0.00017516949 0)
(0.00017599685 0.00014972138 0)
(0.00015046199 0.00012793792 0)
(0.00012862405 0.00010938616 0)
(0.00010994509 9.3500705e-05 0)
(9.3982031e-05 7.9907834e-05 0)
(8.0336147e-05 6.8296221e-05 0)
(6.8691538e-05 5.8387746e-05 0)
(5.8739768e-05 4.9925529e-05 0)
(5.0214975e-05 4.2683273e-05 0)
(4.2911814e-05 3.6483972e-05 0)
(3.6674971e-05 3.1192939e-05 0)
(3.1362736e-05 2.668808e-05 0)
(2.6830381e-05 2.2844686e-05 0)
(2.2947304e-05 1.9547752e-05 0)
(1.9621925e-05 1.6710609e-05 0)
(1.6791074e-05 1.4275272e-05 0)
(1.4390654e-05 1.219369e-05 0)
(1.2341791e-05 1.0413362e-05 0)
(1.0568884e-05 8.884851e-06 0)
(9.0279791e-06 7.5728249e-06 0)
(7.7028731e-06 6.4565574e-06 0)
(6.5816405e-06 5.5169156e-06 0)
(5.635791e-06 4.7265079e-06 0)
(4.8279155e-06 4.053462e-06 0)
(4.131972e-06 3.4730279e-06 0)
(3.5380987e-06 2.9700109e-06 0)
(3.0391108e-06 2.5347476e-06 0)
(2.6169217e-06 2.1573053e-06 0)
(2.2454045e-06 1.8287624e-06 0)
(1.9075814e-06 1.5445569e-06 0)
(1.6041095e-06 1.3051562e-06 0)
(1.3448737e-06 1.1108219e-06 0)
(1.1315277e-06 9.536217e-07 0)
(9.5089426e-07 8.2143118e-07 0)
(7.87973e-07 7.044879e-07 0)
(6.4030506e-07 6.0038354e-07 0)
(5.1745714e-07 5.1291636e-07 0)
(4.2996033e-07 4.432756e-07 0)
(3.7461023e-07 3.8828528e-07 0)
(3.3493001e-07 3.417038e-07 0)
(2.9479733e-07 3.0133732e-07 0)
(2.4979313e-07 2.6912842e-07 0)
(2.0582656e-07 2.4662558e-07 0)
(1.7197395e-07 2.3231079e-07 0)
(1.5205389e-07 2.1882511e-07 0)
(1.3885989e-07 1.9909912e-07 0)
(1.2802453e-07 1.7328698e-07 0)
(1.1459347e-07 1.4592124e-07 0)
(9.9827737e-08 1.2403577e-07 0)
(8.7927495e-08 1.1157166e-07 0)
(7.626557e-08 1.0635916e-07 0)
(5.9774483e-08 1.0398715e-07 0)
(3.2820071e-08 1.0221415e-07 0)
(-5.1185359e-09 1.0310286e-07 0)
(-4.7926045e-08 1.0867969e-07 0)
(-8.3497821e-08 1.2090177e-07 0)
(-1.0308585e-07 1.3741781e-07 0)
(-1.0406263e-07 1.537495e-07 0)
(-9.5385425e-08 1.7261075e-07 0)
(-6.8128079e-08 1.865243e-07 0)
(-1.1080925e-08 1.4432638e-07 0)
(7.4032801e-08 2.1162775e-07 0)
(1.1466272e-07 1.5219341e-07 0)
(1.1175347e-07 1.3877018e-07 0)
(1.0306068e-07 1.1551465e-07 0)
(7.9198081e-08 9.3802214e-08 0)
(6.1223378e-08 7.4146606e-08 0)
(4.4868065e-08 5.8314261e-08 0)
(3.623647e-08 4.7350642e-08 0)
(3.5766731e-08 3.9663464e-08 0)
(4.3128533e-08 3.4718213e-08 0)
(5.5348775e-08 3.0679117e-08 0)
(6.6561967e-08 2.7697837e-08 0)
(7.0046459e-08 2.4769747e-08 0)
(6.2314832e-08 2.2253371e-08 0)
(4.4951045e-08 1.8811604e-08 0)
(2.2850427e-08 1.5176368e-08 0)
(3.2531154e-09 1.1437282e-08 0)
(-8.3398969e-09 9.2156468e-09 0)
(-1.1925202e-08 1.0077728e-08 0)
(-1.1357989e-08 1.3969925e-08 0)
(-1.2185454e-08 2.0728679e-08 0)
(-1.659811e-08 2.7944371e-08 0)
(-2.2390757e-08 3.4503623e-08 0)
(-2.5056345e-08 3.9079852e-08 0)
(-1.9487216e-08 4.1932357e-08 0)
(-5.8696396e-09 4.2909448e-08 0)
(1.1384362e-08 4.3038619e-08 0)
(2.6458825e-08 4.2557301e-08 0)
(3.7430931e-08 4.2057002e-08 0)
(4.3161962e-08 4.1606415e-08 0)
(4.4321963e-08 4.1597862e-08 0)
(4.3032701e-08 4.161621e-08 0)
(3.9629226e-08 4.2529498e-08 0)
(3.3253224e-08 4.2597534e-08 0)
(1.9662019e-08 4.2360271e-08 0)
(5.8042482e-10 4.1709564e-08 0)
(-2.0040747e-08 4.2067527e-08 0)
(-3.5707284e-08 4.4491979e-08 0)
(-4.0125491e-08 4.924589e-08 0)
(-3.3523665e-08 5.5596431e-08 0)
(-1.894637e-08 6.1394368e-08 0)
(-2.9443731e-09 6.6067878e-08 0)
(6.1650618e-09 6.5820663e-08 0)
(4.6155376e-09 6.0330654e-08 0)
(-4.2963473e-09 5.1670482e-08 0)
(-1.3132172e-08 4.147809e-08 0)
(-1.570023e-08 3.2426422e-08 0)
(-8.7102674e-09 2.6420584e-08 0)
(6.3468841e-09 2.3452653e-08 0)
(2.2514401e-08 2.1657549e-08 0)
(3.4314396e-08 2.0160255e-08 0)
(3.7680161e-08 1.7198001e-08 0)
(3.2874105e-08 1.2604572e-08 0)
(2.4099704e-08 7.1976258e-09 0)
(1.588412e-08 2.0129519e-09 0)
(1.028101e-08 -2.5459448e-09 0)
(7.3300107e-09 -5.2963471e-09 0)
(5.269645e-09 -7.144414e-09 0)
(5.1944243e-09 -6.8659802e-09 0)
(3.1408169e-09 -5.9716891e-09 0)
(0.011919302 -0.12687025 0)
(0.035825729 -0.12682948 0)
(0.059449653 -0.12666519 0)
(0.082623252 -0.12604682 0)
(0.10474962 -0.12477431 0)
(0.12557328 -0.12309928 0)
(0.14546299 -0.12144589 0)
(0.16491035 -0.11987047 0)
(0.18445618 -0.11872726 0)
(0.20471267 -0.11826888 0)
(0.22656676 -0.11866891 0)
(0.2507952 -0.12002239 0)
(0.27796833 -0.12237227 0)
(0.30827223 -0.12568284 0)
(0.3419318 -0.12967483 0)
(0.37541416 -0.13339154 0)
(0.40365375 -0.13569463 0)
(0.42724968 -0.13620799 0)
(0.44251859 -0.13378946 0)
(0.44438062 -0.12703005 0)
(0.42732 -0.11860334 0)
(0.37182491 -0.071198941 0)
(0.28243874 -0.045249766 0)
(0.18627558 -0.045636204 0)
(0.15957278 -0.047412403 0)
(0.17661083 -0.031627188 0)
(0.098862032 -0.050643577 0)
(0.056339191 0.077395865 0)
(0.0093887802 0.11970318 0)
(0.023333953 -0.095496691 0)
(-0.049521152 -0.11883554 0)
(-0.08697638 -0.053752079 0)
(-0.11433243 0.020987217 0)
(-0.14315192 0.074957666 0)
(-0.17752557 0.1106396 0)
(-0.17557489 0.14636901 0)
(-0.13613224 0.12429306 0)
(-0.11627679 0.038770719 0)
(-0.14069251 -0.013905352 0)
(-0.16327334 -0.043169754 0)
(-0.18042583 -0.055406331 0)
(-0.19386227 -0.06139834 0)
(-0.20595133 -0.065313405 0)
(-0.21752746 -0.066776733 0)
(-0.22799832 -0.065140211 0)
(-0.23704056 -0.061242069 0)
(-0.24570868 -0.054652697 0)
(-0.25471029 -0.041964492 0)
(-0.26134534 -0.018300015 0)
(-0.2622203 0.019638241 0)
(-0.25243157 0.064884819 0)
(-0.22683585 0.096735599 0)
(-0.18488301 0.095784545 0)
(-0.15525463 0.054896006 0)
(-0.15044149 0.0042493634 0)
(-0.1661272 -0.028478867 0)
(-0.19081072 -0.043124604 0)
(-0.2148894 -0.045898943 0)
(-0.23489031 -0.041366725 0)
(-0.25021705 -0.032338237 0)
(-0.26175499 -0.021257165 0)
(-0.27092816 -0.010010124 0)
(-0.27901376 0.00092660615 0)
(-0.28540143 0.011460689 0)
(-0.28939384 0.02253385 0)
(-0.29203989 0.03677856 0)
(-0.29292885 0.054778012 0)
(-0.28887543 0.076204786 0)
(-0.27864876 0.09454838 0)
(-0.26682841 0.10383017 0)
(-0.2596081 0.10721042 0)
(-0.25875576 0.11492723 0)
(-0.255873 0.13855493 0)
(-0.23694706 0.17708611 0)
(-0.19479319 0.21722358 0)
(-0.13738717 0.24030953 0)
(-0.080729872 0.23782509 0)
(-0.035310817 0.21661772 0)
(-0.0037224776 0.18745951 0)
(0.015837803 0.15734222 0)
(0.026632005 0.12976995 0)
(0.031411729 0.10612282 0)
(0.032435684 0.086546399 0)
(0.03129108 0.07062747 0)
(0.029012593 0.057790577 0)
(0.026238117 0.047460289 0)
(0.023344793 0.039132958 0)
(0.02054334 0.032397507 0)
(0.017941211 0.026925338 0)
(0.015584893 0.022457588 0)
(0.013485981 0.018791752 0)
(0.011636985 0.01576962 0)
(0.010020636 0.013267114 0)
(0.0086153669 0.011186417 0)
(0.0073984703 0.0094501722 0)
(0.0063477856 0.007996758 0)
(0.0054425665 0.0067766804 0)
(0.0046639213 0.0057499231 0)
(0.0039949916 0.0048839869 0)
(0.0034208883 0.0041523277 0)
(0.0029285216 0.0035331136 0)
(0.0025064723 0.0030083081 0)
(0.0021448599 0.0025629724 0)
(0.0018351486 0.0021846753 0)
(0.0015699627 0.0018630271 0)
(0.0013429619 0.0015893305 0)
(0.0011487105 0.0013562896 0)
(0.00098251731 0.0011577461 0)
(0.00084032115 0.00098848651 0)
(0.00071864833 0.0008441184 0)
(0.00061455984 0.00072095216 0)
(0.00052554373 0.0006158586 0)
(0.00044941953 0.00052615869 0)
(0.0003843102 0.00044957265 0)
(0.00032862815 0.00038417788 0)
(0.00028102296 0.00032833624 0)
(0.00024032085 0.00028063607 0)
(0.00020550499 0.00023985617 0)
(0.0001757238 0.00020501216 0)
(0.00015020631 0.00017524691 0)
(0.00012843163 0.00014977475 0)
(0.00010982965 0.00012802821 0)
(9.3859866e-05 0.00010944984 0)
(8.0227358e-05 9.3548823e-05 0)
(6.8591922e-05 7.9971875e-05 0)
(5.8659489e-05 6.8372448e-05 0)
(5.0159242e-05 5.8454322e-05 0)
(4.2873375e-05 4.9968716e-05 0)
(3.6642795e-05 4.2719869e-05 0)
(3.1333194e-05 3.654116e-05 0)
(2.6805407e-05 3.1270569e-05 0)
(2.2924743e-05 2.67567e-05 0)
(1.9589154e-05 2.2876543e-05 0)
(1.6738522e-05 1.9545585e-05 0)
(1.4325029e-05 1.6697537e-05 0)
(1.228392e-05 1.4267415e-05 0)
(1.0536554e-05 1.2186687e-05 0)
(9.0198019e-06 1.0399902e-05 0)
(7.7056317e-06 8.8706762e-06 0)
(6.5844478e-06 7.573806e-06 0)
(5.6391637e-06 6.4802762e-06 0)
(4.8356241e-06 5.5533216e-06 0)
(4.14043e-06 4.7578513e-06 0)
(3.5374347e-06 4.0708205e-06 0)
(3.0240218e-06 3.4782478e-06 0)
(2.595072e-06 2.9686488e-06 0)
(2.2325141e-06 2.5297422e-06 0)
(1.9132811e-06 2.1493922e-06 0)
(1.6244795e-06 1.8218666e-06 0)
(1.3682853e-06 1.5444368e-06 0)
(1.1507401e-06 1.3138305e-06 0)
(9.6858443e-07 1.1205954e-06 0)
(8.0981926e-07 9.5437195e-07 0)
(6.6461127e-07 8.0995317e-07 0)
(5.3580226e-07 6.8710023e-07 0)
(4.3332034e-07 5.88142e-07 0)
(3.635149e-07 5.112067e-07 0)
(3.2078391e-07 4.5095436e-07 0)
(2.902495e-07 4.0167886e-07 0)
(2.5862883e-07 3.6119484e-07 0)
(2.2286402e-07 3.2889666e-07 0)
(1.8587051e-07 3.0310213e-07 0)
(1.5307125e-07 2.7901888e-07 0)
(1.2855579e-07 2.5172722e-07 0)
(1.1012906e-07 2.191093e-07 0)
(9.7670282e-08 1.8650442e-07 0)
(8.9007098e-08 1.5701621e-07 0)
(8.3361901e-08 1.3746884e-07 0)
(7.9063482e-08 1.2581039e-07 0)
(7.164252e-08 1.1919522e-07 0)
(5.7150214e-08 1.1524054e-07 0)
(3.3163252e-08 1.1454215e-07 0)
(6.8820465e-10 1.1937897e-07 0)
(-3.5198138e-08 1.3212942e-07 0)
(-6.6409984e-08 1.5026628e-07 0)
(-8.6903995e-08 1.6859163e-07 0)
(-8.8302167e-08 1.8280089e-07 0)
(-7.7571562e-08 1.9761748e-07 0)
(-7.6827074e-08 2.14478e-07 0)
(-1.8467729e-09 1.9918867e-07 0)
(7.3305808e-08 2.2370744e-07 0)
(7.9703948e-08 1.894474e-07 0)
(9.1927094e-08 1.6714223e-07 0)
(7.9485301e-08 1.3921454e-07 0)
(5.8597137e-08 1.1656644e-07 0)
(4.3237178e-08 9.7016833e-08 0)
(3.083603e-08 8.1305199e-08 0)
(2.5821935e-08 6.8651555e-08 0)
(2.7959729e-08 5.8057915e-08 0)
(3.7177809e-08 4.9792422e-08 0)
(5.0516316e-08 4.3410177e-08 0)
(6.2710767e-08 3.8412758e-08 0)
(6.6774142e-08 3.4222987e-08 0)
(5.8728514e-08 3.0435201e-08 0)
(4.0773462e-08 2.5252578e-08 0)
(1.8525827e-08 2.0058307e-08 0)
(-9.0722296e-11 1.5207924e-08 0)
(-8.799611e-09 1.3073468e-08 0)
(-8.7365312e-09 1.4976176e-08 0)
(-5.0815947e-09 2.0860241e-08 0)
(-4.4564704e-09 2.8816024e-08 0)
(-9.2885304e-09 3.6738667e-08 0)
(-1.6782072e-08 4.2771171e-08 0)
(-2.1486729e-08 4.6670655e-08 0)
(-1.7669193e-08 4.9121849e-08 0)
(-5.3096617e-09 5.032751e-08 0)
(1.1316092e-08 5.1170558e-08 0)
(2.6442843e-08 5.1317312e-08 0)
(3.7025449e-08 5.1424809e-08 0)
(4.2447665e-08 4.9895746e-08 0)
(4.3266099e-08 4.7955835e-08 0)
(4.2342899e-08 4.5203833e-08 0)
(3.9355927e-08 4.3490652e-08 0)
(3.2330509e-08 4.2541178e-08 0)
(1.912511e-08 4.1204918e-08 0)
(9.7366112e-10 4.184023e-08 0)
(-1.7706137e-08 4.3871831e-08 0)
(-3.1059242e-08 4.8602068e-08 0)
(-3.3858307e-08 5.5064662e-08 0)
(-2.6985655e-08 6.2191215e-08 0)
(-1.3832861e-08 6.8761773e-08 0)
(-1.2285234e-09 7.2241897e-08 0)
(2.3541137e-09 7.043886e-08 0)
(-3.4141354e-09 6.3426934e-08 0)
(-1.4066031e-08 5.3648792e-08 0)
(-2.2963331e-08 4.3226528e-08 0)
(-2.3158664e-08 3.41975e-08 0)
(-1.325385e-08 2.8862793e-08 0)
(4.1116882e-09 2.5800479e-08 0)
(2.1095696e-08 2.4837773e-08 0)
(3.2061553e-08 2.3572853e-08 0)
(3.3763019e-08 2.0859245e-08 0)
(2.7723977e-08 1.5964154e-08 0)
(1.8700449e-08 1.0719416e-08 0)
(1.062666e-08 4.8406967e-09 0)
(6.2826114e-09 -4.1130352e-10 0)
(4.6253086e-09 -3.9684237e-09 0)
(4.0272178e-09 -6.1984295e-09 0)
(4.9444938e-09 -6.4839671e-09 0)
(2.9900455e-09 -5.2682365e-09 0)
(0.0095560081 -0.15398567 0)
(0.028761417 -0.153732 0)
(0.047962146 -0.15297216 0)
(0.067285278 -0.15131647 0)
(0.08746343 -0.14875197 0)
(0.10969116 -0.14629284 0)
(0.13517275 -0.14498249 0)
(0.16397242 -0.14499123 0)
(0.19533135 -0.14617106 0)
(0.23013241 -0.14855978 0)
(0.26866196 -0.15199131 0)
(0.31077233 -0.15628837 0)
(0.35563877 -0.16105354 0)
(0.40204662 -0.16608976 0)
(0.44726379 -0.17175629 0)
(0.48519535 -0.16348998 0)
(0.48661911 -0.14782757 0)
(0.45011667 -0.12871206 0)
(0.39578587 -0.10777552 0)
(0.32786266 -0.082469383 0)
(0.24743049 -0.071949032 0)
(0.17280302 0.05733076 0)
(0.14569562 0.049336398 0)
(0.074382656 0.00089070894 0)
(0.012067018 -0.051708308 0)
(-0.050824362 -0.0025863986 0)
(-0.12184666 0.059600749 0)
(-0.12677288 0.10159343 0)
(-0.12485339 0.062903455 0)
(-0.15032634 0.0076471678 0)
(-0.20070451 -0.014911479 0)
(-0.23390275 -0.0054543247 0)
(-0.24885763 0.024476138 0)
(-0.24919844 0.054193272 0)
(-0.2349305 0.071498633 0)
(-0.2015816 0.076250663 0)
(-0.15929279 0.054713357 0)
(-0.14311602 0.013515328 0)
(-0.14899665 -0.013213473 0)
(-0.16381561 -0.028416495 0)
(-0.17923798 -0.037032326 0)
(-0.19337285 -0.042188721 0)
(-0.20702004 -0.044898296 0)
(-0.22056775 -0.045129651 0)
(-0.23386215 -0.042908956 0)
(-0.24684135 -0.038708365 0)
(-0.25980595 -0.032405523 0)
(-0.27241718 -0.022349535 0)
(-0.28195371 -0.0061425643 0)
(-0.28269298 0.016750487 0)
(-0.26884808 0.0435546 0)
(-0.24043724 0.06379543 0)
(-0.20693626 0.064082946 0)
(-0.18219066 0.042379363 0)
(-0.17424453 0.014467575 0)
(-0.17957735 -0.010008624 0)
(-0.19157129 -0.025360533 0)
(-0.20649101 -0.031968416 0)
(-0.22106268 -0.031968342 0)
(-0.23352993 -0.027516782 0)
(-0.24337456 -0.020355492 0)
(-0.25088835 -0.011567397 0)
(-0.25678816 -0.0014456201 0)
(-0.26183477 0.010637202 0)
(-0.26508813 0.023520905 0)
(-0.26552166 0.037088868 0)
(-0.26298254 0.051810667 0)
(-0.25688994 0.067340161 0)
(-0.24770845 0.081330148 0)
(-0.23768733 0.092151619 0)
(-0.22924735 0.10155571 0)
(-0.22223019 0.11400893 0)
(-0.21245464 0.13353247 0)
(-0.19411771 0.15865196 0)
(-0.16452288 0.18210812 0)
(-0.12680157 0.19516726 0)
(-0.087890816 0.19411785 0)
(-0.053761383 0.18174795 0)
(-0.02708218 0.16284732 0)
(-0.0081071092 0.14173681 0)
(0.0043098308 0.12092958 0)
(0.01183582 0.10193412 0)
(0.01585837 0.085308841 0)
(0.017524771 0.071144196 0)
(0.017698938 0.059279469 0)
(0.016978636 0.04942181 0)
(0.015771311 0.04125612 0)
(0.014340883 0.034504223 0)
(0.012848086 0.02891794 0)
(0.011388615 0.024287591 0)
(0.010016172 0.020440428 0)
(0.0087575483 0.017235617 0)
(0.0076227767 0.014558613 0)
(0.0066120962 0.01231636 0)
(0.0057200572 0.010433838 0)
(0.0049379304 0.0088499 0)
(0.0042555482 0.0075145008 0)
(0.003662475 0.0063866093 0)
(0.0031486115 0.0054324814 0)
(0.0027044471 0.0046242126 0)
(0.0023212266 0.0039386343 0)
(0.0019910778 0.0033564859 0)
(0.0017070131 0.0028617084 0)
(0.0014628499 0.0024408451 0)
(0.0012531547 0.0020825955 0)
(0.0010731989 0.0017774597 0)
(0.00091887155 0.0015174286 0)
(0.00078657912 0.0012957183 0)
(0.0006732003 0.0011065908 0)
(0.00057606529 0.00094520832 0)
(0.00049289115 0.00080747785 0)
(0.00042169555 0.00068990592 0)
(0.00036075451 0.00058951092 0)
(0.0003085966 0.00050376837 0)
(0.00026396991 0.0004305408 0)
(0.00022579258 0.0003679907 0)
(0.0001931157 0.00031454047 0)
(0.00016515892 0.00026884082 0)
(0.00014125976 0.00022979001 0)
(0.00012075924 0.0001964242 0)
(0.00010324316 0.00016794681 0)
(8.8298983e-05 0.00014353464 0)
(7.5465609e-05 0.00012269717 0)
(6.4503995e-05 0.00010488597 0)
(5.515972e-05 8.9674198e-05 0)
(4.7173946e-05 7.666683e-05 0)
(4.0336008e-05 6.554077e-05 0)
(3.4480502e-05 5.6030208e-05 0)
(2.9484242e-05 4.7914797e-05 0)
(2.522566e-05 4.0991117e-05 0)
(2.1578268e-05 3.5069034e-05 0)
(1.8436349e-05 2.9987243e-05 0)
(1.5736184e-05 2.5625408e-05 0)
(1.3442916e-05 2.1894721e-05 0)
(1.1512901e-05 1.871282e-05 0)
(9.8798011e-06 1.5995033e-05 0)
(8.4742766e-06 1.3663992e-05 0)
(7.2528721e-06 1.1664097e-05 0)
(6.2018831e-06 9.9582476e-06 0)
(5.3124731e-06 8.5133161e-06 0)
(4.5611564e-06 7.288775e-06 0)
(3.9133662e-06 6.2425373e-06 0)
(3.345414e-06 5.3411916e-06 0)
(2.8523682e-06 4.565076e-06 0)
(2.4359268e-06 3.9008933e-06 0)
(2.0906049e-06 3.3329897e-06 0)
(1.7976651e-06 2.844984e-06 0)
(1.5375289e-06 2.4219579e-06 0)
(1.3026264e-06 2.056691e-06 0)
(1.096074e-06 1.7449083e-06 0)
(9.2103259e-07 1.4808454e-06 0)
(7.7206924e-07 1.2553801e-06 0)
(6.4025234e-07 1.060947e-06 0)
(5.2070172e-07 8.9530131e-07 0)
(4.1849422e-07 7.5926058e-07 0)
(3.4156395e-07 6.528681e-07 0)
(2.9277301e-07 5.7171206e-07 0)
(2.6508277e-07 5.0945174e-07 0)
(2.4517078e-07 4.5909363e-07 0)
(2.2201514e-07 4.1697257e-07 0)
(1.9170022e-07 3.8042447e-07 0)
(1.5594845e-07 3.4467135e-07 0)
(1.2059846e-07 3.0763212e-07 0)
(9.2143442e-08 2.6786691e-07 0)
(7.3636125e-08 2.2818362e-07 0)
(6.5930675e-08 1.9408708e-07 0)
(6.5557542e-08 1.68212e-07 0)
(6.862194e-08 1.5124003e-07 0)
(6.965407e-08 1.4000473e-07 0)
(6.5696041e-08 1.3150239e-07 0)
(5.5122157e-08 1.2731917e-07 0)
(3.6959501e-08 1.2855439e-07 0)
(1.2469514e-08 1.3822627e-07 0)
(-1.7038186e-08 1.5495771e-07 0)
(-4.7035236e-08 1.7445828e-07 0)
(-7.0551247e-08 1.9149246e-07 0)
(-7.5037098e-08 2.051804e-07 0)
(-6.3708683e-08 2.1832607e-07 0)
(-6.655732e-08 2.4129362e-07 0)
(-1.8510097e-09 2.5496152e-07 0)
(6.4292008e-08 2.2831533e-07 0)
(5.8097428e-08 2.2182057e-07 0)
(6.1520644e-08 1.9742337e-07 0)
(5.2485016e-08 1.650899e-07 0)
(3.7000366e-08 1.4039689e-07 0)
(2.5962104e-08 1.2017761e-07 0)
(1.6502566e-08 1.0439601e-07 0)
(1.298879e-08 9.0089341e-08 0)
(1.6907397e-08 7.7320222e-08 0)
(2.8480712e-08 6.5975636e-08 0)
(4.3968863e-08 5.7923277e-08 0)
(5.7374468e-08 5.1517706e-08 0)
(6.2068328e-08 4.6558029e-08 0)
(5.3343977e-08 4.0548092e-08 0)
(3.4574073e-08 3.355964e-08 0)
(1.2805675e-08 2.6334258e-08 0)
(-3.7317848e-09 2.0790959e-08 0)
(-8.5717706e-09 1.920594e-08 0)
(-4.1382878e-09 2.2389765e-08 0)
(2.4819372e-09 2.917058e-08 0)
(3.6928056e-09 3.7253376e-08 0)
(-2.6428159e-09 4.3938157e-08 0)
(-1.245869e-08 4.8264178e-08 0)
(-1.8705855e-08 5.0795809e-08 0)
(-1.5830492e-08 5.3056796e-08 0)
(-3.8210057e-09 5.5167685e-08 0)
(1.2374031e-08 5.7508263e-08 0)
(2.6712853e-08 5.8252356e-08 0)
(3.6009325e-08 5.7856658e-08 0)
(3.9693251e-08 5.4291088e-08 0)
(3.9630464e-08 4.9453299e-08 0)
(3.8568004e-08 4.4280306e-08 0)
(3.6966925e-08 4.0043057e-08 0)
(3.0967655e-08 3.8028989e-08 0)
(1.8961242e-08 3.7613741e-08 0)
(3.2474959e-09 3.9768311e-08 0)
(-1.3278675e-08 4.4083071e-08 0)
(-2.4514147e-08 5.0460193e-08 0)
(-2.653598e-08 5.8024521e-08 0)
(-1.9826083e-08 6.5231345e-08 0)
(-8.895452e-09 7.196298e-08 0)
(-1.2673792e-09 7.3781496e-08 0)
(-2.6499345e-09 7.0449763e-08 0)
(-1.2174452e-08 6.3050401e-08 0)
(-2.4496603e-08 5.2645518e-08 0)
(-3.2583264e-08 4.2249504e-08 0)
(-3.0063808e-08 3.382037e-08 0)
(-1.7107217e-08 2.9325361e-08 0)
(2.32214e-09 2.7477885e-08 0)
(2.0287232e-08 2.702198e-08 0)
(3.033614e-08 2.6856456e-08 0)
(3.0071841e-08 2.4436526e-08 0)
(2.2734765e-08 2.0411036e-08 0)
(1.2976651e-08 1.4529981e-08 0)
(4.7534627e-09 8.1845491e-09 0)
(1.4683627e-09 2.4891804e-09 0)
(1.4960778e-09 -1.7771278e-09 0)
(2.3523836e-09 -4.1690405e-09 0)
(4.4611967e-09 -4.6723353e-09 0)
(3.0565139e-09 -2.7654229e-09 0)
(0.0017565449 -0.16635261 0)
(0.0053905429 -0.16665026 0)
(0.011686362 -0.16721957 0)
(0.021587673 -0.16909641 0)
(0.044423177 -0.17342989 0)
(0.083987586 -0.18020512 0)
(0.13727699 -0.18999136 0)
(0.19807257 -0.19496713 0)
(0.26510447 -0.19713664 0)
(0.3292706 -0.19844666 0)
(0.38472424 -0.19917151 0)
(0.42646442 -0.1994743 0)
(0.450234 -0.19843624 0)
(0.45204178 -0.19587477 0)
(0.42518323 -0.19751358 0)
(0.3829325 -0.13455565 0)
(0.33678707 -0.096734096 0)
(0.27966294 -0.061564831 0)
(0.21582011 -0.028102524 0)
(0.1456256 0.0031757022 0)
(0.074302375 0.027107026 0)
(-0.019184997 0.056422608 0)
(-0.0052463636 0.097423152 0)
(-0.064983023 0.047284254 0)
(-0.12841382 0.051268381 0)
(-0.17948499 0.057781124 0)
(-0.19933662 0.069435749 0)
(-0.18940286 0.074848086 0)
(-0.17882312 0.050303355 0)
(-0.18800835 0.015278136 0)
(-0.20851495 0.0024987666 0)
(-0.22780648 0.0090562517 0)
(-0.23493246 0.024043113 0)
(-0.22732547 0.038400045 0)
(-0.20840645 0.047670675 0)
(-0.18322711 0.049752538 0)
(-0.16230147 0.038351637 0)
(-0.15327026 0.016715302 0)
(-0.15413943 -0.0041752024 0)
(-0.1604416 -0.019501929 0)
(-0.16955186 -0.029238549 0)
(-0.17981251 -0.035232314 0)
(-0.19041436 -0.038447301 0)
(-0.2009536 -0.039155845 0)
(-0.21120342 -0.037431477 0)
(-0.22113936 -0.033373221 0)
(-0.23071512 -0.026867592 0)
(-0.2392732 -0.017324005 0)
(-0.24462055 -0.0040937418 0)
(-0.24363977 0.012031667 0)
(-0.23336972 0.02742248 0)
(-0.21522968 0.036863668 0)
(-0.19562646 0.035717336 0)
(-0.1812724 0.025063593 0)
(-0.17544038 0.010182327 0)
(-0.17743747 -0.0028900582 0)
(-0.18451794 -0.012360352 0)
(-0.19400895 -0.017229938 0)
(-0.20396337 -0.017774001 0)
(-0.21307989 -0.014901865 0)
(-0.22082694 -0.0096393885 0)
(-0.22714793 -0.0028168081 0)
(-0.2318366 0.0050916519 0)
(-0.23506324 0.014184919 0)
(-0.23686 0.024881708 0)
(-0.2367002 0.036576252 0)
(-0.23433907 0.048969789 0)
(-0.22972805 0.061573804 0)
(-0.22331584 0.073534313 0)
(-0.21605289 0.084481057 0)
(-0.20861902 0.095301494 0)
(-0.20039946 0.10778264 0)
(-0.18925183 0.12303913 0)
(-0.17261436 0.1397264 0)
(-0.14945093 0.15407677 0)
(-0.12149235 0.1619605 0)
(-0.092387087 0.16154505 0)
(-0.065592992 0.15387863 0)
(-0.043136374 0.14130122 0)
(-0.025703619 0.12618445 0)
(-0.012947431 0.11049026 0)
(-0.0040848349 0.09540435 0)
(0.0017116287 0.081591769 0)
(0.0052951483 0.069358646 0)
(0.0073061524 0.058755214 0)
(0.0082214773 0.049684227 0)
(0.00842939 0.041958985 0)
(0.0082052429 0.035439805 0)
(0.0077238027 0.02995008 0)
(0.0071063645 0.025330899 0)
(0.0064330244 0.021444065 0)
(0.0057543224 0.018171624 0)
(0.0051006866 0.015413606 0)
(0.0044900447 0.013085258 0)
(0.0039315877 0.011117925 0)
(0.0034281263 0.0094536819 0)
(0.0029790327 0.0080441594 0)
(0.0025817211 0.0068490711 0)
(0.0022324625 0.0058347737 0)
(0.0019269451 0.004973098 0)
(0.0016607256 0.0042404579 0)
(0.0014294964 0.0036170914 0)
(0.0012291832 0.0030863699 0)
(0.0010560097 0.0026342603 0)
(0.00090655829 0.0022489265 0)
(0.00077778085 0.001920372 0)
(0.00066695858 0.0016401249 0)
(0.00057167159 0.0014009903 0)
(0.00048980519 0.0011968751 0)
(0.00041953087 0.0010226192 0)
(0.00035925401 0.00087382583 0)
(0.00030757419 0.000746742 0)
(0.00026328002 0.00063817841 0)
(0.00022533862 0.00054543626 0)
(0.00019284939 0.00046620922 0)
(0.00016502182 0.00039850927 0)
(0.00014117036 0.00034063983 0)
(0.00012075409 0.00029117117 0)
(0.00010330683 0.00024889213 0)
(8.8362816e-05 0.00021274303 0)
(7.554192e-05 0.00018194056 0)
(6.4579889e-05 0.00015550558 0)
(5.5211099e-05 0.0001329254 0)
(4.720431e-05 0.00011363826 0)
(4.0372726e-05 9.7159188e-05 0)
(3.4526018e-05 8.3067172e-05 0)
(2.9522589e-05 7.1015894e-05 0)
(2.524738e-05 6.072017e-05 0)
(2.1603689e-05 5.1931258e-05 0)
(1.848742e-05 4.4418778e-05 0)
(1.5801525e-05 3.7982479e-05 0)
(1.3481111e-05 3.2463019e-05 0)
(1.1496628e-05 2.7740427e-05 0)
(9.8259298e-06 2.3711524e-05 0)
(8.425338e-06 2.0274456e-05 0)
(7.2350899e-06 1.7331948e-05 0)
(6.2056156e-06 1.4807086e-05 0)
(5.3140567e-06 1.2646196e-05 0)
(4.5548506e-06 1.0807929e-05 0)
(3.9149753e-06 9.2472125e-06 0)
(3.3683849e-06 7.9162064e-06 0)
(2.8880404e-06 6.7721879e-06 0)
(2.4629683e-06 5.78789e-06 0)
(2.0971361e-06 4.9455903e-06 0)
(1.791935e-06 4.2292682e-06 0)
(1.5391624e-06 3.6177302e-06 0)
(1.3214823e-06 3.090543e-06 0)
(1.1249881e-06 2.6331885e-06 0)
(9.4743021e-07 2.2376551e-06 0)
(7.9244012e-07 1.8984092e-06 0)
(6.6121191e-07 1.6079616e-06 0)
(5.4868574e-07 1.3577219e-06 0)
(4.4974047e-07 1.1431955e-06 0)
(3.6292512e-07 9.6369356e-07 0)
(2.9336939e-07 8.1997726e-07 0)
(2.4577213e-07 7.0998149e-07 0)
(2.2009877e-07 6.266858e-07 0)
(2.0816567e-07 5.62124e-07 0)
(1.9777038e-07 5.082346e-07 0)
(1.7995949e-07 4.6005564e-07 0)
(1.5056242e-07 4.1360209e-07 0)
(1.1307782e-07 3.6574448e-07 0)
(7.6266153e-08 3.1783652e-07 0)
(4.9106413e-08 2.7189798e-07 0)
(3.6348303e-08 2.3289428e-07 0)
(3.7697994e-08 2.0289981e-07 0)
(4.6159636e-08 1.8254658e-07 0)
(5.5154471e-08 1.6777704e-07 0)
(5.9326071e-08 1.5545274e-07 0)
(5.8957375e-08 1.452929e-07 0)
(5.4202863e-08 1.4090699e-07 0)
(4.4071161e-08 1.4379639e-07 0)
(2.7092057e-08 1.5639372e-07 0)
(1.0339089e-09 1.7332635e-07 0)
(-2.9875234e-08 1.8994437e-07 0)
(-5.6181982e-08 2.0290537e-07 0)
(-6.1468825e-08 2.152137e-07 0)
(-4.1458475e-08 2.2534224e-07 0)
(-4.0191708e-08 2.5606466e-07 0)
(-1.4824984e-08 2.9497851e-07 0)
(4.0164988e-08 2.3062957e-07 0)
(4.8812104e-08 2.2513283e-07 0)
(3.5196474e-08 2.1475613e-07 0)
(2.2458679e-08 1.8711368e-07 0)
(1.3684698e-08 1.6383095e-07 0)
(7.2362189e-09 1.4271043e-07 0)
(7.4736073e-10 1.2577215e-07 0)
(-1.2543109e-09 1.0957239e-07 0)
(3.845736e-09 9.5439464e-08 0)
(1.7780659e-08 8.2536185e-08 0)
(3.605802e-08 7.3618596e-08 0)
(5.1345101e-08 6.6680841e-08 0)
(5.5804143e-08 6.0716606e-08 0)
(4.5729766e-08 5.2949757e-08 0)
(2.6559347e-08 4.3820929e-08 0)
(5.7569576e-09 3.4843907e-08 0)
(-7.2190361e-09 2.915276e-08 0)
(-7.2008633e-09 2.8453854e-08 0)
(1.228134e-09 3.2387876e-08 0)
(9.7818297e-09 3.873539e-08 0)
(1.0310869e-08 4.4781179e-08 0)
(1.7222518e-09 4.8668301e-08 0)
(-9.9245804e-09 5.0281288e-08 0)
(-1.6694133e-08 5.1524488e-08 0)
(-1.3297099e-08 5.3932785e-08 0)
(-8.5797657e-10 5.7398704e-08 0)
(1.4400692e-08 6.1047754e-08 0)
(2.6790846e-08 6.1727375e-08 0)
(3.3063805e-08 5.9575875e-08 0)
(3.404437e-08 5.3480909e-08 0)
(3.3255606e-08 4.5934222e-08 0)
(3.2933039e-08 3.8614589e-08 0)
(3.3104843e-08 3.3993707e-08 0)
(2.9901195e-08 3.1903649e-08 0)
(2.0864373e-08 3.3682599e-08 0)
(7.4428805e-09 3.7876105e-08 0)
(-7.0141711e-09 4.3791306e-08 0)
(-1.711769e-08 5.099828e-08 0)
(-1.9087159e-08 5.8563876e-08 0)
(-1.3047218e-08 6.5401411e-08 0)
(-5.2828403e-09 7.0623779e-08 0)
(-2.7421121e-09 7.1172453e-08 0)
(-8.3772883e-09 6.6997719e-08 0)
(-2.1218518e-08 5.9051751e-08 0)
(-3.4867035e-08 4.8739789e-08 0)
(-4.1788495e-08 3.8781304e-08 0)
(-3.6082816e-08 3.1454026e-08 0)
(-1.9596502e-08 2.8061162e-08 0)
(1.8083287e-09 2.7886724e-08 0)
(2.0474592e-08 2.8583013e-08 0)
(2.9476446e-08 2.9388263e-08 0)
(2.731792e-08 2.7801462e-08 0)
(1.7817648e-08 2.4351284e-08 0)
(6.4741693e-09 1.8116537e-08 0)
(-1.4141342e-09 1.1439751e-08 0)
(-3.682995e-09 5.611647e-09 0)
(-2.0867334e-09 1.0727498e-09 0)
(6.6917359e-10 -1.2379064e-09 0)
(4.4407142e-09 -1.4761799e-09 0)
(3.4177008e-09 1.532297e-09 0)
(-0.0069831154 -0.15175401 0)
(-0.019969697 -0.15439462 0)
(-0.025777998 -0.16035239 0)
(-0.021202493 -0.1753586 0)
(0.013699044 -0.20093947 0)
(0.068005197 -0.22467703 0)
(0.12125499 -0.23688127 0)
(0.16891569 -0.23478378 0)
(0.20808903 -0.24072543 0)
(0.23597178 -0.24159791 0)
(0.25257369 -0.23499879 0)
(0.25629893 -0.22094661 0)
(0.24603543 -0.19928142 0)
(0.22145319 -0.17056886 0)
(0.18301646 -0.13517217 0)
(0.13453651 -0.088271341 0)
(0.084380662 -0.043686227 0)
(0.032754244 -0.0049055063 0)
(-0.023557109 0.033194618 0)
(-0.058915647 0.062871956 0)
(-0.11185554 0.083476145 0)
(-0.14951482 0.10055647 0)
(-0.14440892 0.11121689 0)
(-0.17650703 0.092280534 0)
(-0.20095694 0.083106252 0)
(-0.21459647 0.076531085 0)
(-0.21173565 0.073508712 0)
(-0.19875929 0.0673545 0)
(-0.1887946 0.05040694 0)
(-0.18965382 0.031110784 0)
(-0.19675643 0.020063276 0)
(-0.20349448 0.018821694 0)
(-0.20468208 0.02421024 0)
(-0.19895874 0.03078789 0)
(-0.18776554 0.03475828 0)
(-0.17459434 0.033462554 0)
(-0.16380115 0.024852358 0)
(-0.15828511 0.012267085 0)
(-0.15848729 4.153085e-05 0)
(-0.16260917 -0.010158444 0)
(-0.16887303 -0.017821159 0)
(-0.17638499 -0.022971633 0)
(-0.18446468 -0.025856871 0)
(-0.192645 -0.026690666 0)
(-0.2005699 -0.025641606 0)
(-0.20797444 -0.022777936 0)
(-0.21457535 -0.017976186 0)
(-0.21973796 -0.010977021 0)
(-0.2222855 -0.0017483715 0)
(-0.22050627 0.008593568 0)
(-0.21365996 0.017898557 0)
(-0.20332351 0.023100567 0)
(-0.19259791 0.022482711 0)
(-0.18460957 0.016652981 0)
(-0.18104198 0.0082026789 0)
(-0.18187889 -9.3420588e-05 0)
(-0.18603119 -0.0063129237 0)
(-0.19210565 -0.0097415404 0)
(-0.19885596 -0.010264026 0)
(-0.20537457 -0.0082440173 0)
(-0.21113927 -0.0041981639 0)
(-0.21590836 0.0014541539 0)
(-0.2194865 0.0084747989 0)
(-0.22178658 0.016462861 0)
(-0.22273778 0.025500622 0)
(-0.22213603 0.035371061 0)
(-0.21984898 0.045781155 0)
(-0.21587506 0.056360732 0)
(-0.2104124 0.066730253 0)
(-0.203793 0.076807269 0)
(-0.19613029 0.087021093 0)
(-0.18692139 0.097982276 0)
(-0.17508702 0.10979985 0)
(-0.15956186 0.12146399 0)
(-0.14016142 0.13094236 0)
(-0.1180175 0.13615604 0)
(-0.095116414 0.13610741 0)
(-0.073451027 0.13115394 0)
(-0.054421816 0.12248884 0)
(-0.03870136 0.1115415 0)
(-0.026332234 0.099638908 0)
(-0.016975458 0.087689817 0)
(-0.010136641 0.076354353 0)
(-0.0052846429 0.06597793 0)
(-0.0019618876 0.056695844 0)
(0.00018859386 0.048535126 0)
(0.0015292399 0.041446724 0)
(0.0023324704 0.035340632 0)
(0.0027388253 0.03010795 0)
(0.0028819473 0.025639126 0)
(0.0028562015 0.021831119 0)
(0.0027264591 0.018591419 0)
(0.0025358769 0.01583755 0)
(0.0023159872 0.013492086 0)
(0.0020881476 0.011498025 0)
(0.0018639095 0.0098019979 0)
(0.0016507464 0.0083588477 0)
(0.0014529491 0.0071303438 0)
(0.0012725369 0.0060840764 0)
(0.0011100581 0.0051926117 0)
(0.00096516731 0.0044327593 0)
(0.00083695185 0.0037848715 0)
(0.00072415429 0.0032322574 0)
(0.00062538592 0.0027607552 0)
(0.0005392507 0.0023583605 0)
(0.00046438519 0.0020148756 0)
(0.00039948061 0.0017216086 0)
(0.00034332216 0.0014711608 0)
(0.00029482356 0.001257246 0)
(0.00025301162 0.0010745138 0)
(0.00021701058 0.00091839027 0)
(0.00018604557 0.00078498008 0)
(0.00015944681 0.00067097637 0)
(0.00013662594 0.00057356317 0)
(0.00011704182 0.00049031431 0)
(0.00010022236 0.00041914833 0)
(8.5776976e-05 0.00035830086 0)
(7.3410758e-05 0.00030629783 0)
(6.2831299e-05 0.00026185819 0)
(5.3807411e-05 0.00022385818 0)
(4.6005514e-05 0.00019138285 0)
(3.9283685e-05 0.00016362408 0)
(3.359819e-05 0.00013988751 0)
(2.8737712e-05 0.00011959897 0)
(2.4588573e-05 0.00010225344 0)
(2.1030609e-05 8.7424162e-05 0)
(1.7988974e-05 7.4746782e-05 0)
(1.5395843e-05 6.3915676e-05 0)
(1.3182834e-05 5.4658746e-05 0)
(1.127687e-05 4.673564e-05 0)
(9.6225e-06 3.9948103e-05 0)
(8.1942919e-06 3.4140044e-05 0)
(6.9846846e-06 2.9182563e-05 0)
(5.9769412e-06 2.4954184e-05 0)
(5.1333222e-06 2.1340071e-05 0)
(4.4124286e-06 1.8241723e-05 0)
(3.7885228e-06 1.5587458e-05 0)
(3.2537133e-06 1.3322189e-05 0)
(2.8028993e-06 1.1395393e-05 0)
(2.420751e-06 9.7520421e-06 0)
(2.0861319e-06 8.3421223e-06 0)
(1.7850496e-06 7.1285179e-06 0)
(1.518816e-06 6.089424e-06 0)
(1.2937462e-06 5.2052002e-06 0)
(1.1080663e-06 4.4542448e-06 0)
(9.5187941e-07 3.811416e-06 0)
(8.131234e-07 3.2553227e-06 0)
(6.8464104e-07 2.7739561e-06 0)
(5.6784729e-07 2.358751e-06 0)
(4.6638068e-07 2.0023095e-06 0)
(3.8034539e-07 1.6947996e-06 0)
(3.0730309e-07 1.4294412e-06 0)
(2.4622399e-07 1.2035842e-06 0)
(1.9748382e-07 1.0175657e-06 0)
(1.6478247e-07 8.7113554e-07 0)
(1.4827276e-07 7.5917451e-07 0)
(1.4491583e-07 6.7320728e-07 0)
(1.4663172e-07 6.0298297e-07 0)
(1.4310251e-07 5.4062643e-07 0)
(1.2738245e-07 4.8210481e-07 0)
(9.738867e-08 4.242693e-07 0)
(6.0182536e-08 3.6822414e-07 0)
(2.6751326e-08 3.1602867e-07 0)
(7.2004919e-09 2.723916e-07 0)
(4.6373282e-09 2.3958179e-07 0)
(1.5582565e-08 2.1681728e-07 0)
(3.043443e-08 2.0085717e-07 0)
(4.1528069e-08 1.8633477e-07 0)
(4.7170269e-08 1.7147881e-07 0)
(5.1150689e-08 1.5928775e-07 0)
(5.3626246e-08 1.5323785e-07 0)
(5.2446952e-08 1.5808014e-07 0)
(4.1999914e-08 1.6902635e-07 0)
(1.6512526e-08 1.8374876e-07 0)
(-1.7456204e-08 1.9594335e-07 0)
(-4.5281914e-08 2.0575096e-07 0)
(-5.2600145e-08 2.1724579e-07 0)
(-2.285758e-08 2.2437123e-07 0)
(3.0789881e-09 2.3802621e-07 0)
(-2.7285992e-08 2.915939e-07 0)
(-5.5534123e-09 2.5010339e-07 0)
(4.2224167e-08 2.3267975e-07 0)
(2.3501379e-08 2.1375483e-07 0)
(1.559531e-09 1.9783052e-07 0)
(-7.403097e-09 1.8056536e-07 0)
(-1.2096859e-08 1.6112413e-07 0)
(-1.663579e-08 1.4364949e-07 0)
(-1.7344299e-08 1.2638194e-07 0)
(-1.0129203e-08 1.1126388e-07 0)
(6.6595817e-09 9.8977802e-08 0)
(2.8113372e-08 8.9941514e-08 0)
(4.4472246e-08 8.3446806e-08 0)
(4.8337021e-08 7.6020852e-08 0)
(3.6447941e-08 6.688645e-08 0)
(1.6467694e-08 5.5650409e-08 0)
(-1.8628183e-09 4.5839298e-08 0)
(-1.0121998e-08 4.0567029e-08 0)
(-5.3367605e-09 4.053622e-08 0)
(6.1431341e-09 4.4149909e-08 0)
(1.4874936e-08 4.8317041e-08 0)
(1.3625518e-08 5.0308945e-08 0)
(2.8571535e-09 5.0163492e-08 0)
(-9.6028088e-09 4.8632964e-08 0)
(-1.5054331e-08 4.8740788e-08 0)
(-9.9558766e-09 5.1550164e-08 0)
(3.2941172e-09 5.616357e-08 0)
(1.6702464e-08 6.00603e-08 0)
(2.52405e-08 6.0154642e-08 0)
(2.7762385e-08 5.500556e-08 0)
(2.605156e-08 4.6812626e-08 0)
(2.4764487e-08 3.7484168e-08 0)
(2.6627822e-08 2.9886327e-08 0)
(3.0256175e-08 2.6630301e-08 0)
(3.0656766e-08 2.7115182e-08 0)
(2.4933762e-08 3.115125e-08 0)
(1.3356257e-08 3.7004681e-08 0)
(-1.5634313e-10 4.3397924e-08 0)
(-9.7418094e-09 5.0123717e-08 0)
(-1.2133198e-08 5.6839409e-08 0)
(-7.7664275e-09 6.2589945e-08 0)
(-3.124581e-09 6.6009257e-08 0)
(-4.8936403e-09 6.5729301e-08 0)
(-1.4770797e-08 6.0997212e-08 0)
(-3.0432468e-08 5.2750565e-08 0)
(-4.4767074e-08 4.281086e-08 0)
(-4.9868901e-08 3.370707e-08 0)
(-4.0783894e-08 2.7926123e-08 0)
(-2.0674497e-08 2.5811362e-08 0)
(2.844049e-09 2.727218e-08 0)
(2.1788923e-08 2.9425019e-08 0)
(2.9554799e-08 3.0960841e-08 0)
(2.5035005e-08 3.016894e-08 0)
(1.3049907e-08 2.6552985e-08 0)
(6.532212e-11 2.0772238e-08 0)
(-7.7514124e-09 1.4185481e-08 0)
(-8.9027959e-09 8.6924536e-09 0)
(-5.4127233e-09 4.935834e-09 0)
(-7.102825e-10 3.355821e-09 0)
(5.1229817e-09 3.7520916e-09 0)
(4.4426565e-09 7.8676752e-09 0)
(-0.0047983105 -0.14068355 0)
(-0.014472108 -0.14709458 0)
(-0.023149966 -0.16134213 0)
(-0.024102772 -0.19631632 0)
(-0.0090079504 -0.24992313 0)
(0.0029666305 -0.27973995 0)
(0.0058593868 -0.28350007 0)
(0.0030475201 -0.27607007 0)
(-0.0048557192 -0.26843126 0)
(-0.016379728 -0.25467376 0)
(-0.031416156 -0.23252871 0)
(-0.049589945 -0.20299412 0)
(-0.070668329 -0.16758337 0)
(-0.095236395 -0.12855757 0)
(-0.12328876 -0.088233021 0)
(-0.15463403 -0.042097553 0)
(-0.18341375 0.0070496077 0)
(-0.20235238 0.042462348 0)
(-0.21581539 0.069194435 0)
(-0.22715028 0.092984985 0)
(-0.24043823 0.10798215 0)
(-0.24051688 0.11584992 0)
(-0.23223497 0.11543938 0)
(-0.22999127 0.10215263 0)
(-0.22431067 0.085674406 0)
(-0.21686482 0.073737423 0)
(-0.20663982 0.065327966 0)
(-0.19558695 0.055640664 0)
(-0.18841057 0.042512931 0)
(-0.18713698 0.030963243 0)
(-0.18956414 0.023800094 0)
(-0.19212042 0.021845367 0)
(-0.19215696 0.02324501 0)
(-0.18880723 0.025477387 0)
(-0.18268959 0.026226946 0)
(-0.1755666 0.023707731 0)
(-0.16963246 0.017564461 0)
(-0.16646853 0.009116485 0)
(-0.16640641 0.00031384341 0)
(-0.16896811 -0.007337799 0)
(-0.17337742 -0.013397401 0)
(-0.17888324 -0.017677435 0)
(-0.18496404 -0.020168622 0)
(-0.19120423 -0.02092339 0)
(-0.19727198 -0.020022604 0)
(-0.20288397 -0.01754906 0)
(-0.2076998 -0.013548285 0)
(-0.21117887 -0.0080611514 0)
(-0.21256954 -0.0013606546 0)
(-0.21110641 0.0057929533 0)
(-0.20673082 0.011777309 0)
(-0.20048434 0.015054871 0)
(-0.19406188 0.014871843 0)
(-0.18912617 0.011674822 0)
(-0.18669094 0.0068189683 0)
(-0.18692377 0.0018367059 0)
(-0.18936898 -0.002069142 0)
(-0.19326363 -0.0042508257 0)
(-0.19779644 -0.0044796243 0)
(-0.20234102 -0.0028673469 0)
(-0.2064631 0.00038282468 0)
(-0.20984377 0.0050306222 0)
(-0.21227833 0.010886696 0)
(-0.21363798 0.017717309 0)
(-0.21379471 0.025400072 0)
(-0.21261573 0.033758432 0)
(-0.21001684 0.042567598 0)
(-0.20598804 0.051579877 0)
(-0.20059955 0.060588216 0)
(-0.19394289 0.069532901 0)
(-0.18597693 0.078542249 0)
(-0.17639809 0.087741484 0)
(-0.16470724 0.096933718 0)
(-0.15051327 0.10538572 0)
(-0.13391502 0.11194254 0)
(-0.11565169 0.11551719 0)
(-0.096896197 0.11555803 0)
(-0.078872284 0.11219011 0)
(-0.062525638 0.106049 0)
(-0.048411685 0.097997227 0)
(-0.036709362 0.088906364 0)
(-0.02731366 0.079480428 0)
(-0.019965492 0.070244338 0)
(-0.014342796 0.061530412 0)
(-0.010125502 0.053524454 0)
(-0.0070218292 0.046317837 0)
(-0.0047624489 0.039954536 0)
(-0.003132546 0.034366422 0)
(-0.001977586 0.029499193 0)
(-0.0011707348 0.02528453 0)
(-0.00061509694 0.021649978 0)
(-0.00023968008 0.0185249 0)
(9.6584872e-07 0.015843396 0)
(0.00015020192 0.013545828 0)
(0.00024125113 0.011579152 0)
(0.00028875943 0.0098968667 0)
(0.00030723808 0.0084585096 0)
(0.00030684799 0.0072290289 0)
(0.00029465743 0.0061782363 0)
(0.00027557596 0.0052802556 0)
(0.00025294793 0.0045129201 0)
(0.00022896705 0.0038572172 0)
(0.00020504604 0.0032968759 0)
(0.00018209657 0.0028180197 0)
(0.00016066598 0.0024088029 0)
(0.00014101879 0.0020590871 0)
(0.0001232355 0.0017601943 0)
(0.00010730229 0.0015047226 0)
(9.3152845e-05 0.0012863582 0)
(8.0670954e-05 0.0010997036 0)
(6.9717026e-05 0.00094014147 0)
(6.0157739e-05 0.00080374017 0)
(5.1861147e-05 0.00068714833 0)
(4.4675085e-05 0.00058748847 0)
(3.8433449e-05 0.00050228072 0)
(3.3007542e-05 0.00042941533 0)
(2.8319217e-05 0.00036710506 0)
(2.4310936e-05 0.00031385526 0)
(2.086685e-05 0.00026833574 0)
(1.7887264e-05 0.00022944361 0)
(1.5307624e-05 0.00019608091 0)
(1.3084376e-05 0.00016767856 0)
(1.1185873e-05 0.00014337594 0)
(9.5701668e-06 0.00012260316 0)
(8.1978652e-06 0.00010482738 0)
(7.0193136e-06 8.9630303e-05 0)
(6.0140719e-06 7.6636912e-05 0)
(5.1593207e-06 6.5530364e-05 0)
(4.4236363e-06 5.6028382e-05 0)
(3.7767638e-06 4.7894047e-05 0)
(3.2059199e-06 4.0934275e-05 0)
(2.7155652e-06 3.4989956e-05 0)
(2.3107633e-06 2.991882e-05 0)
(1.9834344e-06 2.5587124e-05 0)
(1.7128741e-06 2.1878732e-05 0)
(1.4824742e-06 1.8702012e-05 0)
(1.2860798e-06 1.598776e-05 0)
(1.1219901e-06 1.3674763e-05 0)
(9.8470334e-07 1.170175e-05 0)
(8.6170491e-07 1.0010448e-05 0)
(7.4486056e-07 8.5546777e-06 0)
(6.3534191e-07 7.3052168e-06 0)
(5.3965042e-07 6.2404044e-06 0)
(4.6195671e-07 5.3367939e-06 0)
(3.9815031e-07 4.5663655e-06 0)
(3.4023966e-07 3.9047198e-06 0)
(2.8402224e-07 3.3330544e-06 0)
(2.2841646e-07 2.8410829e-06 0)
(1.7578382e-07 2.4191519e-06 0)
(1.2848889e-07 2.0563864e-06 0)
(8.8343675e-08 1.7422913e-06 0)
(5.7470333e-08 1.4709999e-06 0)
(3.7865059e-08 1.2425604e-06 0)
(3.0476708e-08 1.0563782e-06 0)
(3.4978351e-08 9.1062431e-07 0)
(4.784406e-08 7.959601e-07 0)
(6.3907452e-08 7.0337121e-07 0)
(7.5584988e-08 6.2266965e-07 0)
(7.6892429e-08 5.4963803e-07 0)
(6.3602332e-08 4.8087437e-07 0)
(3.6681662e-08 4.1639466e-07 0)
(4.8370138e-09 3.5910109e-07 0)
(-1.9566811e-08 3.1118349e-07 0)
(-2.734089e-08 2.7587551e-07 0)
(-1.9226248e-08 2.5155793e-07 0)
(-1.0266983e-09 2.3552547e-07 0)
(1.5677116e-08 2.207148e-07 0)
(2.5776382e-08 2.0346434e-07 0)
(3.2279495e-08 1.8509722e-07 0)
(4.071688e-08 1.7032599e-07 0)
(5.2995824e-08 1.6295674e-07 0)
(5.9860179e-08 1.6652762e-07 0)
(5.2760965e-08 1.7369432e-07 0)
(2.795114e-08 1.8242149e-07 0)
(-7.8728986e-09 1.9115601e-07 0)
(-3.4879354e-08 1.9993855e-07 0)
(-4.2848199e-08 2.1427413e-07 0)
(-2.0677842e-08 2.286806e-07 0)
(2.703103e-08 2.126671e-07 0)
(-2.7474723e-09 2.4714622e-07 0)
(-1.8748992e-08 2.7598924e-07 0)
(1.2463404e-08 2.5417462e-07 0)
(3.468106e-10 2.1613015e-07 0)
(-1.0731114e-08 2.0160518e-07 0)
(-2.3021653e-08 1.8883937e-07 0)
(-2.9679659e-08 1.7244641e-07 0)
(-3.3995106e-08 1.5573138e-07 0)
(-3.3640284e-08 1.3926573e-07 0)
(-2.3558807e-08 1.246952e-07 0)
(-3.5421386e-09 1.1433872e-07 0)
(2.0526858e-08 1.0657051e-07 0)
(3.7424387e-08 1.0037604e-07 0)
(3.9243848e-08 9.1848153e-08 0)
(2.5359156e-08 8.0833884e-08 0)
(5.5116417e-09 6.8723989e-08 0)
(-9.3266609e-09 5.9078685e-08 0)
(-1.2522269e-08 5.4457593e-08 0)
(-3.6183745e-09 5.4401981e-08 0)
(9.0086558e-09 5.6394974e-08 0)
(1.5940689e-08 5.6563192e-08 0)
(1.2157188e-08 5.3463587e-08 0)
(4.6109053e-11 4.8114297e-08 0)
(-1.1347522e-08 4.3715155e-08 0)
(-1.3777026e-08 4.2815864e-08 0)
(-5.874236e-09 4.5969575e-08 0)
(7.6521926e-09 5.0805143e-08 0)
(1.8391589e-08 5.3716773e-08 0)
(2.1735577e-08 5.1817328e-08 0)
(1.9721299e-08 4.4724636e-08 0)
(1.6522801e-08 3.4888257e-08 0)
(1.6329552e-08 2.5782301e-08 0)
(2.2079656e-08 2.0534718e-08 0)
(3.0334028e-08 2.074496e-08 0)
(3.4422372e-08 2.4763401e-08 0)
(3.0753962e-08 3.0923613e-08 0)
(1.9689548e-08 3.7441259e-08 0)
(6.1049024e-09 4.3197182e-08 0)
(-3.6762216e-09 4.8289868e-08 0)
(-6.6210853e-09 5.3104898e-08 0)
(-3.8773511e-09 5.7534076e-08 0)
(-2.1434294e-09 5.9496303e-08 0)
(-7.7541545e-09 5.8349375e-08 0)
(-2.1355884e-08 5.3317596e-08 0)
(-3.940493e-08 4.5193871e-08 0)
(-5.3910712e-08 3.5889124e-08 0)
(-5.6673093e-08 2.7890951e-08 0)
(-4.39784e-08 2.3646736e-08 0)
(-2.0250349e-08 2.3039475e-08 0)
(5.4222121e-09 2.5845018e-08 0)
(2.4163506e-08 2.930603e-08 0)
(3.0220638e-08 3.1368531e-08 0)
(2.2910194e-08 3.0718711e-08 0)
(8.4209592e-09 2.6862958e-08 0)
(-5.8931406e-09 2.1803424e-08 0)
(-1.3494063e-08 1.5965876e-08 0)
(-1.2937347e-08 1.1740746e-08 0)
(-7.4865046e-09 9.8097059e-09 0)
(-1.0660852e-09 9.7365716e-09 0)
(6.6971188e-09 1.1357314e-08 0)
(5.8106923e-09 1.6245584e-08 0)
(-0.0043080856 -0.1341525 0)
(-0.014745215 -0.13904217 0)
(-0.027696542 -0.15462679 0)
(-0.036731781 -0.19478744 0)
(-0.051238677 -0.2454613 0)
(-0.081925558 -0.25682595 0)
(-0.11768235 -0.24976614 0)
(-0.15353472 -0.2406114 0)
(-0.18591292 -0.23198207 0)
(-0.21690396 -0.21704325 0)
(-0.24557476 -0.19504852 0)
(-0.27129122 -0.16666182 0)
(-0.2936013 -0.13300385 0)
(-0.31202887 -0.096409819 0)
(-0.3258574 -0.060312422 0)
(-0.33301066 -0.025280219 0)
(-0.33304461 0.0096297787 0)
(-0.32923224 0.04277847 0)
(-0.3223977 0.069807933 0)
(-0.3126109 0.08947554 0)
(-0.29880704 0.099737161 0)
(-0.28025556 0.10286101 0)
(-0.2603017 0.098886676 0)
(-0.24117768 0.086528212 0)
(-0.22577197 0.073014614 0)
(-0.21379847 0.06257127 0)
(-0.20370744 0.054287658 0)
(-0.19579831 0.046132643 0)
(-0.19122761 0.037627186 0)
(-0.1898627 0.030258781 0)
(-0.19035151 0.025262152 0)
(-0.19091961 0.022937749 0)
(-0.19017654 0.022423418 0)
(-0.18761785 0.022380265 0)
(-0.18360374 0.021477394 0)
(-0.17914797 0.018759025 0)
(-0.17545973 0.014087552 0)
(-0.17340932 0.0081177274 0)
(-0.17330182 0.0018237955 0)
(-0.17495256 -0.0039794242 0)
(-0.1779838 -0.008749821 0)
(-0.18198187 -0.012253177 0)
(-0.1865327 -0.014401422 0)
(-0.19128339 -0.015191037 0)
(-0.19592677 -0.014663497 0)
(-0.20017206 -0.012877802 0)
(-0.20369985 -0.0099046877 0)
(-0.20611191 -0.0058808222 0)
(-0.20696382 -0.0011347811 0)
(-0.20592096 0.00368638 0)
(-0.20309228 0.0076368272 0)
(-0.19915435 0.0098640288 0)
(-0.19510134 0.010012019 0)
(-0.19189884 0.0083467444 0)
(-0.1901755 0.0056107678 0)
(-0.19010589 0.002692709 0)
(-0.1914899 0.00035998179 0)
(-0.1939015 -0.00086586791 0)
(-0.19686776 -0.00074764765 0)
(-0.19991755 0.00073059664 0)
(-0.20266165 0.0035003126 0)
(-0.20484713 0.0074354706 0)
(-0.20627214 0.012375647 0)
(-0.20677939 0.018171071 0)
(-0.20623806 0.024685368 0)
(-0.20453973 0.031762637 0)
(-0.20161449 0.039227589 0)
(-0.19743656 0.046904323 0)
(-0.19201484 0.054646617 0)
(-0.18535427 0.062372254 0)
(-0.17739082 0.070051062 0)
(-0.16796087 0.077608666 0)
(-0.15685908 0.084789053 0)
(-0.14398916 0.091081499 0)
(-0.12953121 0.095807967 0)
(-0.11399898 0.098360274 0)
(-0.098140004 0.098416596 0)
(-0.082743913 0.096031674 0)
(-0.068467249 0.091567118 0)
(-0.055747375 0.085552025 0)
(-0.044787702 0.078562803 0)
(-0.035598986 0.071114701 0)
(-0.02806341 0.063619333 0)
(-0.021991448 0.056372985 0)
(-0.017167813 0.049569994 0)
(-0.013378121 0.043325626 0)
(-0.010420842 0.037694539 0)
(-0.0081227527 0.032672735 0)
(-0.0063434882 0.028237277 0)
(-0.004967849 0.024348553 0)
(-0.0039040238 0.020958086 0)
(-0.0030806795 0.018013603 0)
(-0.002443672 0.015464296 0)
(-0.0019486555 0.01326781 0)
(-0.0015611342 0.011375235 0)
(-0.0012569831 0.009747323 0)
(-0.0010172823 0.0083488392 0)
(-0.00082746659 0.007148584 0)
(-0.00067634071 0.0061192415 0)
(-0.00055533347 0.0052370227 0)
(-0.0004579256 0.0044812457 0)
(-0.00037913208 0.0038339959 0)
(-0.00031507229 0.0032798487 0)
(-0.00026270851 0.002805546 0)
(-0.00021969787 0.0023996697 0)
(-0.00018423566 0.0020523864 0)
(-0.00015489347 0.0017552631 0)
(-0.00013052127 0.0015010864 0)
(-0.00011020102 0.0012836722 0)
(-9.3209371e-05 0.001097715 0)
(-7.8956113e-05 0.00093867252 0)
(-6.695011e-05 0.00080266529 0)
(-5.6806788e-05 0.00068636593 0)
(-4.8243055e-05 0.00058690969 0)
(-4.1032353e-05 0.00050184225 0)
(-3.4954097e-05 0.00042908565 0)
(-2.9783707e-05 0.00036686615 0)
(-2.535901e-05 0.00031367754 0)
(-2.1580677e-05 0.00026817874 0)
(-1.8447669e-05 0.00022930297 0)
(-1.5759731e-05 0.00019604235 0)
(-1.3421399e-05 0.00016763097 0)
(-1.1477307e-05 0.00014333435 0)
(-9.8109277e-06 0.00012257635 0)
(-8.3843416e-06 0.0001048121 0)
(-7.1598997e-06 8.9624218e-05 0)
(-6.1109953e-06 7.6633965e-05 0)
(-5.2127098e-06 6.5523362e-05 0)
(-4.4534997e-06 5.6014478e-05 0)
(-3.8172506e-06 4.78793e-05 0)
(-3.2815991e-06 4.0926928e-05 0)
(-2.8211677e-06 3.4992572e-05 0)
(-2.4181512e-06 2.9924551e-05 0)
(-2.0631508e-06 2.5589131e-05 0)
(-1.7517941e-06 2.1877854e-05 0)
(-1.4785461e-06 1.8705767e-05 0)
(-1.2387284e-06 1.6000581e-05 0)
(-1.0322974e-06 1.3692419e-05 0)
(-8.6141612e-07 1.1715083e-05 0)
(-7.2632211e-07 1.0013546e-05 0)
(-6.1909947e-07 8.5506927e-06 0)
(-5.2922437e-07 7.3006056e-06 0)
(-4.4960709e-07 6.2379686e-06 0)
(-3.8029276e-07 5.3341304e-06 0)
(-3.2400841e-07 4.5598946e-06 0)
(-2.8143224e-07 3.8945042e-06 0)
(-2.5051358e-07 3.3238502e-06 0)
(-2.2926109e-07 2.8367255e-06 0)
(-2.168487e-07 2.4205251e-06 0)
(-2.1047951e-07 2.0614797e-06 0)
(-2.0504103e-07 1.7499282e-06 0)
(-1.9242794e-07 1.4818329e-06 0)
(-1.6839763e-07 1.2581491e-06 0)
(-1.344522e-07 1.0770636e-06 0)
(-9.5635784e-08 9.3151028e-07 0)
(-5.8980414e-08 8.1192517e-07 0)
(-2.8374446e-08 7.0882353e-07 0)
(-7.101197e-09 6.160978e-07 0)
(1.3074016e-09 5.3371591e-07 0)
(-5.8609316e-09 4.6091177e-07 0)
(-2.4384623e-08 3.9867204e-07 0)
(-4.502877e-08 3.4762083e-07 0)
(-5.647442e-08 3.0997601e-07 0)
(-5.2425146e-08 2.8410436e-07 0)
(-3.5712855e-08 2.6734214e-07 0)
(-1.526071e-08 2.5372689e-07 0)
(-1.6265959e-09 2.3653928e-07 0)
(5.9107948e-09 2.1469558e-07 0)
(1.4032365e-08 1.9314056e-07 0)
(2.9010794e-08 1.7635476e-07 0)
(4.9828386e-08 1.6747222e-07 0)
(6.318484e-08 1.6641296e-07 0)
(5.7893947e-08 1.6948524e-07 0)
(3.3974348e-08 1.7165562e-07 0)
(6.1064677e-11 1.7760791e-07 0)
(-2.2163369e-08 1.8548421e-07 0)
(-2.3857656e-08 2.0305352e-07 0)
(-2.4464485e-08 2.2728249e-07 0)
(2.1544532e-08 2.262629e-07 0)
(3.6036392e-08 2.1718959e-07 0)
(1.474943e-09 2.7019246e-07 0)
(-1.7634881e-08 2.4626273e-07 0)
(-2.9068005e-08 2.2294583e-07 0)
(-2.573139e-08 2.0398472e-07 0)
(-3.6561852e-08 1.9143777e-07 0)
(-4.5204952e-08 1.7645355e-07 0)
(-4.9816753e-08 1.6133928e-07 0)
(-4.8380784e-08 1.4669483e-07 0)
(-3.5056529e-08 1.348708e-07 0)
(-1.1465417e-08 1.275099e-07 0)
(1.4150638e-08 1.2224028e-07 0)
(2.9749964e-08 1.1604123e-07 0)
(2.8794927e-08 1.0662235e-07 0)
(1.3323662e-08 9.4363855e-08 0)
(-5.287922e-09 8.2325429e-08 0)
(-1.6129501e-08 7.3319448e-08 0)
(-1.4799026e-08 6.9492167e-08 0)
(-3.3998278e-09 6.8595389e-08 0)
(8.3041902e-09 6.7274636e-08 0)
(1.1943535e-08 6.2386349e-08 0)
(5.1764491e-09 5.3343583e-08 0)
(-6.891571e-09 4.340946e-08 0)
(-1.4901393e-08 3.6297087e-08 0)
(-1.2799959e-08 3.4703702e-08 0)
(-1.9664361e-09 3.7338699e-08 0)
(1.1041635e-08 4.1145434e-08 0)
(1.7714614e-08 4.2055031e-08 0)
(1.6248043e-08 3.7321505e-08 0)
(1.0833051e-08 2.9303328e-08 0)
(7.1090646e-09 1.9933978e-08 0)
(1.0411163e-08 1.3423866e-08 0)
(2.1591022e-08 1.300865e-08 0)
(3.4485314e-08 1.7796054e-08 0)
(4.0835679e-08 2.5295578e-08 0)
(3.7611905e-08 3.270277e-08 0)
(2.563007e-08 3.8764348e-08 0)
(1.0692349e-08 4.2608849e-08 0)
(1.6620447e-10 4.5504704e-08 0)
(-2.8888234e-09 4.8086452e-08 0)
(-1.3748387e-09 5.0914209e-08 0)
(-2.3090427e-09 5.2174498e-08 0)
(-1.107235e-08 5.0290713e-08 0)
(-2.7926252e-08 4.5177957e-08 0)
(-4.7860899e-08 3.7259119e-08 0)
(-6.2070037e-08 2.8666259e-08 0)
(-6.2111234e-08 2.2015952e-08 0)
(-4.5635391e-08 1.9182069e-08 0)
(-1.8476468e-08 2.0137438e-08 0)
(9.1106371e-09 2.3733175e-08 0)
(2.731269e-08 2.7863952e-08 0)
(3.0967701e-08 2.9958107e-08 0)
(2.0529524e-08 2.91109e-08 0)
(4.1344281e-09 2.5483803e-08 0)
(-1.0831778e-08 2.0665832e-08 0)
(-1.7814184e-08 1.6677046e-08 0)
(-1.5063724e-08 1.4641065e-08 0)
(-7.4825186e-09 1.5275545e-08 0)
(2.6347647e-10 1.7756208e-08 0)
(9.2990943e-09 2.0991422e-08 0)
(7.5695406e-09 2.5846261e-08 0)
(-0.0060530378 -0.12317191 0)
(-0.020415459 -0.12484909 0)
(-0.037810192 -0.13748134 0)
(-0.05690895 -0.17368294 0)
(-0.093282351 -0.20889061 0)
(-0.13975185 -0.21015027 0)
(-0.18245026 -0.20536673 0)
(-0.21998135 -0.20400498 0)
(-0.25358529 -0.19906364 0)
(-0.28447288 -0.18812767 0)
(-0.31171212 -0.17166554 0)
(-0.33436665 -0.15068846 0)
(-0.3515756 -0.12602654 0)
(-0.36339361 -0.097807956 0)
(-0.37060378 -0.066307329 0)
(-0.37284811 -0.032870392 0)
(-0.36875535 -0.00049490442 0)
(-0.35859571 0.027837197 0)
(-0.34368617 0.050651902 0)
(-0.32447986 0.066334147 0)
(-0.30230703 0.074663908 0)
(-0.27915918 0.077153781 0)
(-0.25705367 0.074163794 0)
(-0.23841691 0.067018449 0)
(-0.22488204 0.059600158 0)
(-0.21477467 0.053052778 0)
(-0.20683488 0.047015428 0)
(-0.20086479 0.040846887 0)
(-0.1969662 0.034668295 0)
(-0.19483257 0.029194496 0)
(-0.19372386 0.025075448 0)
(-0.19274546 0.022457319 0)
(-0.19117776 0.020894991 0)
(-0.18874765 0.019622498 0)
(-0.18566949 0.017865916 0)
(-0.18251108 0.015117077 0)
(-0.17993344 0.011320189 0)
(-0.17843729 0.0068165287 0)
(-0.17823098 0.0021364241 0)
(-0.17929489 -0.0022110636 0)
(-0.18142614 -0.0058971741 0)
(-0.1843254 -0.0086799077 0)
(-0.18770574 -0.010444177 0)
(-0.19128384 -0.011154569 0)
(-0.19479187 -0.010825581 0)
(-0.19797579 -0.0095125539 0)
(-0.20057222 -0.0073116919 0)
(-0.20229622 -0.0043887725 0)
(-0.20290227 -0.0010429838 0)
(-0.2022362 0.0022609008 0)
(-0.20042359 0.004952115 0)
(-0.1979217 0.0065581095 0)
(-0.19532649 0.0068935417 0)
(-0.1932159 0.0061177489 0)
(-0.19198653 0.0046581839 0)
(-0.19178393 0.0030502166 0)
(-0.19252191 0.0017881436 0)
(-0.1939564 0.0012428355 0)
(-0.19577924 0.0016280252 0)
(-0.1976696 0.0030437449 0)
(-0.19933533 0.0054562518 0)
(-0.20054738 0.008796375 0)
(-0.20112275 0.012967398 0)
(-0.20091045 0.017858229 0)
(-0.19978733 0.02335116 0)
(-0.19765716 0.029316106 0)
(-0.1944536 0.035613926 0)
(-0.19013878 0.042107592 0)
(-0.18469349 0.048674394 0)
(-0.17809678 0.055214457 0)
(-0.17030219 0.061632428 0)
(-0.1612358 0.067788074 0)
(-0.15083741 0.073441673 0)
(-0.13913748 0.07823729 0)
(-0.12633051 0.081758711 0)
(-0.11279376 0.083647679 0)
(-0.099032503 0.083713316 0)
(-0.085580987 0.081981899 0)
(-0.072906732 0.078670099 0)
(-0.061350043 0.074116848 0)
(-0.051104473 0.068709337 0)
(-0.042231514 0.062817886 0)
(-0.034692842 0.056760076 0)
(-0.028385099 0.050783401 0)
(-0.023170204 0.045065776 0)
(-0.018897086 0.03972423 0)
(-0.01541634 0.034825551 0)
(-0.012591373 0.03039442 0)
(-0.010303442 0.026430248 0)
(-0.0084514686 0.022914678 0)
(-0.0069513844 0.019818379 0)
(-0.0057346067 0.017106038 0)
(-0.0047457665 0.014740643 0)
(-0.0039396176 0.012686317 0)
(-0.0032798408 0.010906535 0)
(-0.0027381099 0.0093680193 0)
(-0.0022918659 0.008040516 0)
(-0.0019230255 0.0068968563 0)
(-0.0016171082 0.0059128594 0)
(-0.0013625691 0.0050671171 0)
(-0.001150187 0.0043407961 0)
(-0.00097250741 0.0037174595 0)
(-0.0008234586 0.0031828388 0)
(-0.00069812072 0.0027245454 0)
(-0.00059252059 0.0023318284 0)
(-0.00050340705 0.001995402 0)
(-0.00042807831 0.0017072863 0)
(-0.00036429834 0.0014606174 0)
(-0.00031022536 0.0012494803 0)
(-0.00026433371 0.0010687848 0)
(-0.00022533637 0.00091416758 0)
(-0.00019215149 0.00078188336 0)
(-0.00016389631 0.00066871259 0)
(-0.00013984993 0.00057188894 0)
(-0.0001193916 0.000489055 0)
(-0.00010196934 0.00041820952 0)
(-8.7089477e-05 0.00035762686 0)
(-7.4376891e-05 0.00030582114 0)
(-6.3508016e-05 0.00026147991 0)
(-5.4249415e-05 0.00022355581 0)
(-4.6364571e-05 0.00019121402 0)
(-3.9623688e-05 0.00016349511 0)
(-3.3868831e-05 0.00013978998 0)
(-2.8952157e-05 0.00011953491 0)
(-2.4754328e-05 0.00010221249 0)
(-2.1158867e-05 8.7403606e-05 0)
(-1.8086816e-05 7.4736809e-05 0)
(-1.546019e-05 6.389908e-05 0)
(-1.3220442e-05 5.4625695e-05 0)
(-1.1310797e-05 4.669763e-05 0)
(-9.680815e-06 3.9924816e-05 0)
(-8.2868164e-06 3.4139901e-05 0)
(-7.0926819e-06 2.9193025e-05 0)
(-6.0632672e-06 2.4960418e-05 0)
(-5.1704948e-06 2.1342984e-05 0)
(-4.394803e-06 1.8257262e-05 0)
(-3.7272711e-06 1.5624712e-05 0)
(-3.1635089e-06 1.3370603e-05 0)
(-2.69417e-06 1.1431832e-05 0)
(-2.3026864e-06 9.7631193e-06 0)
(-1.9680807e-06 8.3336969e-06 0)
(-1.6773826e-06 7.1162502e-06 0)
(-1.426825e-06 6.0806095e-06 0)
(-1.2161172e-06 5.1948478e-06 0)
(-1.0414761e-06 4.4350019e-06 0)
(-8.95805e-07 3.7847074e-06 0)
(-7.7375643e-07 3.2325721e-06 0)
(-6.7490815e-07 2.7644621e-06 0)
(-5.9946146e-07 2.3641326e-06 0)
(-5.4210778e-07 2.0169895e-06 0)
(-4.9130298e-07 1.7157335e-06 0)
(-4.3430868e-07 1.4596169e-06 0)
(-3.6690422e-07 1.2469172e-06 0)
(-2.9616225e-07 1.0729589e-06 0)
(-2.301604e-07 9.2620152e-07 0)
(-1.7484302e-07 7.9858444e-07 0)
(-1.3191988e-07 6.8442567e-07 0)
(-9.9522318e-08 5.8410067e-07 0)
(-7.8293561e-08 4.9954952e-07 0)
(-7.1441773e-08 4.3177019e-07 0)
(-7.6609559e-08 3.7971263e-07 0)
(-8.3859316e-08 3.406007e-07 0)
(-8.3083524e-08 3.1321916e-07 0)
(-6.9974894e-08 2.9472743e-07 0)
(-4.9603854e-08 2.8079063e-07 0)
(-3.1829632e-08 2.6465896e-07 0)
(-2.3354051e-08 2.4331143e-07 0)
(-1.7622e-08 2.177724e-07 0)
(-6.0608025e-09 1.9379272e-07 0)
(1.5049167e-08 1.7534041e-07 0)
(4.3054472e-08 1.6463758e-07 0)
(6.187339e-08 1.5932874e-07 0)
(5.8003835e-08 1.5719097e-07 0)
(3.6074045e-08 1.5607488e-07 0)
(5.9560713e-09 1.6003389e-07 0)
(-9.4331745e-09 1.6797537e-07 0)
(-1.0496734e-09 1.835505e-07 0)
(2.5314332e-09 2.0512901e-07 0)
(1.6938041e-08 2.4629751e-07 0)
(4.1182487e-08 2.0891861e-07 0)
(1.0324228e-08 2.3831956e-07 0)
(-3.4783069e-08 2.083885e-07 0)
(-4.1930966e-08 2.1827513e-07 0)
(-4.2239087e-08 2.0156665e-07 0)
(-5.0552927e-08 1.8922103e-07 0)
(-5.9778458e-08 1.748575e-07 0)
(-6.3754017e-08 1.6113885e-07 0)
(-6.0109014e-08 1.4894169e-07 0)
(-4.2743862e-08 1.411309e-07 0)
(-1.6172645e-08 1.3776731e-07 0)
(9.0582262e-09 1.3470667e-07 0)
(2.180659e-08 1.2887331e-07 0)
(1.7566482e-08 1.1879186e-07 0)
(1.061909e-09 1.0600624e-07 0)
(-1.5533273e-08 9.4923929e-08 0)
(-2.2160199e-08 8.713284e-08 0)
(-1.7246702e-08 8.3936606e-08 0)
(-5.8363067e-09 8.1305952e-08 0)
(2.7996003e-09 7.5556695e-08 0)
(2.0098121e-09 6.4848216e-08 0)
(-6.8196606e-09 5.0142514e-08 0)
(-1.7000533e-08 3.657738e-08 0)
(-2.0053419e-08 2.7554591e-08 0)
(-1.2735487e-08 2.5039888e-08 0)
(5.6784923e-10 2.6514336e-08 0)
(1.2368954e-08 2.7924494e-08 0)
(1.4567564e-08 2.5784902e-08 0)
(8.9837833e-09 1.951431e-08 0)
(2.3337538e-09 1.1162441e-08 0)
(6.4320829e-10 4.5885712e-09 0)
(9.4043729e-09 3.0944561e-09 0)
(2.6452285e-08 8.7586261e-09 0)
(4.2621473e-08 1.8178146e-08 0)
(4.9329558e-08 2.817464e-08 0)
(4.4223218e-08 3.5664494e-08 0)
(2.9595975e-08 3.9958739e-08 0)
(1.2845394e-08 4.1103675e-08 0)
(1.801563e-09 4.1502526e-08 0)
(-1.2114623e-09 4.2346449e-08 0)
(2.105261e-10 4.3882589e-08 0)
(-2.7670442e-09 4.4570933e-08 0)
(-1.4750918e-08 4.241398e-08 0)
(-3.4387736e-08 3.7222426e-08 0)
(-5.5916564e-08 2.9491484e-08 0)
(-6.9153809e-08 2.1820257e-08 0)
(-6.6157371e-08 1.6682595e-08 0)
(-4.585696e-08 1.5110206e-08 0)
(-1.569934e-08 1.7258572e-08 0)
(1.3148728e-08 2.1381458e-08 0)
(3.0388608e-08 2.5208895e-08 0)
(3.1467645e-08 2.6790068e-08 0)
(1.8435904e-08 2.523659e-08 0)
(-2.4204699e-11 2.2074597e-08 0)
(-1.4699973e-08 1.7972872e-08 0)
(-1.951893e-08 1.6539701e-08 0)
(-1.4343472e-08 1.7622622e-08 0)
(-4.4375024e-09 2.1483016e-08 0)
(4.0709182e-09 2.7032216e-08 0)
(1.2445694e-08 3.2205261e-08 0)
(8.9159689e-09 3.6039403e-08 0)
(-0.0081688031 -0.10761766 0)
(-0.026093288 -0.10649052 0)
(-0.045442452 -0.115312 0)
(-0.070898767 -0.14264258 0)
(-0.11135967 -0.16654251 0)
(-0.15127773 -0.17009547 0)
(-0.18275975 -0.17268766 0)
(-0.21064229 -0.17559651 0)
(-0.23679319 -0.17364373 0)
(-0.26128533 -0.16629357 0)
(-0.28385423 -0.15343855 0)
(-0.30436004 -0.13499525 0)
(-0.32224784 -0.11191825 0)
(-0.336209 -0.086326328 0)
(-0.34493687 -0.060065567 0)
(-0.3476827 -0.033927423 0)
(-0.34423211 -0.0089623331 0)
(-0.33520474 0.012966174 0)
(-0.32143885 0.030910632 0)
(-0.30446102 0.043941511 0)
(-0.28602511 0.052076459 0)
(-0.26775856 0.055870471 0)
(-0.25124327 0.055778362 0)
(-0.2378148 0.053129508 0)
(-0.2273742 0.049449631 0)
(-0.21893423 0.045308678 0)
(-0.2119792 0.040835164 0)
(-0.20638924 0.03605231 0)
(-0.20216639 0.031272209 0)
(-0.19913096 0.026974178 0)
(-0.19687208 0.02349669 0)
(-0.19488515 0.020898015 0)
(-0.1927655 0.018925383 0)
(-0.19035439 0.017145951 0)
(-0.18776699 0.015124009 0)
(-0.18531312 0.012581599 0)
(-0.18335735 0.0094811369 0)
(-0.18218321 0.0060001881 0)
(-0.18192567 0.0024365162 0)
(-0.1825947 -0.00091197769 0)
(-0.18407026 -0.0037800009 0)
(-0.18615587 -0.0059858297 0)
(-0.18864393 -0.0074275658 0)
(-0.19131144 -0.008060244 0)
(-0.19394202 -0.0078902332 0)
(-0.19632556 -0.006968314 0)
(-0.19825218 -0.005388382 0)
(-0.19952579 -0.0033045604 0)
(-0.19999847 -0.00095541645 0)
(-0.19960649 0.0013503736 0)
(-0.19846446 0.0032408977 0)
(-0.19686676 0.0044477428 0)
(-0.1951801 0.0048704966 0)
(-0.19375927 0.0046066685 0)
(-0.1928571 0.0039117437 0)
(-0.19258167 0.0031176733 0)
(-0.19289752 0.0025502234 0)
(-0.19365879 0.0024711903 0)
(-0.19466189 0.0030546549 0)
(-0.19568352 0.0043925844 0)
(-0.19650427 0.006497729 0)
(-0.19693379 0.0093360715 0)
(-0.196812 0.012846727 0)
(-0.19600356 0.016948261 0)
(-0.19439686 0.02154655 0)
(-0.19190433 0.026536362 0)
(-0.18846243 0.031805758 0)
(-0.18402879 0.037242043 0)
(-0.17857542 0.042736307 0)
(-0.17208016 0.048183172 0)
(-0.16451956 0.053468489 0)
(-0.15587478 0.058445269 0)
(-0.1461573 0.062912968 0)
(-0.13544781 0.066619904 0)
(-0.12392841 0.069299488 0)
(-0.11188634 0.070732278 0)
(-0.099682185 0.07080266 0)
(-0.087695006 0.069525658 0)
(-0.076266943 0.067037562 0)
(-0.065664042 0.063561007 0)
(-0.056058554 0.059360997 0)
(-0.047531592 0.054704284 0)
(-0.040089043 0.04983166 0)
(-0.033681938 0.044942451 0)
(-0.028226217 0.04018979 0)
(-0.023619231 0.035682456 0)
(-0.019752334 0.031490024 0)
(-0.016519994 0.027649597 0)
(-0.013825134 0.024174564 0)
(-0.011581442 0.021061207 0)
(-0.0097141627 0.018294188 0)
(-0.0081596816 0.015850987 0)
(-0.0068644398 0.01370541 0)
(-0.0057836088 0.011829851 0)
(-0.0048801058 0.010196139 0)
(-0.0041235331 0.0087772437 0)
(-0.0034888563 0.0075479637 0)
(-0.002955435 0.0064851985 0)
(-0.0025063127 0.005567995 0)
(-0.0021275688 0.0047775378 0)
(-0.0018077086 0.0040971214 0)
(-0.0015371792 0.003512037 0)
(-0.0013080497 0.0030093751 0)
(-0.0011137634 0.0025778298 0)
(-0.00094887269 0.0022075463 0)
(-0.00080879987 0.0018899961 0)
(-0.00068969343 0.0016178086 0)
(-0.00058833792 0.0013845985 0)
(-0.00050204117 0.0011848445 0)
(-0.00042852753 0.0010137863 0)
(-0.00036586144 0.00086733632 0)
(-0.00031240778 0.00074197487 0)
(-0.0002668031 0.00063467619 0)
(-0.00022790202 0.00054284939 0)
(-0.00019471281 0.00046428261 0)
(-0.00016638302 0.00039708217 0)
(-0.00014217267 0.00033960862 0)
(-0.0001215064 0.00029045074 0)
(-0.00010384633 0.00024838052 0)
(-8.8713818e-05 0.00021239113 0)
(-7.5820576e-05 0.00018160393 0)
(-6.4845541e-05 0.00015530162 0)
(-5.54376e-05 0.00013279183 0)
(-4.7388492e-05 0.00011354603 0)
(-4.0515703e-05 9.7094009e-05 0)
(-3.4635627e-05 8.3026329e-05 0)
(-2.9615554e-05 7.0995386e-05 0)
(-2.5323847e-05 6.0701643e-05 0)
(-2.1654965e-05 5.1897684e-05 0)
(-1.8518139e-05 4.4373321e-05 0)
(-1.5839335e-05 3.7943373e-05 0)
(-1.3552965e-05 3.2445391e-05 0)
(-1.159764e-05 2.7741709e-05 0)
(-9.9131986e-06 2.3721802e-05 0)
(-8.4549557e-06 2.0292119e-05 0)
(-7.1968218e-06 1.736708e-05 0)
(-6.1253904e-06 1.4864324e-05 0)
(-5.2251796e-06 1.2713064e-05 0)
(-4.4689008e-06 1.0859644e-05 0)
(-3.824458e-06 9.2689409e-06 0)
(-3.265969e-06 7.9117337e-06 0)
(-2.7823119e-06 6.7564764e-06 0)
(-2.3710093e-06 5.7694796e-06 0)
(-2.0259003e-06 4.9227958e-06 0)
(-1.7341489e-06 4.1979601e-06 0)
(-1.4838621e-06 3.5834106e-06 0)
(-1.2707587e-06 3.0655072e-06 0)
(-1.0977002e-06 2.6271213e-06 0)
(-9.6432081e-07 2.2497647e-06 0)
(-8.5887861e-07 1.9216398e-06 0)
(-7.6241382e-07 1.6395144e-06 0)
(-6.6124429e-07 1.4022265e-06 0)
(-5.5505575e-07 1.2045231e-06 0)
(-4.5516811e-07 1.0365436e-06 0)
(-3.7001043e-07 8.8771478e-07 0)
(-3.0075653e-07 7.5223689e-07 0)
(-2.4285847e-07 6.3251046e-07 0)
(-1.9197738e-07 5.3348938e-07 0)
(-1.510233e-07 4.5807875e-07 0)
(-1.2569822e-07 4.030396e-07 0)
(-1.1555439e-07 3.6474992e-07 0)
(-1.1152246e-07 3.3675333e-07 0)
(-1.0234798e-07 3.1652346e-07 0)
(-8.485376e-08 3.0059977e-07 0)
(-6.5781182e-08 2.8446626e-07 0)
(-5.2739688e-08 2.6430454e-07 0)
(-4.8513018e-08 2.3913584e-07 0)
(-4.3607634e-08 2.1179848e-07 0)
(-2.8399071e-08 1.8738506e-07 0)
(-1.4382148e-10 1.6870464e-07 0)
(3.3817189e-08 1.5651874e-07 0)
(5.5738571e-08 1.4681638e-07 0)
(5.4640358e-08 1.40322e-07 0)
(3.6817778e-08 1.3786245e-07 0)
(1.1962122e-08 1.4144567e-07 0)
(1.3536113e-09 1.5241855e-07 0)
(1.3295905e-08 1.6523812e-07 0)
(3.8282255e-08 1.7823202e-07 0)
(2.5334316e-08 2.1754514e-07 0)
(2.8059521e-08 2.1496684e-07 0)
(9.4486514e-10 1.9738712e-07 0)
(-3.7679035e-08 1.8909745e-07 0)
(-3.5889608e-08 1.9913162e-07 0)
(-5.4785295e-08 1.9045677e-07 0)
(-6.3270988e-08 1.7911538e-07 0)
(-7.3287318e-08 1.6694896e-07 0)
(-7.5732621e-08 1.553384e-07 0)
(-6.8389005e-08 1.4694336e-07 0)
(-4.6231142e-08 1.4354333e-07 0)
(-1.788961e-08 1.4369676e-07 0)
(5.256615e-09 1.4216817e-07 0)
(1.3835292e-08 1.3651658e-07 0)
(5.9280061e-09 1.2622001e-07 0)
(-1.0544531e-08 1.1413997e-07 0)
(-2.4161881e-08 1.0444975e-07 0)
(-2.7117307e-08 9.9014808e-08 0)
(-2.0626244e-08 9.5519452e-08 0)
(-1.17802e-08 9.0369874e-08 0)
(-8.1535935e-09 7.9704868e-08 0)
(-1.3470322e-08 6.3461387e-08 0)
(-2.3094193e-08 4.4788788e-08 0)
(-2.9479396e-08 2.8545867e-08 0)
(-2.6439109e-08 1.8509234e-08 0)
(-1.3840479e-08 1.4837276e-08 0)
(9.1842073e-10 1.4385835e-08 0)
(1.0312742e-08 1.2753265e-08 0)
(9.3046143e-09 7.3814574e-09 0)
(1.6254068e-09 5.9448844e-10 0)
(-4.0930575e-09 -6.0510277e-09 0)
(-9.5908455e-10 -8.0324836e-09 0)
(1.4581293e-08 -3.2262563e-09 0)
(3.667502e-08 8.3585103e-09 0)
(5.3901861e-08 2.1299212e-08 0)
(5.8322346e-08 3.2145595e-08 0)
(4.9396214e-08 3.8223498e-08 0)
(3.1069513e-08 3.9636128e-08 0)
(1.2236483e-08 3.8225368e-08 0)
(1.4091931e-09 3.6572044e-08 0)
(-5.0883985e-10 3.6334257e-08 0)
(8.4939793e-10 3.738438e-08 0)
(-3.7778127e-09 3.7373247e-08 0)
(-1.8421029e-08 3.5264665e-08 0)
(-4.0848882e-08 2.9685365e-08 0)
(-6.3262923e-08 2.2186705e-08 0)
(-7.4878761e-08 1.5859954e-08 0)
(-6.8821241e-08 1.2020614e-08 0)
(-4.5059362e-08 1.1953858e-08 0)
(-1.2205137e-08 1.4671442e-08 0)
(1.7061018e-08 1.8885623e-08 0)
(3.2721486e-08 2.1461714e-08 0)
(3.0995662e-08 2.1940903e-08 0)
(1.5814189e-08 1.9633588e-08 0)
(-3.1290505e-09 1.6547399e-08 0)
(-1.6366584e-08 1.4500097e-08 0)
(-1.8164727e-08 1.589121e-08 0)
(-1.0125051e-08 2.081256e-08 0)
(1.8624943e-09 2.8071498e-08 0)
(1.0419671e-08 3.6438136e-08 0)
(1.602767e-08 4.3390956e-08 0)
(9.7173892e-09 4.6203545e-08 0)
(-0.0093155208 -0.089048675 0)
(-0.028212948 -0.086531372 0)
(-0.047311519 -0.091854105 0)
(-0.072215554 -0.11153926 0)
(-0.10503262 -0.13143089 0)
(-0.13406592 -0.14115767 0)
(-0.15693938 -0.14800116 0)
(-0.17868741 -0.15224356 0)
(-0.20090565 -0.15062509 0)
(-0.22349227 -0.14312836 0)
(-0.24581991 -0.13088955 0)
(-0.26652551 -0.11508798 0)
(-0.28425674 -0.09659737 0)
(-0.29810624 -0.076114553 0)
(-0.3074693 -0.054638247 0)
(-0.31190787 -0.033367453 0)
(-0.31137643 -0.013443807 0)
(-0.30634396 0.0041125161 0)
(-0.29762656 0.018685461 0)
(-0.28648987 0.029851498 0)
(-0.27411867 0.037576846 0)
(-0.26157431 0.042004423 0)
(-0.24983196 0.043470728 0)
(-0.23947948 0.042774547 0)
(-0.23050353 0.040743401 0)
(-0.22272591 0.037909588 0)
(-0.21605316 0.034569438 0)
(-0.21047542 0.030938354 0)
(-0.20597237 0.02729661 0)
(-0.20239902 0.023936781 0)
(-0.19949185 0.021054422 0)
(-0.19694667 0.01867951 0)
(-0.19452382 0.01667146 0)
(-0.19212514 0.014789372 0)
(-0.18980699 0.012792035 0)
(-0.187735 0.010526667 0)
(-0.18610883 0.0079728049 0)
(-0.18508965 0.0052319455 0)
(-0.18476362 0.002475145 0)
(-0.18514287 -0.00010827848 0)
(-0.18614233 -0.0023249117 0)
(-0.18762513 -0.0040571748 0)
(-0.18944089 -0.0052174192 0)
(-0.19141544 -0.0057658429 0)
(-0.19337676 -0.005706373 0)
(-0.19515791 -0.0050792925 0)
(-0.19659901 -0.0039640908 0)
(-0.1975597 -0.0024891532 0)
(-0.19794797 -0.00083182481 0)
(-0.19774367 0.00079190573 0)
(-0.19703242 0.002148848 0)
(-0.196 0.0030784517 0)
(-0.19487675 0.0035233888 0)
(-0.19388464 0.0035446747 0)
(-0.19318581 0.0032999429 0)
(-0.19285564 0.0029996799 0)
(-0.19287855 0.0028600146 0)
(-0.19316252 0.0030654878 0)
(-0.19356882 0.0037495221 0)
(-0.19393826 0.0049912294 0)
(-0.19410517 0.0068175724 0)
(-0.19391483 0.009215164 0)
(-0.19323165 0.01214629 0)
(-0.19193777 0.015552201 0)
(-0.18993425 0.019360168 0)
(-0.18714243 0.023486616 0)
(-0.18350307 0.027841029 0)
(-0.17897482 0.032329392 0)
(-0.17353105 0.036855573 0)
(-0.16715616 0.041319649 0)
(-0.15984537 0.045610977 0)
(-0.15161147 0.049597826 0)
(-0.14249953 0.053121228 0)
(-0.13260636 0.056001828 0)
(-0.12209412 0.058063116 0)
(-0.11118849 0.059165429 0)
(-0.10015879 0.05923657 0)
(-0.08928581 0.058287101 0)
(-0.078828369 0.056406442 0)
(-0.068997561 0.053744174 0)
(-0.059942849 0.050484167 0)
(-0.051750246 0.046818752 0)
(-0.044449374 0.042928861 0)
(-0.038025083 0.038971314 0)
(-0.032430349 0.035072693 0)
(-0.027598097 0.031328167 0)
(-0.023450934 0.027803632 0)
(-0.019908683 0.024539767 0)
(-0.016893592 0.021557154 0)
(-0.014333427 0.018861034 0)
(-0.012162977 0.016445627 0)
(-0.010324541 0.014297763 0)
(-0.0087678544 0.012399684 0)
(-0.0074496579 0.010731062 0)
(-0.0063330615 0.0092704201 0)
(-0.0053867661 0.0079964155 0)
(-0.0045842802 0.0068885858 0)
(-0.0039032731 0.0059277262 0)
(-0.0033249776 0.0050961136 0)
(-0.0028335971 0.0043776539 0)
(-0.0024157999 0.0037579143 0)
(-0.0020603339 0.0032240422 0)
(-0.0017577228 0.0027646433 0)
(-0.0014999903 0.0023696889 0)
(-0.0012803833 0.0020304101 0)
(-0.0010931652 0.0017391773 0)
(-0.00093349021 0.0014893413 0)
(-0.00079727252 0.0012751179 0)
(-0.00068104492 0.0010914983 0)
(-0.0005818472 0.00093416183 0)
(-0.00049715151 0.0007993867 0)
(-0.00042481423 0.00068396644 0)
(-0.00036302369 0.00058514152 0)
(-0.00031024493 0.00050055226 0)
(-0.00026515988 0.00042816812 0)
(-0.0002266441 0.00036623882 0)
(-0.00019372148 0.00031325429 0)
(-0.00016560543 0.00026791358 0)
(-0.00014156798 0.00022913847 0)
(-0.0001210262 0.00019597045 0)
(-0.00010345419 0.00016754475 0)
(-8.8435932e-05 0.00014326141 0)
(-7.5624516e-05 0.00012251353 0)
(-6.4650056e-05 0.00010475591 0)
(-5.5274085e-05 8.9585039e-05 0)
(-4.7257535e-05 7.6605768e-05 0)
(-4.0411533e-05 6.5505791e-05 0)
(-3.4557912e-05 5.6010485e-05 0)
(-2.9548778e-05 4.7893378e-05 0)
(-2.5265118e-05 4.0955523e-05 0)
(-2.1608752e-05 3.5023773e-05 0)
(-1.8488487e-05 2.9948968e-05 0)
(-1.5816278e-05 2.5610113e-05 0)
(-1.3512865e-05 2.1907377e-05 0)
(-1.1525223e-05 1.8749985e-05 0)
(-9.8226016e-06 1.6050947e-05 0)
(-8.3812897e-06 1.3732502e-05 0)
(-7.168191e-06 1.1734461e-05 0)
(-6.1382943e-06 1.0015994e-05 0)
(-5.2505978e-06 8.5469682e-06 0)
(-4.4805456e-06 7.2962745e-06 0)
(-3.8196368e-06 6.2290352e-06 0)
(-3.2605054e-06 5.3131476e-06 0)
(-2.7876367e-06 4.5279665e-06 0)
(-2.3808613e-06 3.8603268e-06 0)
(-2.0282577e-06 3.2994689e-06 0)
(-1.7300454e-06 2.8277709e-06 0)
(-1.4906505e-06 2.4261324e-06 0)
(-1.3049427e-06 2.0782906e-06 0)
(-1.152358e-06 1.7769611e-06 0)
(-1.0107168e-06 1.522009e-06 0)
(-8.6930058e-07 1.3083717e-06 0)
(-7.3258732e-07 1.126412e-06 0)
(-6.129707e-07 9.6353885e-07 0)
(-5.1446747e-07 8.1339595e-07 0)
(-4.3004775e-07 6.7653524e-07 0)
(-3.5066791e-07 5.621312e-07 0)
(-2.7395448e-07 4.7574253e-07 0)
(-2.0874369e-07 4.172495e-07 0)
(-1.6477089e-07 3.7850291e-07 0)
(-1.4289593e-07 3.5174007e-07 0)
(-1.3208587e-07 3.3050988e-07 0)
(-1.1923734e-07 3.1214293e-07 0)
(-1.0203209e-07 2.9391953e-07 0)
(-8.5898837e-08 2.740448e-07 0)
(-7.7159689e-08 2.5069648e-07 0)
(-7.5859734e-08 2.2466267e-07 0)
(-6.9372298e-08 1.9877884e-07 0)
(-4.9153959e-08 1.7643637e-07 0)
(-1.581666e-08 1.5898035e-07 0)
(2.116664e-08 1.4446745e-07 0)
(4.5677099e-08 1.3106245e-07 0)
(4.9050152e-08 1.2110688e-07 0)
(3.7198027e-08 1.1690895e-07 0)
(2.0512472e-08 1.2095487e-07 0)
(1.4359224e-08 1.3457205e-07 0)
(2.476352e-08 1.4938212e-07 0)
(5.4838194e-08 1.62431e-07 0)
(5.3673094e-08 1.6963739e-07 0)
(2.1026441e-08 2.1545233e-07 0)
(-1.5545062e-08 1.6258866e-07 0)
(-3.3038239e-08 1.8759214e-07 0)
(-4.0571148e-08 1.7728754e-07 0)
(-6.2255112e-08 1.7239867e-07 0)
(-7.4060761e-08 1.6169918e-07 0)
(-8.3555317e-08 1.5214664e-07 0)
(-8.3759485e-08 1.4366569e-07 0)
(-7.1904171e-08 1.4046839e-07 0)
(-4.5990686e-08 1.4160302e-07 0)
(-1.7547694e-08 1.4390603e-07 0)
(1.8781906e-09 1.4314717e-07 0)
(5.8584177e-09 1.373048e-07 0)
(-4.8100635e-09 1.2750663e-07 0)
(-2.0708531e-08 1.173494e-07 0)
(-3.0658937e-08 1.1005933e-07 0)
(-3.1091071e-08 1.0613555e-07 0)
(-2.5891852e-08 1.0155466e-07 0)
(-2.1651039e-08 9.3370085e-08 0)
(-2.4109069e-08 7.8581049e-08 0)
(-3.2906229e-08 5.892418e-08 0)
(-4.1735085e-08 3.777223e-08 0)
(-4.328003e-08 2.0809951e-08 0)
(-3.3762154e-08 1.0183536e-08 0)
(-1.6858796e-08 4.9998266e-09 0)
(-1.515676e-09 2.1312653e-09 0)
(5.3652133e-09 -2.587651e-09 0)
(2.4093384e-09 -9.7999094e-09 0)
(-4.4487157e-09 -1.6242463e-08 0)
(-6.2936666e-09 -1.9315321e-08 0)
(3.4678358e-09 -1.5728729e-08 0)
(2.5795614e-08 -4.7074581e-09 0)
(5.0978059e-08 1.128307e-08 0)
(6.6408929e-08 2.5499783e-08 0)
(6.6254093e-08 3.5221532e-08 0)
(5.1713816e-08 3.8711277e-08 0)
(2.9598036e-08 3.6992611e-08 0)
(9.7816233e-09 3.3600408e-08 0)
(-8.9383001e-11 3.1033879e-08 0)
(-3.9921546e-10 3.0506851e-08 0)
(1.2494568e-09 3.1379449e-08 0)
(-4.886807e-09 3.1373355e-08 0)
(-2.2438864e-08 2.8763249e-08 0)
(-4.7465718e-08 2.3015244e-08 0)
(-6.9742049e-08 1.5948172e-08 0)
(-7.931992e-08 1.0755784e-08 0)
(-7.0063392e-08 8.5954217e-09 0)
(-4.3206017e-08 9.5176167e-09 0)
(-8.7673501e-09 1.2655395e-08 0)
(1.9939235e-08 1.6002324e-08 0)
(3.3444189e-08 1.7159676e-08 0)
(2.9639898e-08 1.5868168e-08 0)
(1.3042435e-08 1.2989532e-08 0)
(-5.1574939e-09 1.0289752e-08 0)
(-1.535602e-08 1.0551821e-08 0)
(-1.3206901e-08 1.518939e-08 0)
(-2.1676038e-09 2.3678161e-08 0)
(1.1127048e-08 3.4680366e-08 0)
(1.8854294e-08 4.4952609e-08 0)
(2.0068112e-08 5.3118339e-08 0)
(1.015946e-08 5.4688842e-08 0)
(-0.0091362831 -0.070249544 0)
(-0.026671196 -0.06775879 0)
(-0.043434342 -0.070925611 0)
(-0.063959943 -0.086132823 0)
(-0.089201004 -0.10504669 0)
(-0.11275778 -0.11840427 0)
(-0.13321065 -0.12712913 0)
(-0.15387453 -0.13093794 0)
(-0.17598721 -0.12854422 0)
(-0.1988168 -0.12101296 0)
(-0.22122208 -0.10976229 0)
(-0.24194956 -0.095708906 0)
(-0.25980989 -0.079845644 0)
(-0.27387401 -0.063164222 0)
(-0.28369493 -0.046317386 0)
(-0.28926433 -0.029800817 0)
(-0.29081019 -0.014217521 0)
(-0.28872727 -0.00023700227 0)
(-0.28367237 0.011534942 0)
(-0.27643502 0.020814799 0)
(-0.26777372 0.027508566 0)
(-0.25845567 0.0316851 0)
(-0.24917265 0.033609259 0)
(-0.24039584 0.033778927 0)
(-0.23235301 0.032727897 0)
(-0.22514366 0.030870266 0)
(-0.21881058 0.028494252 0)
(-0.21337149 0.025828922 0)
(-0.20879269 0.023098741 0)
(-0.20496431 0.020500468 0)
(-0.20171701 0.018160778 0)
(-0.1988671 0.016105475 0)
(-0.19627204 0.014262411 0)
(-0.19386996 0.012501754 0)
(-0.19168612 0.010692772 0)
(-0.18980822 0.0087530072 0)
(-0.18834541 0.0066727792 0)
(-0.18738898 0.004511773 0)
(-0.1869862 0.0023739703 0)
(-0.18712455 0.00038456066 0)
(-0.18775727 -0.0013265982 0)
(-0.18879372 -0.0026771586 0)
(-0.19010435 -0.0035997223 0)
(-0.19155832 -0.0040641447 0)
(-0.19301928 -0.0040730582 0)
(-0.19435269 -0.0036587205 0)
(-0.19543704 -0.0028851493 0)
(-0.19617392 -0.0018507859 0)
(-0.19650244 -0.00068670512 0)
(-0.19641501 0.00046005007 0)
(-0.19597075 0.0014442813 0)
(-0.19528796 0.0021656375 0)
(-0.19451173 0.0025896191 0)
(-0.19378196 0.0027548419 0)
(-0.19320219 0.0027608214 0)
(-0.19282214 0.002743141 0)
(-0.19263289 0.0028461265 0)
(-0.19257184 0.0031989455 0)
(-0.19254047 0.0039005885 0)
(-0.1924213 0.0050148654 0)
(-0.19208743 0.0065703183 0)
(-0.19141405 0.0085642721 0)
(-0.1902872 0.010973294 0)
(-0.18860606 0.013755695 0)
(-0.18628416 0.016856265 0)
(-0.18325149 0.020209624 0)
(-0.17945484 0.023743223 0)
(-0.17485723 0.027379353 0)
(-0.16943651 0.031035882 0)
(-0.16318503 0.034624904 0)
(-0.15611134 0.038049518 0)
(-0.1482451 0.041200321 0)
(-0.13964559 0.043954918 0)
(-0.13041109 0.046184845 0)
(-0.12068385 0.047770557 0)
(-0.11064636 0.048620658 0)
(-0.10050815 0.048688979 0)
(-0.090485829 0.047983519 0)
(-0.080781892 0.04656471 0)
(-0.071567589 0.044534834 0)
(-0.062972372 0.042022462 0)
(-0.05508048 0.039166113 0)
(-0.047933615 0.036100437 0)
(-0.041537504 0.032946277 0)
(-0.035870096 0.029804939 0)
(-0.030889724 0.026756023 0)
(-0.026542442 0.023857817 0)
(-0.022768197 0.021149342 0)
(-0.019505475 0.018653414 0)
(-0.016694403 0.016379968 0)
(-0.01427867 0.014329232 0)
(-0.012206659 0.012494456 0)
(-0.010431987 0.010864141 0)
(-0.0089135555 0.0094238612 0)
(-0.0076152937 0.0081576653 0)
(-0.0065057881 0.0070491222 0)
(-0.0055578672 0.0060820061 0)
(-0.0047481508 0.0052407611 0)
(-0.0040565678 0.0045108338 0)
(-0.0034659031 0.0038788575 0)
(-0.0029614184 0.0033326967 0)
(-0.0025305207 0.002861431 0)
(-0.0021624537 0.0024553201 0)
(-0.0018480332 0.0021057579 0)
(-0.0015794106 0.0018051792 0)
(-0.0013498873 0.0015469425 0)
(-0.0011537661 0.0013252294 0)
(-0.00098619058 0.0011349767 0)
(-0.00084300427 0.00097180104 0)
(-0.00072064416 0.0008319102 0)
(-0.00061606041 0.00071202622 0)
(-0.00052665555 0.00060932227 0)
(-0.00045021922 0.00052136212 0)
(-0.00038487687 0.00044605787 0)
(-0.00032902731 0.00038160215 0)
(-0.00028129763 0.00032643849 0)
(-0.00024049851 0.00027923145 0)
(-0.00020562267 0.00023881991 0)
(-0.00017578977 0.00020426408 0)
(-0.00015030774 0.00017468048 0)
(-0.00012852979 0.00014941436 0)
(-0.0001098769 0.00012772743 0)
(-9.3943195e-05 0.00010922611 0)
(-8.031706e-05 9.3392666e-05 0)
(-6.8665905e-05 7.987139e-05 0)
(-5.8714914e-05 6.8299841e-05 0)
(-5.0210865e-05 5.8402829e-05 0)
(-4.2936278e-05 4.9939584e-05 0)
(-3.6709939e-05 4.2707458e-05 0)
(-3.1387755e-05 3.6524955e-05 0)
(-2.68459e-05 3.1237461e-05 0)
(-2.2966633e-05 2.6714743e-05 0)
(-1.9639239e-05 2.2852816e-05 0)
(-1.6773334e-05 1.9559112e-05 0)
(-1.4311391e-05 1.6747014e-05 0)
(-1.2214308e-05 1.4333319e-05 0)
(-1.0441878e-05 1.2253393e-05 0)
(-8.941689e-06 1.0460812e-05 0)
(-7.6563956e-06 8.9252486e-06 0)
(-6.5441786e-06 7.6168753e-06 0)
(-5.5839022e-06 6.5020711e-06 0)
(-4.7654389e-06 5.5468236e-06 0)
(-4.0720782e-06 4.7256824e-06 0)
(-3.4787209e-06 4.0248371e-06 0)
(-2.9626464e-06 3.434467e-06 0)
(-2.516418e-06 2.9404165e-06 0)
(-2.144095e-06 2.5232142e-06 0)
(-1.8471804e-06 2.1641585e-06 0)
(-1.6134922e-06 1.8533739e-06 0)
(-1.4151603e-06 1.5873632e-06 0)
(-1.2310039e-06 1.3645898e-06 0)
(-1.056842e-06 1.1768171e-06 0)
(-8.9988898e-07 1.010411e-06 0)
(-7.6818462e-07 8.5425736e-07 0)
(-6.570147e-07 7.0861971e-07 0)
(-5.5202183e-07 5.8177834e-07 0)
(-4.436517e-07 4.8424079e-07 0)
(-3.3685952e-07 4.1948427e-07 0)
(-2.4826331e-07 3.7954714e-07 0)
(-1.9120805e-07 3.541988e-07 0)
(-1.6354752e-07 3.3294692e-07 0)
(-1.5111967e-07 3.1286714e-07 0)
(-1.3893859e-07 2.9239606e-07 0)
(-1.2295192e-07 2.7109511e-07 0)
(-1.0900417e-07 2.4939761e-07 0)
(-1.0212158e-07 2.2609107e-07 0)
(-1.0043025e-07 2.03058e-07 0)
(-9.1833593e-08 1.8220566e-07 0)
(-6.8196984e-08 1.6254374e-07 0)
(-3.2111988e-08 1.4551451e-07 0)
(5.8998067e-09 1.2932094e-07 0)
(3.2378165e-08 1.1301324e-07 0)
(4.048689e-08 1.0056464e-07 0)
(3.6665867e-08 9.4502593e-08 0)
(2.9625331e-08 9.828745e-08 0)
(2.9780643e-08 1.116641e-07 0)
(4.1154529e-08 1.2838457e-07 0)
(5.8537275e-08 1.4646284e-07 0)
(7.8355559e-08 1.3896741e-07 0)
(2.1013052e-08 1.8699192e-07 0)
(-2.6914879e-08 1.5420792e-07 0)
(-2.2979819e-08 1.6852862e-07 0)
(-5.1082744e-08 1.5708486e-07 0)
(-7.0373368e-08 1.5066971e-07 0)
(-8.3523009e-08 1.4126088e-07 0)
(-9.1320654e-08 1.3278093e-07 0)
(-8.7410599e-08 1.2820085e-07 0)
(-7.0451624e-08 1.2945913e-07 0)
(-4.2793585e-08 1.3416822e-07 0)
(-1.6345347e-08 1.3731584e-07 0)
(-1.3444862e-09 1.3630101e-07 0)
(-1.8054292e-09 1.3068979e-07 0)
(-1.402752e-08 1.2194557e-07 0)
(-2.7991795e-08 1.1441848e-07 0)
(-3.5375972e-08 1.0974298e-07 0)
(-3.562236e-08 1.0623524e-07 0)
(-3.3391901e-08 1.0056687e-07 0)
(-3.4753951e-08 8.9640128e-08 0)
(-4.2599767e-08 7.2259424e-08 0)
(-5.4279165e-08 5.1188664e-08 0)
(-6.1208412e-08 2.9853276e-08 0)
(-5.7068184e-08 1.3724401e-08 0)
(-4.2249173e-08 3.521149e-09 0)
(-2.1892355e-08 -2.5512389e-09 0)
(-6.6684248e-09 -8.2591921e-09 0)
(-1.6178659e-09 -1.5483568e-08 0)
(-4.3497478e-09 -2.280917e-08 0)
(-7.8898384e-09 -2.7670042e-08 0)
(-3.5795215e-09 -2.6457564e-08 0)
(1.3648774e-08 -1.7514378e-08 0)
(4.159356e-08 -1.8821051e-09 0)
(6.6882723e-08 1.5578667e-08 0)
(7.7840704e-08 2.8743082e-08 0)
(7.1534205e-08 3.5855309e-08 0)
(5.1167565e-08 3.5870619e-08 0)
(2.5958819e-08 3.1998779e-08 0)
(6.277853e-09 2.7492906e-08 0)
(-1.6845433e-09 2.52207e-08 0)
(-1.6340721e-10 2.538298e-08 0)
(1.7159588e-09 2.6526721e-08 0)
(-6.3941662e-09 2.5902427e-08 0)
(-2.6779306e-08 2.268395e-08 0)
(-5.3664216e-08 1.6950819e-08 0)
(-7.5522675e-08 1.0810308e-08 0)
(-8.2231628e-08 6.7148374e-09 0)
(-7.0059505e-08 5.9052163e-09 0)
(-4.0999413e-08 7.8538168e-09 0)
(-5.7201953e-09 1.112914e-08 0)
(2.1565511e-08 1.3177834e-08 0)
(3.2587609e-08 1.2829358e-08 0)
(2.6825874e-08 9.7495539e-09 0)
(1.0235772e-08 6.2316744e-09 0)
(-5.5667837e-09 4.6111975e-09 0)
(-1.1466947e-08 7.2091183e-09 0)
(-5.0385926e-09 1.4924871e-08 0)
(9.3619439e-09 2.6495817e-08 0)
(2.3080958e-08 4.0105342e-08 0)
(2.8365931e-08 5.1221666e-08 0)
(2.3814081e-08 5.9293668e-08 0)
(9.8685497e-09 5.9263109e-08 0)
(-0.0079898351 -0.053396764 0)
(-0.022898287 -0.051814551 0)
(-0.036630828 -0.053958573 0)
(-0.052963725 -0.065573244 0)
(-0.073960371 -0.082631968 0)
(-0.096017144 -0.097139153 0)
(-0.11699001 -0.1064117 0)
(-0.13869669 -0.10926077 0)
(-0.16199182 -0.10567279 0)
(-0.18576854 -0.097698619 0)
(-0.20848058 -0.087420639 0)
(-0.2287424 -0.075960509 0)
(-0.24568752 -0.063780816 0)
(-0.25900815 -0.051110078 0)
(-0.26869727 -0.038214616 0)
(-0.27484879 -0.025492664 0)
(-0.27761765 -0.01343797 0)
(-0.27730655 -0.002559954 0)
(-0.27434852 0.0067018578 0)
(-0.26930719 0.014135861 0)
(-0.2628052 0.01965165 0)
(-0.25545352 0.02329673 0)
(-0.24780901 0.025267504 0)
(-0.24029404 0.025883008 0)
(-0.23317878 0.025482774 0)
(-0.22662061 0.024358517 0)
(-0.22070837 0.022746679 0)
(-0.2154827 0.020848049 0)
(-0.21093261 0.018840887 0)
(-0.20699529 0.016869164 0)
(-0.20357129 0.01502365 0)
(-0.20055293 0.013330533 0)
(-0.19785591 0.011757441 0)
(-0.19544093 0.010237583 0)
(-0.19331733 0.0087021228 0)
(-0.19152979 0.0071081423 0)
(-0.19013589 0.0054534285 0)
(-0.18918334 0.0037760752 0)
(-0.18869313 0.0021435277 0)
(-0.18865155 0.00063700927 0)
(-0.18901705 -0.00067062873 0)
(-0.18971568 -0.0017068046 0)
(-0.19064961 -0.0024274829 0)
(-0.19171472 -0.0028100541 0)
(-0.1928013 -0.0028558411 0)
(-0.19380399 -0.0025904616 0)
(-0.19462929 -0.0020644941 0)
(-0.19520361 -0.0013508043 0)
(-0.1954833 -0.00054001225 0)
(-0.19546239 0.00026793569 0)
(-0.19517967 0.00098051522 0)
(-0.19470995 0.0015346277 0)
(-0.19414472 0.0019091902 0)
(-0.19357175 0.0021286279 0)
(-0.19305656 0.0022566477 0)
(-0.19262978 0.0023810909 0)
(-0.19228319 0.0025983541 0)
(-0.19197048 0.0029978529 0)
(-0.19161819 0.0036510714 0)
(-0.19113614 0.0046067031 0)
(-0.1904246 0.005889758 0)
(-0.189382 0.0075023251 0)
(-0.18791256 0.0094297252 0)
(-0.18592998 0.011642823 0)
(-0.18335903 0.014100556 0)
(-0.18013839 0.016752828 0)
(-0.17622115 0.019542683 0)
(-0.17157543 0.022407802 0)
(-0.16618467 0.02528096 0)
(-0.1600481 0.028089432 0)
(-0.15318258 0.030754015 0)
(-0.14562637 0.033188466 0)
(-0.13744366 0.035301007 0)
(-0.12872838 0.037000036 0)
(-0.11960549 0.038203785 0)
(-0.11022693 0.038851498 0)
(-0.10076216 0.038913259 0)
(-0.091384922 0.038395234 0)
(-0.082259364 0.037338731 0)
(-0.073528211 0.035814034 0)
(-0.065304671 0.033911003 0)
(-0.05766879 0.031728594 0)
(-0.050668049 0.029365357 0)
(-0.044320882 0.02691215 0)
(-0.038621746 0.024447459 0)
(-0.033546768 0.022035053 0)
(-0.029059279 0.019723483 0)
(-0.025114695 0.017547001 0)
(-0.021664439 0.015527401 0)
(-0.018658903 0.013676201 0)
(-0.01604959 0.011996801 0)
(-0.013790545 0.010486495 0)
(-0.011839192 0.0091382608 0)
(-0.010156728 0.0079422691 0)
(-0.0087082673 0.0068870236 0)
(-0.0074627856 0.0059602111 0)
(-0.006392917 0.0051493471 0)
(-0.0054746548 0.004442265 0)
(-0.004687038 0.003827433 0)
(-0.0040118496 0.0032941166 0)
(-0.0034333105 0.0028324596 0)
(-0.0029377718 0.0024335356 0)
(-0.0025134409 0.002089352 0)
(-0.0021501637 0.0017927993 0)
(-0.0018392219 0.0015375777 0)
(-0.0015731319 0.0013181226 0)
(-0.0013454685 0.0011295598 0)
(-0.0011507101 0.00096765369 0)
(-0.00098411813 0.00082872468 0)
(-0.00084162686 0.00070957664 0)
(-0.00071974296 0.00060743409 0)
(-0.00061548097 0.00051990348 0)
(-0.00052629008 0.00044491768 0)
(-0.00045000635 0.00038070015 0)
(-0.00038478032 0.00032571511 0)
(-0.00032901562 0.00027864646 0)
(-0.00028134069 0.00023836781 0)
(-0.00024057326 0.00020389357 0)
(-0.00020570771 0.00017440054 0)
(-0.00017587617 0.00014912741 0)
(-0.00015040744 0.0001275731 0)
(-0.0001286243 0.00010907129 0)
(-0.00010995938 9.3264278e-05 0)
(-9.4004856e-05 7.974382e-05 0)
(-8.0366964e-05 6.8193657e-05 0)
(-6.8726131e-05 5.8310923e-05 0)
(-5.8771816e-05 4.9860321e-05 0)
(-5.0253302e-05 4.2638112e-05 0)
(-4.2963423e-05 3.6467888e-05 0)
(-3.6735127e-05 3.1192361e-05 0)
(-3.1418974e-05 2.6680402e-05 0)
(-2.6873141e-05 2.282425e-05 0)
(-2.2971917e-05 1.953466e-05 0)
(-1.9618672e-05 1.672768e-05 0)
(-1.6751019e-05 1.4322758e-05 0)
(-1.4316225e-05 1.2251228e-05 0)
(-1.22538e-05 1.04634e-05 0)
(-1.0496338e-05 8.9271627e-06 0)
(-8.9822321e-06 7.6169156e-06 0)
(-7.6737763e-06 6.5015723e-06 0)
(-6.5505976e-06 5.5483944e-06 0)
(-5.5960255e-06 4.7285368e-06 0)
(-4.7824921e-06 4.0253619e-06 0)
(-4.0788522e-06 3.4298549e-06 0)
(-3.465282e-06 2.9317816e-06 0)
(-2.9395105e-06 2.513678e-06 0)
(-2.5063033e-06 2.1567857e-06 0)
(-2.1604909e-06 1.8475774e-06 0)
(-1.8817385e-06 1.5814729e-06 0)
(-1.6411428e-06 1.3578814e-06 0)
(-1.4212637e-06 1.1709536e-06 0)
(-1.2234802e-06 1.0090326e-06 0)
(-1.0551479e-06 8.591795e-07 0)
(-9.1476292e-07 7.1551344e-07 0)
(-7.8694727e-07 5.8516528e-07 0)
(-6.5442747e-07 4.80548e-07 0)
(-5.1296289e-07 4.0856456e-07 0)
(-3.7864886e-07 3.6685958e-07 0)
(-2.7402985e-07 3.4146156e-07 0)
(-2.1137185e-07 3.2194019e-07 0)
(-1.8422804e-07 3.0049886e-07 0)
(-1.7263711e-07 2.7725461e-07 0)
(-1.6100968e-07 2.5434878e-07 0)
(-1.4503063e-07 2.3317734e-07 0)
(-1.3090295e-07 2.134098e-07 0)
(-1.2349919e-07 1.9458403e-07 0)
(-1.1974501e-07 1.7683088e-07 0)
(-1.0988647e-07 1.6077572e-07 0)
(-8.5844738e-08 1.4443704e-07 0)
(-4.9038989e-08 1.2784939e-07 0)
(-1.1334105e-08 1.104989e-07 0)
(1.6920965e-08 9.2762714e-08 0)
(3.0539254e-08 7.9251916e-08 0)
(3.4920753e-08 7.2764792e-08 0)
(3.7673794e-08 7.6227595e-08 0)
(4.4455752e-08 8.7781518e-08 0)
(5.9561749e-08 1.0375694e-07 0)
(6.5420264e-08 1.2134515e-07 0)
(9.4200626e-08 1.2010765e-07 0)
(3.6269741e-08 1.3773222e-07 0)
(-3.4006792e-08 1.5839633e-07 0)
(-3.016183e-08 1.3795117e-07 0)
(-5.8430739e-08 1.3095919e-07 0)
(-7.8079463e-08 1.2251422e-07 0)
(-9.1949775e-08 1.16608e-07 0)
(-9.6615459e-08 1.1043475e-07 0)
(-8.7081117e-08 1.101804e-07 0)
(-6.5936732e-08 1.1433192e-07 0)
(-3.8134226e-08 1.20494e-07 0)
(-1.5415245e-08 1.2316887e-07 0)
(-4.7479687e-09 1.2160842e-07 0)
(-8.49728e-09 1.1623451e-07 0)
(-2.1081827e-08 1.0900632e-07 0)
(-3.2911351e-08 1.0397761e-07 0)
(-3.8842789e-08 1.0131386e-07 0)
(-4.0267806e-08 9.8219418e-08 0)
(-4.2487236e-08 9.1731383e-08 0)
(-4.99587e-08 7.8988046e-08 0)
(-6.2560679e-08 6.095814e-08 0)
(-7.5312361e-08 4.0206336e-08 0)
(-7.9199243e-08 2.1492801e-08 0)
(-6.9612075e-08 7.4040438e-09 0)
(-5.0037696e-08 -9.8853801e-10 0)
(-2.8638991e-08 -7.2672563e-09 0)
(-1.4447747e-08 -1.5148416e-08 0)
(-9.1842387e-09 -2.3300282e-08 0)
(-9.7764965e-09 -2.9885887e-08 0)
(-8.0966371e-09 -3.1942574e-08 0)
(3.8620029e-09 -2.6695886e-08 0)
(2.8043354e-08 -1.3774326e-08 0)
(5.8889134e-08 3.6513593e-09 0)
(8.1603748e-08 1.9220338e-08 0)
(8.6685866e-08 2.9173762e-08 0)
(7.3381615e-08 3.2425661e-08 0)
(4.7857387e-08 2.944334e-08 0)
(2.1220581e-08 2.4062677e-08 0)
(3.0036825e-09 2.0022689e-08 0)
(-2.1994597e-09 1.9186877e-08 0)
(9.065975e-10 2.0600493e-08 0)
(1.7687151e-09 2.1944137e-08 0)
(-8.7297605e-09 2.046754e-08 0)
(-3.1390469e-08 1.6711488e-08 0)
(-5.9339518e-08 1.0957421e-08 0)
(-7.9978181e-08 6.0911701e-09 0)
(-8.4225007e-08 3.3824057e-09 0)
(-6.8924406e-08 4.0897904e-09 0)
(-3.7981976e-08 7.3467665e-09 0)
(-3.4432748e-09 1.0312321e-08 0)
(2.1639306e-08 1.0797503e-08 0)
(3.0015953e-08 8.6008834e-09 0)
(2.3042634e-08 4.1718539e-09 0)
(7.9044296e-09 4.7178749e-10 0)
(-4.1798518e-09 1.6172106e-10 0)
(-5.0422859e-09 5.2408647e-09 0)
(6.0797917e-09 1.5271656e-08 0)
(2.3009466e-08 2.8700233e-08 0)
(3.5803634e-08 4.2472243e-08 0)
(3.7609951e-08 5.3383294e-08 0)
(2.6406633e-08 5.9552407e-08 0)
(8.8833947e-09 5.7732582e-08 0)
(-0.0065523018 -0.039469028 0)
(-0.01891691 -0.03880464 0)
(-0.030430689 -0.040234144 0)
(-0.043951549 -0.048289085 0)
(-0.062382246 -0.062066876 0)
(-0.084056789 -0.075601241 0)
(-0.10647674 -0.084261334 0)
(-0.13002166 -0.085840925 0)
(-0.15454395 -0.081514578 0)
(-0.17840603 -0.074374375 0)
(-0.20015222 -0.066384095 0)
(-0.21904135 -0.057966736 0)
(-0.23486968 -0.049051556 0)
(-0.24763631 -0.039669578 0)
(-0.25733192 -0.030044191 0)
(-0.2639472 -0.020539889 0)
(-0.26756226 -0.011555475 0)
(-0.26841674 -0.0034435417 0)
(-0.266878 0.003548551 0)
(-0.26339817 0.0092403898 0)
(-0.25847893 0.013561238 0)
(-0.25262024 0.016537462 0)
(-0.24627855 0.018298294 0)
(-0.23982125 0.019045875 0)
(-0.23351399 0.01899996 0)
(-0.22753778 0.018363905 0)
(-0.22201041 0.017316113 0)
(-0.21699806 0.016012754 0)
(-0.21251928 0.014587969 0)
(-0.20855125 0.013146774 0)
(-0.20504317 0.011756213 0)
(-0.20193552 0.010441538 0)
(-0.19917958 0.0091920057 0)
(-0.19675052 0.0079756855 0)
(-0.19464999 0.0067581122 0)
(-0.19289921 0.0055183216 0)
(-0.19152637 0.004257909 0)
(-0.19055325 0.0030018342 0)
(-0.18998413 0.0017928361 0)
(-0.18980123 0.00068237147 0)
(-0.1899666 -0.00027895787 0)
(-0.19041891 -0.0010444333 0)
(-0.19107877 -0.0015838334 0)
(-0.19186061 -0.0018819753 0)
(-0.19267638 -0.0019401464 0)
(-0.19344096 -0.0017781744 0)
(-0.19408011 -0.0014318266 0)
(-0.19453525 -0.00095180713 0)
(-0.19477241 -0.00040031339 0)
(-0.19478594 0.0001575377 0)
(-0.19459812 0.00066221081 0)
(-0.19425547 0.0010742385 0)
(-0.19381565 0.0013806061 0)
(-0.19333359 0.0015968508 0)
(-0.19284953 0.0017633454 0)
(-0.19238081 0.0019366102 0)
(-0.19191772 0.002180011 0)
(-0.19142314 0.0025541629 0)
(-0.19083893 0.0031088552 0)
(-0.19009282 0.0038792129 0)
(-0.18910361 0.0048848359 0)
(-0.18778685 0.0061293706 0)
(-0.18606105 0.0076036157 0)
(-0.18385154 0.009287561 0)
(-0.18109281 0.011151668 0)
(-0.17773082 0.013158961 0)
(-0.17372461 0.015266619 0)
(-0.1690474 0.01742694 0)
(-0.16368753 0.019587927 0)
(-0.15764925 0.021693329 0)
(-0.15095462 0.023682429 0)
(-0.14364591 0.025490709 0)
(-0.13578775 0.027051964 0)
(-0.1274683 0.028302331 0)
(-0.11879885 0.029186394 0)
(-0.10990981 0.029663954 0)
(-0.10094353 0.029715723 0)
(-0.092045099 0.02934628 0)
(-0.083352662 0.028583552 0)
(-0.074988808 0.027475235 0)
(-0.067054314 0.02608301 0)
(-0.059624791 0.024475827 0)
(-0.052750166 0.022723616 0)
(-0.046456391 0.020892224 0)
(-0.040748651 0.01903982 0)
(-0.035615333 0.017214793 0)
(-0.031032118 0.015455039 0)
(-0.026965792 0.013788328 0)
(-0.023377626 0.012233307 0)
(-0.020226164 0.010800805 0)
(-0.017469347 0.0094952841 0)
(-0.015065995 0.0083163213 0)
(-0.012976854 0.0072599578 0)
(-0.011165299 0.0063197882 0)
(-0.0095977448 0.0054878217 0)
(-0.0082437671 0.0047551918 0)
(-0.0070760449 0.0041127316 0)
(-0.0060702402 0.003551376 0)
(-0.0052048465 0.0030624049 0)
(-0.0044609721 0.0026376012 0)
(-0.00382207 0.0022693718 0)
(-0.0032736808 0.0019508145 0)
(-0.0028032288 0.0016757105 0)
(-0.0023998358 0.0014384764 0)
(-0.0020541079 0.0012341355 0)
(-0.0017579206 0.0010582965 0)
(-0.0015042467 0.00090712257 0)
(-0.0012870344 0.00077726911 0)
(-0.0011010877 0.00066581005 0)
(-0.00094193943 0.00057019122 0)
(-0.00080573709 0.00048819477 0)
(-0.00068917462 0.0004179069 0)
(-0.00058942453 0.00035767557 0)
(-0.0005040809 0.00030607408 0)
(-0.00043108208 0.00026188082 0)
(-0.00036864577 0.00022404701 0)
(-0.00031525205 0.00019167228 0)
(-0.0002695904 0.00016396843 0)
(-0.00023055624 0.00014027068 0)
(-0.00019713542 0.00011996921 0)
(-0.00016858605 0.00010256598 0)
(-0.00014418587 8.7718339e-05 0)
(-0.00012327078 7.5018643e-05 0)
(-0.00010538776 6.4145932e-05 0)
(-9.0098858e-05 5.4845353e-05 0)
(-7.7048291e-05 4.689124e-05 0)
(-6.5883708e-05 4.0094456e-05 0)
(-5.6328739e-05 3.4290349e-05 0)
(-4.8155713e-05 2.9332031e-05 0)
(-4.1175259e-05 2.5091833e-05 0)
(-3.5214027e-05 2.1466267e-05 0)
(-3.0112389e-05 1.837079e-05 0)
(-2.573582e-05 1.5730702e-05 0)
(-2.1985243e-05 1.3473164e-05 0)
(-1.8787849e-05 1.153114e-05 0)
(-1.6073672e-05 9.854892e-06 0)
(-1.3765948e-05 8.4099937e-06 0)
(-1.1788177e-05 7.1744837e-06 0)
(-1.008199e-05 6.1238727e-06 0)
(-8.612703e-06 5.2279249e-06 0)
(-7.3569404e-06 4.4590098e-06 0)
(-6.288474e-06 3.7967903e-06 0)
(-5.370763e-06 3.2324634e-06 0)
(-4.5723044e-06 2.7584536e-06 0)
(-3.8788268e-06 2.3621252e-06 0)
(-3.291418e-06 2.0260971e-06 0)
(-2.8102004e-06 1.7355816e-06 0)
(-2.4224987e-06 1.4836926e-06 0)
(-2.103194e-06 1.2699897e-06 0)
(-1.8256856e-06 1.0929638e-06 0)
(-1.5798585e-06 9.4388084e-07 0)
(-1.3686218e-06 8.0884517e-07 0)
(-1.1934139e-06 6.7985951e-07 0)
(-1.0422047e-06 5.5800671e-07 0)
(-8.919859e-07 4.5512239e-07 0)
(-7.2862817e-07 3.8137272e-07 0)
(-5.5734566e-07 3.3700001e-07 0)
(-4.0396779e-07 3.128148e-07 0)
(-2.9318732e-07 2.9432137e-07 0)
(-2.3217472e-07 2.7368702e-07 0)
(-2.0823661e-07 2.48671e-07 0)
(-1.9727294e-07 2.2345966e-07 0)
(-1.8301882e-07 2.0212915e-07 0)
(-1.6389362e-07 1.8517627e-07 0)
(-1.4760023e-07 1.7070391e-07 0)
(-1.3870348e-07 1.5766878e-07 0)
(-1.3424181e-07 1.448164e-07 0)
(-1.2423078e-07 1.3239976e-07 0)
(-1.0112691e-07 1.1890707e-07 0)
(-6.6054302e-08 1.0417264e-07 0)
(-2.9191224e-08 8.7188906e-08 0)
(1.1268608e-09 7.0509495e-08 0)
(2.0484238e-08 5.8009489e-08 0)
(3.3636445e-08 5.2415459e-08 0)
(4.4636467e-08 5.6534018e-08 0)
(5.7303646e-08 6.5743278e-08 0)
(7.4710711e-08 8.0218505e-08 0)
(7.4875888e-08 9.3905089e-08 0)
(9.4724504e-08 9.7083182e-08 0)
(5.9317431e-08 9.1977374e-08 0)
(-2.6678263e-08 1.372615e-07 0)
(-5.0431437e-08 1.1479158e-07 0)
(-6.6533533e-08 1.0243964e-07 0)
(-8.4733467e-08 8.9595126e-08 0)
(-9.5608561e-08 8.7055832e-08 0)
(-9.775297e-08 8.4994082e-08 0)
(-8.3517762e-08 8.8812046e-08 0)
(-6.0142261e-08 9.4618512e-08 0)
(-3.3960855e-08 1.0013427e-07 0)
(-1.5235243e-08 1.0160528e-07 0)
(-8.2829016e-09 9.9288306e-08 0)
(-1.4411525e-08 9.3767028e-08 0)
(-2.6288734e-08 8.8391355e-08 0)
(-3.5688665e-08 8.5752651e-08 0)
(-4.1138545e-08 8.4439664e-08 0)
(-4.5208858e-08 8.1749198e-08 0)
(-5.2626949e-08 7.4787354e-08 0)
(-6.5530514e-08 6.1947696e-08 0)
(-8.1384199e-08 4.526155e-08 0)
(-9.3746599e-08 2.8100459e-08 0)
(-9.4012182e-08 1.4046135e-08 0)
(-7.9550439e-08 3.7042163e-09 0)
(-5.6921138e-08 -1.9737235e-09 0)
(-3.6052725e-08 -8.8370548e-09 0)
(-2.2701677e-08 -1.6385545e-08 0)
(-1.6355052e-08 -2.4117469e-08 0)
(-1.2991141e-08 -2.9250655e-08 0)
(-4.6989549e-09 -2.8319568e-08 0)
(1.4589232e-08 -1.993454e-08 0)
(4.3996659e-08 -5.7478234e-09 0)
(7.458921e-08 1.0072122e-08 0)
(9.2406125e-08 2.12117e-08 0)
(9.1046799e-08 2.6480275e-08 0)
(7.1804296e-08 2.5402519e-08 0)
(4.2805068e-08 2.0682092e-08 0)
(1.6538829e-08 1.5305933e-08 0)
(1.4028119e-09 1.3270446e-08 0)
(-1.105954e-09 1.4282036e-08 0)
(2.594584e-09 1.6748964e-08 0)
(1.5837218e-09 1.7535442e-08 0)
(-1.1625777e-08 1.5131379e-08 0)
(-3.6287996e-08 1.0439747e-08 0)
(-6.4283268e-08 4.8780995e-09 0)
(-8.3096602e-08 1.6219843e-09 0)
(-8.4231925e-08 9.7036669e-10 0)
(-6.6094138e-08 3.8903238e-09 0)
(-3.4775828e-08 7.9744007e-09 0)
(-2.2685311e-09 1.0422889e-08 0)
(1.9854728e-08 9.3216149e-09 0)
(2.5962811e-08 5.6745464e-09 0)
(1.869818e-08 4.8151766e-10 0)
(6.2271323e-09 -2.7076625e-09 0)
(-7.961671e-10 -1.8490092e-09 0)
(3.6445027e-09 5.1157399e-09 0)
(1.8422141e-08 1.6341642e-08 0)
(3.6561028e-08 2.9344653e-08 0)
(4.7724337e-08 4.107898e-08 0)
(4.5089491e-08 4.932596e-08 0)
(2.6775825e-08 5.2837151e-08 0)
(7.0268924e-09 4.8846082e-08 0)
(-0.0055156109 -0.027986753 0)
(-0.016392246 -0.027702139 0)
(-0.027002433 -0.028412053 0)
(-0.039075531 -0.033255121 0)
(-0.055564615 -0.042889011 0)
(-0.076584122 -0.053609278 0)
(-0.10017087 -0.060597055 0)
(-0.12510476 -0.06133842 0)
(-0.14986806 -0.057486969 0)
(-0.17285927 -0.052122079 0)
(-0.19337421 -0.046644237 0)
(-0.21128327 -0.040979051 0)
(-0.22657259 -0.034852363 0)
(-0.23917501 -0.028306806 0)
(-0.24898148 -0.021596854 0)
(-0.25594551 -0.015011243 0)
(-0.26015691 -0.0088025108 0)
(-0.26184189 -0.0031800365 0)
(-0.26131397 0.0016987761 0)
(-0.25894972 0.0057156477 0)
(-0.2551665 0.0088142555 0)
(-0.25038321 0.011008111 0)
(-0.24498927 0.012375884 0)
(-0.23931369 0.013039703 0)
(-0.23361519 0.01313737 0)
(-0.22808685 0.012803765 0)
(-0.22286442 0.012162202 0)
(-0.21803332 0.011321771 0)
(-0.21363494 0.010375142 0)
(-0.20967469 0.0093942511 0)
(-0.20613362 0.0084260632 0)
(-0.20298231 0.0074916218 0)
(-0.20019399 0.0065902588 0)
(-0.19775332 0.0057083433 0)
(-0.19565871 0.0048298879 0)
(-0.19391882 0.0039456803 0)
(-0.19254532 0.0030586401 0)
(-0.19154486 0.0021847979 0)
(-0.19091196 0.0013505057 0)
(-0.19062517 0.00058703072 0)
(-0.19064775 -7.3531672e-05 0)
(-0.19092646 -0.00060041709 0)
(-0.191395 -0.00097538449 0)
(-0.19198077 -0.0011891117 0)
(-0.19260922 -0.0012430499 0)
(-0.19320952 -0.0011496618 0)
(-0.19371898 -0.00093342951 0)
(-0.19409045 -0.00062741488 0)
(-0.19429451 -0.00027227768 0)
(-0.19432264 9.2015297e-05 0)
(-0.19418781 0.0004288188 0)
(-0.19391842 0.00071418646 0)
(-0.19355045 0.00094017299 0)
(-0.19311861 0.0011164538 0)
(-0.19264718 0.001267535 0)
(-0.1921443 0.0014284915 0)
(-0.19159817 0.0016389545 0)
(-0.19097679 0.0019378748 0)
(-0.19023178 0.002357798 0)
(-0.18930185 0.0029222166 0)
(-0.18811782 0.0036449771 0)
(-0.1866075 0.0045293383 0)
(-0.18469977 0.0055697511 0)
(-0.18232873 0.0067532094 0)
(-0.17943599 0.0080598194 0)
(-0.17597359 0.0094641574 0)
(-0.17190542 0.010936412 0)
(-0.16720886 0.012443008 0)
(-0.16187589 0.01394712 0)
(-0.15591438 0.015408932 0)
(-0.14934947 0.01678586 0)
(-0.1422249 0.018033415 0)
(-0.13460412 0.019106975 0)
(-0.12657021 0.019964461 0)
(-0.11822435 0.020570101 0)
(-0.10968223 0.020898424 0)
(-0.10106836 0.020937416 0)
(-0.092509108 0.020690207 0)
(-0.084125368 0.020174846 0)
(-0.076026075 0.01942215 0)
(-0.068303175 0.018472209 0)
(-0.061028514 0.017370329 0)
(-0.054252764 0.016163123 0)
(-0.048006218 0.014895124 0)
(-0.042300882 0.013606247 0)
(-0.037133245 0.012330265 0)
(-0.032487329 0.011094217 0)
(-0.028337843 0.0099184443 0)
(-0.024653181 0.0088170314 0)
(-0.021397946 0.00779858 0)
(-0.018534909 0.0068671933 0)
(-0.016026543 0.0060234788 0)
(-0.013836254 0.0052654099 0)
(-0.011929273 0.0045890456 0)
(-0.010273177 0.0039891724 0)
(-0.0088381143 0.0034598638 0)
(-0.0075969129 0.0029948945 0)
(-0.006525115 0.0025880073 0)
(-0.0056009107 0.0022331017 0)
(-0.0048049549 0.0019243934 0)
(-0.0041201509 0.0016565256 0)
(-0.003531473 0.0014246008 0)
(-0.0030258083 0.0012241628 0)
(-0.0025917601 0.0010511853 0)
(-0.0022194178 0.0009020852 0)
(-0.0019001569 0.00077371569 0)
(-0.0016265049 0.00066332091 0)
(-0.0013920291 0.0005684744 0)
(-0.0011912007 0.00048704147 0)
(-0.0010192455 0.00041715729 0)
(-0.00087202975 0.00035721232 0)
(-0.00074600195 0.00030581284 0)
(-0.00063812412 0.00026175873 0)
(-0.00054580193 0.00022400825 0)
(-0.00046680798 0.00019167721 0)
(-0.00039922457 0.00016399963 0)
(-0.00034141953 0.00014030855 0)
(-0.00029197504 0.00012003593 0)
(-0.00024970708 0.00010267544 0)
(-0.00021358076 8.7856654e-05 0)
(-0.00018265819 7.5077043e-05 0)
(-0.00015617178 6.4212949e-05 0)
(-0.00013353191 5.4914354e-05 0)
(-0.00011417822 4.6965635e-05 0)
(-9.7621709e-05 4.015115e-05 0)
(-8.3477082e-05 3.4326461e-05 0)
(-7.1372764e-05 2.9352492e-05 0)
(-6.1015787e-05 2.5106965e-05 0)
(-5.2162e-05 2.147872e-05 0)
(-4.4600952e-05 1.8374878e-05 0)
(-3.8140078e-05 1.5722635e-05 0)
(-3.2608766e-05 1.3460169e-05 0)
(-2.7869597e-05 1.1529211e-05 0)
(-2.3818279e-05 9.8722784e-06 0)
(-2.0369329e-05 8.4425179e-06 0)
(-1.7437404e-05 7.2082138e-06 0)
(-1.4934237e-05 6.1490476e-06 0)
(-1.2782486e-05 5.2483431e-06 0)
(-1.0928818e-05 4.4828613e-06 0)
(-9.3386673e-06 3.8273181e-06 0)
(-7.9817612e-06 3.2623519e-06 0)
(-6.8226022e-06 2.7770799e-06 0)
(-5.8208628e-06 2.3676255e-06 0)
(-4.9492306e-06 2.0254837e-06 0)
(-4.1976874e-06 1.7371532e-06 0)
(-3.5661125e-06 1.4882584e-06 0)
(-3.0487744e-06 1.2711558e-06 0)
(-2.6261549e-06 1.0839495e-06 0)
(-2.272542e-06 9.282624e-07 0)
(-1.9673265e-06 8.0005077e-07 0)
(-1.7054561e-06 6.8917121e-07 0)
(-1.4875747e-06 5.8472252e-07 0)
(-1.3060597e-06 4.8416213e-07 0)
(-1.1395734e-06 3.9574746e-07 0)
(-9.6365409e-07 3.2895768e-07 0)
(-7.7262096e-07 2.8829113e-07 0)
(-5.815889e-07 2.6653014e-07 0)
(-4.2139109e-07 2.5087038e-07 0)
(-3.1321532e-07 2.3155094e-07 0)
(-2.5707368e-07 2.0603599e-07 0)
(-2.3450166e-07 1.7859095e-07 0)
(-2.1922151e-07 1.5615245e-07 0)
(-1.9933372e-07 1.4120062e-07 0)
(-1.764962e-07 1.3136418e-07 0)
(-1.5845191e-07 1.2300413e-07 0)
(-1.4943067e-07 1.1378579e-07 0)
(-1.4506178e-07 1.0501615e-07 0)
(-1.3584839e-07 9.5696152e-08 0)
(-1.1412906e-07 8.5326125e-08 0)
(-8.081841e-08 7.4670442e-08 0)
(-4.5061162e-08 6.165874e-08 0)
(-1.2323596e-08 4.8894903e-08 0)
(1.237814e-08 3.999659e-08 0)
(3.3375304e-08 3.6217283e-08 0)
(5.0927724e-08 4.0282327e-08 0)
(6.8058822e-08 4.711807e-08 0)
(8.7622885e-08 6.0213852e-08 0)
(8.2125137e-08 7.1551264e-08 0)
(9.2041055e-08 8.5398596e-08 0)
(7.6617208e-08 8.1993992e-08 0)
(-1.0979403e-08 9.1920942e-08 0)
(-6.5180323e-08 8.2900845e-08 0)
(-8.3813919e-08 7.5162565e-08 0)
(-9.3582875e-08 6.1092804e-08 0)
(-9.6633637e-08 5.9219585e-08 0)
(-9.4926383e-08 5.920908e-08 0)
(-7.7519106e-08 6.5440843e-08 0)
(-5.4675878e-08 7.167889e-08 0)
(-3.1208478e-08 7.5559492e-08 0)
(-1.6321912e-08 7.5749593e-08 0)
(-1.2646437e-08 7.2105159e-08 0)
(-1.9453484e-08 6.6629016e-08 0)
(-2.9154928e-08 6.3130053e-08 0)
(-3.6921091e-08 6.197929e-08 0)
(-4.2902703e-08 6.0906007e-08 0)
(-4.9974368e-08 5.8158862e-08 0)
(-6.2339427e-08 5.123964e-08 0)
(-7.9530527e-08 3.9824312e-08 0)
(-9.6448315e-08 2.6825014e-08 0)
(-1.065616e-07 1.5076046e-08 0)
(-1.0362251e-07 7.4032244e-09 0)
(-8.5652797e-08 2.2959585e-09 0)
(-6.2594361e-08 -1.0913619e-09 0)
(-4.3061511e-08 -6.9629897e-09 0)
(-2.9734269e-08 -1.3194442e-08 0)
(-2.2051266e-08 -1.9302753e-08 0)
(-1.3977036e-08 -2.2260488e-08 0)
(1.2234337e-09 -1.9113413e-08 0)
(2.6439382e-08 -9.69125e-09 0)
(5.8057172e-08 2.3859679e-09 0)
(8.5856741e-08 1.3438745e-08 0)
(9.8020121e-08 1.8430721e-08 0)
(9.0884436e-08 1.8197857e-08 0)
(6.7591008e-08 1.3910585e-08 0)
(3.7768529e-08 8.4518565e-09 0)
(1.3817792e-08 5.5556776e-09 0)
(1.9900511e-09 5.7796968e-09 0)
(1.290743e-09 8.950143e-09 0)
(4.1737145e-09 1.1804489e-08 0)
(1.6735288e-10 1.164297e-08 0)
(-1.5807313e-08 8.1311026e-09 0)
(-4.1624609e-08 2.656096e-09 0)
(-6.8138087e-08 -1.9839788e-09 0)
(-8.3867996e-08 -3.391085e-09 0)
(-8.1940712e-08 -1.0686053e-09 0)
(-6.1906365e-08 3.7637337e-09 0)
(-3.1436777e-08 8.565486e-09 0)
(-2.0838624e-09 1.0148485e-08 0)
(1.690337e-08 7.7327595e-09 0)
(2.1189526e-08 2.4461139e-09 0)
(1.4676539e-08 -2.7686976e-09 0)
(5.5923294e-09 -5.1760295e-09 0)
(3.6639712e-09 -2.561498e-09 0)
(1.3169863e-08 5.1974086e-09 0)
(3.0329671e-08 1.6193975e-08 0)
(4.7763195e-08 2.7211062e-08 0)
(5.5768559e-08 3.5526165e-08 0)
(4.9109523e-08 3.9266695e-08 0)
(2.4931814e-08 3.9621548e-08 0)
(4.1714569e-09 3.4380926e-08 0)
(-0.0053330114 -0.017208614 0)
(-0.016135198 -0.016921333 0)
(-0.026862322 -0.017060191 0)
(-0.038414214 -0.019477635 0)
(-0.053384523 -0.025000606 0)
(-0.07332964 -0.031752407 0)
(-0.097248615 -0.036238769 0)
(-0.12265519 -0.0365276 0)
(-0.14699273 -0.034002796 0)
(-0.16902384 -0.030830669 0)
(-0.18870366 -0.027723754 0)
(-0.20614715 -0.02445099 0)
(-0.2212407 -0.020826198 0)
(-0.23378195 -0.016938399 0)
(-0.24363776 -0.012980958 0)
(-0.250801 -0.0091194716 0)
(-0.2553852 -0.0054800623 0)
(-0.25759627 -0.002171891 0)
(-0.25770494 0.00071251922 0)
(-0.25603985 0.0031014461 0)
(-0.25296825 0.0049625048 0)
(-0.24886196 0.0063026791 0)
(-0.24407065 0.0071636796 0)
(-0.23889986 0.0076104338 0)
(-0.23360151 0.0077185913 0)
(-0.2283726 0.0075649036 0)
(-0.22335793 0.0072212926 0)
(-0.21865498 0.0067519497 0)
(-0.21432011 0.006211255 0)
(-0.21037659 0.0056413379 0)
(-0.20682468 0.0050702212 0)
(-0.20365262 0.0045118021 0)
(-0.20084651 0.0039682891 0)
(-0.19839688 0.0034347944 0)
(-0.19630098 0.0029047924 0)
(-0.1945611 0.0023748226 0)
(-0.19318016 0.0018473203 0)
(-0.19215646 0.0013313144 0)
(-0.19147905 0.000841222 0)
(-0.19112443 0.00039419729 0)
(-0.1910551 7.7004833e-06 0)
(-0.19122356 -0.00030169182 0)
(-0.19157219 -0.00052366931 0)
(-0.19203522 -0.00065262803 0)
(-0.19254638 -0.00068982641 0)
(-0.19304351 -0.00064287311 0)
(-0.19347288 -0.00052540007 0)
(-0.193792 -0.00035650991 0)
(-0.19397371 -0.00015774338 0)
(-0.19400845 4.7818778e-05 0)
(-0.19390226 0.00024096271 0)
(-0.19367309 0.00040875799 0)
(-0.19334477 0.00054690049 0)
(-0.19293981 0.00066068467 0)
(-0.19247303 0.00076321233 0)
(-0.19194692 0.00087360962 0)
(-0.19134835 0.0010135941 0)
(-0.1906478 0.0012048281 0)
(-0.18980237 0.0014657167 0)
(-0.18875727 0.0018098067 0)
(-0.18745068 0.002245153 0)
(-0.18581803 0.0027739297 0)
(-0.18379486 0.0033931325 0)
(-0.18132098 0.004095558 0)
(-0.17834316 0.0048695684 0)
(-0.17481742 0.0057003923 0)
(-0.17071097 0.006570466 0)
(-0.16600414 0.0074598266 0)
(-0.16069147 0.0083465316 0)
(-0.15478296 0.0092069095 0)
(-0.14830533 0.010015836 0)
(-0.14130284 0.010747275 0)
(-0.13383763 0.011375458 0)
(-0.125989 0.011876481 0)
(-0.11785155 0.012230278 0)
(-0.10953185 0.012422679 0)
(-0.10114356 0.012447073 0)
(-0.092801648 0.012305316 0)
(-0.084616509 0.012007553 0)
(-0.076688678 0.011571046 0)
(-0.069104449 0.01101836 0)
(-0.061932949 0.010375239 0)
(-0.055224932 0.0096683966 0)
(-0.049013108 0.0089235343 0)
(-0.043313482 0.008163906 0)
(-0.038127371 0.0074094636 0)
(-0.033443923 0.0066764252 0)
(-0.029242906 0.0059771471 0)
(-0.02549735 0.0053203124 0)
(-0.0221758 0.0047113997 0)
(-0.019244196 0.0041532576 0)
(-0.01666749 0.0036466243 0)
(-0.014410975 0.0031905804 0)
(-0.012441215 0.002782992 0)
(-0.010726609 0.0024209385 0)
(-0.0092377413 0.0021010487 0)
(-0.0079476155 0.0018197193 0)
(-0.0068317682 0.0015732721 0)
(-0.0058682198 0.0013580999 0)
(-0.0050373331 0.0011707851 0)
(-0.004321672 0.0010081516 0)
(-0.0037058755 0.00086726382 0)
(-0.0031764967 0.00074542831 0)
(-0.0027217846 0.00064021947 0)
(-0.0023314656 0.00054949531 0)
(-0.0019965879 0.0004713728 0)
(-0.0017094037 0.00040418226 0)
(-0.0014632407 0.00034643996 0)
(-0.0012523415 0.00029684213 0)
(-0.001071714 0.00025426388 0)
(-0.0009170345 0.00021773645 0)
(-0.00078458771 0.00018641487 0)
(-0.00067119427 0.00015956941 0)
(-0.00057413249 0.00013656616 0)
(-0.00049106508 0.00011686694 0)
(-0.00041999252 0.0001000019 0)
(-0.00035919712 8.5556267e-05 0)
(-0.00030720794 7.3186747e-05 0)
(-0.00026272259 6.2574567e-05 0)
(-0.00022472077 5.3523947e-05 0)
(-0.00019221866 4.5826405e-05 0)
(-0.00016434134 3.917474e-05 0)
(-0.0001405121 3.348835e-05 0)
(-0.00012014573 2.8638509e-05 0)
(-0.00010273357 2.4481268e-05 0)
(-8.7843239e-05 2.0931781e-05 0)
(-7.5100159e-05 1.7902677e-05 0)
(-6.4200043e-05 1.5315692e-05 0)
(-5.4885818e-05 1.3101493e-05 0)
(-4.6929765e-05 1.1206474e-05 0)
(-4.0127491e-05 9.588993e-06 0)
(-3.4304834e-05 8.2106436e-06 0)
(-2.9322921e-05 7.0318201e-06 0)
(-2.5071269e-05 6.0164628e-06 0)
(-2.1451342e-05 5.1382271e-06 0)
(-1.8366656e-05 4.3830617e-06 0)
(-1.5725415e-05 3.7401985e-06 0)
(-1.345405e-05 3.1967175e-06 0)
(-1.1502785e-05 2.7334262e-06 0)
(-9.8330599e-06 2.333972e-06 0)
(-8.4070943e-06 1.9889577e-06 0)
(-7.183176e-06 1.6953417e-06 0)
(-6.1224105e-06 1.4505749e-06 0)
(-5.2029246e-06 1.245635e-06 0)
(-4.4163139e-06 1.0693354e-06 0)
(-3.7577938e-06 9.1285622e-07 0)
(-3.2149921e-06 7.7478113e-07 0)
(-2.7659504e-06 6.5776923e-07 0)
(-2.3876936e-06 5.6233884e-07 0)
(-2.0653967e-06 4.8313978e-07 0)
(-1.795813e-06 4.1237617e-07 0)
(-1.5742648e-06 3.4342525e-07 0)
(-1.3830346e-06 2.8086502e-07 0)
(-1.1980649e-06 2.3385791e-07 0)
(-1.0001008e-06 2.0653308e-07 0)
(-7.9170912e-07 1.9481839e-07 0)
(-5.9540174e-07 1.8750021e-07 0)
(-4.3954344e-07 1.7383756e-07 0)
(-3.3856427e-07 1.5135289e-07 0)
(-2.8561858e-07 1.2438652e-07 0)
(-2.5855106e-07 1.0083977e-07 0)
(-2.3505348e-07 8.5930796e-08 0)
(-2.081729e-07 7.7606614e-08 0)
(-1.8244728e-07 7.267188e-08 0)
(-1.6554153e-07 6.7053029e-08 0)
(-1.5707339e-07 6.0161822e-08 0)
(-1.5274901e-07 5.4043641e-08 0)
(-1.4438896e-07 4.8757414e-08 0)
(-1.2266567e-07 4.5014606e-08 0)
(-9.0272447e-08 4.1287257e-08 0)
(-5.5541067e-08 3.5460133e-08 0)
(-2.1119894e-08 2.9195379e-08 0)
(7.2050463e-09 2.4113138e-08 0)
(3.3299388e-08 2.1850019e-08 0)
(5.4882808e-08 2.3668401e-08 0)
(7.651556e-08 2.5388647e-08 0)
(9.8250406e-08 3.3252507e-08 0)
(9.865125e-08 3.7463021e-08 0)
(1.0310069e-07 6.7726774e-08 0)
(6.7314496e-08 6.86166e-08 0)
(-2.3915017e-08 3.1174858e-08 0)
(-6.9007696e-08 8.642479e-09 0)
(-9.0040399e-08 3.1292236e-08 0)
(-1.0177722e-07 2.398139e-08 0)
(-9.8265492e-08 2.6338987e-08 0)
(-9.2169019e-08 2.7874563e-08 0)
(-7.1646387e-08 3.3471518e-08 0)
(-5.0614058e-08 3.7684143e-08 0)
(-3.0481303e-08 3.9402158e-08 0)
(-1.9282875e-08 3.8131796e-08 0)
(-1.7997631e-08 3.4066138e-08 0)
(-2.3976674e-08 3.0000777e-08 0)
(-3.1528115e-08 2.8596556e-08 0)
(-3.8501106e-08 2.792354e-08 0)
(-4.5538926e-08 2.7492736e-08 0)
(-5.5439199e-08 2.5076466e-08 0)
(-7.1494007e-08 1.9818884e-08 0)
(-9.0435138e-08 1.3007557e-08 0)
(-1.0657033e-07 7.0082832e-09 0)
(-1.135448e-07 2.9499262e-09 0)
(-1.0710322e-07 2.4632256e-09 0)
(-8.8294414e-08 3.3988803e-09 0)
(-6.6370496e-08 2.0610836e-09 0)
(-4.8293899e-08 -1.2872813e-09 0)
(-3.5131038e-08 -5.773083e-09 0)
(-2.5464756e-08 -9.4033636e-09 0)
(-1.2808592e-08 -9.6646692e-09 0)
(7.8887811e-09 -5.1967094e-09 0)
(3.6125971e-08 3.2205517e-09 0)
(6.7173672e-08 1.1614377e-08 0)
(9.0689661e-08 1.6579582e-08 0)
(9.7224114e-08 1.5437292e-08 0)
(8.6579667e-08 9.7575536e-09 0)
(6.2113185e-08 2.8962824e-09 0)
(3.4511685e-08 -2.672464e-09 0)
(1.3946789e-08 -2.9662478e-09 0)
(4.8980884e-09 -3.9018301e-10 0)
(5.0381329e-09 4.2437989e-09 0)
(5.4292534e-09 6.9265115e-09 0)
(-1.925959e-09 6.1368794e-09 0)
(-2.0433739e-08 2.3359602e-09 0)
(-4.6219413e-08 -2.5355653e-09 0)
(-7.0151645e-08 -5.0429472e-09 0)
(-8.2020241e-08 -3.8873393e-09 0)
(-7.694104e-08 8.9686007e-10 0)
(-5.6343707e-08 7.0253064e-09 0)
(-2.8286194e-08 1.1823085e-08 0)
(-2.99823e-09 1.2764325e-08 0)
(1.2263944e-08 9.9401806e-09 0)
(1.5591281e-08 4.4593334e-09 0)
(1.1235382e-08 -1.9254883e-10 0)
(6.6260679e-09 -1.9281282e-09 0)
(9.7932994e-09 9.2212775e-10 0)
(2.2628082e-08 6.7157537e-09 0)
(4.0660782e-08 1.3656327e-08 0)
(5.6092966e-08 1.8982668e-08 0)
(5.9916195e-08 2.0884437e-08 0)
(4.9111072e-08 1.8609231e-08 0)
(2.1348095e-08 1.4594679e-08 0)
(1.3917384e-09 8.0355537e-09 0)
(-0.0058409566 -0.0056060735 0)
(-0.017500415 -0.005456512 0)
(-0.02872615 -0.0054590828 0)
(-0.040105208 -0.0062087282 0)
(-0.054100631 -0.0080709173 0)
(-0.07321511 -0.010461884 0)
(-0.097013594 -0.012000319 0)
(-0.12223612 -0.012026492 0)
(-0.1459621 -0.011184323 0)
(-0.16737379 -0.010199648 0)
(-0.18669482 -0.0092071184 0)
(-0.20396453 -0.0081142394 0)
(-0.21893781 -0.0068999153 0)
(-0.23137924 -0.0056131161 0)
(-0.24119249 -0.0043121201 0)
(-0.24840529 -0.0030430158 0)
(-0.25313332 -0.0018446404 0)
(-0.25556293 -0.00075371503 0)
(-0.25594346 0.00019847889 0)
(-0.25458309 0.00098925399 0)
(-0.25182607 0.0016085888 0)
(-0.24802121 0.0020583798 0)
(-0.24349883 0.0023513473 0)
(-0.23855293 0.0025077594 0)
(-0.23343128 0.0025516919 0)
(-0.22833154 0.0025079378 0)
(-0.2234023 0.0024000142 0)
(-0.21874684 0.002249066 0)
(-0.21442894 0.0020730253 0)
(-0.21048058 0.0018857936 0)
(-0.20691114 0.001696733 0)
(-0.20371708 0.0015107174 0)
(-0.20089034 0.0013289058 0)
(-0.19842416 0.0011501884 0)
(-0.19631536 0.00097287058 0)
(-0.19456343 0.00079611322 0)
(-0.19316742 0.00062083774 0)
(-0.19212181 0.00044998324 0)
(-0.1914129 0.00028813777 0)
(-0.19101615 0.00014089096 0)
(-0.19089539 1.3830502e-05 0)
(-0.19100451 -8.8698452e-05 0)
(-0.19128829 -0.00016239808 0)
(-0.19168576 -0.00020556207 0)
(-0.19213558 -0.00021865442 0)
(-0.19257925 -0.00020485079 0)
(-0.19296556 -0.00016826698 0)
(-0.19325504 -0.00011457976 0)
(-0.19342222 -5.0985235e-05 0)
(-0.19345602 1.5150231e-05 0)
(-0.19335939 7.791408e-05 0)
(-0.19314539 0.00013315588 0)
(-0.19283197 0.00017949276 0)
(-0.1924362 0.000218631 0)
(-0.19196859 0.00025463519 0)
(-0.19142895 0.00029349073 0)
(-0.19080336 0.00034213503 0)
(-0.19006356 0.00040752958 0)
(-0.18916915 0.00049564735 0)
(-0.18806849 0.00061093161 0)
(-0.18670322 0.00075590734 0)
(-0.18501265 0.00093144431 0)
(-0.18293582 0.001136587 0)
(-0.18041568 0.0013689698 0)
(-0.1774014 0.0016247893 0)
(-0.17385116 0.0018992622 0)
(-0.16973411 0.0021865858 0)
(-0.16503204 0.002480116 0)
(-0.15974069 0.0027725919 0)
(-0.15387106 0.0030561982 0)
(-0.14745052 0.0033226395 0)
(-0.14052337 0.0035633369 0)
(-0.13315076 0.0037698775 0)
(-0.12540986 0.0039345282 0)
(-0.11739192 0.0040508114 0)
(-0.10919892 0.004114158 0)
(-0.10093907 0.0041224615 0)
(-0.092721711 0.0040763485 0)
(-0.084652089 0.0039790848 0)
(-0.07682649 0.0038362116 0)
(-0.069328184 0.003655016 0)
(-0.062224716 0.0034438609 0)
(-0.055566693 0.0032114407 0)
(-0.049387798 0.0029661343 0)
(-0.043705752 0.0027155671 0)
(-0.038524072 0.0024663402 0)
(-0.033834392 0.0022238532 0)
(-0.029618998 0.0019922278 0)
(-0.025853218 0.0017743755 0)
(-0.022507555 0.0015721704 0)
(-0.019549588 0.0013866296 0)
(-0.016945632 0.0012180576 0)
(-0.014662043 0.001066186 0)
(-0.012666127 0.00093033696 0)
(-0.010926764 0.0008095756 0)
(-0.0094148497 0.00070281352 0)
(-0.0081035803 0.00060887052 0)
(-0.0069685599 0.00052653152 0)
(-0.0059877694 0.00045460674 0)
(-0.0051414788 0.0003919725 0)
(-0.0044121508 0.00033757898 0)
(-0.0037843157 0.00029044586 0)
(-0.0032443848 0.00024967069 0)
(-0.0027804398 0.00021444829 0)
(-0.002382054 0.00018407247 0)
(-0.0020401538 0.00015791764 0)
(-0.0017468882 0.00013542203 0)
(-0.0014954765 0.00011608354 0)
(-0.0012800466 9.9465855e-05 0)
(-0.0010955027 8.5196697e-05 0)
(-0.00093744263 7.2956198e-05 0)
(-0.00080208571 6.2461879e-05 0)
(-0.00068619139 5.3468734e-05 0)
(-0.00058698127 4.5763699e-05 0)
(-0.0005020701 3.916571e-05 0)
(-0.00042942224 3.3515594e-05 0)
(-0.00036728382 2.8673583e-05 0)
(-0.00031414514 2.4521509e-05 0)
(-0.00026867763 2.0961061e-05 0)
(-0.00022972797 1.7904716e-05 0)
(-0.00019649386 1.5381344e-05 0)
(-0.00016808185 1.3141063e-05 0)
(-0.00014370291 1.1231556e-05 0)
(-0.00012287271 9.5996449e-06 0)
(-0.00010506122 8.2049123e-06 0)
(-8.9827727e-05 7.0158559e-06 0)
(-7.679466e-05 6.00198e-06 0)
(-6.5651727e-05 5.1351993e-06 0)
(-5.6130678e-05 4.3918419e-06 0)
(-4.7993942e-05 3.7555074e-06 0)
(-4.1034317e-05 3.2129289e-06 0)
(-3.507958e-05 2.7510808e-06 0)
(-2.999022e-05 2.3551745e-06 0)
(-2.5648999e-05 2.0130585e-06 0)
(-2.1948909e-05 1.7169717e-06 0)
(-1.8789361e-05 1.4637129e-06 0)
(-1.6081217e-05 1.2499156e-06 0)
(-1.3755789e-05 1.0699765e-06 0)
(-1.1763212e-05 9.1590298e-07 0)
(-1.0059201e-05 7.8220282e-07 0)
(-8.6002618e-06 6.666814e-07 0)
(-7.3441261e-06 5.6961156e-07 0)
(-6.2566496e-06 4.8942916e-07 0)
(-5.3192085e-06 4.2186968e-07 0)
(-4.5215865e-06 3.6216439e-07 0)
(-3.853884e-06 3.0785683e-07 0)
(-3.2988679e-06 2.5929368e-07 0)
(-2.8350422e-06 2.1885635e-07 0)
(-2.4447299e-06 1.8637509e-07 0)
(-2.1156892e-06 1.5901287e-07 0)
(-1.8442402e-06 1.3406665e-07 0)
(-1.6187505e-06 1.0923153e-07 0)
(-1.4158565e-06 8.88131e-08 0)
(-1.214695e-06 7.6163826e-08 0)
(-1.0040271e-06 7.2423243e-08 0)
(-7.9348961e-07 7.2949128e-08 0)
(-6.0474241e-07 7.1835828e-08 0)
(-4.5977666e-07 6.5168636e-08 0)
(-3.6472639e-07 5.3292942e-08 0)
(-3.0931847e-07 4.0571889e-08 0)
(-2.7434617e-07 3.0867476e-08 0)
(-2.4357116e-07 2.5749752e-08 0)
(-2.1354244e-07 2.3101054e-08 0)
(-1.8791565e-07 2.1020708e-08 0)
(-1.7179963e-07 1.8226965e-08 0)
(-1.6330918e-07 1.5328522e-08 0)
(-1.5745898e-07 1.2567103e-08 0)
(-1.4609731e-07 1.1282245e-08 0)
(-1.2304542e-07 1.169362e-08 0)
(-9.2043239e-08 1.192307e-08 0)
(-5.8981887e-08 1.1135625e-08 0)
(-2.559292e-08 9.8208506e-09 0)
(2.9635625e-09 8.0785784e-09 0)
(3.0735582e-08 7.1357279e-09 0)
(5.2076861e-08 7.1716032e-09 0)
(7.4920026e-08 6.1637808e-09 0)
(9.5998096e-08 7.6854681e-09 0)
(1.1054338e-07 6.8031678e-09 0)
(1.1355968e-07 2.401128e-08 0)
(4.7853669e-08 2.4345117e-08 0)
(-6.1940357e-08 -3.2262584e-10 0)
(-7.4660239e-08 -1.8358061e-08 0)
(-7.6780619e-08 2.0623748e-09 0)
(-1.040423e-07 3.2247543e-10 0)
(-9.6694552e-08 3.2103645e-09 0)
(-9.1187267e-08 4.5556393e-09 0)
(-7.1045445e-08 6.7409716e-09 0)
(-5.2179629e-08 7.8592286e-09 0)
(-3.4327911e-08 8.0529843e-09 0)
(-2.5354635e-08 7.0512649e-09 0)
(-2.4568837e-08 5.1568601e-09 0)
(-2.8751428e-08 3.7423445e-09 0)
(-3.5106181e-08 3.6512718e-09 0)
(-4.1933076e-08 3.4512957e-09 0)
(-4.9629338e-08 3.52256e-09 0)
(-6.1423126e-08 2.6360409e-09 0)
(-7.7959713e-08 7.2811862e-10 0)
(-9.5590043e-08 -8.4031162e-10 0)
(-1.09401e-07 -1.6993195e-09 0)
(-1.1363484e-07 -1.2540095e-09 0)
(-1.0533821e-07 3.1810157e-10 0)
(-8.7899516e-08 2.3118289e-09 0)
(-6.8830238e-08 2.2606765e-09 0)
(-5.2178605e-08 1.1816741e-09 0)
(-3.8878936e-08 -4.8675659e-10 0)
(-2.6716391e-08 -1.6173899e-09 0)
(-1.035026e-08 -1.0047446e-09 0)
(1.3639587e-08 1.4118475e-09 0)
(4.2848216e-08 5.2332773e-09 0)
(7.1026082e-08 8.5706561e-09 0)
(8.9347103e-08 9.5331169e-09 0)
(9.0947779e-08 7.6179764e-09 0)
(7.8157224e-08 3.555554e-09 0)
(5.509608e-08 -5.6643206e-10 0)
(3.1968765e-08 -3.3442696e-09 0)
(1.6330863e-08 -3.1196746e-09 0)
(9.5580644e-09 -1.1356591e-09 0)
(9.0425276e-09 1.2699167e-09 0)
(6.5965081e-09 2.5734677e-09 0)
(-3.7755996e-09 2.1104255e-09 0)
(-2.3718894e-08 3.2067138e-10 0)
(-4.8170328e-08 -1.6797728e-09 0)
(-6.8640817e-08 -2.2215864e-09 0)
(-7.7158047e-08 -8.143501e-10 0)
(-7.0395892e-08 2.0317085e-09 0)
(-5.045938e-08 5.21877e-09 0)
(-2.5229833e-08 7.4717272e-09 0)
(-3.4669226e-09 7.8550888e-09 0)
(9.2281334e-09 6.5508861e-09 0)
(1.1909049e-08 4.2649233e-09 0)
(9.4470549e-09 2.1386275e-09 0)
(8.1662708e-09 1.4838258e-09 0)
(1.3964453e-08 2.4283202e-09 0)
(2.7628265e-08 4.2525209e-09 0)
(4.4258857e-08 5.9870277e-09 0)
(5.6442875e-08 6.4734479e-09 0)
(5.6504195e-08 5.1471759e-09 0)
(4.3458565e-08 2.160323e-09 0)
(1.446995e-08 -1.0699059e-09 0)
(-2.4477149e-09 -4.9577696e-09 0)
)
;

boundaryField
{
    leftWall
    {
        type            slip;
    }
    rightWall
    {
        type            slip;
    }
    lowerWall
    {
        type            slip;
    }
    atmosphere
    {
        type            slip;
    }
    defaultFaces
    {
        type            empty;
    }
}


// ************************************************************************* //
